solid OpenSCAD_Model
  facet normal 0.5090494401311854 0.8607372813478726 0
    outer loop
      vertex 15.910826683044434 2.344326972961426 4
      vertex 15.8567533493042 2.3763065338134766 67
      vertex 15.910826683044434 2.344326972961426 67
    endloop
  endfacet
  facet normal 0.5090494401311854 0.8607372813478726 0
    outer loop
      vertex 15.8567533493042 2.3763065338134766 67
      vertex 15.910826683044434 2.344326972961426 4
      vertex 15.8567533493042 2.3763065338134766 4
    endloop
  endfacet
  facet normal 0 1 0
    outer loop
      vertex 15.375 2.5 4
      vertex 13.913515090942383 2.5 67
      vertex 15.375 2.5 67
    endloop
  endfacet
  facet normal 0 1 0
    outer loop
      vertex 13.913515090942383 2.5 67
      vertex 15.375 2.5 4
      vertex 13.913515090942383 2.5 4
    endloop
  endfacet
  facet normal 0.5620841155135996 -0.8270800729598643 0
    outer loop
      vertex 15.910826683044434 -0.8443269729614258 4
      vertex 15.962784767150879 -0.809016227722168 67
      vertex 15.910826683044434 -0.8443269729614258 67
    endloop
  endfacet
  facet normal 0.5620841155135996 -0.8270800729598643 0
    outer loop
      vertex 15.962784767150879 -0.809016227722168 67
      vertex 15.910826683044434 -0.8443269729614258 4
      vertex 15.962784767150879 -0.809016227722168 4
    endloop
  endfacet
  facet normal 0 -1 0
    outer loop
      vertex 12 -1 67
      vertex 15.375 -1 4
      vertex 15.375 -1 67
    endloop
  endfacet
  facet normal 0 -1 0
    outer loop
      vertex 15.375 -1 4
      vertex 12 -1 0
      vertex 35.875 -1 4
    endloop
  endfacet
  facet normal 0 -1 0
    outer loop
      vertex 12 -1 0
      vertex 15.375 -1 4
      vertex 12 -1 67
    endloop
  endfacet
  facet normal 0 -1 0
    outer loop
      vertex 35.875 -1 4
      vertex 41 -1 67
      vertex 35.875 -1 67
    endloop
  endfacet
  facet normal 0 -1 0
    outer loop
      vertex 35.875 -1 4
      vertex 41 -1 0
      vertex 41 -1 67
    endloop
  endfacet
  facet normal 0 -1 0
    outer loop
      vertex 41 -1 0
      vertex 35.875 -1 4
      vertex 12 -1 0
    endloop
  endfacet
  facet normal 0.2789931026571348 0.9602931056035681 0
    outer loop
      vertex 15.684016227722168 2.451056480407715 4
      vertex 15.623689651489258 2.468583106994629 67
      vertex 15.684016227722168 2.451056480407715 67
    endloop
  endfacet
  facet normal 0.2789931026571348 0.9602931056035681 0
    outer loop
      vertex 15.623689651489258 2.468583106994629 67
      vertex 15.684016227722168 2.451056480407715 4
      vertex 15.623689651489258 2.468583106994629 4
    endloop
  endfacet
  facet normal 0.03142432711320473 0.9995061338808693 0
    outer loop
      vertex 15.437789916992188 2.498025894165039 4
      vertex 15.375 2.5 67
      vertex 15.437789916992188 2.498025894165039 67
    endloop
  endfacet
  facet normal 0.03142432711320473 0.9995061338808693 0
    outer loop
      vertex 15.375 2.5 67
      vertex 15.437789916992188 2.498025894165039 4
      vertex 15.375 2.5 4
    endloop
  endfacet
  facet normal -0.09410485725611979 -0.9955622912911102 0
    outer loop
      vertex 11.874667167663574 -0.9921140670776367 0
      vertex 11.937210083007812 -0.9980258941650391 67
      vertex 11.874667167663574 -0.9921140670776367 67
    endloop
  endfacet
  facet normal -0.09410485725611979 -0.9955622912911102 0
    outer loop
      vertex 11.937210083007812 -0.9980258941650391 67
      vertex 11.874667167663574 -0.9921140670776367 0
      vertex 11.937210083007812 -0.9980258941650391 0
    endloop
  endfacet
  facet normal 0.6613072708271193 0.7501151201990179 0
    outer loop
      vertex 16.059547424316406 2.228968620300293 4
      vertex 16.01242446899414 2.270512580871582 67
      vertex 16.059547424316406 2.228968620300293 67
    endloop
  endfacet
  facet normal 0.6613072708271193 0.7501151201990179 0
    outer loop
      vertex 16.01242446899414 2.270512580871582 67
      vertex 16.059547424316406 2.228968620300293 4
      vertex 16.01242446899414 2.270512580871582 4
    endloop
  endfacet
  facet normal 0.8607306298481877 0.5090606867959282 0
    outer loop
      vertex 16.251306533813477 1.9817533493041992 67
      vertex 16.21932601928711 2.0358266830444336 4
      vertex 16.21932601928711 2.0358266830444336 67
    endloop
  endfacet
  facet normal 0.8607306298481877 0.5090606867959282 0
    outer loop
      vertex 16.21932601928711 2.0358266830444336 4
      vertex 16.251306533813477 1.9817533493041992 67
      vertex 16.251306533813477 1.9817533493041992 4
    endloop
  endfacet
  facet normal 0.8607306298481877 -0.5090606867959282 0
    outer loop
      vertex 16.21932601928711 -0.5358266830444336 67
      vertex 16.251306533813477 -0.4817533493041992 4
      vertex 16.251306533813477 -0.4817533493041992 67
    endloop
  endfacet
  facet normal 0.8607306298481877 -0.5090606867959282 0
    outer loop
      vertex 16.251306533813477 -0.4817533493041992 4
      vertex 16.21932601928711 -0.5358266830444336 67
      vertex 16.21932601928711 -0.5358266830444336 4
    endloop
  endfacet
  facet normal 0.7901411802205841 0.6129248855444054 0
    outer loop
      vertex 16.184017181396484 2.087784767150879 67
      vertex 16.145511627197266 2.137423515319824 4
      vertex 16.145511627197266 2.137423515319824 67
    endloop
  endfacet
  facet normal 0.7901411802205841 0.6129248855444054 0
    outer loop
      vertex 16.145511627197266 2.137423515319824 4
      vertex 16.184017181396484 2.087784767150879 67
      vertex 16.184017181396484 2.087784767150879 4
    endloop
  endfacet
  facet normal 0.9759162674908747 -0.21814545341739183 0
    outer loop
      vertex 16.343582153320312 -0.2486896514892578 67
      vertex 16.35728645324707 -0.18738079071044922 4
      vertex 16.35728645324707 -0.18738079071044922 67
    endloop
  endfacet
  facet normal 0.9759162674908747 -0.21814545341739183 0
    outer loop
      vertex 16.35728645324707 -0.18738079071044922 4
      vertex 16.343582153320312 -0.2486896514892578 67
      vertex 16.343582153320312 -0.2486896514892578 4
    endloop
  endfacet
  facet normal 0.8270941876961544 0.5620633457887453 0
    outer loop
      vertex 16.21932601928711 2.0358266830444336 67
      vertex 16.184017181396484 2.087784767150879 4
      vertex 16.184017181396484 2.087784767150879 67
    endloop
  endfacet
  facet normal 0.8270941876961544 0.5620633457887453 0
    outer loop
      vertex 16.184017181396484 2.087784767150879 4
      vertex 16.21932601928711 2.0358266830444336 67
      vertex 16.21932601928711 2.0358266830444336 4
    endloop
  endfacet
  facet normal 0.2181309951361101 -0.9759194992215958 0
    outer loop
      vertex 15.56238079071045 -0.9822864532470703 4
      vertex 15.623689651489258 -0.9685831069946289 67
      vertex 15.56238079071045 -0.9822864532470703 67
    endloop
  endfacet
  facet normal 0.2181309951361101 -0.9759194992215958 0
    outer loop
      vertex 15.623689651489258 -0.9685831069946289 67
      vertex 15.56238079071045 -0.9822864532470703 4
      vertex 15.623689651489258 -0.9685831069946289 4
    endloop
  endfacet
  facet normal 0.09410485725611979 0.9955622912911102 0
    outer loop
      vertex 15.500332832336426 2.4921140670776367 4
      vertex 15.437789916992188 2.498025894165039 67
      vertex 15.500332832336426 2.4921140670776367 67
    endloop
  endfacet
  facet normal 0.09410485725611979 0.9955622912911102 0
    outer loop
      vertex 15.437789916992188 2.498025894165039 67
      vertex 15.500332832336426 2.4921140670776367 4
      vertex 15.437789916992188 2.498025894165039 4
    endloop
  endfacet
  facet normal 0.8270941876961544 -0.5620633457887453 0
    outer loop
      vertex 16.184017181396484 -0.5877847671508789 67
      vertex 16.21932601928711 -0.5358266830444336 4
      vertex 16.21932601928711 -0.5358266830444336 67
    endloop
  endfacet
  facet normal 0.8270941876961544 -0.5620633457887453 0
    outer loop
      vertex 16.21932601928711 -0.5358266830444336 4
      vertex 16.184017181396484 -0.5877847671508789 67
      vertex 16.184017181396484 -0.5877847671508789 4
    endloop
  endfacet
  facet normal 0.3387404329307526 -0.9408798643280056 0
    outer loop
      vertex 15.684016227722168 -0.9510564804077148 4
      vertex 15.743124008178711 -0.9297761917114258 67
      vertex 15.684016227722168 -0.9510564804077148 67
    endloop
  endfacet
  facet normal 0.3387404329307526 -0.9408798643280056 0
    outer loop
      vertex 15.743124008178711 -0.9297761917114258 67
      vertex 15.684016227722168 -0.9510564804077148 4
      vertex 15.743124008178711 -0.9297761917114258 4
    endloop
  endfacet
  facet normal 0.8910070567833626 -0.4539894544614993 0
    outer loop
      vertex 16.251306533813477 -0.4817533493041992 67
      vertex 16.279827117919922 -0.4257783889770508 4
      vertex 16.279827117919922 -0.4257783889770508 67
    endloop
  endfacet
  facet normal 0.8910070567833626 -0.4539894544614993 0
    outer loop
      vertex 16.279827117919922 -0.4257783889770508 4
      vertex 16.251306533813477 -0.4817533493041992 67
      vertex 16.251306533813477 -0.4817533493041992 4
    endloop
  endfacet
  facet normal 0.03142432711320473 -0.9995061338808693 0
    outer loop
      vertex 15.375 -1 4
      vertex 15.437789916992188 -0.9980258941650391 67
      vertex 15.375 -1 67
    endloop
  endfacet
  facet normal 0.03142432711320473 -0.9995061338808693 0
    outer loop
      vertex 15.437789916992188 -0.9980258941650391 67
      vertex 15.375 -1 4
      vertex 15.437789916992188 -0.9980258941650391 4
    endloop
  endfacet
  facet normal 0.3387404329307526 0.9408798643280056 0
    outer loop
      vertex 15.743124008178711 2.429776191711426 4
      vertex 15.684016227722168 2.451056480407715 67
      vertex 15.743124008178711 2.429776191711426 67
    endloop
  endfacet
  facet normal 0.3387404329307526 0.9408798643280056 0
    outer loop
      vertex 15.684016227722168 2.451056480407715 67
      vertex 15.743124008178711 2.429776191711426 4
      vertex 15.684016227722168 2.451056480407715 4
    endloop
  endfacet
  facet normal 0.6128985782120111 0.7901615865287905 0
    outer loop
      vertex 16.01242446899414 2.270512580871582 4
      vertex 15.962784767150879 2.309016227722168 67
      vertex 16.01242446899414 2.270512580871582 67
    endloop
  endfacet
  facet normal 0.6128985782120111 0.7901615865287905 0
    outer loop
      vertex 15.962784767150879 2.309016227722168 67
      vertex 16.01242446899414 2.270512580871582 4
      vertex 15.962784767150879 2.309016227722168 4
    endloop
  endfacet
  facet normal -0.03142432711320473 -0.9995061338808694 0
    outer loop
      vertex 11.937210083007812 -0.9980258941650391 0
      vertex 12 -1 67
      vertex 11.937210083007812 -0.9980258941650391 67
    endloop
  endfacet
  facet normal -0.03142432711320473 -0.9995061338808694 0
    outer loop
      vertex 12 -1 67
      vertex 11.937210083007812 -0.9980258941650391 0
      vertex 12 -1 0
    endloop
  endfacet
  facet normal -0.15643730165090305 -0.9876878913159683 0
    outer loop
      vertex 11.81261920928955 -0.9822864532470703 0
      vertex 11.874667167663574 -0.9921140670776367 67
      vertex 11.81261920928955 -0.9822864532470703 67
    endloop
  endfacet
  facet normal -0.15643730165090305 -0.9876878913159683 0
    outer loop
      vertex 11.874667167663574 -0.9921140670776367 67
      vertex 11.81261920928955 -0.9822864532470703 0
      vertex 11.874667167663574 -0.9921140670776367 0
    endloop
  endfacet
  facet normal 0.7071067811865475 -0.7071067811865475 0
    outer loop
      vertex 16.059547424316406 -0.728968620300293 67
      vertex 16.10396957397461 -0.6845464706420898 4
      vertex 16.10396957397461 -0.6845464706420898 67
    endloop
  endfacet
  facet normal 0.7071067811865475 -0.7071067811865475 0
    outer loop
      vertex 16.10396957397461 -0.6845464706420898 4
      vertex 16.059547424316406 -0.728968620300293 67
      vertex 16.059547424316406 -0.728968620300293 4
    endloop
  endfacet
  facet normal 0.9995061338808693 -0.03142432711320473 0
    outer loop
      vertex 16.37302589416504 -0.0627899169921875 67
      vertex 16.375 0 4
      vertex 16.375 0 67
    endloop
  endfacet
  facet normal 0.9995061338808693 -0.03142432711320473 0
    outer loop
      vertex 16.375 0 4
      vertex 16.37302589416504 -0.0627899169921875 67
      vertex 16.37302589416504 -0.0627899169921875 4
    endloop
  endfacet
  facet normal 0.5620841155135996 0.8270800729598643 0
    outer loop
      vertex 15.962784767150879 2.309016227722168 4
      vertex 15.910826683044434 2.344326972961426 67
      vertex 15.962784767150879 2.309016227722168 67
    endloop
  endfacet
  facet normal 0.5620841155135996 0.8270800729598643 0
    outer loop
      vertex 15.910826683044434 2.344326972961426 67
      vertex 15.962784767150879 2.309016227722168 4
      vertex 15.910826683044434 2.344326972961426 4
    endloop
  endfacet
  facet normal -0.2789931026571348 -0.9602931056035681 0
    outer loop
      vertex 11.690983772277832 -0.9510564804077148 0
      vertex 11.751310348510742 -0.9685831069946289 67
      vertex 11.690983772277832 -0.9510564804077148 67
    endloop
  endfacet
  facet normal -0.2789931026571348 -0.9602931056035681 0
    outer loop
      vertex 11.751310348510742 -0.9685831069946289 67
      vertex 11.690983772277832 -0.9510564804077148 0
      vertex 11.751310348510742 -0.9685831069946289 0
    endloop
  endfacet
  facet normal 0.09410485725611979 -0.9955622912911102 0
    outer loop
      vertex 15.437789916992188 -0.9980258941650391 4
      vertex 15.500332832336426 -0.9921140670776367 67
      vertex 15.437789916992188 -0.9980258941650391 67
    endloop
  endfacet
  facet normal 0.09410485725611979 -0.9955622912911102 0
    outer loop
      vertex 15.500332832336426 -0.9921140670776367 67
      vertex 15.437789916992188 -0.9980258941650391 4
      vertex 15.500332832336426 -0.9921140670776367 4
    endloop
  endfacet
  facet normal -0.2181309951361101 -0.9759194992215958 0
    outer loop
      vertex 11.751310348510742 -0.9685831069946289 0
      vertex 11.81261920928955 -0.9822864532470703 67
      vertex 11.751310348510742 -0.9685831069946289 67
    endloop
  endfacet
  facet normal -0.2181309951361101 -0.9759194992215958 0
    outer loop
      vertex 11.81261920928955 -0.9822864532470703 67
      vertex 11.751310348510742 -0.9685831069946289 0
      vertex 11.81261920928955 -0.9822864532470703 0
    endloop
  endfacet
  facet normal -0.3971579327660716 -0.9177502800004914 0
    outer loop
      vertex 11.57422161102295 -0.9048261642456055 0
      vertex 11.631875991821289 -0.9297761917114258 67
      vertex 11.57422161102295 -0.9048261642456055 67
    endloop
  endfacet
  facet normal -0.3971579327660716 -0.9177502800004914 0
    outer loop
      vertex 11.631875991821289 -0.9297761917114258 67
      vertex 11.57422161102295 -0.9048261642456055 0
      vertex 11.631875991821289 -0.9297761917114258 0
    endloop
  endfacet
  facet normal 0.9876855456190875 -0.1564521108043146 0
    outer loop
      vertex 16.35728645324707 -0.18738079071044922 67
      vertex 16.367115020751953 -0.12533283233642578 4
      vertex 16.367115020751953 -0.12533283233642578 67
    endloop
  endfacet
  facet normal 0.9876855456190875 -0.1564521108043146 0
    outer loop
      vertex 16.367115020751953 -0.12533283233642578 4
      vertex 16.35728645324707 -0.18738079071044922 67
      vertex 16.35728645324707 -0.18738079071044922 4
    endloop
  endfacet
  facet normal 0.7071067811865475 0.7071067811865475 0
    outer loop
      vertex 16.10396957397461 2.18454647064209 67
      vertex 16.059547424316406 2.228968620300293 4
      vertex 16.059547424316406 2.228968620300293 67
    endloop
  endfacet
  facet normal 0.7071067811865475 0.7071067811865475 0
    outer loop
      vertex 16.059547424316406 2.228968620300293 4
      vertex 16.10396957397461 2.18454647064209 67
      vertex 16.10396957397461 2.18454647064209 4
    endloop
  endfacet
  facet normal 0.9759162674908747 0.21814545341739183 0
    outer loop
      vertex 16.35728645324707 1.6873807907104492 67
      vertex 16.343582153320312 1.7486896514892578 4
      vertex 16.343582153320312 1.7486896514892578 67
    endloop
  endfacet
  facet normal 0.9759162674908747 0.21814545341739183 0
    outer loop
      vertex 16.343582153320312 1.7486896514892578 4
      vertex 16.35728645324707 1.6873807907104492 67
      vertex 16.35728645324707 1.6873807907104492 4
    endloop
  endfacet
  facet normal 0.9876855456190875 0.1564521108043146 0
    outer loop
      vertex 16.367115020751953 1.6253328323364258 67
      vertex 16.35728645324707 1.6873807907104492 4
      vertex 16.35728645324707 1.6873807907104492 67
    endloop
  endfacet
  facet normal 0.9876855456190875 0.1564521108043146 0
    outer loop
      vertex 16.35728645324707 1.6873807907104492 4
      vertex 16.367115020751953 1.6253328323364258 67
      vertex 16.367115020751953 1.6253328323364258 4
    endloop
  endfacet
  facet normal 0.995563713412873 0.09408981100826438 0
    outer loop
      vertex 16.37302589416504 1.5627899169921875 67
      vertex 16.367115020751953 1.6253328323364258 4
      vertex 16.367115020751953 1.6253328323364258 67
    endloop
  endfacet
  facet normal 0.995563713412873 0.09408981100826438 0
    outer loop
      vertex 16.367115020751953 1.6253328323364258 4
      vertex 16.37302589416504 1.5627899169921875 67
      vertex 16.37302589416504 1.5627899169921875 4
    endloop
  endfacet
  facet normal 0.9177613462719036 0.3971323599118849 0
    outer loop
      vertex 16.30477523803711 1.868124008178711 67
      vertex 16.279827117919922 1.9257783889770508 4
      vertex 16.279827117919922 1.9257783889770508 67
    endloop
  endfacet
  facet normal 0.9177613462719036 0.3971323599118849 0
    outer loop
      vertex 16.279827117919922 1.9257783889770508 4
      vertex 16.30477523803711 1.868124008178711 67
      vertex 16.30477523803711 1.868124008178711 4
    endloop
  endfacet
  facet normal 0.9408701874875643 0.3387673099593812 0
    outer loop
      vertex 16.32605743408203 1.809016227722168 67
      vertex 16.30477523803711 1.868124008178711 4
      vertex 16.30477523803711 1.868124008178711 67
    endloop
  endfacet
  facet normal 0.9408701874875643 0.3387673099593812 0
    outer loop
      vertex 16.30477523803711 1.868124008178711 4
      vertex 16.32605743408203 1.809016227722168 67
      vertex 16.32605743408203 1.809016227722168 4
    endloop
  endfacet
  facet normal 0.9603012396075132 0.27896510392569457 0
    outer loop
      vertex 16.343582153320312 1.7486896514892578 67
      vertex 16.32605743408203 1.809016227722168 4
      vertex 16.32605743408203 1.809016227722168 67
    endloop
  endfacet
  facet normal 0.9603012396075132 0.27896510392569457 0
    outer loop
      vertex 16.32605743408203 1.809016227722168 4
      vertex 16.343582153320312 1.7486896514892578 67
      vertex 16.343582153320312 1.7486896514892578 4
    endloop
  endfacet
  facet normal 0.9995061338808693 0.03142432711320473 0
    outer loop
      vertex 16.375 1.5 67
      vertex 16.37302589416504 1.5627899169921875 4
      vertex 16.37302589416504 1.5627899169921875 67
    endloop
  endfacet
  facet normal 0.9995061338808693 0.03142432711320473 0
    outer loop
      vertex 16.37302589416504 1.5627899169921875 4
      vertex 16.375 1.5 67
      vertex 16.375 1.5 4
    endloop
  endfacet
  facet normal 0.8910070567833626 0.4539894544614993 0
    outer loop
      vertex 16.279827117919922 1.9257783889770508 67
      vertex 16.251306533813477 1.9817533493041992 4
      vertex 16.251306533813477 1.9817533493041992 67
    endloop
  endfacet
  facet normal 0.8910070567833626 0.4539894544614993 0
    outer loop
      vertex 16.251306533813477 1.9817533493041992 4
      vertex 16.279827117919922 1.9257783889770508 67
      vertex 16.279827117919922 1.9257783889770508 4
    endloop
  endfacet
  facet normal 0.2181309951361101 0.9759194992215958 0
    outer loop
      vertex 15.623689651489258 2.468583106994629 4
      vertex 15.56238079071045 2.4822864532470703 67
      vertex 15.623689651489258 2.468583106994629 67
    endloop
  endfacet
  facet normal 0.2181309951361101 0.9759194992215958 0
    outer loop
      vertex 15.56238079071045 2.4822864532470703 67
      vertex 15.623689651489258 2.468583106994629 4
      vertex 15.56238079071045 2.4822864532470703 4
    endloop
  endfacet
  facet normal 0.9603012396075132 -0.27896510392569457 0
    outer loop
      vertex 16.32605743408203 -0.30901622772216797 67
      vertex 16.343582153320312 -0.2486896514892578 4
      vertex 16.343582153320312 -0.2486896514892578 67
    endloop
  endfacet
  facet normal 0.9603012396075132 -0.27896510392569457 0
    outer loop
      vertex 16.343582153320312 -0.2486896514892578 4
      vertex 16.32605743408203 -0.30901622772216797 67
      vertex 16.32605743408203 -0.30901622772216797 4
    endloop
  endfacet
  facet normal 1 0 0
    outer loop
      vertex 16.375 0 67
      vertex 16.375 1.5 4
      vertex 16.375 1.5 67
    endloop
  endfacet
  facet normal 1 0 0
    outer loop
      vertex 16.375 1.5 4
      vertex 16.375 0 67
      vertex 16.375 0 4
    endloop
  endfacet
  facet normal 0.6128985782120111 -0.7901615865287905 0
    outer loop
      vertex 15.962784767150879 -0.809016227722168 4
      vertex 16.01242446899414 -0.770512580871582 67
      vertex 15.962784767150879 -0.809016227722168 67
    endloop
  endfacet
  facet normal 0.6128985782120111 -0.7901615865287905 0
    outer loop
      vertex 16.01242446899414 -0.770512580871582 67
      vertex 15.962784767150879 -0.809016227722168 4
      vertex 16.01242446899414 -0.770512580871582 4
    endloop
  endfacet
  facet normal 0.5090494401311854 -0.8607372813478726 0
    outer loop
      vertex 15.8567533493042 -0.8763065338134766 4
      vertex 15.910826683044434 -0.8443269729614258 67
      vertex 15.8567533493042 -0.8763065338134766 67
    endloop
  endfacet
  facet normal 0.5090494401311854 -0.8607372813478726 0
    outer loop
      vertex 15.910826683044434 -0.8443269729614258 67
      vertex 15.8567533493042 -0.8763065338134766 4
      vertex 15.910826683044434 -0.8443269729614258 4
    endloop
  endfacet
  facet normal -0.6613072708271193 -0.7501151201990178 0
    outer loop
      vertex 11.31545352935791 -0.728968620300293 0
      vertex 11.362576484680176 -0.770512580871582 67
      vertex 11.31545352935791 -0.728968620300293 67
    endloop
  endfacet
  facet normal -0.6613072708271193 -0.7501151201990178 0
    outer loop
      vertex 11.362576484680176 -0.770512580871582 67
      vertex 11.31545352935791 -0.728968620300293 0
      vertex 11.362576484680176 -0.770512580871582 0
    endloop
  endfacet
  facet normal -0.5620841155135996 -0.8270800729598643 0
    outer loop
      vertex 11.412215232849121 -0.809016227722168 0
      vertex 11.464173316955566 -0.8443269729614258 67
      vertex 11.412215232849121 -0.809016227722168 67
    endloop
  endfacet
  facet normal -0.5620841155135996 -0.8270800729598643 0
    outer loop
      vertex 11.464173316955566 -0.8443269729614258 67
      vertex 11.412215232849121 -0.809016227722168 0
      vertex 11.464173316955566 -0.8443269729614258 0
    endloop
  endfacet
  facet normal 0.6613072708271193 -0.7501151201990179 0
    outer loop
      vertex 16.01242446899414 -0.770512580871582 4
      vertex 16.059547424316406 -0.728968620300293 67
      vertex 16.01242446899414 -0.770512580871582 67
    endloop
  endfacet
  facet normal 0.6613072708271193 -0.7501151201990179 0
    outer loop
      vertex 16.059547424316406 -0.728968620300293 67
      vertex 16.01242446899414 -0.770512580871582 4
      vertex 16.059547424316406 -0.728968620300293 4
    endloop
  endfacet
  facet normal 0.3971579327660716 0.9177502800004915 0
    outer loop
      vertex 15.80077838897705 2.4048261642456055 4
      vertex 15.743124008178711 2.429776191711426 67
      vertex 15.80077838897705 2.4048261642456055 67
    endloop
  endfacet
  facet normal 0.3971579327660716 0.9177502800004915 0
    outer loop
      vertex 15.743124008178711 2.429776191711426 67
      vertex 15.80077838897705 2.4048261642456055 4
      vertex 15.743124008178711 2.429776191711426 4
    endloop
  endfacet
  facet normal 0.15643730165090308 -0.9876878913159686 0
    outer loop
      vertex 15.500332832336426 -0.9921140670776367 4
      vertex 15.56238079071045 -0.9822864532470703 67
      vertex 15.500332832336426 -0.9921140670776367 67
    endloop
  endfacet
  facet normal 0.15643730165090308 -0.9876878913159686 0
    outer loop
      vertex 15.56238079071045 -0.9822864532470703 67
      vertex 15.500332832336426 -0.9921140670776367 4
      vertex 15.56238079071045 -0.9822864532470703 4
    endloop
  endfacet
  facet normal 0.2789931026571348 -0.9602931056035681 0
    outer loop
      vertex 15.623689651489258 -0.9685831069946289 4
      vertex 15.684016227722168 -0.9510564804077148 67
      vertex 15.623689651489258 -0.9685831069946289 67
    endloop
  endfacet
  facet normal 0.2789931026571348 -0.9602931056035681 0
    outer loop
      vertex 15.684016227722168 -0.9510564804077148 67
      vertex 15.623689651489258 -0.9685831069946289 4
      vertex 15.684016227722168 -0.9510564804077148 4
    endloop
  endfacet
  facet normal -0.4539774025977584 -0.891013197394176 0
    outer loop
      vertex 11.5182466506958 -0.8763065338134766 0
      vertex 11.57422161102295 -0.9048261642456055 67
      vertex 11.5182466506958 -0.8763065338134766 67
    endloop
  endfacet
  facet normal -0.4539774025977584 -0.891013197394176 0
    outer loop
      vertex 11.57422161102295 -0.9048261642456055 67
      vertex 11.5182466506958 -0.8763065338134766 0
      vertex 11.57422161102295 -0.9048261642456055 0
    endloop
  endfacet
  facet normal -0.3387404329307526 -0.9408798643280056 0
    outer loop
      vertex 11.631875991821289 -0.9297761917114258 0
      vertex 11.690983772277832 -0.9510564804077148 67
      vertex 11.631875991821289 -0.9297761917114258 67
    endloop
  endfacet
  facet normal -0.3387404329307526 -0.9408798643280056 0
    outer loop
      vertex 11.690983772277832 -0.9510564804077148 67
      vertex 11.631875991821289 -0.9297761917114258 0
      vertex 11.690983772277832 -0.9510564804077148 0
    endloop
  endfacet
  facet normal 0.7501301814071496 -0.661290186636757 0
    outer loop
      vertex 16.10396957397461 -0.6845464706420898 67
      vertex 16.145511627197266 -0.6374235153198242 4
      vertex 16.145511627197266 -0.6374235153198242 67
    endloop
  endfacet
  facet normal 0.7501301814071496 -0.661290186636757 0
    outer loop
      vertex 16.145511627197266 -0.6374235153198242 4
      vertex 16.10396957397461 -0.6845464706420898 67
      vertex 16.10396957397461 -0.6845464706420898 4
    endloop
  endfacet
  facet normal 0.7901411802205841 -0.6129248855444054 0
    outer loop
      vertex 16.145511627197266 -0.6374235153198242 67
      vertex 16.184017181396484 -0.5877847671508789 4
      vertex 16.184017181396484 -0.5877847671508789 67
    endloop
  endfacet
  facet normal 0.7901411802205841 -0.6129248855444054 0
    outer loop
      vertex 16.184017181396484 -0.5877847671508789 4
      vertex 16.145511627197266 -0.6374235153198242 67
      vertex 16.145511627197266 -0.6374235153198242 4
    endloop
  endfacet
  facet normal 0.15643730165090308 0.9876878913159686 0
    outer loop
      vertex 15.56238079071045 2.4822864532470703 4
      vertex 15.500332832336426 2.4921140670776367 67
      vertex 15.56238079071045 2.4822864532470703 67
    endloop
  endfacet
  facet normal 0.15643730165090308 0.9876878913159686 0
    outer loop
      vertex 15.500332832336426 2.4921140670776367 67
      vertex 15.56238079071045 2.4822864532470703 4
      vertex 15.500332832336426 2.4921140670776367 4
    endloop
  endfacet
  facet normal -0.5090494401311854 -0.8607372813478726 0
    outer loop
      vertex 11.464173316955566 -0.8443269729614258 0
      vertex 11.5182466506958 -0.8763065338134766 67
      vertex 11.464173316955566 -0.8443269729614258 67
    endloop
  endfacet
  facet normal -0.5090494401311854 -0.8607372813478726 0
    outer loop
      vertex 11.5182466506958 -0.8763065338134766 67
      vertex 11.464173316955566 -0.8443269729614258 0
      vertex 11.5182466506958 -0.8763065338134766 0
    endloop
  endfacet
  facet normal 0.9177613462719036 -0.3971323599118849 0
    outer loop
      vertex 16.279827117919922 -0.4257783889770508 67
      vertex 16.30477523803711 -0.36812400817871094 4
      vertex 16.30477523803711 -0.36812400817871094 67
    endloop
  endfacet
  facet normal 0.9177613462719036 -0.3971323599118849 0
    outer loop
      vertex 16.30477523803711 -0.36812400817871094 4
      vertex 16.279827117919922 -0.4257783889770508 67
      vertex 16.279827117919922 -0.4257783889770508 4
    endloop
  endfacet
  facet normal 0.9408701874875643 -0.3387673099593812 0
    outer loop
      vertex 16.30477523803711 -0.36812400817871094 67
      vertex 16.32605743408203 -0.30901622772216797 4
      vertex 16.32605743408203 -0.30901622772216797 67
    endloop
  endfacet
  facet normal 0.9408701874875643 -0.3387673099593812 0
    outer loop
      vertex 16.32605743408203 -0.30901622772216797 4
      vertex 16.30477523803711 -0.36812400817871094 67
      vertex 16.30477523803711 -0.36812400817871094 4
    endloop
  endfacet
  facet normal -0.7071067811865476 -0.7071067811865476 0
    outer loop
      vertex 11.31545352935791 -0.728968620300293 0
      vertex -0.728968620300293 11.31545352935791 67
      vertex -0.728968620300293 11.31545352935791 0
    endloop
  endfacet
  facet normal -0.7071067811865476 -0.7071067811865476 0
    outer loop
      vertex -0.728968620300293 11.31545352935791 67
      vertex 11.31545352935791 -0.728968620300293 0
      vertex 11.31545352935791 -0.728968620300293 67
    endloop
  endfacet
  facet normal 0.3971579327660716 -0.9177502800004915 0
    outer loop
      vertex 15.743124008178711 -0.9297761917114258 4
      vertex 15.80077838897705 -0.9048261642456055 67
      vertex 15.743124008178711 -0.9297761917114258 67
    endloop
  endfacet
  facet normal 0.3971579327660716 -0.9177502800004915 0
    outer loop
      vertex 15.80077838897705 -0.9048261642456055 67
      vertex 15.743124008178711 -0.9297761917114258 4
      vertex 15.80077838897705 -0.9048261642456055 4
    endloop
  endfacet
  facet normal 0.45397740259775843 -0.891013197394176 0
    outer loop
      vertex 15.80077838897705 -0.9048261642456055 4
      vertex 15.8567533493042 -0.8763065338134766 67
      vertex 15.80077838897705 -0.9048261642456055 67
    endloop
  endfacet
  facet normal 0.45397740259775843 -0.891013197394176 0
    outer loop
      vertex 15.8567533493042 -0.8763065338134766 67
      vertex 15.80077838897705 -0.9048261642456055 4
      vertex 15.8567533493042 -0.8763065338134766 4
    endloop
  endfacet
  facet normal -0.61290593003436 -0.7901558839423499 0
    outer loop
      vertex 11.362576484680176 -0.770512580871582 0
      vertex 11.412215232849121 -0.809016227722168 67
      vertex 11.362576484680176 -0.770512580871582 67
    endloop
  endfacet
  facet normal -0.61290593003436 -0.7901558839423499 0
    outer loop
      vertex 11.412215232849121 -0.809016227722168 67
      vertex 11.362576484680176 -0.770512580871582 0
      vertex 11.412215232849121 -0.809016227722168 0
    endloop
  endfacet
  facet normal 0 0 1
    outer loop
      vertex 1.5 16.375 67
      vertex 2.5 15.375 67
      vertex 2.498025894165039 15.437789916992188 67
    endloop
  endfacet
  facet normal 0 0 1
    outer loop
      vertex 15.375 2.5 67
      vertex 16.375 1.5 67
      vertex 16.37302589416504 1.5627899169921875 67
    endloop
  endfacet
  facet normal 0 0 1
    outer loop
      vertex 16.375 1.5 67
      vertex 15.375 2.5 67
      vertex 16.375 0 67
    endloop
  endfacet
  facet normal 0 0 1
    outer loop
      vertex 15.375 2.5 67
      vertex 16.37302589416504 1.5627899169921875 67
      vertex 16.367115020751953 1.6253328323364258 67
    endloop
  endfacet
  facet normal 0 0 1
    outer loop
      vertex 15.375 -1 67
      vertex 16.375 0 67
      vertex 15.375 2.5 67
    endloop
  endfacet
  facet normal 0 0 1
    outer loop
      vertex 15.375 2.5 67
      vertex 16.367115020751953 1.6253328323364258 67
      vertex 16.35728645324707 1.6873807907104492 67
    endloop
  endfacet
  facet normal 0 0 1
    outer loop
      vertex 16.375 0 67
      vertex 15.375 -1 67
      vertex 16.37302589416504 -0.0627899169921875 67
    endloop
  endfacet
  facet normal 0 0 1
    outer loop
      vertex 15.375 2.5 67
      vertex 16.35728645324707 1.6873807907104492 67
      vertex 16.343582153320312 1.7486896514892578 67
    endloop
  endfacet
  facet normal 0 0 1
    outer loop
      vertex 16.37302589416504 -0.0627899169921875 67
      vertex 15.375 -1 67
      vertex 16.367115020751953 -0.12533283233642578 67
    endloop
  endfacet
  facet normal 0 0 1
    outer loop
      vertex 15.375 2.5 67
      vertex 16.343582153320312 1.7486896514892578 67
      vertex 16.32605743408203 1.809016227722168 67
    endloop
  endfacet
  facet normal 0 0 1
    outer loop
      vertex 16.367115020751953 -0.12533283233642578 67
      vertex 15.375 -1 67
      vertex 16.35728645324707 -0.18738079071044922 67
    endloop
  endfacet
  facet normal 0 0 1
    outer loop
      vertex 15.375 2.5 67
      vertex 16.32605743408203 1.809016227722168 67
      vertex 16.30477523803711 1.868124008178711 67
    endloop
  endfacet
  facet normal 0 0 1
    outer loop
      vertex 16.35728645324707 -0.18738079071044922 67
      vertex 15.375 -1 67
      vertex 16.343582153320312 -0.2486896514892578 67
    endloop
  endfacet
  facet normal 0 0 1
    outer loop
      vertex 15.375 2.5 67
      vertex 16.30477523803711 1.868124008178711 67
      vertex 16.279827117919922 1.9257783889770508 67
    endloop
  endfacet
  facet normal 0 0 1
    outer loop
      vertex 16.343582153320312 -0.2486896514892578 67
      vertex 15.375 -1 67
      vertex 16.32605743408203 -0.30901622772216797 67
    endloop
  endfacet
  facet normal 0 0 1
    outer loop
      vertex 15.375 2.5 67
      vertex 16.279827117919922 1.9257783889770508 67
      vertex 16.251306533813477 1.9817533493041992 67
    endloop
  endfacet
  facet normal 0 0 1
    outer loop
      vertex 16.32605743408203 -0.30901622772216797 67
      vertex 15.375 -1 67
      vertex 16.30477523803711 -0.36812400817871094 67
    endloop
  endfacet
  facet normal 0 0 1
    outer loop
      vertex 15.375 2.5 67
      vertex 16.251306533813477 1.9817533493041992 67
      vertex 16.21932601928711 2.0358266830444336 67
    endloop
  endfacet
  facet normal 0 0 1
    outer loop
      vertex 16.30477523803711 -0.36812400817871094 67
      vertex 15.375 -1 67
      vertex 16.279827117919922 -0.4257783889770508 67
    endloop
  endfacet
  facet normal 0 0 1
    outer loop
      vertex 15.375 2.5 67
      vertex 16.21932601928711 2.0358266830444336 67
      vertex 16.184017181396484 2.087784767150879 67
    endloop
  endfacet
  facet normal 0 0 1
    outer loop
      vertex 16.279827117919922 -0.4257783889770508 67
      vertex 15.375 -1 67
      vertex 16.251306533813477 -0.4817533493041992 67
    endloop
  endfacet
  facet normal 0 0 1
    outer loop
      vertex 15.375 2.5 67
      vertex 16.184017181396484 2.087784767150879 67
      vertex 16.145511627197266 2.137423515319824 67
    endloop
  endfacet
  facet normal 0 0 1
    outer loop
      vertex 16.251306533813477 -0.4817533493041992 67
      vertex 15.375 -1 67
      vertex 16.21932601928711 -0.5358266830444336 67
    endloop
  endfacet
  facet normal 0 0 1
    outer loop
      vertex 15.375 2.5 67
      vertex 16.145511627197266 2.137423515319824 67
      vertex 16.10396957397461 2.18454647064209 67
    endloop
  endfacet
  facet normal 0 0 1
    outer loop
      vertex 16.21932601928711 -0.5358266830444336 67
      vertex 15.375 -1 67
      vertex 16.184017181396484 -0.5877847671508789 67
    endloop
  endfacet
  facet normal 0 0 1
    outer loop
      vertex 15.375 2.5 67
      vertex 16.10396957397461 2.18454647064209 67
      vertex 16.059547424316406 2.228968620300293 67
    endloop
  endfacet
  facet normal 0 0 1
    outer loop
      vertex 16.184017181396484 -0.5877847671508789 67
      vertex 15.375 -1 67
      vertex 16.145511627197266 -0.6374235153198242 67
    endloop
  endfacet
  facet normal 0 0 1
    outer loop
      vertex 15.375 2.5 67
      vertex 16.059547424316406 2.228968620300293 67
      vertex 16.01242446899414 2.270512580871582 67
    endloop
  endfacet
  facet normal 0 0 1
    outer loop
      vertex 16.145511627197266 -0.6374235153198242 67
      vertex 15.375 -1 67
      vertex 16.10396957397461 -0.6845464706420898 67
    endloop
  endfacet
  facet normal 0 0 1
    outer loop
      vertex 15.375 2.5 67
      vertex 16.01242446899414 2.270512580871582 67
      vertex 15.962784767150879 2.309016227722168 67
    endloop
  endfacet
  facet normal 0 0 1
    outer loop
      vertex 16.10396957397461 -0.6845464706420898 67
      vertex 15.375 -1 67
      vertex 16.059547424316406 -0.728968620300293 67
    endloop
  endfacet
  facet normal 0 0 1
    outer loop
      vertex 15.375 2.5 67
      vertex 15.962784767150879 2.309016227722168 67
      vertex 15.910826683044434 2.344326972961426 67
    endloop
  endfacet
  facet normal 0 0 1
    outer loop
      vertex 16.059547424316406 -0.728968620300293 67
      vertex 15.375 -1 67
      vertex 16.01242446899414 -0.770512580871582 67
    endloop
  endfacet
  facet normal 0 0 1
    outer loop
      vertex 15.375 2.5 67
      vertex 15.910826683044434 2.344326972961426 67
      vertex 15.8567533493042 2.3763065338134766 67
    endloop
  endfacet
  facet normal 0 0 1
    outer loop
      vertex 16.01242446899414 -0.770512580871582 67
      vertex 15.375 -1 67
      vertex 15.962784767150879 -0.809016227722168 67
    endloop
  endfacet
  facet normal 0 0 1
    outer loop
      vertex 15.375 2.5 67
      vertex 15.8567533493042 2.3763065338134766 67
      vertex 15.80077838897705 2.4048261642456055 67
    endloop
  endfacet
  facet normal 0 0 1
    outer loop
      vertex 15.962784767150879 -0.809016227722168 67
      vertex 15.375 -1 67
      vertex 15.910826683044434 -0.8443269729614258 67
    endloop
  endfacet
  facet normal 0 0 1
    outer loop
      vertex 15.375 2.5 67
      vertex 15.80077838897705 2.4048261642456055 67
      vertex 15.743124008178711 2.429776191711426 67
    endloop
  endfacet
  facet normal 0 0 1
    outer loop
      vertex 15.910826683044434 -0.8443269729614258 67
      vertex 15.375 -1 67
      vertex 15.8567533493042 -0.8763065338134766 67
    endloop
  endfacet
  facet normal 0 0 1
    outer loop
      vertex 15.375 2.5 67
      vertex 15.743124008178711 2.429776191711426 67
      vertex 15.684016227722168 2.451056480407715 67
    endloop
  endfacet
  facet normal 0 0 1
    outer loop
      vertex 15.8567533493042 -0.8763065338134766 67
      vertex 15.375 -1 67
      vertex 15.80077838897705 -0.9048261642456055 67
    endloop
  endfacet
  facet normal 0 0 1
    outer loop
      vertex 15.375 2.5 67
      vertex 15.684016227722168 2.451056480407715 67
      vertex 15.623689651489258 2.468583106994629 67
    endloop
  endfacet
  facet normal 0 0 1
    outer loop
      vertex 15.80077838897705 -0.9048261642456055 67
      vertex 15.375 -1 67
      vertex 15.743124008178711 -0.9297761917114258 67
    endloop
  endfacet
  facet normal 0 0 1
    outer loop
      vertex 15.375 2.5 67
      vertex 15.623689651489258 2.468583106994629 67
      vertex 15.56238079071045 2.4822864532470703 67
    endloop
  endfacet
  facet normal 0 0 1
    outer loop
      vertex 15.743124008178711 -0.9297761917114258 67
      vertex 15.375 -1 67
      vertex 15.684016227722168 -0.9510564804077148 67
    endloop
  endfacet
  facet normal 0 0 1
    outer loop
      vertex 15.375 2.5 67
      vertex 15.56238079071045 2.4822864532470703 67
      vertex 15.500332832336426 2.4921140670776367 67
    endloop
  endfacet
  facet normal 0 0 1
    outer loop
      vertex 15.684016227722168 -0.9510564804077148 67
      vertex 15.375 -1 67
      vertex 15.623689651489258 -0.9685831069946289 67
    endloop
  endfacet
  facet normal 0 0 1
    outer loop
      vertex 15.375 2.5 67
      vertex 15.500332832336426 2.4921140670776367 67
      vertex 15.437789916992188 2.498025894165039 67
    endloop
  endfacet
  facet normal 0 0 1
    outer loop
      vertex 15.623689651489258 -0.9685831069946289 67
      vertex 15.375 -1 67
      vertex 15.56238079071045 -0.9822864532470703 67
    endloop
  endfacet
  facet normal 0 0 1
    outer loop
      vertex 15.56238079071045 -0.9822864532470703 67
      vertex 15.375 -1 67
      vertex 15.500332832336426 -0.9921140670776367 67
    endloop
  endfacet
  facet normal 0 0 1
    outer loop
      vertex 15.500332832336426 -0.9921140670776367 67
      vertex 15.375 -1 67
      vertex 15.437789916992188 -0.9980258941650391 67
    endloop
  endfacet
  facet normal 0 0 1
    outer loop
      vertex 13.913515090942383 2.5 67
      vertex 15.375 -1 67
      vertex 15.375 2.5 67
    endloop
  endfacet
  facet normal 0 0 1
    outer loop
      vertex 13.913515090942383 2.5 67
      vertex 12 -1 67
      vertex 15.375 -1 67
    endloop
  endfacet
  facet normal 0 0 1
    outer loop
      vertex 11.31545352935791 -0.728968620300293 67
      vertex 12 -1 67
      vertex 13.913515090942383 2.5 67
    endloop
  endfacet
  facet normal 0 0 1
    outer loop
      vertex 12 -1 67
      vertex 11.31545352935791 -0.728968620300293 67
      vertex 11.937210083007812 -0.9980258941650391 67
    endloop
  endfacet
  facet normal 0 0 1
    outer loop
      vertex 11.937210083007812 -0.9980258941650391 67
      vertex 11.31545352935791 -0.728968620300293 67
      vertex 11.874667167663574 -0.9921140670776367 67
    endloop
  endfacet
  facet normal 0 0 1
    outer loop
      vertex 11.874667167663574 -0.9921140670776367 67
      vertex 11.31545352935791 -0.728968620300293 67
      vertex 11.81261920928955 -0.9822864532470703 67
    endloop
  endfacet
  facet normal 0 0 1
    outer loop
      vertex 11.81261920928955 -0.9822864532470703 67
      vertex 11.31545352935791 -0.728968620300293 67
      vertex 11.751310348510742 -0.9685831069946289 67
    endloop
  endfacet
  facet normal 0 0 1
    outer loop
      vertex 11.751310348510742 -0.9685831069946289 67
      vertex 11.31545352935791 -0.728968620300293 67
      vertex 11.690983772277832 -0.9510564804077148 67
    endloop
  endfacet
  facet normal 0 0 1
    outer loop
      vertex 11.690983772277832 -0.9510564804077148 67
      vertex 11.31545352935791 -0.728968620300293 67
      vertex 11.631875991821289 -0.9297761917114258 67
    endloop
  endfacet
  facet normal 0 0 1
    outer loop
      vertex 11.631875991821289 -0.9297761917114258 67
      vertex 11.31545352935791 -0.728968620300293 67
      vertex 11.57422161102295 -0.9048261642456055 67
    endloop
  endfacet
  facet normal 0 0 1
    outer loop
      vertex 11.57422161102295 -0.9048261642456055 67
      vertex 11.31545352935791 -0.728968620300293 67
      vertex 11.5182466506958 -0.8763065338134766 67
    endloop
  endfacet
  facet normal 0 0 1
    outer loop
      vertex 11.5182466506958 -0.8763065338134766 67
      vertex 11.31545352935791 -0.728968620300293 67
      vertex 11.464173316955566 -0.8443269729614258 67
    endloop
  endfacet
  facet normal 0 0 1
    outer loop
      vertex 11.464173316955566 -0.8443269729614258 67
      vertex 11.31545352935791 -0.728968620300293 67
      vertex 11.412215232849121 -0.809016227722168 67
    endloop
  endfacet
  facet normal 0 0 1
    outer loop
      vertex 11.412215232849121 -0.809016227722168 67
      vertex 11.31545352935791 -0.728968620300293 67
      vertex 11.362576484680176 -0.770512580871582 67
    endloop
  endfacet
  facet normal 0 0 1
    outer loop
      vertex 2.5 13.913515090942383 67
      vertex 11.31545352935791 -0.728968620300293 67
      vertex 13.913515090942383 2.5 67
    endloop
  endfacet
  facet normal 0 0 1
    outer loop
      vertex 1.5 16.375 67
      vertex 2.498025894165039 15.437789916992188 67
      vertex 2.4921140670776367 15.500332832336426 67
    endloop
  endfacet
  facet normal 0 0 1
    outer loop
      vertex 1.5 16.375 67
      vertex 2.4921140670776367 15.500332832336426 67
      vertex 2.4822864532470703 15.56238079071045 67
    endloop
  endfacet
  facet normal 0 0 1
    outer loop
      vertex 1.5 16.375 67
      vertex 2.4822864532470703 15.56238079071045 67
      vertex 2.468583106994629 15.623689651489258 67
    endloop
  endfacet
  facet normal 0 0 1
    outer loop
      vertex 1.5 16.375 67
      vertex 2.468583106994629 15.623689651489258 67
      vertex 2.451056480407715 15.684016227722168 67
    endloop
  endfacet
  facet normal 0 0 1
    outer loop
      vertex 1.5 16.375 67
      vertex 2.451056480407715 15.684016227722168 67
      vertex 2.429776191711426 15.743124008178711 67
    endloop
  endfacet
  facet normal 0 0 1
    outer loop
      vertex 1.5 16.375 67
      vertex 2.429776191711426 15.743124008178711 67
      vertex 2.4048261642456055 15.80077838897705 67
    endloop
  endfacet
  facet normal 0 0 1
    outer loop
      vertex 1.5 16.375 67
      vertex 2.4048261642456055 15.80077838897705 67
      vertex 2.3763065338134766 15.8567533493042 67
    endloop
  endfacet
  facet normal 0 0 1
    outer loop
      vertex 1.5 16.375 67
      vertex 2.3763065338134766 15.8567533493042 67
      vertex 2.344326972961426 15.910826683044434 67
    endloop
  endfacet
  facet normal 0 0 1
    outer loop
      vertex 1.5 16.375 67
      vertex 2.344326972961426 15.910826683044434 67
      vertex 2.309016227722168 15.962784767150879 67
    endloop
  endfacet
  facet normal 0 0 1
    outer loop
      vertex 1.5 16.375 67
      vertex 2.309016227722168 15.962784767150879 67
      vertex 2.270512580871582 16.01242446899414 67
    endloop
  endfacet
  facet normal 0 0 1
    outer loop
      vertex 1.5 16.375 67
      vertex 2.270512580871582 16.01242446899414 67
      vertex 2.228968620300293 16.059547424316406 67
    endloop
  endfacet
  facet normal 0 0 1
    outer loop
      vertex 1.5 16.375 67
      vertex 2.228968620300293 16.059547424316406 67
      vertex 2.18454647064209 16.10396957397461 67
    endloop
  endfacet
  facet normal 0 0 1
    outer loop
      vertex 1.5 16.375 67
      vertex 2.18454647064209 16.10396957397461 67
      vertex 2.137423515319824 16.145511627197266 67
    endloop
  endfacet
  facet normal 0 0 1
    outer loop
      vertex 1.5 16.375 67
      vertex 2.137423515319824 16.145511627197266 67
      vertex 2.087784767150879 16.184017181396484 67
    endloop
  endfacet
  facet normal 0 0 1
    outer loop
      vertex 1.5 16.375 67
      vertex 2.087784767150879 16.184017181396484 67
      vertex 2.0358266830444336 16.21932601928711 67
    endloop
  endfacet
  facet normal 0 0 1
    outer loop
      vertex 1.5 16.375 67
      vertex 2.0358266830444336 16.21932601928711 67
      vertex 1.9817533493041992 16.251306533813477 67
    endloop
  endfacet
  facet normal 0 0 1
    outer loop
      vertex 1.5 16.375 67
      vertex 1.9817533493041992 16.251306533813477 67
      vertex 1.9257783889770508 16.279827117919922 67
    endloop
  endfacet
  facet normal 0 0 1
    outer loop
      vertex 1.5 16.375 67
      vertex 1.9257783889770508 16.279827117919922 67
      vertex 1.868124008178711 16.30477523803711 67
    endloop
  endfacet
  facet normal 0 0 1
    outer loop
      vertex 1.5 16.375 67
      vertex 1.868124008178711 16.30477523803711 67
      vertex 1.809016227722168 16.32605743408203 67
    endloop
  endfacet
  facet normal 0 0 1
    outer loop
      vertex 1.5 16.375 67
      vertex 1.809016227722168 16.32605743408203 67
      vertex 1.7486896514892578 16.343582153320312 67
    endloop
  endfacet
  facet normal 0 0 1
    outer loop
      vertex 1.5 16.375 67
      vertex 1.7486896514892578 16.343582153320312 67
      vertex 1.6873807907104492 16.35728645324707 67
    endloop
  endfacet
  facet normal 0 0 1
    outer loop
      vertex 1.5 16.375 67
      vertex 1.6873807907104492 16.35728645324707 67
      vertex 1.6253328323364258 16.367115020751953 67
    endloop
  endfacet
  facet normal 0 0 1
    outer loop
      vertex 1.5 16.375 67
      vertex 1.6253328323364258 16.367115020751953 67
      vertex 1.5627899169921875 16.37302589416504 67
    endloop
  endfacet
  facet normal 0 0 1
    outer loop
      vertex 2.5 15.375 67
      vertex 1.5 16.375 67
      vertex 2.5 13.913515090942383 67
    endloop
  endfacet
  facet normal 0 0 1
    outer loop
      vertex 0 16.375 67
      vertex 2.5 13.913515090942383 67
      vertex 1.5 16.375 67
    endloop
  endfacet
  facet normal 0 0 1
    outer loop
      vertex -1 15.375 67
      vertex 2.5 13.913515090942383 67
      vertex 0 16.375 67
    endloop
  endfacet
  facet normal 0 0 1
    outer loop
      vertex -1 15.375 67
      vertex 0 16.375 67
      vertex -0.0627899169921875 16.37302589416504 67
    endloop
  endfacet
  facet normal 0 0 1
    outer loop
      vertex -1 15.375 67
      vertex -0.0627899169921875 16.37302589416504 67
      vertex -0.12533283233642578 16.367115020751953 67
    endloop
  endfacet
  facet normal 0 0 1
    outer loop
      vertex -1 15.375 67
      vertex -0.12533283233642578 16.367115020751953 67
      vertex -0.18738079071044922 16.35728645324707 67
    endloop
  endfacet
  facet normal 0 0 1
    outer loop
      vertex -1 15.375 67
      vertex -0.18738079071044922 16.35728645324707 67
      vertex -0.2486896514892578 16.343582153320312 67
    endloop
  endfacet
  facet normal 0 0 1
    outer loop
      vertex -1 15.375 67
      vertex -0.2486896514892578 16.343582153320312 67
      vertex -0.30901622772216797 16.32605743408203 67
    endloop
  endfacet
  facet normal 0 0 1
    outer loop
      vertex -1 15.375 67
      vertex -0.30901622772216797 16.32605743408203 67
      vertex -0.36812400817871094 16.30477523803711 67
    endloop
  endfacet
  facet normal 0 0 1
    outer loop
      vertex -1 15.375 67
      vertex -0.36812400817871094 16.30477523803711 67
      vertex -0.4257783889770508 16.279827117919922 67
    endloop
  endfacet
  facet normal 0 0 1
    outer loop
      vertex -1 15.375 67
      vertex -0.4257783889770508 16.279827117919922 67
      vertex -0.4817533493041992 16.251306533813477 67
    endloop
  endfacet
  facet normal 0 0 1
    outer loop
      vertex -1 15.375 67
      vertex -0.4817533493041992 16.251306533813477 67
      vertex -0.5358266830444336 16.21932601928711 67
    endloop
  endfacet
  facet normal 0 0 1
    outer loop
      vertex -1 15.375 67
      vertex -0.5358266830444336 16.21932601928711 67
      vertex -0.5877847671508789 16.184017181396484 67
    endloop
  endfacet
  facet normal 0 0 1
    outer loop
      vertex -1 15.375 67
      vertex -0.5877847671508789 16.184017181396484 67
      vertex -0.6374235153198242 16.145511627197266 67
    endloop
  endfacet
  facet normal 0 0 1
    outer loop
      vertex -1 15.375 67
      vertex -0.6374235153198242 16.145511627197266 67
      vertex -0.6845464706420898 16.10396957397461 67
    endloop
  endfacet
  facet normal 0 0 1
    outer loop
      vertex -1 15.375 67
      vertex -0.6845464706420898 16.10396957397461 67
      vertex -0.728968620300293 16.059547424316406 67
    endloop
  endfacet
  facet normal 0 0 1
    outer loop
      vertex 2.5 13.913515090942383 67
      vertex -0.728968620300293 11.31545352935791 67
      vertex 11.31545352935791 -0.728968620300293 67
    endloop
  endfacet
  facet normal 0 0 1
    outer loop
      vertex -1 15.375 67
      vertex -0.728968620300293 16.059547424316406 67
      vertex -0.770512580871582 16.01242446899414 67
    endloop
  endfacet
  facet normal 0 0 1
    outer loop
      vertex 2.5 13.913515090942383 67
      vertex -1 15.375 67
      vertex -1 12 67
    endloop
  endfacet
  facet normal 0 0 1
    outer loop
      vertex -1 15.375 67
      vertex -0.770512580871582 16.01242446899414 67
      vertex -0.809016227722168 15.962784767150879 67
    endloop
  endfacet
  facet normal 0 0 1
    outer loop
      vertex 2.5 13.913515090942383 67
      vertex -1 12 67
      vertex -0.728968620300293 11.31545352935791 67
    endloop
  endfacet
  facet normal 0 0 1
    outer loop
      vertex -1 15.375 67
      vertex -0.809016227722168 15.962784767150879 67
      vertex -0.8443269729614258 15.910826683044434 67
    endloop
  endfacet
  facet normal 0 0 1
    outer loop
      vertex -0.728968620300293 11.31545352935791 67
      vertex -1 12 67
      vertex -0.770512580871582 11.362576484680176 67
    endloop
  endfacet
  facet normal 0 0 1
    outer loop
      vertex -1 15.375 67
      vertex -0.8443269729614258 15.910826683044434 67
      vertex -0.8763065338134766 15.8567533493042 67
    endloop
  endfacet
  facet normal 0 0 1
    outer loop
      vertex -0.770512580871582 11.362576484680176 67
      vertex -1 12 67
      vertex -0.809016227722168 11.412215232849121 67
    endloop
  endfacet
  facet normal 0 0 1
    outer loop
      vertex -1 15.375 67
      vertex -0.8763065338134766 15.8567533493042 67
      vertex -0.9048261642456055 15.80077838897705 67
    endloop
  endfacet
  facet normal 0 0 1
    outer loop
      vertex -0.809016227722168 11.412215232849121 67
      vertex -1 12 67
      vertex -0.8443269729614258 11.464173316955566 67
    endloop
  endfacet
  facet normal 0 0 1
    outer loop
      vertex -1 15.375 67
      vertex -0.9048261642456055 15.80077838897705 67
      vertex -0.9297761917114258 15.743124008178711 67
    endloop
  endfacet
  facet normal 0 0 1
    outer loop
      vertex -0.8443269729614258 11.464173316955566 67
      vertex -1 12 67
      vertex -0.8763065338134766 11.5182466506958 67
    endloop
  endfacet
  facet normal 0 0 1
    outer loop
      vertex -1 15.375 67
      vertex -0.9297761917114258 15.743124008178711 67
      vertex -0.9510564804077148 15.684016227722168 67
    endloop
  endfacet
  facet normal 0 0 1
    outer loop
      vertex -0.8763065338134766 11.5182466506958 67
      vertex -1 12 67
      vertex -0.9048261642456055 11.57422161102295 67
    endloop
  endfacet
  facet normal 0 0 1
    outer loop
      vertex -1 15.375 67
      vertex -0.9510564804077148 15.684016227722168 67
      vertex -0.9685831069946289 15.623689651489258 67
    endloop
  endfacet
  facet normal 0 0 1
    outer loop
      vertex -0.9048261642456055 11.57422161102295 67
      vertex -1 12 67
      vertex -0.9297761917114258 11.631875991821289 67
    endloop
  endfacet
  facet normal 0 0 1
    outer loop
      vertex -1 15.375 67
      vertex -0.9685831069946289 15.623689651489258 67
      vertex -0.9822864532470703 15.56238079071045 67
    endloop
  endfacet
  facet normal 0 0 1
    outer loop
      vertex -0.9297761917114258 11.631875991821289 67
      vertex -1 12 67
      vertex -0.9510564804077148 11.690983772277832 67
    endloop
  endfacet
  facet normal 0 0 1
    outer loop
      vertex -1 15.375 67
      vertex -0.9822864532470703 15.56238079071045 67
      vertex -0.9921140670776367 15.500332832336426 67
    endloop
  endfacet
  facet normal 0 0 1
    outer loop
      vertex -0.9510564804077148 11.690983772277832 67
      vertex -1 12 67
      vertex -0.9685831069946289 11.751310348510742 67
    endloop
  endfacet
  facet normal 0 0 1
    outer loop
      vertex -1 15.375 67
      vertex -0.9921140670776367 15.500332832336426 67
      vertex -0.9980258941650391 15.437789916992188 67
    endloop
  endfacet
  facet normal 0 0 1
    outer loop
      vertex -0.9685831069946289 11.751310348510742 67
      vertex -1 12 67
      vertex -0.9822864532470703 11.81261920928955 67
    endloop
  endfacet
  facet normal 0 0 1
    outer loop
      vertex -0.9822864532470703 11.81261920928955 67
      vertex -1 12 67
      vertex -0.9921140670776367 11.874667167663574 67
    endloop
  endfacet
  facet normal 0 0 1
    outer loop
      vertex -0.9921140670776367 11.874667167663574 67
      vertex -1 12 67
      vertex -0.9980258941650391 11.937210083007812 67
    endloop
  endfacet
  facet normal 0.995563713412873 -0.09408981100826438 0
    outer loop
      vertex 16.367115020751953 -0.12533283233642578 67
      vertex 16.37302589416504 -0.0627899169921875 4
      vertex 16.37302589416504 -0.0627899169921875 67
    endloop
  endfacet
  facet normal 0.995563713412873 -0.09408981100826438 0
    outer loop
      vertex 16.37302589416504 -0.0627899169921875 4
      vertex 16.367115020751953 -0.12533283233642578 67
      vertex 16.367115020751953 -0.12533283233642578 4
    endloop
  endfacet
  facet normal 0.45397740259775843 0.891013197394176 0
    outer loop
      vertex 15.8567533493042 2.3763065338134766 4
      vertex 15.80077838897705 2.4048261642456055 67
      vertex 15.8567533493042 2.3763065338134766 67
    endloop
  endfacet
  facet normal 0.45397740259775843 0.891013197394176 0
    outer loop
      vertex 15.80077838897705 2.4048261642456055 67
      vertex 15.8567533493042 2.3763065338134766 4
      vertex 15.80077838897705 2.4048261642456055 4
    endloop
  endfacet
  facet normal 0.7501301814071496 0.661290186636757 0
    outer loop
      vertex 16.145511627197266 2.137423515319824 67
      vertex 16.10396957397461 2.18454647064209 4
      vertex 16.10396957397461 2.18454647064209 67
    endloop
  endfacet
  facet normal 0.7501301814071496 0.661290186636757 0
    outer loop
      vertex 16.10396957397461 2.18454647064209 4
      vertex 16.145511627197266 2.137423515319824 67
      vertex 16.145511627197266 2.137423515319824 4
    endloop
  endfacet
  facet normal 0.9995061338808693 -0.03142432711320473 0
    outer loop
      vertex 16.37302589416504 39.43721008300781 67
      vertex 16.375 39.5 4
      vertex 16.375 39.5 67
    endloop
  endfacet
  facet normal 0.9995061338808693 -0.03142432711320473 0
    outer loop
      vertex 16.375 39.5 4
      vertex 16.37302589416504 39.43721008300781 67
      vertex 16.37302589416504 39.43721008300781 4
    endloop
  endfacet
  facet normal 0.9603047835888266 -0.27895290393974514 0
    outer loop
      vertex 16.32605743408203 39.190982818603516 67
      vertex 16.343582153320312 39.251312255859375 4
      vertex 16.343582153320312 39.251312255859375 67
    endloop
  endfacet
  facet normal 0.9603047835888266 -0.27895290393974514 0
    outer loop
      vertex 16.343582153320312 39.251312255859375 4
      vertex 16.32605743408203 39.190982818603516 67
      vertex 16.32605743408203 39.190982818603516 4
    endloop
  endfacet
  facet normal -0.0940597183191418 0.9955665569863844 0
    outer loop
      vertex -0.0627899169921875 41.998023986816406 0
      vertex -0.12533283233642578 41.99211502075195 67
      vertex -0.0627899169921875 41.998023986816406 67
    endloop
  endfacet
  facet normal -0.0940597183191418 0.9955665569863844 0
    outer loop
      vertex -0.12533283233642578 41.99211502075195 67
      vertex -0.0627899169921875 41.998023986816406 0
      vertex -0.12533283233642578 41.99211502075195 0
    endloop
  endfacet
  facet normal 0.5090381932057086 -0.8607439328034021 0
    outer loop
      vertex 15.8567533493042 38.623695373535156 4
      vertex 15.910826683044434 38.65567398071289 67
      vertex 15.8567533493042 38.623695373535156 67
    endloop
  endfacet
  facet normal 0.5090381932057086 -0.8607439328034021 0
    outer loop
      vertex 15.910826683044434 38.65567398071289 67
      vertex 15.8567533493042 38.623695373535156 4
      vertex 15.910826683044434 38.65567398071289 4
    endloop
  endfacet
  facet normal 0.6129175337683005 0.790146883053641 0
    outer loop
      vertex 16.01242446899414 41.770511627197266 4
      vertex 15.962784767150879 41.809017181396484 67
      vertex 16.01242446899414 41.770511627197266 67
    endloop
  endfacet
  facet normal 0.6129175337683005 0.790146883053641 0
    outer loop
      vertex 15.962784767150879 41.809017181396484 67
      vertex 16.01242446899414 41.770511627197266 4
      vertex 15.962784767150879 41.809017181396484 4
    endloop
  endfacet
  facet normal 1 0 0
    outer loop
      vertex 16.375 39.5 67
      vertex 16.375 41 4
      vertex 16.375 41 67
    endloop
  endfacet
  facet normal 1 0 0
    outer loop
      vertex 16.375 41 4
      vertex 16.375 39.5 67
      vertex 16.375 39.5 4
    endloop
  endfacet
  facet normal 0.661290186636757 0.7501301814071496 0
    outer loop
      vertex 16.059547424316406 41.72896957397461 4
      vertex 16.01242446899414 41.770511627197266 67
      vertex 16.059547424316406 41.72896957397461 67
    endloop
  endfacet
  facet normal 0.661290186636757 0.7501301814071496 0
    outer loop
      vertex 16.01242446899414 41.770511627197266 67
      vertex 16.059547424316406 41.72896957397461 4
      vertex 16.01242446899414 41.770511627197266 4
    endloop
  endfacet
  facet normal 0.15648172879457747 -0.987680853592627 0
    outer loop
      vertex 15.500332832336426 38.50788497924805 4
      vertex 15.56238079071045 38.51771545410156 67
      vertex 15.500332832336426 38.50788497924805 67
    endloop
  endfacet
  facet normal 0.15648172879457747 -0.987680853592627 0
    outer loop
      vertex 15.56238079071045 38.51771545410156 67
      vertex 15.500332832336426 38.50788497924805 4
      vertex 15.56238079071045 38.51771545410156 4
    endloop
  endfacet
  facet normal 0.7901525856814916 0.6129101821154981 0
    outer loop
      vertex 16.184017181396484 41.58778381347656 67
      vertex 16.145511627197266 41.63742446899414 4
      vertex 16.145511627197266 41.63742446899414 67
    endloop
  endfacet
  facet normal 0.7901525856814916 0.6129101821154981 0
    outer loop
      vertex 16.145511627197266 41.63742446899414 4
      vertex 16.184017181396484 41.58778381347656 67
      vertex 16.184017181396484 41.58778381347656 4
    endloop
  endfacet
  facet normal -0.6129248855444054 0.7901411802205841 0
    outer loop
      vertex -0.5877847671508789 41.809017181396484 0
      vertex -0.6374235153198242 41.770511627197266 67
      vertex -0.5877847671508789 41.809017181396484 67
    endloop
  endfacet
  facet normal -0.6129248855444054 0.7901411802205841 0
    outer loop
      vertex -0.6374235153198242 41.770511627197266 67
      vertex -0.5877847671508789 41.809017181396484 0
      vertex -0.6374235153198242 41.770511627197266 0
    endloop
  endfacet
  facet normal 0 1 0
    outer loop
      vertex 41 42 67
      vertex 35.875 42 4
      vertex 35.875 42 67
    endloop
  endfacet
  facet normal 0 1 0
    outer loop
      vertex 35.875 42 4
      vertex 41 42 0
      vertex 15.375 42 4
    endloop
  endfacet
  facet normal 0 1 0
    outer loop
      vertex 41 42 0
      vertex 35.875 42 4
      vertex 41 42 67
    endloop
  endfacet
  facet normal 0 1 0
    outer loop
      vertex 15.375 42 4
      vertex 0 42 67
      vertex 15.375 42 67
    endloop
  endfacet
  facet normal 0 1 0
    outer loop
      vertex 15.375 42 4
      vertex 0 42 0
      vertex 0 42 67
    endloop
  endfacet
  facet normal 0 1 0
    outer loop
      vertex 0 42 0
      vertex 15.375 42 4
      vertex 41 42 0
    endloop
  endfacet
  facet normal -0.9759173321372937 0.21814069045922427 0
    outer loop
      vertex -0.9822864532470703 41.187381744384766 0
      vertex -0.9685831069946289 41.248687744140625 67
      vertex -0.9685831069946289 41.248687744140625 0
    endloop
  endfacet
  facet normal -0.9759173321372937 0.21814069045922427 0
    outer loop
      vertex -0.9685831069946289 41.248687744140625 67
      vertex -0.9822864532470703 41.187381744384766 0
      vertex -0.9822864532470703 41.187381744384766 67
    endloop
  endfacet
  facet normal 0.9955635790169599 0.09409123303975477 0
    outer loop
      vertex 16.37302589416504 41.06278991699219 67
      vertex 16.367115020751953 41.12533187866211 4
      vertex 16.367115020751953 41.12533187866211 67
    endloop
  endfacet
  facet normal 0.9955635790169599 0.09409123303975477 0
    outer loop
      vertex 16.367115020751953 41.12533187866211 4
      vertex 16.37302589416504 41.06278991699219 67
      vertex 16.37302589416504 41.06278991699219 4
    endloop
  endfacet
  facet normal 0.9177541630948076 -0.3971489596135805 0
    outer loop
      vertex 16.279827117919922 39.074222564697266 67
      vertex 16.30477523803711 39.131874084472656 4
      vertex 16.30477523803711 39.131874084472656 67
    endloop
  endfacet
  facet normal 0.9177541630948076 -0.3971489596135805 0
    outer loop
      vertex 16.30477523803711 39.131874084472656 4
      vertex 16.279827117919922 39.074222564697266 67
      vertex 16.279827117919922 39.074222564697266 4
    endloop
  endfacet
  facet normal -0.21811653671119732 0.9759227307595172 0
    outer loop
      vertex -0.18738079071044922 41.98228454589844 0
      vertex -0.2486896514892578 41.96858215332031 67
      vertex -0.18738079071044922 41.98228454589844 67
    endloop
  endfacet
  facet normal -0.21811653671119732 0.9759227307595172 0
    outer loop
      vertex -0.2486896514892578 41.96858215332031 67
      vertex -0.18738079071044922 41.98228454589844 0
      vertex -0.2486896514892578 41.96858215332031 0
    endloop
  endfacet
  facet normal -0.0314546587566966 0.9995051797977337 0
    outer loop
      vertex 0 42 0
      vertex -0.0627899169921875 41.998023986816406 67
      vertex 0 42 67
    endloop
  endfacet
  facet normal -0.0314546587566966 0.9995051797977337 0
    outer loop
      vertex -0.0627899169921875 41.998023986816406 67
      vertex 0 42 0
      vertex -0.0627899169921875 41.998023986816406 0
    endloop
  endfacet
  facet normal -0.661290186636757 0.7501301814071496 0
    outer loop
      vertex -0.6374235153198242 41.770511627197266 0
      vertex -0.6845464706420898 41.72896957397461 67
      vertex -0.6374235153198242 41.770511627197266 67
    endloop
  endfacet
  facet normal -0.661290186636757 0.7501301814071496 0
    outer loop
      vertex -0.6845464706420898 41.72896957397461 67
      vertex -0.6374235153198242 41.770511627197266 0
      vertex -0.6845464706420898 41.72896957397461 0
    endloop
  endfacet
  facet normal -0.9995061338808694 0.03142432711320473 0
    outer loop
      vertex -1 41 0
      vertex -0.9980258941650391 41.06278991699219 67
      vertex -0.9980258941650391 41.06278991699219 0
    endloop
  endfacet
  facet normal -0.9995061338808694 0.03142432711320473 0
    outer loop
      vertex -0.9980258941650391 41.06278991699219 67
      vertex -1 41 0
      vertex -1 41 67
    endloop
  endfacet
  facet normal 0.7501301814071496 -0.661290186636757 0
    outer loop
      vertex 16.10396957397461 38.815452575683594 67
      vertex 16.145511627197266 38.86257553100586 4
      vertex 16.145511627197266 38.86257553100586 67
    endloop
  endfacet
  facet normal 0.7501301814071496 -0.661290186636757 0
    outer loop
      vertex 16.145511627197266 38.86257553100586 4
      vertex 16.10396957397461 38.815452575683594 67
      vertex 16.10396957397461 38.815452575683594 4
    endloop
  endfacet
  facet normal 0.09405971831914178 0.9955665569863843 0
    outer loop
      vertex 15.500332832336426 41.99211502075195 4
      vertex 15.437789916992188 41.998023986816406 67
      vertex 15.500332832336426 41.99211502075195 67
    endloop
  endfacet
  facet normal 0.09405971831914178 0.9955665569863843 0
    outer loop
      vertex 15.437789916992188 41.998023986816406 67
      vertex 15.500332832336426 41.99211502075195 4
      vertex 15.437789916992188 41.998023986816406 4
    endloop
  endfacet
  facet normal 0 -1 0
    outer loop
      vertex 2.5 38.5 4
      vertex 15.375 38.5 67
      vertex 2.5 38.5 67
    endloop
  endfacet
  facet normal 0 -1 0
    outer loop
      vertex 15.375 38.5 67
      vertex 2.5 38.5 4
      vertex 15.375 38.5 4
    endloop
  endfacet
  facet normal -0.8910194544679184 0.45396512174361286 0
    outer loop
      vertex -0.9048261642456055 41.425777435302734 0
      vertex -0.8763065338134766 41.481754302978516 67
      vertex -0.8763065338134766 41.481754302978516 0
    endloop
  endfacet
  facet normal -0.8910194544679184 0.45396512174361286 0
    outer loop
      vertex -0.8763065338134766 41.481754302978516 67
      vertex -0.9048261642456055 41.425777435302734 0
      vertex -0.9048261642456055 41.425777435302734 67
    endloop
  endfacet
  facet normal 0.3971323599118849 0.9177613462719036 0
    outer loop
      vertex 15.80077838897705 41.90482711791992 4
      vertex 15.743124008178711 41.92977523803711 67
      vertex 15.80077838897705 41.90482711791992 67
    endloop
  endfacet
  facet normal 0.3971323599118849 0.9177613462719036 0
    outer loop
      vertex 15.743124008178711 41.92977523803711 67
      vertex 15.80077838897705 41.90482711791992 4
      vertex 15.743124008178711 41.92977523803711 4
    endloop
  endfacet
  facet normal 0.21811653671119732 -0.9759227307595171 0
    outer loop
      vertex 15.56238079071045 38.51771545410156 4
      vertex 15.623689651489258 38.53141784667969 67
      vertex 15.56238079071045 38.51771545410156 67
    endloop
  endfacet
  facet normal 0.21811653671119732 -0.9759227307595171 0
    outer loop
      vertex 15.623689651489258 38.53141784667969 67
      vertex 15.56238079071045 38.51771545410156 4
      vertex 15.623689651489258 38.53141784667969 4
    endloop
  endfacet
  facet normal -0.5090381932057086 0.8607439328034021 0
    outer loop
      vertex -0.4817533493041992 41.876304626464844 0
      vertex -0.5358266830444336 41.84432601928711 67
      vertex -0.4817533493041992 41.876304626464844 67
    endloop
  endfacet
  facet normal -0.5090381932057086 0.8607439328034021 0
    outer loop
      vertex -0.5358266830444336 41.84432601928711 67
      vertex -0.4817533493041992 41.876304626464844 0
      vertex -0.5358266830444336 41.84432601928711 0
    endloop
  endfacet
  facet normal 0.27896510392569457 -0.9603012396075132 0
    outer loop
      vertex 15.623689651489258 38.53141784667969 4
      vertex 15.684016227722168 38.54894256591797 67
      vertex 15.623689651489258 38.53141784667969 67
    endloop
  endfacet
  facet normal 0.27896510392569457 -0.9603012396075132 0
    outer loop
      vertex 15.684016227722168 38.54894256591797 67
      vertex 15.623689651489258 38.53141784667969 4
      vertex 15.684016227722168 38.54894256591797 4
    endloop
  endfacet
  facet normal 0.7901525856814916 -0.6129101821154981 0
    outer loop
      vertex 16.145511627197266 38.86257553100586 67
      vertex 16.184017181396484 38.91221618652344 4
      vertex 16.184017181396484 38.91221618652344 67
    endloop
  endfacet
  facet normal 0.7901525856814916 -0.6129101821154981 0
    outer loop
      vertex 16.184017181396484 38.91221618652344 4
      vertex 16.145511627197266 38.86257553100586 67
      vertex 16.145511627197266 38.86257553100586 4
    endloop
  endfacet
  facet normal 0.7071067811865475 -0.7071067811865475 0
    outer loop
      vertex 16.059547424316406 38.77103042602539 67
      vertex 16.10396957397461 38.815452575683594 4
      vertex 16.10396957397461 38.815452575683594 67
    endloop
  endfacet
  facet normal 0.7071067811865475 -0.7071067811865475 0
    outer loop
      vertex 16.10396957397461 38.815452575683594 4
      vertex 16.059547424316406 38.77103042602539 67
      vertex 16.059547424316406 38.77103042602539 4
    endloop
  endfacet
  facet normal 0.0314546587566966 -0.9995051797977336 0
    outer loop
      vertex 15.375 38.5 4
      vertex 15.437789916992188 38.501976013183594 67
      vertex 15.375 38.5 67
    endloop
  endfacet
  facet normal 0.0314546587566966 -0.9995051797977336 0
    outer loop
      vertex 15.437789916992188 38.501976013183594 67
      vertex 15.375 38.5 4
      vertex 15.437789916992188 38.501976013183594 4
    endloop
  endfacet
  facet normal -1 0 0
    outer loop
      vertex -1 41 0
      vertex -1 35.875 4
      vertex -1 41 67
    endloop
  endfacet
  facet normal -1 0 0
    outer loop
      vertex -1 12 0
      vertex -1 35.875 4
      vertex -1 41 0
    endloop
  endfacet
  facet normal -1 0 0
    outer loop
      vertex -1 35.875 4
      vertex -1 12 0
      vertex -1 15.375 4
    endloop
  endfacet
  facet normal -1 0 0
    outer loop
      vertex -1 12 67
      vertex -1 15.375 4
      vertex -1 12 0
    endloop
  endfacet
  facet normal -1 0 0
    outer loop
      vertex -1 15.375 4
      vertex -1 12 67
      vertex -1 15.375 67
    endloop
  endfacet
  facet normal -1 0 0
    outer loop
      vertex -1 41 67
      vertex -1 35.875 4
      vertex -1 35.875 67
    endloop
  endfacet
  facet normal 0.09405971831914178 -0.9955665569863843 0
    outer loop
      vertex 15.437789916992188 38.501976013183594 4
      vertex 15.500332832336426 38.50788497924805 67
      vertex 15.437789916992188 38.501976013183594 67
    endloop
  endfacet
  facet normal 0.09405971831914178 -0.9955665569863843 0
    outer loop
      vertex 15.500332832336426 38.50788497924805 67
      vertex 15.437789916992188 38.501976013183594 4
      vertex 15.500332832336426 38.50788497924805 4
    endloop
  endfacet
  facet normal 0.8910133141462051 0.45397717345059985 0
    outer loop
      vertex 16.279827117919922 41.425777435302734 67
      vertex 16.251306533813477 41.481754302978516 4
      vertex 16.251306533813477 41.481754302978516 67
    endloop
  endfacet
  facet normal 0.8910133141462051 0.45397717345059985 0
    outer loop
      vertex 16.251306533813477 41.481754302978516 4
      vertex 16.279827117919922 41.425777435302734 67
      vertex 16.279827117919922 41.425777435302734 4
    endloop
  endfacet
  facet normal -0.15648172879457747 0.987680853592627 0
    outer loop
      vertex -0.12533283233642578 41.99211502075195 0
      vertex -0.18738079071044922 41.98228454589844 67
      vertex -0.12533283233642578 41.99211502075195 67
    endloop
  endfacet
  facet normal -0.15648172879457747 0.987680853592627 0
    outer loop
      vertex -0.18738079071044922 41.98228454589844 67
      vertex -0.12533283233642578 41.99211502075195 0
      vertex -0.18738079071044922 41.98228454589844 0
    endloop
  endfacet
  facet normal -0.9177430959848977 0.3971745331363213 0
    outer loop
      vertex -0.9297761917114258 41.368125915527344 0
      vertex -0.9048261642456055 41.425777435302734 67
      vertex -0.9048261642456055 41.425777435302734 0
    endloop
  endfacet
  facet normal -0.9177430959848977 0.3971745331363213 0
    outer loop
      vertex -0.9048261642456055 41.425777435302734 67
      vertex -0.9297761917114258 41.368125915527344 0
      vertex -0.9297761917114258 41.368125915527344 67
    endloop
  endfacet
  facet normal -0.9955621568524021 0.09410627951094909 0
    outer loop
      vertex -0.9980258941650391 41.06278991699219 0
      vertex -0.9921140670776367 41.12533187866211 67
      vertex -0.9921140670776367 41.12533187866211 0
    endloop
  endfacet
  facet normal -0.9955621568524021 0.09410627951094909 0
    outer loop
      vertex -0.9921140670776367 41.12533187866211 67
      vertex -0.9980258941650391 41.06278991699219 0
      vertex -0.9980258941650391 41.06278991699219 67
    endloop
  endfacet
  facet normal -0.9602966502662902 0.2789809016533968 0
    outer loop
      vertex -0.9685831069946289 41.248687744140625 0
      vertex -0.9510564804077148 41.309017181396484 67
      vertex -0.9510564804077148 41.309017181396484 0
    endloop
  endfacet
  facet normal -0.9602966502662902 0.2789809016533968 0
    outer loop
      vertex -0.9510564804077148 41.309017181396484 67
      vertex -0.9685831069946289 41.248687744140625 0
      vertex -0.9685831069946289 41.248687744140625 67
    endloop
  endfacet
  facet normal 0.9408719296106248 0.33876247146161187 0
    outer loop
      vertex 16.32605743408203 41.309017181396484 67
      vertex 16.30477523803711 41.368125915527344 4
      vertex 16.30477523803711 41.368125915527344 67
    endloop
  endfacet
  facet normal 0.9408719296106248 0.33876247146161187 0
    outer loop
      vertex 16.30477523803711 41.368125915527344 4
      vertex 16.32605743408203 41.309017181396484 67
      vertex 16.32605743408203 41.309017181396484 4
    endloop
  endfacet
  facet normal -0.5620633457887453 0.8270941876961544 0
    outer loop
      vertex -0.5358266830444336 41.84432601928711 0
      vertex -0.5877847671508789 41.809017181396484 67
      vertex -0.5358266830444336 41.84432601928711 67
    endloop
  endfacet
  facet normal -0.5620633457887453 0.8270941876961544 0
    outer loop
      vertex -0.5877847671508789 41.809017181396484 67
      vertex -0.5358266830444336 41.84432601928711 0
      vertex -0.5877847671508789 41.809017181396484 0
    endloop
  endfacet
  facet normal 0.9408719296106248 -0.33876247146161187 0
    outer loop
      vertex 16.30477523803711 39.131874084472656 67
      vertex 16.32605743408203 39.190982818603516 4
      vertex 16.32605743408203 39.190982818603516 67
    endloop
  endfacet
  facet normal 0.9408719296106248 -0.33876247146161187 0
    outer loop
      vertex 16.32605743408203 39.190982818603516 4
      vertex 16.30477523803711 39.131874084472656 67
      vertex 16.30477523803711 39.131874084472656 4
    endloop
  endfacet
  facet normal -0.7501151201990178 0.6613072708271193 0
    outer loop
      vertex -0.770512580871582 41.63742446899414 0
      vertex -0.728968620300293 41.684547424316406 67
      vertex -0.728968620300293 41.684547424316406 0
    endloop
  endfacet
  facet normal -0.7501151201990178 0.6613072708271193 0
    outer loop
      vertex -0.728968620300293 41.684547424316406 67
      vertex -0.770512580871582 41.63742446899414 0
      vertex -0.770512580871582 41.63742446899414 67
    endloop
  endfacet
  facet normal 0.9955635790169599 -0.09409123303975477 0
    outer loop
      vertex 16.367115020751953 39.37466812133789 67
      vertex 16.37302589416504 39.43721008300781 4
      vertex 16.37302589416504 39.43721008300781 67
    endloop
  endfacet
  facet normal 0.9955635790169599 -0.09409123303975477 0
    outer loop
      vertex 16.37302589416504 39.43721008300781 4
      vertex 16.367115020751953 39.37466812133789 67
      vertex 16.367115020751953 39.37466812133789 4
    endloop
  endfacet
  facet normal 0.5090381932057086 0.8607439328034021 0
    outer loop
      vertex 15.910826683044434 41.84432601928711 4
      vertex 15.8567533493042 41.876304626464844 67
      vertex 15.910826683044434 41.84432601928711 67
    endloop
  endfacet
  facet normal 0.5090381932057086 0.8607439328034021 0
    outer loop
      vertex 15.8567533493042 41.876304626464844 67
      vertex 15.910826683044434 41.84432601928711 4
      vertex 15.8567533493042 41.876304626464844 4
    endloop
  endfacet
  facet normal 0.4540135574414568 -0.8909947753266306 0
    outer loop
      vertex 15.80077838897705 38.59517288208008 4
      vertex 15.8567533493042 38.623695373535156 67
      vertex 15.80077838897705 38.59517288208008 67
    endloop
  endfacet
  facet normal 0.4540135574414568 -0.8909947753266306 0
    outer loop
      vertex 15.8567533493042 38.623695373535156 67
      vertex 15.80077838897705 38.59517288208008 4
      vertex 15.8567533493042 38.623695373535156 4
    endloop
  endfacet
  facet normal -0.3387673099593812 0.9408701874875643 0
    outer loop
      vertex -0.30901622772216797 41.95105743408203 0
      vertex -0.36812400817871094 41.92977523803711 67
      vertex -0.30901622772216797 41.95105743408203 67
    endloop
  endfacet
  facet normal -0.3387673099593812 0.9408701874875643 0
    outer loop
      vertex -0.36812400817871094 41.92977523803711 67
      vertex -0.30901622772216797 41.95105743408203 0
      vertex -0.36812400817871094 41.92977523803711 0
    endloop
  endfacet
  facet normal -0.9876886343067298 0.15643261060695393 0
    outer loop
      vertex -0.9921140670776367 41.12533187866211 0
      vertex -0.9822864532470703 41.187381744384766 67
      vertex -0.9822864532470703 41.187381744384766 0
    endloop
  endfacet
  facet normal -0.9876886343067298 0.15643261060695393 0
    outer loop
      vertex -0.9822864532470703 41.187381744384766 67
      vertex -0.9921140670776367 41.12533187866211 0
      vertex -0.9921140670776367 41.12533187866211 67
    endloop
  endfacet
  facet normal 0.0314546587566966 0.9995051797977336 0
    outer loop
      vertex 15.437789916992188 41.998023986816406 4
      vertex 15.375 42 67
      vertex 15.437789916992188 41.998023986816406 67
    endloop
  endfacet
  facet normal 0.0314546587566966 0.9995051797977336 0
    outer loop
      vertex 15.375 42 67
      vertex 15.437789916992188 41.998023986816406 4
      vertex 15.375 42 4
    endloop
  endfacet
  facet normal -0.2789651039256946 0.9603012396075132 0
    outer loop
      vertex -0.2486896514892578 41.96858215332031 0
      vertex -0.30901622772216797 41.95105743408203 67
      vertex -0.2486896514892578 41.96858215332031 67
    endloop
  endfacet
  facet normal -0.2789651039256946 0.9603012396075132 0
    outer loop
      vertex -0.30901622772216797 41.95105743408203 67
      vertex -0.2486896514892578 41.96858215332031 0
      vertex -0.30901622772216797 41.95105743408203 0
    endloop
  endfacet
  facet normal -0.8270704802017289 0.5620982305423864 0
    outer loop
      vertex -0.8443269729614258 41.53582763671875 0
      vertex -0.809016227722168 41.58778381347656 67
      vertex -0.809016227722168 41.58778381347656 0
    endloop
  endfacet
  facet normal -0.8270704802017289 0.5620982305423864 0
    outer loop
      vertex -0.809016227722168 41.58778381347656 67
      vertex -0.8443269729614258 41.53582763671875 0
      vertex -0.8443269729614258 41.53582763671875 67
    endloop
  endfacet
  facet normal -0.940881606192559 0.33873559471734044 0
    outer loop
      vertex -0.9510564804077148 41.309017181396484 0
      vertex -0.9297761917114258 41.368125915527344 67
      vertex -0.9297761917114258 41.368125915527344 0
    endloop
  endfacet
  facet normal -0.940881606192559 0.33873559471734044 0
    outer loop
      vertex -0.9297761917114258 41.368125915527344 67
      vertex -0.9510564804077148 41.309017181396484 0
      vertex -0.9510564804077148 41.309017181396484 67
    endloop
  endfacet
  facet normal -0.7901672889100261 0.6128912265129753 0
    outer loop
      vertex -0.809016227722168 41.58778381347656 0
      vertex -0.770512580871582 41.63742446899414 67
      vertex -0.770512580871582 41.63742446899414 0
    endloop
  endfacet
  facet normal -0.7901672889100261 0.6128912265129753 0
    outer loop
      vertex -0.770512580871582 41.63742446899414 67
      vertex -0.809016227722168 41.58778381347656 0
      vertex -0.809016227722168 41.58778381347656 67
    endloop
  endfacet
  facet normal 0.27896510392569457 0.9603012396075132 0
    outer loop
      vertex 15.684016227722168 41.95105743408203 4
      vertex 15.623689651489258 41.96858215332031 67
      vertex 15.684016227722168 41.95105743408203 67
    endloop
  endfacet
  facet normal 0.27896510392569457 0.9603012396075132 0
    outer loop
      vertex 15.623689651489258 41.96858215332031 67
      vertex 15.684016227722168 41.95105743408203 4
      vertex 15.623689651489258 41.96858215332031 4
    endloop
  endfacet
  facet normal 0.8270845954832273 0.562077460777735 0
    outer loop
      vertex 16.21932601928711 41.53582763671875 67
      vertex 16.184017181396484 41.58778381347656 4
      vertex 16.184017181396484 41.58778381347656 67
    endloop
  endfacet
  facet normal 0.8270845954832273 0.562077460777735 0
    outer loop
      vertex 16.184017181396484 41.58778381347656 4
      vertex 16.21932601928711 41.53582763671875 67
      vertex 16.21932601928711 41.53582763671875 4
    endloop
  endfacet
  facet normal 0.15648172879457747 0.987680853592627 0
    outer loop
      vertex 15.56238079071045 41.98228454589844 4
      vertex 15.500332832336426 41.99211502075195 67
      vertex 15.56238079071045 41.98228454589844 67
    endloop
  endfacet
  facet normal 0.15648172879457747 0.987680853592627 0
    outer loop
      vertex 15.500332832336426 41.99211502075195 67
      vertex 15.56238079071045 41.98228454589844 4
      vertex 15.500332832336426 41.99211502075195 4
    endloop
  endfacet
  facet normal 0.3387673099593812 -0.9408701874875643 0
    outer loop
      vertex 15.684016227722168 38.54894256591797 4
      vertex 15.743124008178711 38.57022476196289 67
      vertex 15.684016227722168 38.54894256591797 67
    endloop
  endfacet
  facet normal 0.3387673099593812 -0.9408701874875643 0
    outer loop
      vertex 15.743124008178711 38.57022476196289 67
      vertex 15.684016227722168 38.54894256591797 4
      vertex 15.743124008178711 38.57022476196289 4
    endloop
  endfacet
  facet normal -0.7071067811865476 0.7071067811865476 0
    outer loop
      vertex -0.728968620300293 41.684547424316406 0
      vertex -0.6845464706420898 41.72896957397461 67
      vertex -0.6845464706420898 41.72896957397461 0
    endloop
  endfacet
  facet normal -0.7071067811865476 0.7071067811865476 0
    outer loop
      vertex -0.6845464706420898 41.72896957397461 67
      vertex -0.728968620300293 41.684547424316406 0
      vertex -0.728968620300293 41.684547424316406 67
    endloop
  endfacet
  facet normal 0.21811653671119732 0.9759227307595171 0
    outer loop
      vertex 15.623689651489258 41.96858215332031 4
      vertex 15.56238079071045 41.98228454589844 67
      vertex 15.623689651489258 41.96858215332031 67
    endloop
  endfacet
  facet normal 0.21811653671119732 0.9759227307595171 0
    outer loop
      vertex 15.56238079071045 41.98228454589844 67
      vertex 15.623689651489258 41.96858215332031 4
      vertex 15.56238079071045 41.98228454589844 4
    endloop
  endfacet
  facet normal 0.8270845954832273 -0.562077460777735 0
    outer loop
      vertex 16.184017181396484 38.91221618652344 67
      vertex 16.21932601928711 38.96417236328125 4
      vertex 16.21932601928711 38.96417236328125 67
    endloop
  endfacet
  facet normal 0.8270845954832273 -0.562077460777735 0
    outer loop
      vertex 16.21932601928711 38.96417236328125 4
      vertex 16.184017181396484 38.91221618652344 67
      vertex 16.184017181396484 38.91221618652344 4
    endloop
  endfacet
  facet normal 0.9876862887487614 0.15644741933857026 0
    outer loop
      vertex 16.367115020751953 41.12533187866211 67
      vertex 16.35728645324707 41.187381744384766 4
      vertex 16.35728645324707 41.187381744384766 67
    endloop
  endfacet
  facet normal 0.9876862887487614 0.15644741933857026 0
    outer loop
      vertex 16.35728645324707 41.187381744384766 4
      vertex 16.367115020751953 41.12533187866211 67
      vertex 16.367115020751953 41.12533187866211 4
    endloop
  endfacet
  facet normal 0.661290186636757 -0.7501301814071496 0
    outer loop
      vertex 16.01242446899414 38.729488372802734 4
      vertex 16.059547424316406 38.77103042602539 67
      vertex 16.01242446899414 38.729488372802734 67
    endloop
  endfacet
  facet normal 0.661290186636757 -0.7501301814071496 0
    outer loop
      vertex 16.059547424316406 38.77103042602539 67
      vertex 16.01242446899414 38.729488372802734 4
      vertex 16.059547424316406 38.77103042602539 4
    endloop
  endfacet
  facet normal -0.8607372813478726 0.5090494401311854 0
    outer loop
      vertex -0.8763065338134766 41.481754302978516 0
      vertex -0.8443269729614258 41.53582763671875 67
      vertex -0.8443269729614258 41.53582763671875 0
    endloop
  endfacet
  facet normal -0.8607372813478726 0.5090494401311854 0
    outer loop
      vertex -0.8443269729614258 41.53582763671875 67
      vertex -0.8763065338134766 41.481754302978516 0
      vertex -0.8763065338134766 41.481754302978516 67
    endloop
  endfacet
  facet normal 0.3971323599118849 -0.9177613462719036 0
    outer loop
      vertex 15.743124008178711 38.57022476196289 4
      vertex 15.80077838897705 38.59517288208008 67
      vertex 15.743124008178711 38.57022476196289 67
    endloop
  endfacet
  facet normal 0.3971323599118849 -0.9177613462719036 0
    outer loop
      vertex 15.80077838897705 38.59517288208008 67
      vertex 15.743124008178711 38.57022476196289 4
      vertex 15.80077838897705 38.59517288208008 4
    endloop
  endfacet
  facet normal 0.5620633457887453 -0.8270941876961544 0
    outer loop
      vertex 15.910826683044434 38.65567398071289 4
      vertex 15.962784767150879 38.690982818603516 67
      vertex 15.910826683044434 38.65567398071289 67
    endloop
  endfacet
  facet normal 0.5620633457887453 -0.8270941876961544 0
    outer loop
      vertex 15.962784767150879 38.690982818603516 67
      vertex 15.910826683044434 38.65567398071289 4
      vertex 15.962784767150879 38.690982818603516 4
    endloop
  endfacet
  facet normal 0.9995061338808693 0.03142432711320473 0
    outer loop
      vertex 16.375 41 67
      vertex 16.37302589416504 41.06278991699219 4
      vertex 16.37302589416504 41.06278991699219 67
    endloop
  endfacet
  facet normal 0.9995061338808693 0.03142432711320473 0
    outer loop
      vertex 16.37302589416504 41.06278991699219 4
      vertex 16.375 41 67
      vertex 16.375 41 4
    endloop
  endfacet
  facet normal 0.9603047835888266 0.27895290393974514 0
    outer loop
      vertex 16.343582153320312 41.248687744140625 67
      vertex 16.32605743408203 41.309017181396484 4
      vertex 16.32605743408203 41.309017181396484 67
    endloop
  endfacet
  facet normal 0.9603047835888266 0.27895290393974514 0
    outer loop
      vertex 16.32605743408203 41.309017181396484 4
      vertex 16.343582153320312 41.248687744140625 67
      vertex 16.343582153320312 41.248687744140625 4
    endloop
  endfacet
  facet normal 0.8910133141462051 -0.45397717345059985 0
    outer loop
      vertex 16.251306533813477 39.018245697021484 67
      vertex 16.279827117919922 39.074222564697266 4
      vertex 16.279827117919922 39.074222564697266 67
    endloop
  endfacet
  facet normal 0.8910133141462051 -0.45397717345059985 0
    outer loop
      vertex 16.279827117919922 39.074222564697266 4
      vertex 16.251306533813477 39.018245697021484 67
      vertex 16.251306533813477 39.018245697021484 4
    endloop
  endfacet
  facet normal 0.8607306298481877 0.5090606867959282 0
    outer loop
      vertex 16.251306533813477 41.481754302978516 67
      vertex 16.21932601928711 41.53582763671875 4
      vertex 16.21932601928711 41.53582763671875 67
    endloop
  endfacet
  facet normal 0.8607306298481877 0.5090606867959282 0
    outer loop
      vertex 16.21932601928711 41.53582763671875 4
      vertex 16.251306533813477 41.481754302978516 67
      vertex 16.251306533813477 41.481754302978516 4
    endloop
  endfacet
  facet normal 0.7071067811865475 0.7071067811865475 0
    outer loop
      vertex 16.10396957397461 41.684547424316406 67
      vertex 16.059547424316406 41.72896957397461 4
      vertex 16.059547424316406 41.72896957397461 67
    endloop
  endfacet
  facet normal 0.7071067811865475 0.7071067811865475 0
    outer loop
      vertex 16.059547424316406 41.72896957397461 4
      vertex 16.10396957397461 41.684547424316406 67
      vertex 16.10396957397461 41.684547424316406 4
    endloop
  endfacet
  facet normal -0.39713235991188495 0.9177613462719038 0
    outer loop
      vertex -0.36812400817871094 41.92977523803711 0
      vertex -0.4257783889770508 41.90482711791992 67
      vertex -0.36812400817871094 41.92977523803711 67
    endloop
  endfacet
  facet normal -0.39713235991188495 0.9177613462719038 0
    outer loop
      vertex -0.4257783889770508 41.90482711791992 67
      vertex -0.36812400817871094 41.92977523803711 0
      vertex -0.4257783889770508 41.90482711791992 0
    endloop
  endfacet
  facet normal -0.4540135574414568 0.8909947753266305 0
    outer loop
      vertex -0.4257783889770508 41.90482711791992 0
      vertex -0.4817533493041992 41.876304626464844 67
      vertex -0.4257783889770508 41.90482711791992 67
    endloop
  endfacet
  facet normal -0.4540135574414568 0.8909947753266305 0
    outer loop
      vertex -0.4817533493041992 41.876304626464844 67
      vertex -0.4257783889770508 41.90482711791992 0
      vertex -0.4817533493041992 41.876304626464844 0
    endloop
  endfacet
  facet normal 0.8607306298481877 -0.5090606867959282 0
    outer loop
      vertex 16.21932601928711 38.96417236328125 67
      vertex 16.251306533813477 39.018245697021484 4
      vertex 16.251306533813477 39.018245697021484 67
    endloop
  endfacet
  facet normal 0.8607306298481877 -0.5090606867959282 0
    outer loop
      vertex 16.251306533813477 39.018245697021484 4
      vertex 16.21932601928711 38.96417236328125 67
      vertex 16.21932601928711 38.96417236328125 4
    endloop
  endfacet
  facet normal 0.9876862887487614 -0.15644741933857026 0
    outer loop
      vertex 16.35728645324707 39.312618255615234 67
      vertex 16.367115020751953 39.37466812133789 4
      vertex 16.367115020751953 39.37466812133789 67
    endloop
  endfacet
  facet normal 0.9876862887487614 -0.15644741933857026 0
    outer loop
      vertex 16.367115020751953 39.37466812133789 4
      vertex 16.35728645324707 39.312618255615234 67
      vertex 16.35728645324707 39.312618255615234 4
    endloop
  endfacet
  facet normal 0.5620633457887453 0.8270941876961544 0
    outer loop
      vertex 15.962784767150879 41.809017181396484 4
      vertex 15.910826683044434 41.84432601928711 67
      vertex 15.962784767150879 41.809017181396484 67
    endloop
  endfacet
  facet normal 0.5620633457887453 0.8270941876961544 0
    outer loop
      vertex 15.910826683044434 41.84432601928711 67
      vertex 15.962784767150879 41.809017181396484 4
      vertex 15.910826683044434 41.84432601928711 4
    endloop
  endfacet
  facet normal 0.9177541630948076 0.3971489596135805 0
    outer loop
      vertex 16.30477523803711 41.368125915527344 67
      vertex 16.279827117919922 41.425777435302734 4
      vertex 16.279827117919922 41.425777435302734 67
    endloop
  endfacet
  facet normal 0.9177541630948076 0.3971489596135805 0
    outer loop
      vertex 16.279827117919922 41.425777435302734 4
      vertex 16.30477523803711 41.368125915527344 67
      vertex 16.30477523803711 41.368125915527344 4
    endloop
  endfacet
  facet normal 0.4540135574414568 0.8909947753266306 0
    outer loop
      vertex 15.8567533493042 41.876304626464844 4
      vertex 15.80077838897705 41.90482711791992 67
      vertex 15.8567533493042 41.876304626464844 67
    endloop
  endfacet
  facet normal 0.4540135574414568 0.8909947753266306 0
    outer loop
      vertex 15.80077838897705 41.90482711791992 67
      vertex 15.8567533493042 41.876304626464844 4
      vertex 15.80077838897705 41.90482711791992 4
    endloop
  endfacet
  facet normal 0.7501301814071496 0.661290186636757 0
    outer loop
      vertex 16.145511627197266 41.63742446899414 67
      vertex 16.10396957397461 41.684547424316406 4
      vertex 16.10396957397461 41.684547424316406 67
    endloop
  endfacet
  facet normal 0.7501301814071496 0.661290186636757 0
    outer loop
      vertex 16.10396957397461 41.684547424316406 4
      vertex 16.145511627197266 41.63742446899414 67
      vertex 16.145511627197266 41.63742446899414 4
    endloop
  endfacet
  facet normal 0.3387673099593812 0.9408701874875643 0
    outer loop
      vertex 15.743124008178711 41.92977523803711 4
      vertex 15.684016227722168 41.95105743408203 67
      vertex 15.743124008178711 41.92977523803711 67
    endloop
  endfacet
  facet normal 0.3387673099593812 0.9408701874875643 0
    outer loop
      vertex 15.684016227722168 41.95105743408203 67
      vertex 15.743124008178711 41.92977523803711 4
      vertex 15.684016227722168 41.95105743408203 4
    endloop
  endfacet
  facet normal 0.6129175337683005 -0.790146883053641 0
    outer loop
      vertex 15.962784767150879 38.690982818603516 4
      vertex 16.01242446899414 38.729488372802734 67
      vertex 15.962784767150879 38.690982818603516 67
    endloop
  endfacet
  facet normal 0.6129175337683005 -0.790146883053641 0
    outer loop
      vertex 16.01242446899414 38.729488372802734 67
      vertex 15.962784767150879 38.690982818603516 4
      vertex 16.01242446899414 38.729488372802734 4
    endloop
  endfacet
  facet normal 0.9759141001264615 0.21815514931891686 0
    outer loop
      vertex 16.35728645324707 41.187381744384766 67
      vertex 16.343582153320312 41.248687744140625 4
      vertex 16.343582153320312 41.248687744140625 67
    endloop
  endfacet
  facet normal 0.9759141001264615 0.21815514931891686 0
    outer loop
      vertex 16.343582153320312 41.248687744140625 4
      vertex 16.35728645324707 41.187381744384766 67
      vertex 16.35728645324707 41.187381744384766 4
    endloop
  endfacet
  facet normal 0 0 1
    outer loop
      vertex 15.375 42 67
      vertex 16.375 41 67
      vertex 16.37302589416504 41.06278991699219 67
    endloop
  endfacet
  facet normal 0 0 1
    outer loop
      vertex 16.375 41 67
      vertex 15.375 42 67
      vertex 16.375 39.5 67
    endloop
  endfacet
  facet normal 0 0 1
    outer loop
      vertex 15.375 42 67
      vertex 16.37302589416504 41.06278991699219 67
      vertex 16.367115020751953 41.12533187866211 67
    endloop
  endfacet
  facet normal 0 0 1
    outer loop
      vertex 15.375 38.5 67
      vertex 16.375 39.5 67
      vertex 15.375 42 67
    endloop
  endfacet
  facet normal 0 0 1
    outer loop
      vertex 15.375 42 67
      vertex 16.367115020751953 41.12533187866211 67
      vertex 16.35728645324707 41.187381744384766 67
    endloop
  endfacet
  facet normal 0 0 1
    outer loop
      vertex 16.375 39.5 67
      vertex 15.375 38.5 67
      vertex 16.37302589416504 39.43721008300781 67
    endloop
  endfacet
  facet normal 0 0 1
    outer loop
      vertex 15.375 42 67
      vertex 16.35728645324707 41.187381744384766 67
      vertex 16.343582153320312 41.248687744140625 67
    endloop
  endfacet
  facet normal 0 0 1
    outer loop
      vertex 16.37302589416504 39.43721008300781 67
      vertex 15.375 38.5 67
      vertex 16.367115020751953 39.37466812133789 67
    endloop
  endfacet
  facet normal 0 0 1
    outer loop
      vertex 15.375 42 67
      vertex 16.343582153320312 41.248687744140625 67
      vertex 16.32605743408203 41.309017181396484 67
    endloop
  endfacet
  facet normal 0 0 1
    outer loop
      vertex 16.367115020751953 39.37466812133789 67
      vertex 15.375 38.5 67
      vertex 16.35728645324707 39.312618255615234 67
    endloop
  endfacet
  facet normal 0 0 1
    outer loop
      vertex 15.375 42 67
      vertex 16.32605743408203 41.309017181396484 67
      vertex 16.30477523803711 41.368125915527344 67
    endloop
  endfacet
  facet normal 0 0 1
    outer loop
      vertex 16.35728645324707 39.312618255615234 67
      vertex 15.375 38.5 67
      vertex 16.343582153320312 39.251312255859375 67
    endloop
  endfacet
  facet normal 0 0 1
    outer loop
      vertex 15.375 42 67
      vertex 16.30477523803711 41.368125915527344 67
      vertex 16.279827117919922 41.425777435302734 67
    endloop
  endfacet
  facet normal 0 0 1
    outer loop
      vertex 16.343582153320312 39.251312255859375 67
      vertex 15.375 38.5 67
      vertex 16.32605743408203 39.190982818603516 67
    endloop
  endfacet
  facet normal 0 0 1
    outer loop
      vertex 15.375 42 67
      vertex 16.279827117919922 41.425777435302734 67
      vertex 16.251306533813477 41.481754302978516 67
    endloop
  endfacet
  facet normal 0 0 1
    outer loop
      vertex 16.32605743408203 39.190982818603516 67
      vertex 15.375 38.5 67
      vertex 16.30477523803711 39.131874084472656 67
    endloop
  endfacet
  facet normal 0 0 1
    outer loop
      vertex 15.375 42 67
      vertex 16.251306533813477 41.481754302978516 67
      vertex 16.21932601928711 41.53582763671875 67
    endloop
  endfacet
  facet normal 0 0 1
    outer loop
      vertex 16.30477523803711 39.131874084472656 67
      vertex 15.375 38.5 67
      vertex 16.279827117919922 39.074222564697266 67
    endloop
  endfacet
  facet normal 0 0 1
    outer loop
      vertex 15.375 42 67
      vertex 16.21932601928711 41.53582763671875 67
      vertex 16.184017181396484 41.58778381347656 67
    endloop
  endfacet
  facet normal 0 0 1
    outer loop
      vertex 16.279827117919922 39.074222564697266 67
      vertex 15.375 38.5 67
      vertex 16.251306533813477 39.018245697021484 67
    endloop
  endfacet
  facet normal 0 0 1
    outer loop
      vertex 15.375 42 67
      vertex 16.184017181396484 41.58778381347656 67
      vertex 16.145511627197266 41.63742446899414 67
    endloop
  endfacet
  facet normal 0 0 1
    outer loop
      vertex 16.251306533813477 39.018245697021484 67
      vertex 15.375 38.5 67
      vertex 16.21932601928711 38.96417236328125 67
    endloop
  endfacet
  facet normal 0 0 1
    outer loop
      vertex 15.375 42 67
      vertex 16.145511627197266 41.63742446899414 67
      vertex 16.10396957397461 41.684547424316406 67
    endloop
  endfacet
  facet normal 0 0 1
    outer loop
      vertex 16.21932601928711 38.96417236328125 67
      vertex 15.375 38.5 67
      vertex 16.184017181396484 38.91221618652344 67
    endloop
  endfacet
  facet normal 0 0 1
    outer loop
      vertex 15.375 42 67
      vertex 16.10396957397461 41.684547424316406 67
      vertex 16.059547424316406 41.72896957397461 67
    endloop
  endfacet
  facet normal 0 0 1
    outer loop
      vertex 16.184017181396484 38.91221618652344 67
      vertex 15.375 38.5 67
      vertex 16.145511627197266 38.86257553100586 67
    endloop
  endfacet
  facet normal 0 0 1
    outer loop
      vertex 15.375 42 67
      vertex 16.059547424316406 41.72896957397461 67
      vertex 16.01242446899414 41.770511627197266 67
    endloop
  endfacet
  facet normal 0 0 1
    outer loop
      vertex 16.145511627197266 38.86257553100586 67
      vertex 15.375 38.5 67
      vertex 16.10396957397461 38.815452575683594 67
    endloop
  endfacet
  facet normal 0 0 1
    outer loop
      vertex 15.375 42 67
      vertex 16.01242446899414 41.770511627197266 67
      vertex 15.962784767150879 41.809017181396484 67
    endloop
  endfacet
  facet normal 0 0 1
    outer loop
      vertex 16.10396957397461 38.815452575683594 67
      vertex 15.375 38.5 67
      vertex 16.059547424316406 38.77103042602539 67
    endloop
  endfacet
  facet normal 0 0 1
    outer loop
      vertex 15.375 42 67
      vertex 15.962784767150879 41.809017181396484 67
      vertex 15.910826683044434 41.84432601928711 67
    endloop
  endfacet
  facet normal 0 0 1
    outer loop
      vertex 16.059547424316406 38.77103042602539 67
      vertex 15.375 38.5 67
      vertex 16.01242446899414 38.729488372802734 67
    endloop
  endfacet
  facet normal 0 0 1
    outer loop
      vertex 15.375 42 67
      vertex 15.910826683044434 41.84432601928711 67
      vertex 15.8567533493042 41.876304626464844 67
    endloop
  endfacet
  facet normal 0 0 1
    outer loop
      vertex 16.01242446899414 38.729488372802734 67
      vertex 15.375 38.5 67
      vertex 15.962784767150879 38.690982818603516 67
    endloop
  endfacet
  facet normal 0 0 1
    outer loop
      vertex 15.375 42 67
      vertex 15.8567533493042 41.876304626464844 67
      vertex 15.80077838897705 41.90482711791992 67
    endloop
  endfacet
  facet normal 0 0 1
    outer loop
      vertex 15.962784767150879 38.690982818603516 67
      vertex 15.375 38.5 67
      vertex 15.910826683044434 38.65567398071289 67
    endloop
  endfacet
  facet normal 0 0 1
    outer loop
      vertex 15.375 42 67
      vertex 15.80077838897705 41.90482711791992 67
      vertex 15.743124008178711 41.92977523803711 67
    endloop
  endfacet
  facet normal 0 0 1
    outer loop
      vertex 15.910826683044434 38.65567398071289 67
      vertex 15.375 38.5 67
      vertex 15.8567533493042 38.623695373535156 67
    endloop
  endfacet
  facet normal 0 0 1
    outer loop
      vertex 15.375 42 67
      vertex 15.743124008178711 41.92977523803711 67
      vertex 15.684016227722168 41.95105743408203 67
    endloop
  endfacet
  facet normal 0 0 1
    outer loop
      vertex 15.8567533493042 38.623695373535156 67
      vertex 15.375 38.5 67
      vertex 15.80077838897705 38.59517288208008 67
    endloop
  endfacet
  facet normal 0 0 1
    outer loop
      vertex 15.375 42 67
      vertex 15.684016227722168 41.95105743408203 67
      vertex 15.623689651489258 41.96858215332031 67
    endloop
  endfacet
  facet normal 0 0 1
    outer loop
      vertex 15.80077838897705 38.59517288208008 67
      vertex 15.375 38.5 67
      vertex 15.743124008178711 38.57022476196289 67
    endloop
  endfacet
  facet normal 0 0 1
    outer loop
      vertex 15.375 42 67
      vertex 15.623689651489258 41.96858215332031 67
      vertex 15.56238079071045 41.98228454589844 67
    endloop
  endfacet
  facet normal 0 0 1
    outer loop
      vertex 15.743124008178711 38.57022476196289 67
      vertex 15.375 38.5 67
      vertex 15.684016227722168 38.54894256591797 67
    endloop
  endfacet
  facet normal 0 0 1
    outer loop
      vertex 15.375 42 67
      vertex 15.56238079071045 41.98228454589844 67
      vertex 15.500332832336426 41.99211502075195 67
    endloop
  endfacet
  facet normal 0 0 1
    outer loop
      vertex 15.684016227722168 38.54894256591797 67
      vertex 15.375 38.5 67
      vertex 15.623689651489258 38.53141784667969 67
    endloop
  endfacet
  facet normal 0 0 1
    outer loop
      vertex 15.375 42 67
      vertex 15.500332832336426 41.99211502075195 67
      vertex 15.437789916992188 41.998023986816406 67
    endloop
  endfacet
  facet normal 0 0 1
    outer loop
      vertex 15.623689651489258 38.53141784667969 67
      vertex 15.375 38.5 67
      vertex 15.56238079071045 38.51771545410156 67
    endloop
  endfacet
  facet normal 0 0 1
    outer loop
      vertex 15.56238079071045 38.51771545410156 67
      vertex 15.375 38.5 67
      vertex 15.500332832336426 38.50788497924805 67
    endloop
  endfacet
  facet normal 0 0 1
    outer loop
      vertex 15.500332832336426 38.50788497924805 67
      vertex 15.375 38.5 67
      vertex 15.437789916992188 38.501976013183594 67
    endloop
  endfacet
  facet normal 0 0 1
    outer loop
      vertex 15.375 42 67
      vertex 2.5 38.5 67
      vertex 15.375 38.5 67
    endloop
  endfacet
  facet normal 0 0 1
    outer loop
      vertex -1 35.875 67
      vertex 2.5 35.875 67
      vertex 2.5 38.5 67
    endloop
  endfacet
  facet normal 0 0 1
    outer loop
      vertex 1.5 34.875 67
      vertex 2.5 35.875 67
      vertex -1 35.875 67
    endloop
  endfacet
  facet normal 0 0 1
    outer loop
      vertex 2.5 35.875 67
      vertex 1.5 34.875 67
      vertex 2.498025894165039 35.81221008300781 67
    endloop
  endfacet
  facet normal 0 0 1
    outer loop
      vertex 2.498025894165039 35.81221008300781 67
      vertex 1.5 34.875 67
      vertex 2.4921140670776367 35.74966812133789 67
    endloop
  endfacet
  facet normal 0 0 1
    outer loop
      vertex 2.4921140670776367 35.74966812133789 67
      vertex 1.5 34.875 67
      vertex 2.4822864532470703 35.687618255615234 67
    endloop
  endfacet
  facet normal 0 0 1
    outer loop
      vertex 2.4822864532470703 35.687618255615234 67
      vertex 1.5 34.875 67
      vertex 2.468583106994629 35.626312255859375 67
    endloop
  endfacet
  facet normal 0 0 1
    outer loop
      vertex 2.468583106994629 35.626312255859375 67
      vertex 1.5 34.875 67
      vertex 2.451056480407715 35.565982818603516 67
    endloop
  endfacet
  facet normal 0 0 1
    outer loop
      vertex 2.451056480407715 35.565982818603516 67
      vertex 1.5 34.875 67
      vertex 2.429776191711426 35.506874084472656 67
    endloop
  endfacet
  facet normal 0 0 1
    outer loop
      vertex 2.429776191711426 35.506874084472656 67
      vertex 1.5 34.875 67
      vertex 2.4048261642456055 35.449222564697266 67
    endloop
  endfacet
  facet normal 0 0 1
    outer loop
      vertex 2.3763065338134766 35.393245697021484 67
      vertex 1.5 34.875 67
      vertex 2.344326972961426 35.33917236328125 67
    endloop
  endfacet
  facet normal 0 0 1
    outer loop
      vertex 2.344326972961426 35.33917236328125 67
      vertex 1.5 34.875 67
      vertex 2.309016227722168 35.28721618652344 67
    endloop
  endfacet
  facet normal 0 0 1
    outer loop
      vertex 2.309016227722168 35.28721618652344 67
      vertex 1.5 34.875 67
      vertex 2.270512580871582 35.23757553100586 67
    endloop
  endfacet
  facet normal 0 0 1
    outer loop
      vertex 2.270512580871582 35.23757553100586 67
      vertex 1.5 34.875 67
      vertex 2.228968620300293 35.190452575683594 67
    endloop
  endfacet
  facet normal 0 0 1
    outer loop
      vertex 2.228968620300293 35.190452575683594 67
      vertex 1.5 34.875 67
      vertex 2.18454647064209 35.14603042602539 67
    endloop
  endfacet
  facet normal 0 0 1
    outer loop
      vertex 2.18454647064209 35.14603042602539 67
      vertex 1.5 34.875 67
      vertex 2.137423515319824 35.104488372802734 67
    endloop
  endfacet
  facet normal 0 0 1
    outer loop
      vertex 2.137423515319824 35.104488372802734 67
      vertex 1.5 34.875 67
      vertex 2.087784767150879 35.065982818603516 67
    endloop
  endfacet
  facet normal 0 0 1
    outer loop
      vertex 2.087784767150879 35.065982818603516 67
      vertex 1.5 34.875 67
      vertex 2.0358266830444336 35.03067398071289 67
    endloop
  endfacet
  facet normal 0 0 1
    outer loop
      vertex 2.0358266830444336 35.03067398071289 67
      vertex 1.5 34.875 67
      vertex 1.9817533493041992 34.998695373535156 67
    endloop
  endfacet
  facet normal 0 0 1
    outer loop
      vertex 1.9817533493041992 34.998695373535156 67
      vertex 1.5 34.875 67
      vertex 1.9257783889770508 34.97017288208008 67
    endloop
  endfacet
  facet normal 0 0 1
    outer loop
      vertex 1.9257783889770508 34.97017288208008 67
      vertex 1.5 34.875 67
      vertex 1.868124008178711 34.94522476196289 67
    endloop
  endfacet
  facet normal 0 0 1
    outer loop
      vertex 1.868124008178711 34.94522476196289 67
      vertex 1.5 34.875 67
      vertex 1.809016227722168 34.92394256591797 67
    endloop
  endfacet
  facet normal 0 0 1
    outer loop
      vertex 1.809016227722168 34.92394256591797 67
      vertex 1.5 34.875 67
      vertex 1.7486896514892578 34.90641784667969 67
    endloop
  endfacet
  facet normal 0 0 1
    outer loop
      vertex 1.7486896514892578 34.90641784667969 67
      vertex 1.5 34.875 67
      vertex 1.6873807907104492 34.89271545410156 67
    endloop
  endfacet
  facet normal 0 0 1
    outer loop
      vertex 1.6873807907104492 34.89271545410156 67
      vertex 1.5 34.875 67
      vertex 1.6253328323364258 34.88288497924805 67
    endloop
  endfacet
  facet normal 0 0 1
    outer loop
      vertex 1.6253328323364258 34.88288497924805 67
      vertex 1.5 34.875 67
      vertex 1.5627899169921875 34.876976013183594 67
    endloop
  endfacet
  facet normal 0 0 1
    outer loop
      vertex 0 42 67
      vertex 2.5 38.5 67
      vertex 15.375 42 67
    endloop
  endfacet
  facet normal 0 0 1
    outer loop
      vertex -1 41 67
      vertex 2.5 38.5 67
      vertex 0 42 67
    endloop
  endfacet
  facet normal 0 0 1
    outer loop
      vertex -1 35.875 67
      vertex 2.5 38.5 67
      vertex -1 41 67
    endloop
  endfacet
  facet normal 0 0 1
    outer loop
      vertex -1 41 67
      vertex 0 42 67
      vertex -0.0627899169921875 41.998023986816406 67
    endloop
  endfacet
  facet normal 0 0 1
    outer loop
      vertex 2.4048261642456055 35.449222564697266 67
      vertex 1.5 34.875 67
      vertex 2.3763065338134766 35.393245697021484 67
    endloop
  endfacet
  facet normal 0 0 1
    outer loop
      vertex -1 41 67
      vertex -0.0627899169921875 41.998023986816406 67
      vertex -0.12533283233642578 41.99211502075195 67
    endloop
  endfacet
  facet normal 0 0 1
    outer loop
      vertex 1.5 34.875 67
      vertex -1 35.875 67
      vertex 0 34.875 67
    endloop
  endfacet
  facet normal 0 0 1
    outer loop
      vertex -1 41 67
      vertex -0.12533283233642578 41.99211502075195 67
      vertex -0.18738079071044922 41.98228454589844 67
    endloop
  endfacet
  facet normal 0 0 1
    outer loop
      vertex 0 34.875 67
      vertex -1 35.875 67
      vertex -0.0627899169921875 34.876976013183594 67
    endloop
  endfacet
  facet normal 0 0 1
    outer loop
      vertex -1 41 67
      vertex -0.18738079071044922 41.98228454589844 67
      vertex -0.2486896514892578 41.96858215332031 67
    endloop
  endfacet
  facet normal 0 0 1
    outer loop
      vertex -0.0627899169921875 34.876976013183594 67
      vertex -1 35.875 67
      vertex -0.12533283233642578 34.88288497924805 67
    endloop
  endfacet
  facet normal 0 0 1
    outer loop
      vertex -1 41 67
      vertex -0.2486896514892578 41.96858215332031 67
      vertex -0.30901622772216797 41.95105743408203 67
    endloop
  endfacet
  facet normal 0 0 1
    outer loop
      vertex -0.12533283233642578 34.88288497924805 67
      vertex -1 35.875 67
      vertex -0.18738079071044922 34.89271545410156 67
    endloop
  endfacet
  facet normal 0 0 1
    outer loop
      vertex -1 41 67
      vertex -0.30901622772216797 41.95105743408203 67
      vertex -0.36812400817871094 41.92977523803711 67
    endloop
  endfacet
  facet normal 0 0 1
    outer loop
      vertex -0.18738079071044922 34.89271545410156 67
      vertex -1 35.875 67
      vertex -0.2486896514892578 34.90641784667969 67
    endloop
  endfacet
  facet normal 0 0 1
    outer loop
      vertex -1 41 67
      vertex -0.36812400817871094 41.92977523803711 67
      vertex -0.4257783889770508 41.90482711791992 67
    endloop
  endfacet
  facet normal 0 0 1
    outer loop
      vertex -0.2486896514892578 34.90641784667969 67
      vertex -1 35.875 67
      vertex -0.30901622772216797 34.92394256591797 67
    endloop
  endfacet
  facet normal 0 0 1
    outer loop
      vertex -1 41 67
      vertex -0.4257783889770508 41.90482711791992 67
      vertex -0.4817533493041992 41.876304626464844 67
    endloop
  endfacet
  facet normal 0 0 1
    outer loop
      vertex -0.30901622772216797 34.92394256591797 67
      vertex -1 35.875 67
      vertex -0.36812400817871094 34.94522476196289 67
    endloop
  endfacet
  facet normal 0 0 1
    outer loop
      vertex -1 41 67
      vertex -0.4817533493041992 41.876304626464844 67
      vertex -0.5358266830444336 41.84432601928711 67
    endloop
  endfacet
  facet normal 0 0 1
    outer loop
      vertex -0.36812400817871094 34.94522476196289 67
      vertex -1 35.875 67
      vertex -0.4257783889770508 34.97017288208008 67
    endloop
  endfacet
  facet normal 0 0 1
    outer loop
      vertex -1 41 67
      vertex -0.5358266830444336 41.84432601928711 67
      vertex -0.5877847671508789 41.809017181396484 67
    endloop
  endfacet
  facet normal 0 0 1
    outer loop
      vertex -0.4257783889770508 34.97017288208008 67
      vertex -1 35.875 67
      vertex -0.4817533493041992 34.998695373535156 67
    endloop
  endfacet
  facet normal 0 0 1
    outer loop
      vertex -1 41 67
      vertex -0.5877847671508789 41.809017181396484 67
      vertex -0.6374235153198242 41.770511627197266 67
    endloop
  endfacet
  facet normal 0 0 1
    outer loop
      vertex -0.4817533493041992 34.998695373535156 67
      vertex -1 35.875 67
      vertex -0.5358266830444336 35.03067398071289 67
    endloop
  endfacet
  facet normal 0 0 1
    outer loop
      vertex -1 41 67
      vertex -0.6374235153198242 41.770511627197266 67
      vertex -0.6845464706420898 41.72896957397461 67
    endloop
  endfacet
  facet normal 0 0 1
    outer loop
      vertex -0.5358266830444336 35.03067398071289 67
      vertex -1 35.875 67
      vertex -0.5877847671508789 35.065982818603516 67
    endloop
  endfacet
  facet normal 0 0 1
    outer loop
      vertex -1 41 67
      vertex -0.6845464706420898 41.72896957397461 67
      vertex -0.728968620300293 41.684547424316406 67
    endloop
  endfacet
  facet normal 0 0 1
    outer loop
      vertex -0.5877847671508789 35.065982818603516 67
      vertex -1 35.875 67
      vertex -0.6374235153198242 35.104488372802734 67
    endloop
  endfacet
  facet normal 0 0 1
    outer loop
      vertex -1 41 67
      vertex -0.728968620300293 41.684547424316406 67
      vertex -0.770512580871582 41.63742446899414 67
    endloop
  endfacet
  facet normal 0 0 1
    outer loop
      vertex -0.6374235153198242 35.104488372802734 67
      vertex -1 35.875 67
      vertex -0.6845464706420898 35.14603042602539 67
    endloop
  endfacet
  facet normal 0 0 1
    outer loop
      vertex -1 41 67
      vertex -0.770512580871582 41.63742446899414 67
      vertex -0.809016227722168 41.58778381347656 67
    endloop
  endfacet
  facet normal 0 0 1
    outer loop
      vertex -0.6845464706420898 35.14603042602539 67
      vertex -1 35.875 67
      vertex -0.728968620300293 35.190452575683594 67
    endloop
  endfacet
  facet normal 0 0 1
    outer loop
      vertex -1 41 67
      vertex -0.809016227722168 41.58778381347656 67
      vertex -0.8443269729614258 41.53582763671875 67
    endloop
  endfacet
  facet normal 0 0 1
    outer loop
      vertex -0.728968620300293 35.190452575683594 67
      vertex -1 35.875 67
      vertex -0.770512580871582 35.23757553100586 67
    endloop
  endfacet
  facet normal 0 0 1
    outer loop
      vertex -1 41 67
      vertex -0.8443269729614258 41.53582763671875 67
      vertex -0.8763065338134766 41.481754302978516 67
    endloop
  endfacet
  facet normal 0 0 1
    outer loop
      vertex -0.770512580871582 35.23757553100586 67
      vertex -1 35.875 67
      vertex -0.809016227722168 35.28721618652344 67
    endloop
  endfacet
  facet normal 0 0 1
    outer loop
      vertex -1 41 67
      vertex -0.8763065338134766 41.481754302978516 67
      vertex -0.9048261642456055 41.425777435302734 67
    endloop
  endfacet
  facet normal 0 0 1
    outer loop
      vertex -0.809016227722168 35.28721618652344 67
      vertex -1 35.875 67
      vertex -0.8443269729614258 35.33917236328125 67
    endloop
  endfacet
  facet normal 0 0 1
    outer loop
      vertex -1 41 67
      vertex -0.9048261642456055 41.425777435302734 67
      vertex -0.9297761917114258 41.368125915527344 67
    endloop
  endfacet
  facet normal 0 0 1
    outer loop
      vertex -0.8443269729614258 35.33917236328125 67
      vertex -1 35.875 67
      vertex -0.8763065338134766 35.393245697021484 67
    endloop
  endfacet
  facet normal 0 0 1
    outer loop
      vertex -1 41 67
      vertex -0.9297761917114258 41.368125915527344 67
      vertex -0.9510564804077148 41.309017181396484 67
    endloop
  endfacet
  facet normal 0 0 1
    outer loop
      vertex -0.8763065338134766 35.393245697021484 67
      vertex -1 35.875 67
      vertex -0.9048261642456055 35.449222564697266 67
    endloop
  endfacet
  facet normal 0 0 1
    outer loop
      vertex -1 41 67
      vertex -0.9510564804077148 41.309017181396484 67
      vertex -0.9685831069946289 41.248687744140625 67
    endloop
  endfacet
  facet normal 0 0 1
    outer loop
      vertex -0.9048261642456055 35.449222564697266 67
      vertex -1 35.875 67
      vertex -0.9297761917114258 35.506874084472656 67
    endloop
  endfacet
  facet normal 0 0 1
    outer loop
      vertex -1 41 67
      vertex -0.9685831069946289 41.248687744140625 67
      vertex -0.9822864532470703 41.187381744384766 67
    endloop
  endfacet
  facet normal 0 0 1
    outer loop
      vertex -0.9297761917114258 35.506874084472656 67
      vertex -1 35.875 67
      vertex -0.9510564804077148 35.565982818603516 67
    endloop
  endfacet
  facet normal 0 0 1
    outer loop
      vertex -1 41 67
      vertex -0.9822864532470703 41.187381744384766 67
      vertex -0.9921140670776367 41.12533187866211 67
    endloop
  endfacet
  facet normal 0 0 1
    outer loop
      vertex -0.9510564804077148 35.565982818603516 67
      vertex -1 35.875 67
      vertex -0.9685831069946289 35.626312255859375 67
    endloop
  endfacet
  facet normal 0 0 1
    outer loop
      vertex -1 41 67
      vertex -0.9921140670776367 41.12533187866211 67
      vertex -0.9980258941650391 41.06278991699219 67
    endloop
  endfacet
  facet normal 0 0 1
    outer loop
      vertex -0.9685831069946289 35.626312255859375 67
      vertex -1 35.875 67
      vertex -0.9822864532470703 35.687618255615234 67
    endloop
  endfacet
  facet normal 0 0 1
    outer loop
      vertex -0.9822864532470703 35.687618255615234 67
      vertex -1 35.875 67
      vertex -0.9921140670776367 35.74966812133789 67
    endloop
  endfacet
  facet normal 0 0 1
    outer loop
      vertex -0.9921140670776367 35.74966812133789 67
      vertex -1 35.875 67
      vertex -0.9980258941650391 35.81221008300781 67
    endloop
  endfacet
  facet normal 0.9759141001264615 -0.21815514931891686 0
    outer loop
      vertex 16.343582153320312 39.251312255859375 67
      vertex 16.35728645324707 39.312618255615234 4
      vertex 16.35728645324707 39.312618255615234 67
    endloop
  endfacet
  facet normal 0.9759141001264615 -0.21815514931891686 0
    outer loop
      vertex 16.35728645324707 39.312618255615234 4
      vertex 16.343582153320312 39.251312255859375 67
      vertex 16.343582153320312 39.251312255859375 4
    endloop
  endfacet
  facet normal 0.9408719296106247 0.33876247146161187 0
    outer loop
      vertex 41.95105743408203 41.309017181396484 67
      vertex 41.92977523803711 41.368125915527344 0
      vertex 41.92977523803711 41.368125915527344 67
    endloop
  endfacet
  facet normal 0.9408719296106247 0.33876247146161187 0
    outer loop
      vertex 41.92977523803711 41.368125915527344 0
      vertex 41.95105743408203 41.309017181396484 67
      vertex 41.95105743408203 41.309017181396484 0
    endloop
  endfacet
  facet normal 1 0 0
    outer loop
      vertex 42 15.375 67
      vertex 42 0 67
      vertex 42 15.375 4
    endloop
  endfacet
  facet normal 1 0 0
    outer loop
      vertex 42 35.875 4
      vertex 42 41 67
      vertex 42 35.875 67
    endloop
  endfacet
  facet normal 1 0 0
    outer loop
      vertex 42 41 67
      vertex 42 35.875 4
      vertex 42 41 0
    endloop
  endfacet
  facet normal 1 0 0
    outer loop
      vertex 42 15.375 4
      vertex 42 41 0
      vertex 42 35.875 4
    endloop
  endfacet
  facet normal 1 0 0
    outer loop
      vertex 42 15.375 4
      vertex 42 0 0
      vertex 42 41 0
    endloop
  endfacet
  facet normal 1 0 0
    outer loop
      vertex 42 0 0
      vertex 42 15.375 4
      vertex 42 0 67
    endloop
  endfacet
  facet normal 0.6129101821154981 0.7901525856814916 0
    outer loop
      vertex 41.63742446899414 41.770511627197266 0
      vertex 41.58778381347656 41.809017181396484 67
      vertex 41.63742446899414 41.770511627197266 67
    endloop
  endfacet
  facet normal 0.6129101821154981 0.7901525856814916 0
    outer loop
      vertex 41.58778381347656 41.809017181396484 67
      vertex 41.63742446899414 41.770511627197266 0
      vertex 41.58778381347656 41.809017181396484 0
    endloop
  endfacet
  facet normal 0 -1 0
    outer loop
      vertex 10.25 31.75 0
      vertex 30.75 31.75 4
      vertex 10.25 31.75 4
    endloop
  endfacet
  facet normal 0 -1 0
    outer loop
      vertex 30.75 31.75 4
      vertex 10.25 31.75 0
      vertex 30.75 31.75 0
    endloop
  endfacet
  facet normal 0.9177541630948075 0.39714895961358043 0
    outer loop
      vertex 41.92977523803711 41.368125915527344 67
      vertex 41.90482711791992 41.425777435302734 0
      vertex 41.90482711791992 41.425777435302734 67
    endloop
  endfacet
  facet normal 0.9177541630948075 0.39714895961358043 0
    outer loop
      vertex 41.90482711791992 41.425777435302734 0
      vertex 41.92977523803711 41.368125915527344 67
      vertex 41.92977523803711 41.368125915527344 0
    endloop
  endfacet
  facet normal 0.0940611399039456 0.9955664226760415 0
    outer loop
      vertex 41.12533187866211 41.99211502075195 0
      vertex 41.06278991699219 41.998023986816406 67
      vertex 41.12533187866211 41.99211502075195 67
    endloop
  endfacet
  facet normal 0.0940611399039456 0.9955664226760415 0
    outer loop
      vertex 41.06278991699219 41.998023986816406 67
      vertex 41.12533187866211 41.99211502075195 0
      vertex 41.06278991699219 41.998023986816406 0
    endloop
  endfacet
  facet normal 0.9603047835888268 0.2789529039397452 0
    outer loop
      vertex 41.96858215332031 41.248687744140625 67
      vertex 41.95105743408203 41.309017181396484 0
      vertex 41.95105743408203 41.309017181396484 67
    endloop
  endfacet
  facet normal 0.9603047835888268 0.2789529039397452 0
    outer loop
      vertex 41.95105743408203 41.309017181396484 0
      vertex 41.96858215332031 41.248687744140625 67
      vertex 41.96858215332031 41.248687744140625 0
    endloop
  endfacet
  facet normal 0.7071067811865476 0.7071067811865476 0
    outer loop
      vertex 41.72896957397461 41.684547424316406 67
      vertex 41.684547424316406 41.72896957397461 0
      vertex 41.684547424316406 41.72896957397461 67
    endloop
  endfacet
  facet normal 0.7071067811865476 0.7071067811865476 0
    outer loop
      vertex 41.684547424316406 41.72896957397461 0
      vertex 41.72896957397461 41.684547424316406 67
      vertex 41.72896957397461 41.684547424316406 0
    endloop
  endfacet
  facet normal 0.0314546587566966 0.9995051797977337 0
    outer loop
      vertex 41.06278991699219 41.998023986816406 0
      vertex 41 42 67
      vertex 41.06278991699219 41.998023986816406 67
    endloop
  endfacet
  facet normal 0.0314546587566966 0.9995051797977337 0
    outer loop
      vertex 41 42 67
      vertex 41.06278991699219 41.998023986816406 0
      vertex 41 42 0
    endloop
  endfacet
  facet normal 0.7901525856814916 0.6129101821154981 0
    outer loop
      vertex 41.809017181396484 41.58778381347656 67
      vertex 41.770511627197266 41.63742446899414 0
      vertex 41.770511627197266 41.63742446899414 67
    endloop
  endfacet
  facet normal 0.7901525856814916 0.6129101821154981 0
    outer loop
      vertex 41.770511627197266 41.63742446899414 0
      vertex 41.809017181396484 41.58778381347656 67
      vertex 41.809017181396484 41.58778381347656 0
    endloop
  endfacet
  facet normal 0.5090381932057086 0.8607439328034021 0
    outer loop
      vertex 41.53582763671875 41.84432601928711 0
      vertex 41.481754302978516 41.876304626464844 67
      vertex 41.53582763671875 41.84432601928711 67
    endloop
  endfacet
  facet normal 0.5090381932057086 0.8607439328034021 0
    outer loop
      vertex 41.481754302978516 41.876304626464844 67
      vertex 41.53582763671875 41.84432601928711 0
      vertex 41.481754302978516 41.876304626464844 0
    endloop
  endfacet
  facet normal 0.45400127611709984 0.8910010332676639 0
    outer loop
      vertex 41.481754302978516 41.876304626464844 0
      vertex 41.425777435302734 41.90482711791992 67
      vertex 41.481754302978516 41.876304626464844 67
    endloop
  endfacet
  facet normal 0.45400127611709984 0.8910010332676639 0
    outer loop
      vertex 41.425777435302734 41.90482711791992 67
      vertex 41.481754302978516 41.876304626464844 0
      vertex 41.425777435302734 41.90482711791992 0
    endloop
  endfacet
  facet normal 0.562077460777735 0.8270845954832272 0
    outer loop
      vertex 41.58778381347656 41.809017181396484 0
      vertex 41.53582763671875 41.84432601928711 67
      vertex 41.58778381347656 41.809017181396484 67
    endloop
  endfacet
  facet normal 0.562077460777735 0.8270845954832272 0
    outer loop
      vertex 41.53582763671875 41.84432601928711 67
      vertex 41.58778381347656 41.809017181396484 0
      vertex 41.53582763671875 41.84432601928711 0
    endloop
  endfacet
  facet normal 0.15647703648527073 0.9876815970001604 0
    outer loop
      vertex 41.187381744384766 41.98228454589844 0
      vertex 41.12533187866211 41.99211502075195 67
      vertex 41.187381744384766 41.98228454589844 67
    endloop
  endfacet
  facet normal 0.15647703648527073 0.9876815970001604 0
    outer loop
      vertex 41.12533187866211 41.99211502075195 67
      vertex 41.187381744384766 41.98228454589844 0
      vertex 41.12533187866211 41.99211502075195 0
    endloop
  endfacet
  facet normal 0.8270845954832272 0.562077460777735 0
    outer loop
      vertex 41.84432601928711 41.53582763671875 67
      vertex 41.809017181396484 41.58778381347656 0
      vertex 41.809017181396484 41.58778381347656 67
    endloop
  endfacet
  facet normal 0.8270845954832272 0.562077460777735 0
    outer loop
      vertex 41.809017181396484 41.58778381347656 0
      vertex 41.84432601928711 41.53582763671875 67
      vertex 41.84432601928711 41.53582763671875 0
    endloop
  endfacet
  facet normal 0.21812623145588217 0.9759205639553125 0
    outer loop
      vertex 41.248687744140625 41.96858215332031 0
      vertex 41.187381744384766 41.98228454589844 67
      vertex 41.248687744140625 41.96858215332031 67
    endloop
  endfacet
  facet normal 0.21812623145588217 0.9759205639553125 0
    outer loop
      vertex 41.187381744384766 41.98228454589844 67
      vertex 41.248687744140625 41.96858215332031 0
      vertex 41.187381744384766 41.98228454589844 0
    endloop
  endfacet
  facet normal 0 0 1
    outer loop
      vertex 9.373693466186523 31.231754302978516 4
      vertex 2.344326972961426 35.33917236328125 4
      vertex 9.345171928405762 31.1757755279541 4
    endloop
  endfacet
  facet normal 0 0 1
    outer loop
      vertex 9.25 30.75 4
      vertex 2.498025894165039 15.437789916992188 4
      vertex 2.5 15.375 4
    endloop
  endfacet
  facet normal 0 0 1
    outer loop
      vertex 2.309016227722168 35.28721618652344 4
      vertex 9.345171928405762 31.1757755279541 4
      vertex 2.344326972961426 35.33917236328125 4
    endloop
  endfacet
  facet normal 0 0 1
    outer loop
      vertex 9.25 30.75 4
      vertex 2.4921140670776367 15.500332832336426 4
      vertex 2.498025894165039 15.437789916992188 4
    endloop
  endfacet
  facet normal 0 0 1
    outer loop
      vertex 9.345171928405762 31.1757755279541 4
      vertex 2.309016227722168 35.28721618652344 4
      vertex 9.320223808288574 31.118125915527344 4
    endloop
  endfacet
  facet normal 0 0 1
    outer loop
      vertex 9.25 30.75 4
      vertex 2.4822864532470703 15.56238079071045 4
      vertex 2.4921140670776367 15.500332832336426 4
    endloop
  endfacet
  facet normal 0 0 1
    outer loop
      vertex 2.270512580871582 35.23757553100586 4
      vertex 9.320223808288574 31.118125915527344 4
      vertex 2.309016227722168 35.28721618652344 4
    endloop
  endfacet
  facet normal 0 0 1
    outer loop
      vertex 9.25 30.75 4
      vertex 2.468583106994629 15.623689651489258 4
      vertex 2.4822864532470703 15.56238079071045 4
    endloop
  endfacet
  facet normal 0 0 1
    outer loop
      vertex 9.320223808288574 31.118125915527344 4
      vertex 2.270512580871582 35.23757553100586 4
      vertex 9.298944473266602 31.059019088745117 4
    endloop
  endfacet
  facet normal 0 0 1
    outer loop
      vertex 9.25 30.75 4
      vertex 2.451056480407715 15.684016227722168 4
      vertex 2.468583106994629 15.623689651489258 4
    endloop
  endfacet
  facet normal 0 0 1
    outer loop
      vertex 2.228968620300293 35.190452575683594 4
      vertex 9.298944473266602 31.059019088745117 4
      vertex 2.270512580871582 35.23757553100586 4
    endloop
  endfacet
  facet normal 0 0 1
    outer loop
      vertex 9.25 30.75 4
      vertex 2.429776191711426 15.743124008178711 4
      vertex 2.451056480407715 15.684016227722168 4
    endloop
  endfacet
  facet normal 0 0 1
    outer loop
      vertex 9.298944473266602 31.059019088745117 4
      vertex 2.228968620300293 35.190452575683594 4
      vertex 9.281416893005371 30.998689651489258 4
    endloop
  endfacet
  facet normal 0 0 1
    outer loop
      vertex 9.25 30.75 4
      vertex 2.4048261642456055 15.80077838897705 4
      vertex 2.429776191711426 15.743124008178711 4
    endloop
  endfacet
  facet normal 0 0 1
    outer loop
      vertex 2.18454647064209 35.14603042602539 4
      vertex 9.281416893005371 30.998689651489258 4
      vertex 2.228968620300293 35.190452575683594 4
    endloop
  endfacet
  facet normal 0 0 1
    outer loop
      vertex 9.25 30.75 4
      vertex 2.3763065338134766 15.8567533493042 4
      vertex 2.4048261642456055 15.80077838897705 4
    endloop
  endfacet
  facet normal 0 0 1
    outer loop
      vertex 9.281416893005371 30.998689651489258 4
      vertex 2.18454647064209 35.14603042602539 4
      vertex 9.267711639404297 30.937374114990234 4
    endloop
  endfacet
  facet normal 0 0 1
    outer loop
      vertex 9.25 30.75 4
      vertex 2.344326972961426 15.910826683044434 4
      vertex 2.3763065338134766 15.8567533493042 4
    endloop
  endfacet
  facet normal 0 0 1
    outer loop
      vertex 2.137423515319824 35.104488372802734 4
      vertex 9.267711639404297 30.937374114990234 4
      vertex 2.18454647064209 35.14603042602539 4
    endloop
  endfacet
  facet normal 0 0 1
    outer loop
      vertex 9.25 30.75 4
      vertex 2.309016227722168 15.962784767150879 4
      vertex 2.344326972961426 15.910826683044434 4
    endloop
  endfacet
  facet normal 0 0 1
    outer loop
      vertex 9.267711639404297 30.937374114990234 4
      vertex 2.137423515319824 35.104488372802734 4
      vertex 9.257884979248047 30.87533187866211 4
    endloop
  endfacet
  facet normal 0 0 1
    outer loop
      vertex 9.25 30.75 4
      vertex 2.270512580871582 16.01242446899414 4
      vertex 2.309016227722168 15.962784767150879 4
    endloop
  endfacet
  facet normal 0 0 1
    outer loop
      vertex 2.087784767150879 35.065982818603516 4
      vertex 9.257884979248047 30.87533187866211 4
      vertex 2.137423515319824 35.104488372802734 4
    endloop
  endfacet
  facet normal 0 0 1
    outer loop
      vertex 9.25 30.75 4
      vertex 2.228968620300293 16.059547424316406 4
      vertex 2.270512580871582 16.01242446899414 4
    endloop
  endfacet
  facet normal 0 0 1
    outer loop
      vertex 9.257884979248047 30.87533187866211 4
      vertex 2.087784767150879 35.065982818603516 4
      vertex 9.251974105834961 30.81279754638672 4
    endloop
  endfacet
  facet normal 0 0 1
    outer loop
      vertex 9.25 30.75 4
      vertex 2.18454647064209 16.10396957397461 4
      vertex 2.228968620300293 16.059547424316406 4
    endloop
  endfacet
  facet normal 0 0 1
    outer loop
      vertex 2.0358266830444336 35.03067398071289 4
      vertex 9.251974105834961 30.81279754638672 4
      vertex 2.087784767150879 35.065982818603516 4
    endloop
  endfacet
  facet normal 0 0 1
    outer loop
      vertex 9.25 30.75 4
      vertex 2.137423515319824 16.145511627197266 4
      vertex 2.18454647064209 16.10396957397461 4
    endloop
  endfacet
  facet normal 0 0 1
    outer loop
      vertex 9.251974105834961 30.81279754638672 4
      vertex 2.0358266830444336 35.03067398071289 4
      vertex 9.25 30.75 4
    endloop
  endfacet
  facet normal 0 0 1
    outer loop
      vertex 9.25 30.75 4
      vertex 2.087784767150879 16.184017181396484 4
      vertex 2.137423515319824 16.145511627197266 4
    endloop
  endfacet
  facet normal 0 0 1
    outer loop
      vertex 1.9817533493041992 34.998695373535156 4
      vertex 9.25 30.75 4
      vertex 2.0358266830444336 35.03067398071289 4
    endloop
  endfacet
  facet normal 0 0 1
    outer loop
      vertex 9.25 30.75 4
      vertex 2.0358266830444336 16.21932601928711 4
      vertex 2.087784767150879 16.184017181396484 4
    endloop
  endfacet
  facet normal 0 0 1
    outer loop
      vertex 1.9257783889770508 34.97017288208008 4
      vertex 9.25 30.75 4
      vertex 1.9817533493041992 34.998695373535156 4
    endloop
  endfacet
  facet normal 0 0 1
    outer loop
      vertex 9.25 30.75 4
      vertex 1.9817533493041992 16.251306533813477 4
      vertex 2.0358266830444336 16.21932601928711 4
    endloop
  endfacet
  facet normal 0 0 1
    outer loop
      vertex 1.868124008178711 34.94522476196289 4
      vertex 9.25 30.75 4
      vertex 1.9257783889770508 34.97017288208008 4
    endloop
  endfacet
  facet normal 0 0 1
    outer loop
      vertex 9.25 30.75 4
      vertex 1.9257783889770508 16.279827117919922 4
      vertex 1.9817533493041992 16.251306533813477 4
    endloop
  endfacet
  facet normal 0 0 1
    outer loop
      vertex 1.809016227722168 34.92394256591797 4
      vertex 9.25 30.75 4
      vertex 1.868124008178711 34.94522476196289 4
    endloop
  endfacet
  facet normal 0 0 1
    outer loop
      vertex 9.25 30.75 4
      vertex 1.868124008178711 16.30477523803711 4
      vertex 1.9257783889770508 16.279827117919922 4
    endloop
  endfacet
  facet normal 0 0 1
    outer loop
      vertex 1.7486896514892578 34.90641784667969 4
      vertex 9.25 30.75 4
      vertex 1.809016227722168 34.92394256591797 4
    endloop
  endfacet
  facet normal 0 0 1
    outer loop
      vertex 9.25 30.75 4
      vertex 1.809016227722168 16.32605743408203 4
      vertex 1.868124008178711 16.30477523803711 4
    endloop
  endfacet
  facet normal 0 0 1
    outer loop
      vertex 1.6873807907104492 34.89271545410156 4
      vertex 9.25 30.75 4
      vertex 1.7486896514892578 34.90641784667969 4
    endloop
  endfacet
  facet normal 0 0 1
    outer loop
      vertex 9.25 30.75 4
      vertex 1.7486896514892578 16.343582153320312 4
      vertex 1.809016227722168 16.32605743408203 4
    endloop
  endfacet
  facet normal 0 0 1
    outer loop
      vertex 1.6253328323364258 34.88288497924805 4
      vertex 9.25 30.75 4
      vertex 1.6873807907104492 34.89271545410156 4
    endloop
  endfacet
  facet normal 0 0 1
    outer loop
      vertex 9.25 30.75 4
      vertex 1.6873807907104492 16.35728645324707 4
      vertex 1.7486896514892578 16.343582153320312 4
    endloop
  endfacet
  facet normal 0 0 1
    outer loop
      vertex 1.5627899169921875 34.876976013183594 4
      vertex 9.25 30.75 4
      vertex 1.6253328323364258 34.88288497924805 4
    endloop
  endfacet
  facet normal 0 0 1
    outer loop
      vertex 9.25 30.75 4
      vertex 1.6253328323364258 16.367115020751953 4
      vertex 1.6873807907104492 16.35728645324707 4
    endloop
  endfacet
  facet normal 0 0 1
    outer loop
      vertex 1.5 34.875 4
      vertex 9.25 30.75 4
      vertex 1.5627899169921875 34.876976013183594 4
    endloop
  endfacet
  facet normal 0 0 1
    outer loop
      vertex 9.25 30.75 4
      vertex 1.5627899169921875 16.37302589416504 4
      vertex 1.6253328323364258 16.367115020751953 4
    endloop
  endfacet
  facet normal 0 0 1
    outer loop
      vertex 1.5 16.375 4
      vertex 9.25 30.75 4
      vertex 1.5 34.875 4
    endloop
  endfacet
  facet normal 0 0 1
    outer loop
      vertex 9.25 30.75 4
      vertex 1.5 16.375 4
      vertex 1.5627899169921875 16.37302589416504 4
    endloop
  endfacet
  facet normal 0 0 1
    outer loop
      vertex 0 34.875 4
      vertex 1.5 16.375 4
      vertex 1.5 34.875 4
    endloop
  endfacet
  facet normal 0 0 1
    outer loop
      vertex 0 34.875 4
      vertex 0 16.375 4
      vertex 1.5 16.375 4
    endloop
  endfacet
  facet normal 0 0 1
    outer loop
      vertex -0.0627899169921875 34.876976013183594 4
      vertex 0 16.375 4
      vertex 0 34.875 4
    endloop
  endfacet
  facet normal 0 0 1
    outer loop
      vertex -0.0627899169921875 34.876976013183594 4
      vertex -0.0627899169921875 16.37302589416504 4
      vertex 0 16.375 4
    endloop
  endfacet
  facet normal 0 0 1
    outer loop
      vertex -0.12533283233642578 34.88288497924805 4
      vertex -0.0627899169921875 16.37302589416504 4
      vertex -0.0627899169921875 34.876976013183594 4
    endloop
  endfacet
  facet normal 0 0 1
    outer loop
      vertex -0.12533283233642578 34.88288497924805 4
      vertex -0.12533283233642578 16.367115020751953 4
      vertex -0.0627899169921875 16.37302589416504 4
    endloop
  endfacet
  facet normal 0 0 1
    outer loop
      vertex -0.18738079071044922 34.89271545410156 4
      vertex -0.12533283233642578 16.367115020751953 4
      vertex -0.12533283233642578 34.88288497924805 4
    endloop
  endfacet
  facet normal 0 0 1
    outer loop
      vertex -0.18738079071044922 34.89271545410156 4
      vertex -0.18738079071044922 16.35728645324707 4
      vertex -0.12533283233642578 16.367115020751953 4
    endloop
  endfacet
  facet normal 0 0 1
    outer loop
      vertex -0.2486896514892578 34.90641784667969 4
      vertex -0.18738079071044922 16.35728645324707 4
      vertex -0.18738079071044922 34.89271545410156 4
    endloop
  endfacet
  facet normal 0 0 1
    outer loop
      vertex -0.2486896514892578 34.90641784667969 4
      vertex -0.2486896514892578 16.343582153320312 4
      vertex -0.18738079071044922 16.35728645324707 4
    endloop
  endfacet
  facet normal 0 0 1
    outer loop
      vertex -0.30901622772216797 34.92394256591797 4
      vertex -0.2486896514892578 16.343582153320312 4
      vertex -0.2486896514892578 34.90641784667969 4
    endloop
  endfacet
  facet normal 0 0 1
    outer loop
      vertex -0.30901622772216797 34.92394256591797 4
      vertex -0.30901622772216797 16.32605743408203 4
      vertex -0.2486896514892578 16.343582153320312 4
    endloop
  endfacet
  facet normal 0 0 1
    outer loop
      vertex -0.36812400817871094 34.94522476196289 4
      vertex -0.30901622772216797 16.32605743408203 4
      vertex -0.30901622772216797 34.92394256591797 4
    endloop
  endfacet
  facet normal 0 0 1
    outer loop
      vertex -0.36812400817871094 34.94522476196289 4
      vertex -0.36812400817871094 16.30477523803711 4
      vertex -0.30901622772216797 16.32605743408203 4
    endloop
  endfacet
  facet normal 0 0 1
    outer loop
      vertex -0.4257783889770508 34.97017288208008 4
      vertex -0.36812400817871094 16.30477523803711 4
      vertex -0.36812400817871094 34.94522476196289 4
    endloop
  endfacet
  facet normal 0 0 1
    outer loop
      vertex -0.4257783889770508 34.97017288208008 4
      vertex -0.4257783889770508 16.279827117919922 4
      vertex -0.36812400817871094 16.30477523803711 4
    endloop
  endfacet
  facet normal 0 0 1
    outer loop
      vertex -0.4817533493041992 34.998695373535156 4
      vertex -0.4257783889770508 16.279827117919922 4
      vertex -0.4257783889770508 34.97017288208008 4
    endloop
  endfacet
  facet normal 0 0 1
    outer loop
      vertex -0.4817533493041992 34.998695373535156 4
      vertex -0.4817533493041992 16.251306533813477 4
      vertex -0.4257783889770508 16.279827117919922 4
    endloop
  endfacet
  facet normal 0 0 1
    outer loop
      vertex -0.5358266830444336 35.03067398071289 4
      vertex -0.4817533493041992 16.251306533813477 4
      vertex -0.4817533493041992 34.998695373535156 4
    endloop
  endfacet
  facet normal 0 0 1
    outer loop
      vertex -0.5358266830444336 35.03067398071289 4
      vertex -0.5358266830444336 16.21932601928711 4
      vertex -0.4817533493041992 16.251306533813477 4
    endloop
  endfacet
  facet normal 0 0 1
    outer loop
      vertex -0.5877847671508789 35.065982818603516 4
      vertex -0.5358266830444336 16.21932601928711 4
      vertex -0.5358266830444336 35.03067398071289 4
    endloop
  endfacet
  facet normal 0 0 1
    outer loop
      vertex -0.5877847671508789 35.065982818603516 4
      vertex -0.5877847671508789 16.184017181396484 4
      vertex -0.5358266830444336 16.21932601928711 4
    endloop
  endfacet
  facet normal 0 0 1
    outer loop
      vertex -0.6374235153198242 35.104488372802734 4
      vertex -0.5877847671508789 16.184017181396484 4
      vertex -0.5877847671508789 35.065982818603516 4
    endloop
  endfacet
  facet normal 0 0 1
    outer loop
      vertex -0.6374235153198242 35.104488372802734 4
      vertex -0.6374235153198242 16.145511627197266 4
      vertex -0.5877847671508789 16.184017181396484 4
    endloop
  endfacet
  facet normal 0 0 1
    outer loop
      vertex -0.6845464706420898 35.14603042602539 4
      vertex -0.6374235153198242 16.145511627197266 4
      vertex -0.6374235153198242 35.104488372802734 4
    endloop
  endfacet
  facet normal 0 0 1
    outer loop
      vertex -0.6845464706420898 35.14603042602539 4
      vertex -0.6845464706420898 16.10396957397461 4
      vertex -0.6374235153198242 16.145511627197266 4
    endloop
  endfacet
  facet normal 0 0 1
    outer loop
      vertex -0.728968620300293 35.190452575683594 4
      vertex -0.6845464706420898 16.10396957397461 4
      vertex -0.6845464706420898 35.14603042602539 4
    endloop
  endfacet
  facet normal 0 0 1
    outer loop
      vertex -0.728968620300293 35.190452575683594 4
      vertex -0.728968620300293 16.059547424316406 4
      vertex -0.6845464706420898 16.10396957397461 4
    endloop
  endfacet
  facet normal 0 0 1
    outer loop
      vertex -0.770512580871582 35.23757553100586 4
      vertex -0.728968620300293 16.059547424316406 4
      vertex -0.728968620300293 35.190452575683594 4
    endloop
  endfacet
  facet normal 0 0 1
    outer loop
      vertex -0.770512580871582 35.23757553100586 4
      vertex -0.770512580871582 16.01242446899414 4
      vertex -0.728968620300293 16.059547424316406 4
    endloop
  endfacet
  facet normal 0 0 1
    outer loop
      vertex -0.809016227722168 35.28721618652344 4
      vertex -0.770512580871582 16.01242446899414 4
      vertex -0.770512580871582 35.23757553100586 4
    endloop
  endfacet
  facet normal 0 0 1
    outer loop
      vertex -0.809016227722168 35.28721618652344 4
      vertex -0.809016227722168 15.962784767150879 4
      vertex -0.770512580871582 16.01242446899414 4
    endloop
  endfacet
  facet normal 0 0 1
    outer loop
      vertex -0.8443269729614258 35.33917236328125 4
      vertex -0.809016227722168 15.962784767150879 4
      vertex -0.809016227722168 35.28721618652344 4
    endloop
  endfacet
  facet normal 0 0 1
    outer loop
      vertex -0.8443269729614258 35.33917236328125 4
      vertex -0.8443269729614258 15.910826683044434 4
      vertex -0.809016227722168 15.962784767150879 4
    endloop
  endfacet
  facet normal 0 0 1
    outer loop
      vertex -0.8763065338134766 35.393245697021484 4
      vertex -0.8443269729614258 15.910826683044434 4
      vertex -0.8443269729614258 35.33917236328125 4
    endloop
  endfacet
  facet normal 0 0 1
    outer loop
      vertex -0.8763065338134766 35.393245697021484 4
      vertex -0.8763065338134766 15.8567533493042 4
      vertex -0.8443269729614258 15.910826683044434 4
    endloop
  endfacet
  facet normal 0 0 1
    outer loop
      vertex -0.9048261642456055 35.449222564697266 4
      vertex -0.8763065338134766 15.8567533493042 4
      vertex -0.8763065338134766 35.393245697021484 4
    endloop
  endfacet
  facet normal 0 0 1
    outer loop
      vertex -0.9048261642456055 35.449222564697266 4
      vertex -0.9048261642456055 15.80077838897705 4
      vertex -0.8763065338134766 15.8567533493042 4
    endloop
  endfacet
  facet normal 0 0 1
    outer loop
      vertex -0.9297761917114258 35.506874084472656 4
      vertex -0.9048261642456055 15.80077838897705 4
      vertex -0.9048261642456055 35.449222564697266 4
    endloop
  endfacet
  facet normal 0 0 1
    outer loop
      vertex -0.9297761917114258 35.506874084472656 4
      vertex -0.9297761917114258 15.743124008178711 4
      vertex -0.9048261642456055 15.80077838897705 4
    endloop
  endfacet
  facet normal 0 0 1
    outer loop
      vertex -0.9510564804077148 35.565982818603516 4
      vertex -0.9297761917114258 15.743124008178711 4
      vertex -0.9297761917114258 35.506874084472656 4
    endloop
  endfacet
  facet normal 0 0 1
    outer loop
      vertex -0.9510564804077148 35.565982818603516 4
      vertex -0.9510564804077148 15.684016227722168 4
      vertex -0.9297761917114258 15.743124008178711 4
    endloop
  endfacet
  facet normal 0 0 1
    outer loop
      vertex -0.9685831069946289 35.626312255859375 4
      vertex -0.9510564804077148 15.684016227722168 4
      vertex -0.9510564804077148 35.565982818603516 4
    endloop
  endfacet
  facet normal 0 0 1
    outer loop
      vertex -0.9685831069946289 35.626312255859375 4
      vertex -0.9685831069946289 15.623689651489258 4
      vertex -0.9510564804077148 15.684016227722168 4
    endloop
  endfacet
  facet normal 0 0 1
    outer loop
      vertex -0.9822864532470703 35.687618255615234 4
      vertex -0.9685831069946289 15.623689651489258 4
      vertex -0.9685831069946289 35.626312255859375 4
    endloop
  endfacet
  facet normal 0 0 1
    outer loop
      vertex -0.9822864532470703 35.687618255615234 4
      vertex -0.9822864532470703 15.56238079071045 4
      vertex -0.9685831069946289 15.623689651489258 4
    endloop
  endfacet
  facet normal 0 0 1
    outer loop
      vertex -0.9921140670776367 35.74966812133789 4
      vertex -0.9822864532470703 15.56238079071045 4
      vertex -0.9822864532470703 35.687618255615234 4
    endloop
  endfacet
  facet normal 0 0 1
    outer loop
      vertex -0.9921140670776367 35.74966812133789 4
      vertex -0.9921140670776367 15.500332832336426 4
      vertex -0.9822864532470703 15.56238079071045 4
    endloop
  endfacet
  facet normal 0 0 1
    outer loop
      vertex -0.9980258941650391 35.81221008300781 4
      vertex -0.9921140670776367 15.500332832336426 4
      vertex -0.9921140670776367 35.74966812133789 4
    endloop
  endfacet
  facet normal 0 0 1
    outer loop
      vertex -0.9980258941650391 35.81221008300781 4
      vertex -0.9980258941650391 15.437789916992188 4
      vertex -0.9921140670776367 15.500332832336426 4
    endloop
  endfacet
  facet normal 0 0 1
    outer loop
      vertex -1 35.875 4
      vertex -0.9980258941650391 15.437789916992188 4
      vertex -0.9980258941650391 35.81221008300781 4
    endloop
  endfacet
  facet normal 0 0 1
    outer loop
      vertex -0.9980258941650391 15.437789916992188 4
      vertex -1 35.875 4
      vertex -1 15.375 4
    endloop
  endfacet
  facet normal 0 0 1
    outer loop
      vertex 30.75 9.25 4
      vertex 16.37302589416504 1.5627899169921875 4
      vertex 16.375 1.5 4
    endloop
  endfacet
  facet normal 0 0 1
    outer loop
      vertex 30.75 9.25 4
      vertex 16.367115020751953 1.6253328323364258 4
      vertex 16.37302589416504 1.5627899169921875 4
    endloop
  endfacet
  facet normal 0 0 1
    outer loop
      vertex 30.75 9.25 4
      vertex 16.35728645324707 1.6873807907104492 4
      vertex 16.367115020751953 1.6253328323364258 4
    endloop
  endfacet
  facet normal 0 0 1
    outer loop
      vertex 30.75 9.25 4
      vertex 16.343582153320312 1.7486896514892578 4
      vertex 16.35728645324707 1.6873807907104492 4
    endloop
  endfacet
  facet normal 0 0 1
    outer loop
      vertex 30.75 9.25 4
      vertex 16.32605743408203 1.809016227722168 4
      vertex 16.343582153320312 1.7486896514892578 4
    endloop
  endfacet
  facet normal 0 0 1
    outer loop
      vertex 30.75 9.25 4
      vertex 16.30477523803711 1.868124008178711 4
      vertex 16.32605743408203 1.809016227722168 4
    endloop
  endfacet
  facet normal 0 0 1
    outer loop
      vertex 30.75 9.25 4
      vertex 16.279827117919922 1.9257783889770508 4
      vertex 16.30477523803711 1.868124008178711 4
    endloop
  endfacet
  facet normal 0 0 1
    outer loop
      vertex 30.75 9.25 4
      vertex 16.251306533813477 1.9817533493041992 4
      vertex 16.279827117919922 1.9257783889770508 4
    endloop
  endfacet
  facet normal 0 0 1
    outer loop
      vertex 30.75 9.25 4
      vertex 16.21932601928711 2.0358266830444336 4
      vertex 16.251306533813477 1.9817533493041992 4
    endloop
  endfacet
  facet normal 0 0 1
    outer loop
      vertex 30.75 9.25 4
      vertex 16.184017181396484 2.087784767150879 4
      vertex 16.21932601928711 2.0358266830444336 4
    endloop
  endfacet
  facet normal 0 0 1
    outer loop
      vertex 15.25 9.25 4
      vertex 16.184017181396484 2.087784767150879 4
      vertex 30.75 9.25 4
    endloop
  endfacet
  facet normal 0 0 1
    outer loop
      vertex 16.184017181396484 2.087784767150879 4
      vertex 15.25 9.25 4
      vertex 16.145511627197266 2.137423515319824 4
    endloop
  endfacet
  facet normal 0 0 1
    outer loop
      vertex 16.145511627197266 2.137423515319824 4
      vertex 15.25 9.25 4
      vertex 16.10396957397461 2.18454647064209 4
    endloop
  endfacet
  facet normal 0 0 1
    outer loop
      vertex 16.10396957397461 2.18454647064209 4
      vertex 15.25 9.25 4
      vertex 16.059547424316406 2.228968620300293 4
    endloop
  endfacet
  facet normal 0 0 1
    outer loop
      vertex 16.059547424316406 2.228968620300293 4
      vertex 15.25 9.25 4
      vertex 16.01242446899414 2.270512580871582 4
    endloop
  endfacet
  facet normal 0 0 1
    outer loop
      vertex 16.01242446899414 2.270512580871582 4
      vertex 15.25 9.25 4
      vertex 15.962784767150879 2.309016227722168 4
    endloop
  endfacet
  facet normal 0 0 1
    outer loop
      vertex 15.962784767150879 2.309016227722168 4
      vertex 15.25 9.25 4
      vertex 15.910826683044434 2.344326972961426 4
    endloop
  endfacet
  facet normal 0 0 1
    outer loop
      vertex 15.910826683044434 2.344326972961426 4
      vertex 15.25 9.25 4
      vertex 15.8567533493042 2.3763065338134766 4
    endloop
  endfacet
  facet normal 0 0 1
    outer loop
      vertex 15.8567533493042 2.3763065338134766 4
      vertex 15.25 9.25 4
      vertex 15.80077838897705 2.4048261642456055 4
    endloop
  endfacet
  facet normal 0 0 1
    outer loop
      vertex 15.80077838897705 2.4048261642456055 4
      vertex 15.25 9.25 4
      vertex 15.743124008178711 2.429776191711426 4
    endloop
  endfacet
  facet normal 0 0 1
    outer loop
      vertex 15.743124008178711 2.429776191711426 4
      vertex 15.25 9.25 4
      vertex 15.684016227722168 2.451056480407715 4
    endloop
  endfacet
  facet normal 0 0 1
    outer loop
      vertex 15.684016227722168 2.451056480407715 4
      vertex 15.25 9.25 4
      vertex 15.623689651489258 2.468583106994629 4
    endloop
  endfacet
  facet normal 0 0 1
    outer loop
      vertex 15.623689651489258 2.468583106994629 4
      vertex 15.25 9.25 4
      vertex 15.56238079071045 2.4822864532470703 4
    endloop
  endfacet
  facet normal 0 0 1
    outer loop
      vertex 15.56238079071045 2.4822864532470703 4
      vertex 15.25 9.25 4
      vertex 15.500332832336426 2.4921140670776367 4
    endloop
  endfacet
  facet normal 0 0 1
    outer loop
      vertex 15.500332832336426 2.4921140670776367 4
      vertex 15.25 9.25 4
      vertex 15.437789916992188 2.498025894165039 4
    endloop
  endfacet
  facet normal 0 0 1
    outer loop
      vertex 15.437789916992188 2.498025894165039 4
      vertex 15.25 9.25 4
      vertex 15.375 2.5 4
    endloop
  endfacet
  facet normal 0 0 1
    outer loop
      vertex 15.187202453613281 9.251974105834961 4
      vertex 15.375 2.5 4
      vertex 15.25 9.25 4
    endloop
  endfacet
  facet normal 0 0 1
    outer loop
      vertex 15.124667167663574 9.257884979248047 4
      vertex 15.375 2.5 4
      vertex 15.187202453613281 9.251974105834961 4
    endloop
  endfacet
  facet normal 0 0 1
    outer loop
      vertex 13.913515090942383 2.5 4
      vertex 15.124667167663574 9.257884979248047 4
      vertex 15.062625885009766 9.267711639404297 4
    endloop
  endfacet
  facet normal 0 0 1
    outer loop
      vertex 13.913515090942383 2.5 4
      vertex 15.062625885009766 9.267711639404297 4
      vertex 15.001310348510742 9.281416893005371 4
    endloop
  endfacet
  facet normal 0 0 1
    outer loop
      vertex 13.913515090942383 2.5 4
      vertex 15.001310348510742 9.281416893005371 4
      vertex 14.940980911254883 9.298944473266602 4
    endloop
  endfacet
  facet normal 0 0 1
    outer loop
      vertex 13.913515090942383 2.5 4
      vertex 14.940980911254883 9.298944473266602 4
      vertex 14.881875038146973 9.320223808288574 4
    endloop
  endfacet
  facet normal 0 0 1
    outer loop
      vertex 13.913515090942383 2.5 4
      vertex 14.881875038146973 9.320223808288574 4
      vertex 14.824223518371582 9.345171928405762 4
    endloop
  endfacet
  facet normal 0 0 1
    outer loop
      vertex 13.913515090942383 2.5 4
      vertex 14.824223518371582 9.345171928405762 4
      vertex 14.7682466506958 9.373693466186523 4
    endloop
  endfacet
  facet normal 0 0 1
    outer loop
      vertex 13.913515090942383 2.5 4
      vertex 14.7682466506958 9.373693466186523 4
      vertex 14.714167594909668 9.405675888061523 4
    endloop
  endfacet
  facet normal 0 0 1
    outer loop
      vertex 13.913515090942383 2.5 4
      vertex 14.714167594909668 9.405675888061523 4
      vertex 14.662214279174805 9.440982818603516 4
    endloop
  endfacet
  facet normal 0 0 1
    outer loop
      vertex 13.913515090942383 2.5 4
      vertex 14.662214279174805 9.440982818603516 4
      vertex 14.612577438354492 9.479486465454102 4
    endloop
  endfacet
  facet normal 0 0 1
    outer loop
      vertex 13.913515090942383 2.5 4
      vertex 14.612577438354492 9.479486465454102 4
      vertex 14.565452575683594 9.521031379699707 4
    endloop
  endfacet
  facet normal 0 0 1
    outer loop
      vertex 15.124667167663574 9.257884979248047 4
      vertex 13.913515090942383 2.5 4
      vertex 15.375 2.5 4
    endloop
  endfacet
  facet normal 0 0 1
    outer loop
      vertex 9.521031379699707 14.565452575683594 4
      vertex 13.913515090942383 2.5 4
      vertex 14.565452575683594 9.521031379699707 4
    endloop
  endfacet
  facet normal 0 0 1
    outer loop
      vertex 2.5 13.913515090942383 4
      vertex 9.521031379699707 14.565452575683594 4
      vertex 9.479486465454102 14.612577438354492 4
    endloop
  endfacet
  facet normal 0 0 1
    outer loop
      vertex 2.5 13.913515090942383 4
      vertex 9.479486465454102 14.612577438354492 4
      vertex 9.440982818603516 14.662214279174805 4
    endloop
  endfacet
  facet normal 0 0 1
    outer loop
      vertex 2.5 13.913515090942383 4
      vertex 9.440982818603516 14.662214279174805 4
      vertex 9.405675888061523 14.714167594909668 4
    endloop
  endfacet
  facet normal 0 0 1
    outer loop
      vertex 2.5 13.913515090942383 4
      vertex 9.405675888061523 14.714167594909668 4
      vertex 9.373693466186523 14.7682466506958 4
    endloop
  endfacet
  facet normal 0 0 1
    outer loop
      vertex 2.5 13.913515090942383 4
      vertex 9.373693466186523 14.7682466506958 4
      vertex 9.345171928405762 14.824223518371582 4
    endloop
  endfacet
  facet normal 0 0 1
    outer loop
      vertex 2.5 13.913515090942383 4
      vertex 9.345171928405762 14.824223518371582 4
      vertex 9.320223808288574 14.881875038146973 4
    endloop
  endfacet
  facet normal 0 0 1
    outer loop
      vertex 2.344326972961426 35.33917236328125 4
      vertex 9.373693466186523 31.231754302978516 4
      vertex 2.3763065338134766 35.393245697021484 4
    endloop
  endfacet
  facet normal 0 0 1
    outer loop
      vertex 9.25 30.75 4
      vertex 2.5 15.375 4
      vertex 9.25 15.25 4
    endloop
  endfacet
  facet normal 0 0 1
    outer loop
      vertex 9.25 15.25 4
      vertex 2.5 15.375 4
      vertex 9.251974105834961 15.187202453613281 4
    endloop
  endfacet
  facet normal 0 0 1
    outer loop
      vertex 9.251974105834961 15.187202453613281 4
      vertex 2.5 15.375 4
      vertex 9.257884979248047 15.124667167663574 4
    endloop
  endfacet
  facet normal 0 0 1
    outer loop
      vertex 2.5 13.913515090942383 4
      vertex 9.257884979248047 15.124667167663574 4
      vertex 2.5 15.375 4
    endloop
  endfacet
  facet normal 0 0 1
    outer loop
      vertex 9.257884979248047 15.124667167663574 4
      vertex 2.5 13.913515090942383 4
      vertex 9.267711639404297 15.062625885009766 4
    endloop
  endfacet
  facet normal 0 0 1
    outer loop
      vertex 9.267711639404297 15.062625885009766 4
      vertex 2.5 13.913515090942383 4
      vertex 9.281416893005371 15.001310348510742 4
    endloop
  endfacet
  facet normal 0 0 1
    outer loop
      vertex 9.281416893005371 15.001310348510742 4
      vertex 2.5 13.913515090942383 4
      vertex 9.298944473266602 14.940980911254883 4
    endloop
  endfacet
  facet normal 0 0 1
    outer loop
      vertex 9.298944473266602 14.940980911254883 4
      vertex 2.5 13.913515090942383 4
      vertex 9.320223808288574 14.881875038146973 4
    endloop
  endfacet
  facet normal 0 0 1
    outer loop
      vertex 9.521031379699707 14.565452575683594 4
      vertex 2.5 13.913515090942383 4
      vertex 13.913515090942383 2.5 4
    endloop
  endfacet
  facet normal 0 0 1
    outer loop
      vertex 16.375 39.5 4
      vertex 34.875 39.5 4
      vertex 34.875 41 4
    endloop
  endfacet
  facet normal 0 0 1
    outer loop
      vertex 34.875 39.5 4
      vertex 31.75 30.75 4
      vertex 34.875 1.5 4
    endloop
  endfacet
  facet normal 0 0 1
    outer loop
      vertex 31.75 10.25 4
      vertex 34.875 1.5 4
      vertex 31.75 30.75 4
    endloop
  endfacet
  facet normal 0 0 1
    outer loop
      vertex 16.375 41 4
      vertex 34.875 41 4
      vertex 34.876976013183594 41.06278991699219 4
    endloop
  endfacet
  facet normal 0 0 1
    outer loop
      vertex 16.37302589416504 41.06278991699219 4
      vertex 34.876976013183594 41.06278991699219 4
      vertex 34.88288497924805 41.12533187866211 4
    endloop
  endfacet
  facet normal 0 0 1
    outer loop
      vertex 16.367115020751953 41.12533187866211 4
      vertex 34.88288497924805 41.12533187866211 4
      vertex 34.89271545410156 41.187381744384766 4
    endloop
  endfacet
  facet normal 0 0 1
    outer loop
      vertex 16.35728645324707 41.187381744384766 4
      vertex 34.89271545410156 41.187381744384766 4
      vertex 34.90641784667969 41.248687744140625 4
    endloop
  endfacet
  facet normal 0 0 1
    outer loop
      vertex 16.343582153320312 41.248687744140625 4
      vertex 34.90641784667969 41.248687744140625 4
      vertex 34.92394256591797 41.309017181396484 4
    endloop
  endfacet
  facet normal 0 0 1
    outer loop
      vertex 34.875 39.5 4
      vertex 31.74802589416504 30.81279754638672 4
      vertex 31.75 30.75 4
    endloop
  endfacet
  facet normal 0 0 1
    outer loop
      vertex 34.875 39.5 4
      vertex 31.742115020751953 30.87533187866211 4
      vertex 31.74802589416504 30.81279754638672 4
    endloop
  endfacet
  facet normal 0 0 1
    outer loop
      vertex 34.875 39.5 4
      vertex 31.732288360595703 30.937374114990234 4
      vertex 31.742115020751953 30.87533187866211 4
    endloop
  endfacet
  facet normal 0 0 1
    outer loop
      vertex 34.875 39.5 4
      vertex 31.718582153320312 30.998689651489258 4
      vertex 31.732288360595703 30.937374114990234 4
    endloop
  endfacet
  facet normal 0 0 1
    outer loop
      vertex 34.875 39.5 4
      vertex 31.7010555267334 31.059019088745117 4
      vertex 31.718582153320312 30.998689651489258 4
    endloop
  endfacet
  facet normal 0 0 1
    outer loop
      vertex 34.875 39.5 4
      vertex 31.67977523803711 31.118125915527344 4
      vertex 31.7010555267334 31.059019088745117 4
    endloop
  endfacet
  facet normal 0 0 1
    outer loop
      vertex 34.875 39.5 4
      vertex 31.654827117919922 31.1757755279541 4
      vertex 31.67977523803711 31.118125915527344 4
    endloop
  endfacet
  facet normal 0 0 1
    outer loop
      vertex 34.875 39.5 4
      vertex 31.626306533813477 31.231754302978516 4
      vertex 31.654827117919922 31.1757755279541 4
    endloop
  endfacet
  facet normal 0 0 1
    outer loop
      vertex 34.875 39.5 4
      vertex 31.594324111938477 31.285831451416016 4
      vertex 31.626306533813477 31.231754302978516 4
    endloop
  endfacet
  facet normal 0 0 1
    outer loop
      vertex 34.875 39.5 4
      vertex 31.559017181396484 31.337785720825195 4
      vertex 31.594324111938477 31.285831451416016 4
    endloop
  endfacet
  facet normal 0 0 1
    outer loop
      vertex 34.875 39.5 4
      vertex 31.5205135345459 31.387422561645508 4
      vertex 31.559017181396484 31.337785720825195 4
    endloop
  endfacet
  facet normal 0 0 1
    outer loop
      vertex 34.875 39.5 4
      vertex 31.47896957397461 31.434547424316406 4
      vertex 31.5205135345459 31.387422561645508 4
    endloop
  endfacet
  facet normal 0 0 1
    outer loop
      vertex 34.875 39.5 4
      vertex 31.434547424316406 31.47896957397461 4
      vertex 31.47896957397461 31.434547424316406 4
    endloop
  endfacet
  facet normal 0 0 1
    outer loop
      vertex 34.875 39.5 4
      vertex 31.387422561645508 31.5205135345459 4
      vertex 31.434547424316406 31.47896957397461 4
    endloop
  endfacet
  facet normal 0 0 1
    outer loop
      vertex 16.32605743408203 41.309017181396484 4
      vertex 34.92394256591797 41.309017181396484 4
      vertex 34.94522476196289 41.368125915527344 4
    endloop
  endfacet
  facet normal 0 0 1
    outer loop
      vertex 34.875 39.5 4
      vertex 31.337785720825195 31.559017181396484 4
      vertex 31.387422561645508 31.5205135345459 4
    endloop
  endfacet
  facet normal 0 0 1
    outer loop
      vertex 34.875 39.5 4
      vertex 31.285831451416016 31.594324111938477 4
      vertex 31.337785720825195 31.559017181396484 4
    endloop
  endfacet
  facet normal 0 0 1
    outer loop
      vertex 34.875 39.5 4
      vertex 31.231754302978516 31.626306533813477 4
      vertex 31.285831451416016 31.594324111938477 4
    endloop
  endfacet
  facet normal 0 0 1
    outer loop
      vertex 34.875 39.5 4
      vertex 31.1757755279541 31.654827117919922 4
      vertex 31.231754302978516 31.626306533813477 4
    endloop
  endfacet
  facet normal 0 0 1
    outer loop
      vertex 34.875 39.5 4
      vertex 31.118125915527344 31.67977523803711 4
      vertex 31.1757755279541 31.654827117919922 4
    endloop
  endfacet
  facet normal 0 0 1
    outer loop
      vertex 34.875 39.5 4
      vertex 31.059019088745117 31.7010555267334 4
      vertex 31.118125915527344 31.67977523803711 4
    endloop
  endfacet
  facet normal 0 0 1
    outer loop
      vertex 34.875 39.5 4
      vertex 30.998689651489258 31.718582153320312 4
      vertex 31.059019088745117 31.7010555267334 4
    endloop
  endfacet
  facet normal 0 0 1
    outer loop
      vertex 34.875 39.5 4
      vertex 30.937374114990234 31.732288360595703 4
      vertex 30.998689651489258 31.718582153320312 4
    endloop
  endfacet
  facet normal 0 0 1
    outer loop
      vertex 34.875 39.5 4
      vertex 30.87533187866211 31.742115020751953 4
      vertex 30.937374114990234 31.732288360595703 4
    endloop
  endfacet
  facet normal 0 0 1
    outer loop
      vertex 34.875 39.5 4
      vertex 30.81279754638672 31.74802589416504 4
      vertex 30.87533187866211 31.742115020751953 4
    endloop
  endfacet
  facet normal 0 0 1
    outer loop
      vertex 34.875 39.5 4
      vertex 30.75 31.75 4
      vertex 30.81279754638672 31.74802589416504 4
    endloop
  endfacet
  facet normal 0 0 1
    outer loop
      vertex 16.30477523803711 41.368125915527344 4
      vertex 34.94522476196289 41.368125915527344 4
      vertex 34.97017288208008 41.425777435302734 4
    endloop
  endfacet
  facet normal 0 0 1
    outer loop
      vertex 34.875 41 4
      vertex 16.375 41 4
      vertex 16.375 39.5 4
    endloop
  endfacet
  facet normal 0 0 1
    outer loop
      vertex 16.279827117919922 41.425777435302734 4
      vertex 34.97017288208008 41.425777435302734 4
      vertex 34.998695373535156 41.481754302978516 4
    endloop
  endfacet
  facet normal 0 0 1
    outer loop
      vertex 16.251306533813477 41.481754302978516 4
      vertex 34.998695373535156 41.481754302978516 4
      vertex 35.03067398071289 41.53582763671875 4
    endloop
  endfacet
  facet normal 0 0 1
    outer loop
      vertex 16.21932601928711 41.53582763671875 4
      vertex 35.03067398071289 41.53582763671875 4
      vertex 35.065982818603516 41.58778381347656 4
    endloop
  endfacet
  facet normal 0 0 1
    outer loop
      vertex 16.184017181396484 41.58778381347656 4
      vertex 35.065982818603516 41.58778381347656 4
      vertex 35.104488372802734 41.63742446899414 4
    endloop
  endfacet
  facet normal 0 0 1
    outer loop
      vertex 16.145511627197266 41.63742446899414 4
      vertex 35.104488372802734 41.63742446899414 4
      vertex 35.14603042602539 41.684547424316406 4
    endloop
  endfacet
  facet normal 0 0 1
    outer loop
      vertex 16.10396957397461 41.684547424316406 4
      vertex 35.14603042602539 41.684547424316406 4
      vertex 35.190452575683594 41.72896957397461 4
    endloop
  endfacet
  facet normal 0 0 1
    outer loop
      vertex 16.059547424316406 41.72896957397461 4
      vertex 35.190452575683594 41.72896957397461 4
      vertex 35.23757553100586 41.770511627197266 4
    endloop
  endfacet
  facet normal 0 0 1
    outer loop
      vertex 16.01242446899414 41.770511627197266 4
      vertex 35.23757553100586 41.770511627197266 4
      vertex 35.28721618652344 41.809017181396484 4
    endloop
  endfacet
  facet normal 0 0 1
    outer loop
      vertex 15.962784767150879 41.809017181396484 4
      vertex 35.28721618652344 41.809017181396484 4
      vertex 35.33917236328125 41.84432601928711 4
    endloop
  endfacet
  facet normal 0 0 1
    outer loop
      vertex 15.910826683044434 41.84432601928711 4
      vertex 35.33917236328125 41.84432601928711 4
      vertex 35.393245697021484 41.876304626464844 4
    endloop
  endfacet
  facet normal 0 0 1
    outer loop
      vertex 15.8567533493042 41.876304626464844 4
      vertex 35.393245697021484 41.876304626464844 4
      vertex 35.449222564697266 41.90482711791992 4
    endloop
  endfacet
  facet normal 0 0 1
    outer loop
      vertex 15.80077838897705 41.90482711791992 4
      vertex 35.449222564697266 41.90482711791992 4
      vertex 35.506874084472656 41.92977523803711 4
    endloop
  endfacet
  facet normal 0 0 1
    outer loop
      vertex 15.743124008178711 41.92977523803711 4
      vertex 35.506874084472656 41.92977523803711 4
      vertex 35.565982818603516 41.95105743408203 4
    endloop
  endfacet
  facet normal 0 0 1
    outer loop
      vertex 15.684016227722168 41.95105743408203 4
      vertex 35.565982818603516 41.95105743408203 4
      vertex 35.626312255859375 41.96858215332031 4
    endloop
  endfacet
  facet normal 0 0 1
    outer loop
      vertex 15.623689651489258 41.96858215332031 4
      vertex 35.626312255859375 41.96858215332031 4
      vertex 35.687618255615234 41.98228454589844 4
    endloop
  endfacet
  facet normal 0 0 1
    outer loop
      vertex 15.56238079071045 41.98228454589844 4
      vertex 35.687618255615234 41.98228454589844 4
      vertex 35.74966812133789 41.99211502075195 4
    endloop
  endfacet
  facet normal 0 0 1
    outer loop
      vertex 15.500332832336426 41.99211502075195 4
      vertex 35.74966812133789 41.99211502075195 4
      vertex 35.81221008300781 41.998023986816406 4
    endloop
  endfacet
  facet normal 0 0 1
    outer loop
      vertex 34.876976013183594 41.06278991699219 4
      vertex 16.37302589416504 41.06278991699219 4
      vertex 16.375 41 4
    endloop
  endfacet
  facet normal 0 0 1
    outer loop
      vertex 34.88288497924805 41.12533187866211 4
      vertex 16.367115020751953 41.12533187866211 4
      vertex 16.37302589416504 41.06278991699219 4
    endloop
  endfacet
  facet normal 0 0 1
    outer loop
      vertex 34.89271545410156 41.187381744384766 4
      vertex 16.35728645324707 41.187381744384766 4
      vertex 16.367115020751953 41.12533187866211 4
    endloop
  endfacet
  facet normal 0 0 1
    outer loop
      vertex 34.90641784667969 41.248687744140625 4
      vertex 16.343582153320312 41.248687744140625 4
      vertex 16.35728645324707 41.187381744384766 4
    endloop
  endfacet
  facet normal 0 0 1
    outer loop
      vertex 34.92394256591797 41.309017181396484 4
      vertex 16.32605743408203 41.309017181396484 4
      vertex 16.343582153320312 41.248687744140625 4
    endloop
  endfacet
  facet normal 0 0 1
    outer loop
      vertex 34.94522476196289 41.368125915527344 4
      vertex 16.30477523803711 41.368125915527344 4
      vertex 16.32605743408203 41.309017181396484 4
    endloop
  endfacet
  facet normal 0 0 1
    outer loop
      vertex 34.97017288208008 41.425777435302734 4
      vertex 16.279827117919922 41.425777435302734 4
      vertex 16.30477523803711 41.368125915527344 4
    endloop
  endfacet
  facet normal 0 0 1
    outer loop
      vertex 15.437789916992188 41.998023986816406 4
      vertex 35.81221008300781 41.998023986816406 4
      vertex 35.875 42 4
    endloop
  endfacet
  facet normal 0 0 1
    outer loop
      vertex 34.998695373535156 41.481754302978516 4
      vertex 16.251306533813477 41.481754302978516 4
      vertex 16.279827117919922 41.425777435302734 4
    endloop
  endfacet
  facet normal 0 0 1
    outer loop
      vertex 35.03067398071289 41.53582763671875 4
      vertex 16.21932601928711 41.53582763671875 4
      vertex 16.251306533813477 41.481754302978516 4
    endloop
  endfacet
  facet normal 0 0 1
    outer loop
      vertex 35.065982818603516 41.58778381347656 4
      vertex 16.184017181396484 41.58778381347656 4
      vertex 16.21932601928711 41.53582763671875 4
    endloop
  endfacet
  facet normal 0 0 1
    outer loop
      vertex 35.104488372802734 41.63742446899414 4
      vertex 16.145511627197266 41.63742446899414 4
      vertex 16.184017181396484 41.58778381347656 4
    endloop
  endfacet
  facet normal 0 0 1
    outer loop
      vertex 35.14603042602539 41.684547424316406 4
      vertex 16.10396957397461 41.684547424316406 4
      vertex 16.145511627197266 41.63742446899414 4
    endloop
  endfacet
  facet normal 0 0 1
    outer loop
      vertex 35.190452575683594 41.72896957397461 4
      vertex 16.059547424316406 41.72896957397461 4
      vertex 16.10396957397461 41.684547424316406 4
    endloop
  endfacet
  facet normal 0 0 1
    outer loop
      vertex 35.23757553100586 41.770511627197266 4
      vertex 16.01242446899414 41.770511627197266 4
      vertex 16.059547424316406 41.72896957397461 4
    endloop
  endfacet
  facet normal 0 0 1
    outer loop
      vertex 35.28721618652344 41.809017181396484 4
      vertex 15.962784767150879 41.809017181396484 4
      vertex 16.01242446899414 41.770511627197266 4
    endloop
  endfacet
  facet normal 0 0 1
    outer loop
      vertex 35.33917236328125 41.84432601928711 4
      vertex 15.910826683044434 41.84432601928711 4
      vertex 15.962784767150879 41.809017181396484 4
    endloop
  endfacet
  facet normal 0 0 1
    outer loop
      vertex 35.393245697021484 41.876304626464844 4
      vertex 15.8567533493042 41.876304626464844 4
      vertex 15.910826683044434 41.84432601928711 4
    endloop
  endfacet
  facet normal 0 0 1
    outer loop
      vertex 35.449222564697266 41.90482711791992 4
      vertex 15.80077838897705 41.90482711791992 4
      vertex 15.8567533493042 41.876304626464844 4
    endloop
  endfacet
  facet normal 0 0 1
    outer loop
      vertex 35.506874084472656 41.92977523803711 4
      vertex 15.743124008178711 41.92977523803711 4
      vertex 15.80077838897705 41.90482711791992 4
    endloop
  endfacet
  facet normal 0 0 1
    outer loop
      vertex 35.565982818603516 41.95105743408203 4
      vertex 15.684016227722168 41.95105743408203 4
      vertex 15.743124008178711 41.92977523803711 4
    endloop
  endfacet
  facet normal 0 0 1
    outer loop
      vertex 35.626312255859375 41.96858215332031 4
      vertex 15.623689651489258 41.96858215332031 4
      vertex 15.684016227722168 41.95105743408203 4
    endloop
  endfacet
  facet normal 0 0 1
    outer loop
      vertex 35.687618255615234 41.98228454589844 4
      vertex 15.56238079071045 41.98228454589844 4
      vertex 15.623689651489258 41.96858215332031 4
    endloop
  endfacet
  facet normal 0 0 1
    outer loop
      vertex 35.74966812133789 41.99211502075195 4
      vertex 15.500332832336426 41.99211502075195 4
      vertex 15.56238079071045 41.98228454589844 4
    endloop
  endfacet
  facet normal 0 0 1
    outer loop
      vertex 35.81221008300781 41.998023986816406 4
      vertex 15.437789916992188 41.998023986816406 4
      vertex 15.500332832336426 41.99211502075195 4
    endloop
  endfacet
  facet normal 0 0 1
    outer loop
      vertex 15.437789916992188 41.998023986816406 4
      vertex 35.875 42 4
      vertex 15.375 42 4
    endloop
  endfacet
  facet normal 0 0 1
    outer loop
      vertex 35.875 38.5 4
      vertex 38.5 35.875 4
      vertex 38.5 38.5 4
    endloop
  endfacet
  facet normal 0 0 1
    outer loop
      vertex 35.81221008300781 38.501976013183594 4
      vertex 38.5 35.875 4
      vertex 35.875 38.5 4
    endloop
  endfacet
  facet normal 0 0 1
    outer loop
      vertex 35.74966812133789 38.50788497924805 4
      vertex 38.5 35.875 4
      vertex 35.81221008300781 38.501976013183594 4
    endloop
  endfacet
  facet normal 0 0 1
    outer loop
      vertex 38.5 15.375 4
      vertex 35.875 2.5 4
      vertex 38.5 2.5 4
    endloop
  endfacet
  facet normal 0 0 1
    outer loop
      vertex 35.687618255615234 38.51771545410156 4
      vertex 38.5 35.875 4
      vertex 35.74966812133789 38.50788497924805 4
    endloop
  endfacet
  facet normal 0 0 1
    outer loop
      vertex 38.5 15.375 4
      vertex 35.81221008300781 2.498025894165039 4
      vertex 35.875 2.5 4
    endloop
  endfacet
  facet normal 0 0 1
    outer loop
      vertex 35.626312255859375 38.53141784667969 4
      vertex 38.5 35.875 4
      vertex 35.687618255615234 38.51771545410156 4
    endloop
  endfacet
  facet normal 0 0 1
    outer loop
      vertex 38.5 15.375 4
      vertex 35.74966812133789 2.4921140670776367 4
      vertex 35.81221008300781 2.498025894165039 4
    endloop
  endfacet
  facet normal 0 0 1
    outer loop
      vertex 35.565982818603516 38.54894256591797 4
      vertex 38.5 35.875 4
      vertex 35.626312255859375 38.53141784667969 4
    endloop
  endfacet
  facet normal 0 0 1
    outer loop
      vertex 38.5 15.375 4
      vertex 35.687618255615234 2.4822864532470703 4
      vertex 35.74966812133789 2.4921140670776367 4
    endloop
  endfacet
  facet normal 0 0 1
    outer loop
      vertex 35.506874084472656 38.57022476196289 4
      vertex 38.5 35.875 4
      vertex 35.565982818603516 38.54894256591797 4
    endloop
  endfacet
  facet normal 0 0 1
    outer loop
      vertex 38.5 15.375 4
      vertex 35.626312255859375 2.468583106994629 4
      vertex 35.687618255615234 2.4822864532470703 4
    endloop
  endfacet
  facet normal 0 0 1
    outer loop
      vertex 35.449222564697266 38.59517288208008 4
      vertex 38.5 35.875 4
      vertex 35.506874084472656 38.57022476196289 4
    endloop
  endfacet
  facet normal 0 0 1
    outer loop
      vertex 38.5 15.375 4
      vertex 35.565982818603516 2.451056480407715 4
      vertex 35.626312255859375 2.468583106994629 4
    endloop
  endfacet
  facet normal 0 0 1
    outer loop
      vertex 35.393245697021484 38.623695373535156 4
      vertex 38.5 35.875 4
      vertex 35.449222564697266 38.59517288208008 4
    endloop
  endfacet
  facet normal 0 0 1
    outer loop
      vertex 38.5 15.375 4
      vertex 35.506874084472656 2.429776191711426 4
      vertex 35.565982818603516 2.451056480407715 4
    endloop
  endfacet
  facet normal 0 0 1
    outer loop
      vertex 35.33917236328125 38.65567398071289 4
      vertex 38.5 35.875 4
      vertex 35.393245697021484 38.623695373535156 4
    endloop
  endfacet
  facet normal 0 0 1
    outer loop
      vertex 38.5 15.375 4
      vertex 35.449222564697266 2.4048261642456055 4
      vertex 35.506874084472656 2.429776191711426 4
    endloop
  endfacet
  facet normal 0 0 1
    outer loop
      vertex 38.5 35.875 4
      vertex 35.33917236328125 38.65567398071289 4
      vertex 38.5 15.375 4
    endloop
  endfacet
  facet normal 0 0 1
    outer loop
      vertex 38.5 15.375 4
      vertex 35.393245697021484 2.3763065338134766 4
      vertex 35.449222564697266 2.4048261642456055 4
    endloop
  endfacet
  facet normal 0 0 1
    outer loop
      vertex 35.28721618652344 38.690982818603516 4
      vertex 38.5 15.375 4
      vertex 35.33917236328125 38.65567398071289 4
    endloop
  endfacet
  facet normal 0 0 1
    outer loop
      vertex 38.5 15.375 4
      vertex 35.33917236328125 2.344326972961426 4
      vertex 35.393245697021484 2.3763065338134766 4
    endloop
  endfacet
  facet normal 0 0 1
    outer loop
      vertex 35.23757553100586 38.729488372802734 4
      vertex 38.5 15.375 4
      vertex 35.28721618652344 38.690982818603516 4
    endloop
  endfacet
  facet normal 0 0 1
    outer loop
      vertex 38.5 15.375 4
      vertex 35.28721618652344 2.309016227722168 4
      vertex 35.33917236328125 2.344326972961426 4
    endloop
  endfacet
  facet normal 0 0 1
    outer loop
      vertex 35.190452575683594 38.77103042602539 4
      vertex 38.5 15.375 4
      vertex 35.23757553100586 38.729488372802734 4
    endloop
  endfacet
  facet normal 0 0 1
    outer loop
      vertex 38.5 15.375 4
      vertex 35.23757553100586 2.270512580871582 4
      vertex 35.28721618652344 2.309016227722168 4
    endloop
  endfacet
  facet normal 0 0 1
    outer loop
      vertex 35.14603042602539 38.815452575683594 4
      vertex 38.5 15.375 4
      vertex 35.190452575683594 38.77103042602539 4
    endloop
  endfacet
  facet normal 0 0 1
    outer loop
      vertex 38.5 15.375 4
      vertex 35.190452575683594 2.228968620300293 4
      vertex 35.23757553100586 2.270512580871582 4
    endloop
  endfacet
  facet normal 0 0 1
    outer loop
      vertex 35.104488372802734 38.86257553100586 4
      vertex 38.5 15.375 4
      vertex 35.14603042602539 38.815452575683594 4
    endloop
  endfacet
  facet normal 0 0 1
    outer loop
      vertex 38.5 15.375 4
      vertex 35.14603042602539 2.18454647064209 4
      vertex 35.190452575683594 2.228968620300293 4
    endloop
  endfacet
  facet normal 0 0 1
    outer loop
      vertex 35.065982818603516 38.91221618652344 4
      vertex 38.5 15.375 4
      vertex 35.104488372802734 38.86257553100586 4
    endloop
  endfacet
  facet normal 0 0 1
    outer loop
      vertex 38.5 15.375 4
      vertex 35.104488372802734 2.137423515319824 4
      vertex 35.14603042602539 2.18454647064209 4
    endloop
  endfacet
  facet normal 0 0 1
    outer loop
      vertex 35.03067398071289 38.96417236328125 4
      vertex 38.5 15.375 4
      vertex 35.065982818603516 38.91221618652344 4
    endloop
  endfacet
  facet normal 0 0 1
    outer loop
      vertex 38.5 15.375 4
      vertex 35.065982818603516 2.087784767150879 4
      vertex 35.104488372802734 2.137423515319824 4
    endloop
  endfacet
  facet normal 0 0 1
    outer loop
      vertex 34.998695373535156 39.018245697021484 4
      vertex 38.5 15.375 4
      vertex 35.03067398071289 38.96417236328125 4
    endloop
  endfacet
  facet normal 0 0 1
    outer loop
      vertex 38.5 15.375 4
      vertex 35.03067398071289 2.0358266830444336 4
      vertex 35.065982818603516 2.087784767150879 4
    endloop
  endfacet
  facet normal 0 0 1
    outer loop
      vertex 34.97017288208008 39.074222564697266 4
      vertex 38.5 15.375 4
      vertex 34.998695373535156 39.018245697021484 4
    endloop
  endfacet
  facet normal 0 0 1
    outer loop
      vertex 38.5 15.375 4
      vertex 34.998695373535156 1.9817533493041992 4
      vertex 35.03067398071289 2.0358266830444336 4
    endloop
  endfacet
  facet normal 0 0 1
    outer loop
      vertex 34.97017288208008 1.9257783889770508 4
      vertex 38.5 15.375 4
      vertex 34.97017288208008 39.074222564697266 4
    endloop
  endfacet
  facet normal 0 0 1
    outer loop
      vertex 38.5 15.375 4
      vertex 34.97017288208008 1.9257783889770508 4
      vertex 34.998695373535156 1.9817533493041992 4
    endloop
  endfacet
  facet normal 0 0 1
    outer loop
      vertex 34.94522476196289 39.131874084472656 4
      vertex 34.97017288208008 1.9257783889770508 4
      vertex 34.97017288208008 39.074222564697266 4
    endloop
  endfacet
  facet normal 0 0 1
    outer loop
      vertex 34.94522476196289 39.131874084472656 4
      vertex 34.94522476196289 1.868124008178711 4
      vertex 34.97017288208008 1.9257783889770508 4
    endloop
  endfacet
  facet normal 0 0 1
    outer loop
      vertex 34.92394256591797 39.190982818603516 4
      vertex 34.94522476196289 1.868124008178711 4
      vertex 34.94522476196289 39.131874084472656 4
    endloop
  endfacet
  facet normal 0 0 1
    outer loop
      vertex 34.92394256591797 39.190982818603516 4
      vertex 34.92394256591797 1.809016227722168 4
      vertex 34.94522476196289 1.868124008178711 4
    endloop
  endfacet
  facet normal 0 0 1
    outer loop
      vertex 34.90641784667969 39.251312255859375 4
      vertex 34.92394256591797 1.809016227722168 4
      vertex 34.92394256591797 39.190982818603516 4
    endloop
  endfacet
  facet normal 0 0 1
    outer loop
      vertex 34.90641784667969 39.251312255859375 4
      vertex 34.90641784667969 1.7486896514892578 4
      vertex 34.92394256591797 1.809016227722168 4
    endloop
  endfacet
  facet normal 0 0 1
    outer loop
      vertex 34.89271545410156 39.312618255615234 4
      vertex 34.90641784667969 1.7486896514892578 4
      vertex 34.90641784667969 39.251312255859375 4
    endloop
  endfacet
  facet normal 0 0 1
    outer loop
      vertex 34.89271545410156 39.312618255615234 4
      vertex 34.89271545410156 1.6873807907104492 4
      vertex 34.90641784667969 1.7486896514892578 4
    endloop
  endfacet
  facet normal 0 0 1
    outer loop
      vertex 34.88288497924805 39.37466812133789 4
      vertex 34.89271545410156 1.6873807907104492 4
      vertex 34.89271545410156 39.312618255615234 4
    endloop
  endfacet
  facet normal 0 0 1
    outer loop
      vertex 34.88288497924805 39.37466812133789 4
      vertex 34.88288497924805 1.6253328323364258 4
      vertex 34.89271545410156 1.6873807907104492 4
    endloop
  endfacet
  facet normal 0 0 1
    outer loop
      vertex 34.876976013183594 39.43721008300781 4
      vertex 34.88288497924805 1.6253328323364258 4
      vertex 34.88288497924805 39.37466812133789 4
    endloop
  endfacet
  facet normal 0 0 1
    outer loop
      vertex 34.876976013183594 39.43721008300781 4
      vertex 34.876976013183594 1.5627899169921875 4
      vertex 34.88288497924805 1.6253328323364258 4
    endloop
  endfacet
  facet normal 0 0 1
    outer loop
      vertex 34.875 39.5 4
      vertex 34.876976013183594 1.5627899169921875 4
      vertex 34.876976013183594 39.43721008300781 4
    endloop
  endfacet
  facet normal 0 0 1
    outer loop
      vertex 34.876976013183594 1.5627899169921875 4
      vertex 34.875 39.5 4
      vertex 34.875 1.5 4
    endloop
  endfacet
  facet normal 0 0 1
    outer loop
      vertex 41.998023986816406 35.81221008300781 4
      vertex 42 15.375 4
      vertex 42 35.875 4
    endloop
  endfacet
  facet normal 0 0 1
    outer loop
      vertex 41.998023986816406 35.81221008300781 4
      vertex 41.998023986816406 15.437789916992188 4
      vertex 42 15.375 4
    endloop
  endfacet
  facet normal 0 0 1
    outer loop
      vertex 41.99211502075195 35.74966812133789 4
      vertex 41.998023986816406 15.437789916992188 4
      vertex 41.998023986816406 35.81221008300781 4
    endloop
  endfacet
  facet normal 0 0 1
    outer loop
      vertex 41.99211502075195 35.74966812133789 4
      vertex 41.99211502075195 15.500332832336426 4
      vertex 41.998023986816406 15.437789916992188 4
    endloop
  endfacet
  facet normal 0 0 1
    outer loop
      vertex 41.98228454589844 35.687618255615234 4
      vertex 41.99211502075195 15.500332832336426 4
      vertex 41.99211502075195 35.74966812133789 4
    endloop
  endfacet
  facet normal 0 0 1
    outer loop
      vertex 41.98228454589844 35.687618255615234 4
      vertex 41.98228454589844 15.56238079071045 4
      vertex 41.99211502075195 15.500332832336426 4
    endloop
  endfacet
  facet normal 0 0 1
    outer loop
      vertex 41.96858215332031 35.626312255859375 4
      vertex 41.98228454589844 15.56238079071045 4
      vertex 41.98228454589844 35.687618255615234 4
    endloop
  endfacet
  facet normal 0 0 1
    outer loop
      vertex 41.96858215332031 35.626312255859375 4
      vertex 41.96858215332031 15.623689651489258 4
      vertex 41.98228454589844 15.56238079071045 4
    endloop
  endfacet
  facet normal 0 0 1
    outer loop
      vertex 41.95105743408203 35.565982818603516 4
      vertex 41.96858215332031 15.623689651489258 4
      vertex 41.96858215332031 35.626312255859375 4
    endloop
  endfacet
  facet normal 0 0 1
    outer loop
      vertex 41.95105743408203 35.565982818603516 4
      vertex 41.95105743408203 15.684016227722168 4
      vertex 41.96858215332031 15.623689651489258 4
    endloop
  endfacet
  facet normal 0 0 1
    outer loop
      vertex 41.92977523803711 35.506874084472656 4
      vertex 41.95105743408203 15.684016227722168 4
      vertex 41.95105743408203 35.565982818603516 4
    endloop
  endfacet
  facet normal 0 0 1
    outer loop
      vertex 41.92977523803711 35.506874084472656 4
      vertex 41.92977523803711 15.743124008178711 4
      vertex 41.95105743408203 15.684016227722168 4
    endloop
  endfacet
  facet normal 0 0 1
    outer loop
      vertex 41.90482711791992 35.449222564697266 4
      vertex 41.92977523803711 15.743124008178711 4
      vertex 41.92977523803711 35.506874084472656 4
    endloop
  endfacet
  facet normal 0 0 1
    outer loop
      vertex 41.90482711791992 35.449222564697266 4
      vertex 41.90482711791992 15.80077838897705 4
      vertex 41.92977523803711 15.743124008178711 4
    endloop
  endfacet
  facet normal 0 0 1
    outer loop
      vertex 41.876304626464844 35.393245697021484 4
      vertex 41.90482711791992 15.80077838897705 4
      vertex 41.90482711791992 35.449222564697266 4
    endloop
  endfacet
  facet normal 0 0 1
    outer loop
      vertex 41.876304626464844 35.393245697021484 4
      vertex 41.876304626464844 15.8567533493042 4
      vertex 41.90482711791992 15.80077838897705 4
    endloop
  endfacet
  facet normal 0 0 1
    outer loop
      vertex 41.84432601928711 35.33917236328125 4
      vertex 41.876304626464844 15.8567533493042 4
      vertex 41.876304626464844 35.393245697021484 4
    endloop
  endfacet
  facet normal 0 0 1
    outer loop
      vertex 41.84432601928711 35.33917236328125 4
      vertex 41.84432601928711 15.910826683044434 4
      vertex 41.876304626464844 15.8567533493042 4
    endloop
  endfacet
  facet normal 0 0 1
    outer loop
      vertex 41.809017181396484 35.28721618652344 4
      vertex 41.84432601928711 15.910826683044434 4
      vertex 41.84432601928711 35.33917236328125 4
    endloop
  endfacet
  facet normal 0 0 1
    outer loop
      vertex 41.809017181396484 35.28721618652344 4
      vertex 41.809017181396484 15.962784767150879 4
      vertex 41.84432601928711 15.910826683044434 4
    endloop
  endfacet
  facet normal 0 0 1
    outer loop
      vertex 41.770511627197266 35.23757553100586 4
      vertex 41.809017181396484 15.962784767150879 4
      vertex 41.809017181396484 35.28721618652344 4
    endloop
  endfacet
  facet normal 0 0 1
    outer loop
      vertex 41.770511627197266 35.23757553100586 4
      vertex 41.770511627197266 16.01242446899414 4
      vertex 41.809017181396484 15.962784767150879 4
    endloop
  endfacet
  facet normal 0 0 1
    outer loop
      vertex 41.72896957397461 35.190452575683594 4
      vertex 41.770511627197266 16.01242446899414 4
      vertex 41.770511627197266 35.23757553100586 4
    endloop
  endfacet
  facet normal 0 0 1
    outer loop
      vertex 41.72896957397461 35.190452575683594 4
      vertex 41.72896957397461 16.059547424316406 4
      vertex 41.770511627197266 16.01242446899414 4
    endloop
  endfacet
  facet normal 0 0 1
    outer loop
      vertex 41.684547424316406 35.14603042602539 4
      vertex 41.72896957397461 16.059547424316406 4
      vertex 41.72896957397461 35.190452575683594 4
    endloop
  endfacet
  facet normal 0 0 1
    outer loop
      vertex 41.684547424316406 35.14603042602539 4
      vertex 41.684547424316406 16.10396957397461 4
      vertex 41.72896957397461 16.059547424316406 4
    endloop
  endfacet
  facet normal 0 0 1
    outer loop
      vertex 41.63742446899414 35.104488372802734 4
      vertex 41.684547424316406 16.10396957397461 4
      vertex 41.684547424316406 35.14603042602539 4
    endloop
  endfacet
  facet normal 0 0 1
    outer loop
      vertex 41.63742446899414 35.104488372802734 4
      vertex 41.63742446899414 16.145511627197266 4
      vertex 41.684547424316406 16.10396957397461 4
    endloop
  endfacet
  facet normal 0 0 1
    outer loop
      vertex 41.58778381347656 35.065982818603516 4
      vertex 41.63742446899414 16.145511627197266 4
      vertex 41.63742446899414 35.104488372802734 4
    endloop
  endfacet
  facet normal 0 0 1
    outer loop
      vertex 41.58778381347656 35.065982818603516 4
      vertex 41.58778381347656 16.184017181396484 4
      vertex 41.63742446899414 16.145511627197266 4
    endloop
  endfacet
  facet normal 0 0 1
    outer loop
      vertex 41.53582763671875 35.03067398071289 4
      vertex 41.58778381347656 16.184017181396484 4
      vertex 41.58778381347656 35.065982818603516 4
    endloop
  endfacet
  facet normal 0 0 1
    outer loop
      vertex 41.53582763671875 35.03067398071289 4
      vertex 41.53582763671875 16.21932601928711 4
      vertex 41.58778381347656 16.184017181396484 4
    endloop
  endfacet
  facet normal 0 0 1
    outer loop
      vertex 41.481754302978516 34.998695373535156 4
      vertex 41.53582763671875 16.21932601928711 4
      vertex 41.53582763671875 35.03067398071289 4
    endloop
  endfacet
  facet normal 0 0 1
    outer loop
      vertex 41.481754302978516 34.998695373535156 4
      vertex 41.481754302978516 16.251306533813477 4
      vertex 41.53582763671875 16.21932601928711 4
    endloop
  endfacet
  facet normal 0 0 1
    outer loop
      vertex 41.425777435302734 34.97017288208008 4
      vertex 41.481754302978516 16.251306533813477 4
      vertex 41.481754302978516 34.998695373535156 4
    endloop
  endfacet
  facet normal 0 0 1
    outer loop
      vertex 41.425777435302734 34.97017288208008 4
      vertex 41.425777435302734 16.279827117919922 4
      vertex 41.481754302978516 16.251306533813477 4
    endloop
  endfacet
  facet normal 0 0 1
    outer loop
      vertex 41.368125915527344 34.94522476196289 4
      vertex 41.425777435302734 16.279827117919922 4
      vertex 41.425777435302734 34.97017288208008 4
    endloop
  endfacet
  facet normal 0 0 1
    outer loop
      vertex 41.368125915527344 34.94522476196289 4
      vertex 41.368125915527344 16.30477523803711 4
      vertex 41.425777435302734 16.279827117919922 4
    endloop
  endfacet
  facet normal 0 0 1
    outer loop
      vertex 41.309017181396484 34.92394256591797 4
      vertex 41.368125915527344 16.30477523803711 4
      vertex 41.368125915527344 34.94522476196289 4
    endloop
  endfacet
  facet normal 0 0 1
    outer loop
      vertex 41.309017181396484 34.92394256591797 4
      vertex 41.309017181396484 16.32605743408203 4
      vertex 41.368125915527344 16.30477523803711 4
    endloop
  endfacet
  facet normal 0 0 1
    outer loop
      vertex 41.248687744140625 34.90641784667969 4
      vertex 41.309017181396484 16.32605743408203 4
      vertex 41.309017181396484 34.92394256591797 4
    endloop
  endfacet
  facet normal 0 0 1
    outer loop
      vertex 41.248687744140625 34.90641784667969 4
      vertex 41.248687744140625 16.343582153320312 4
      vertex 41.309017181396484 16.32605743408203 4
    endloop
  endfacet
  facet normal 0 0 1
    outer loop
      vertex 41.187381744384766 34.89271545410156 4
      vertex 41.248687744140625 16.343582153320312 4
      vertex 41.248687744140625 34.90641784667969 4
    endloop
  endfacet
  facet normal 0 0 1
    outer loop
      vertex 41.187381744384766 34.89271545410156 4
      vertex 41.187381744384766 16.35728645324707 4
      vertex 41.248687744140625 16.343582153320312 4
    endloop
  endfacet
  facet normal 0 0 1
    outer loop
      vertex 41.12533187866211 34.88288497924805 4
      vertex 41.187381744384766 16.35728645324707 4
      vertex 41.187381744384766 34.89271545410156 4
    endloop
  endfacet
  facet normal 0 0 1
    outer loop
      vertex 41.12533187866211 34.88288497924805 4
      vertex 41.12533187866211 16.367115020751953 4
      vertex 41.187381744384766 16.35728645324707 4
    endloop
  endfacet
  facet normal 0 0 1
    outer loop
      vertex 41.06278991699219 34.876976013183594 4
      vertex 41.12533187866211 16.367115020751953 4
      vertex 41.12533187866211 34.88288497924805 4
    endloop
  endfacet
  facet normal 0 0 1
    outer loop
      vertex 41.06278991699219 34.876976013183594 4
      vertex 41.06278991699219 16.37302589416504 4
      vertex 41.12533187866211 16.367115020751953 4
    endloop
  endfacet
  facet normal 0 0 1
    outer loop
      vertex 41 34.875 4
      vertex 41.06278991699219 16.37302589416504 4
      vertex 41.06278991699219 34.876976013183594 4
    endloop
  endfacet
  facet normal 0 0 1
    outer loop
      vertex 41 34.875 4
      vertex 41 16.375 4
      vertex 41.06278991699219 16.37302589416504 4
    endloop
  endfacet
  facet normal 0 0 1
    outer loop
      vertex 39.5 34.875 4
      vertex 41 16.375 4
      vertex 41 34.875 4
    endloop
  endfacet
  facet normal 0 0 1
    outer loop
      vertex 39.5 34.875 4
      vertex 39.5 16.375 4
      vertex 41 16.375 4
    endloop
  endfacet
  facet normal 0 0 1
    outer loop
      vertex 39.43721008300781 34.876976013183594 4
      vertex 39.5 16.375 4
      vertex 39.5 34.875 4
    endloop
  endfacet
  facet normal 0 0 1
    outer loop
      vertex 39.43721008300781 34.876976013183594 4
      vertex 39.43721008300781 16.37302589416504 4
      vertex 39.5 16.375 4
    endloop
  endfacet
  facet normal 0 0 1
    outer loop
      vertex 39.37466812133789 34.88288497924805 4
      vertex 39.43721008300781 16.37302589416504 4
      vertex 39.43721008300781 34.876976013183594 4
    endloop
  endfacet
  facet normal 0 0 1
    outer loop
      vertex 39.37466812133789 34.88288497924805 4
      vertex 39.37466812133789 16.367115020751953 4
      vertex 39.43721008300781 16.37302589416504 4
    endloop
  endfacet
  facet normal 0 0 1
    outer loop
      vertex 39.312618255615234 34.89271545410156 4
      vertex 39.37466812133789 16.367115020751953 4
      vertex 39.37466812133789 34.88288497924805 4
    endloop
  endfacet
  facet normal 0 0 1
    outer loop
      vertex 39.312618255615234 34.89271545410156 4
      vertex 39.312618255615234 16.35728645324707 4
      vertex 39.37466812133789 16.367115020751953 4
    endloop
  endfacet
  facet normal 0 0 1
    outer loop
      vertex 39.251312255859375 34.90641784667969 4
      vertex 39.312618255615234 16.35728645324707 4
      vertex 39.312618255615234 34.89271545410156 4
    endloop
  endfacet
  facet normal 0 0 1
    outer loop
      vertex 39.251312255859375 34.90641784667969 4
      vertex 39.251312255859375 16.343582153320312 4
      vertex 39.312618255615234 16.35728645324707 4
    endloop
  endfacet
  facet normal 0 0 1
    outer loop
      vertex 39.190982818603516 34.92394256591797 4
      vertex 39.251312255859375 16.343582153320312 4
      vertex 39.251312255859375 34.90641784667969 4
    endloop
  endfacet
  facet normal 0 0 1
    outer loop
      vertex 39.190982818603516 34.92394256591797 4
      vertex 39.190982818603516 16.32605743408203 4
      vertex 39.251312255859375 16.343582153320312 4
    endloop
  endfacet
  facet normal 0 0 1
    outer loop
      vertex 39.131874084472656 34.94522476196289 4
      vertex 39.190982818603516 16.32605743408203 4
      vertex 39.190982818603516 34.92394256591797 4
    endloop
  endfacet
  facet normal 0 0 1
    outer loop
      vertex 39.131874084472656 34.94522476196289 4
      vertex 39.131874084472656 16.30477523803711 4
      vertex 39.190982818603516 16.32605743408203 4
    endloop
  endfacet
  facet normal 0 0 1
    outer loop
      vertex 39.074222564697266 34.97017288208008 4
      vertex 39.131874084472656 16.30477523803711 4
      vertex 39.131874084472656 34.94522476196289 4
    endloop
  endfacet
  facet normal 0 0 1
    outer loop
      vertex 39.074222564697266 34.97017288208008 4
      vertex 39.074222564697266 16.279827117919922 4
      vertex 39.131874084472656 16.30477523803711 4
    endloop
  endfacet
  facet normal 0 0 1
    outer loop
      vertex 39.018245697021484 34.998695373535156 4
      vertex 39.074222564697266 16.279827117919922 4
      vertex 39.074222564697266 34.97017288208008 4
    endloop
  endfacet
  facet normal 0 0 1
    outer loop
      vertex 39.018245697021484 34.998695373535156 4
      vertex 39.018245697021484 16.251306533813477 4
      vertex 39.074222564697266 16.279827117919922 4
    endloop
  endfacet
  facet normal 0 0 1
    outer loop
      vertex 38.96417236328125 35.03067398071289 4
      vertex 39.018245697021484 16.251306533813477 4
      vertex 39.018245697021484 34.998695373535156 4
    endloop
  endfacet
  facet normal 0 0 1
    outer loop
      vertex 38.96417236328125 35.03067398071289 4
      vertex 38.96417236328125 16.21932601928711 4
      vertex 39.018245697021484 16.251306533813477 4
    endloop
  endfacet
  facet normal 0 0 1
    outer loop
      vertex 38.91221618652344 35.065982818603516 4
      vertex 38.96417236328125 16.21932601928711 4
      vertex 38.96417236328125 35.03067398071289 4
    endloop
  endfacet
  facet normal 0 0 1
    outer loop
      vertex 38.91221618652344 35.065982818603516 4
      vertex 38.91221618652344 16.184017181396484 4
      vertex 38.96417236328125 16.21932601928711 4
    endloop
  endfacet
  facet normal 0 0 1
    outer loop
      vertex 38.86257553100586 35.104488372802734 4
      vertex 38.91221618652344 16.184017181396484 4
      vertex 38.91221618652344 35.065982818603516 4
    endloop
  endfacet
  facet normal 0 0 1
    outer loop
      vertex 38.86257553100586 35.104488372802734 4
      vertex 38.86257553100586 16.145511627197266 4
      vertex 38.91221618652344 16.184017181396484 4
    endloop
  endfacet
  facet normal 0 0 1
    outer loop
      vertex 38.815452575683594 35.14603042602539 4
      vertex 38.86257553100586 16.145511627197266 4
      vertex 38.86257553100586 35.104488372802734 4
    endloop
  endfacet
  facet normal 0 0 1
    outer loop
      vertex 38.815452575683594 35.14603042602539 4
      vertex 38.815452575683594 16.10396957397461 4
      vertex 38.86257553100586 16.145511627197266 4
    endloop
  endfacet
  facet normal 0 0 1
    outer loop
      vertex 38.77103042602539 35.190452575683594 4
      vertex 38.815452575683594 16.10396957397461 4
      vertex 38.815452575683594 35.14603042602539 4
    endloop
  endfacet
  facet normal 0 0 1
    outer loop
      vertex 38.77103042602539 35.190452575683594 4
      vertex 38.77103042602539 16.059547424316406 4
      vertex 38.815452575683594 16.10396957397461 4
    endloop
  endfacet
  facet normal 0 0 1
    outer loop
      vertex 38.729488372802734 35.23757553100586 4
      vertex 38.77103042602539 16.059547424316406 4
      vertex 38.77103042602539 35.190452575683594 4
    endloop
  endfacet
  facet normal 0 0 1
    outer loop
      vertex 38.729488372802734 35.23757553100586 4
      vertex 38.729488372802734 16.01242446899414 4
      vertex 38.77103042602539 16.059547424316406 4
    endloop
  endfacet
  facet normal 0 0 1
    outer loop
      vertex 38.690982818603516 35.28721618652344 4
      vertex 38.729488372802734 16.01242446899414 4
      vertex 38.729488372802734 35.23757553100586 4
    endloop
  endfacet
  facet normal 0 0 1
    outer loop
      vertex 38.690982818603516 35.28721618652344 4
      vertex 38.690982818603516 15.962784767150879 4
      vertex 38.729488372802734 16.01242446899414 4
    endloop
  endfacet
  facet normal 0 0 1
    outer loop
      vertex 38.65567398071289 35.33917236328125 4
      vertex 38.690982818603516 15.962784767150879 4
      vertex 38.690982818603516 35.28721618652344 4
    endloop
  endfacet
  facet normal 0 0 1
    outer loop
      vertex 38.65567398071289 35.33917236328125 4
      vertex 38.65567398071289 15.910826683044434 4
      vertex 38.690982818603516 15.962784767150879 4
    endloop
  endfacet
  facet normal 0 0 1
    outer loop
      vertex 38.623695373535156 35.393245697021484 4
      vertex 38.65567398071289 15.910826683044434 4
      vertex 38.65567398071289 35.33917236328125 4
    endloop
  endfacet
  facet normal 0 0 1
    outer loop
      vertex 38.623695373535156 35.393245697021484 4
      vertex 38.623695373535156 15.8567533493042 4
      vertex 38.65567398071289 15.910826683044434 4
    endloop
  endfacet
  facet normal 0 0 1
    outer loop
      vertex 38.59517288208008 35.449222564697266 4
      vertex 38.623695373535156 15.8567533493042 4
      vertex 38.623695373535156 35.393245697021484 4
    endloop
  endfacet
  facet normal 0 0 1
    outer loop
      vertex 38.59517288208008 35.449222564697266 4
      vertex 38.59517288208008 15.80077838897705 4
      vertex 38.623695373535156 15.8567533493042 4
    endloop
  endfacet
  facet normal 0 0 1
    outer loop
      vertex 38.57022476196289 35.506874084472656 4
      vertex 38.59517288208008 15.80077838897705 4
      vertex 38.59517288208008 35.449222564697266 4
    endloop
  endfacet
  facet normal 0 0 1
    outer loop
      vertex 38.57022476196289 35.506874084472656 4
      vertex 38.57022476196289 15.743124008178711 4
      vertex 38.59517288208008 15.80077838897705 4
    endloop
  endfacet
  facet normal 0 0 1
    outer loop
      vertex 38.54894256591797 35.565982818603516 4
      vertex 38.57022476196289 15.743124008178711 4
      vertex 38.57022476196289 35.506874084472656 4
    endloop
  endfacet
  facet normal 0 0 1
    outer loop
      vertex 38.54894256591797 35.565982818603516 4
      vertex 38.54894256591797 15.684016227722168 4
      vertex 38.57022476196289 15.743124008178711 4
    endloop
  endfacet
  facet normal 0 0 1
    outer loop
      vertex 38.53141784667969 35.626312255859375 4
      vertex 38.54894256591797 15.684016227722168 4
      vertex 38.54894256591797 35.565982818603516 4
    endloop
  endfacet
  facet normal 0 0 1
    outer loop
      vertex 38.53141784667969 35.626312255859375 4
      vertex 38.53141784667969 15.623689651489258 4
      vertex 38.54894256591797 15.684016227722168 4
    endloop
  endfacet
  facet normal 0 0 1
    outer loop
      vertex 38.51771545410156 35.687618255615234 4
      vertex 38.53141784667969 15.623689651489258 4
      vertex 38.53141784667969 35.626312255859375 4
    endloop
  endfacet
  facet normal 0 0 1
    outer loop
      vertex 38.51771545410156 35.687618255615234 4
      vertex 38.51771545410156 15.56238079071045 4
      vertex 38.53141784667969 15.623689651489258 4
    endloop
  endfacet
  facet normal 0 0 1
    outer loop
      vertex 38.50788497924805 35.74966812133789 4
      vertex 38.51771545410156 15.56238079071045 4
      vertex 38.51771545410156 35.687618255615234 4
    endloop
  endfacet
  facet normal 0 0 1
    outer loop
      vertex 38.50788497924805 35.74966812133789 4
      vertex 38.50788497924805 15.500332832336426 4
      vertex 38.51771545410156 15.56238079071045 4
    endloop
  endfacet
  facet normal 0 0 1
    outer loop
      vertex 38.501976013183594 35.81221008300781 4
      vertex 38.50788497924805 15.500332832336426 4
      vertex 38.50788497924805 35.74966812133789 4
    endloop
  endfacet
  facet normal 0 0 1
    outer loop
      vertex 38.501976013183594 35.81221008300781 4
      vertex 38.501976013183594 15.437789916992188 4
      vertex 38.50788497924805 15.500332832336426 4
    endloop
  endfacet
  facet normal 0 0 1
    outer loop
      vertex 38.5 35.875 4
      vertex 38.501976013183594 15.437789916992188 4
      vertex 38.501976013183594 35.81221008300781 4
    endloop
  endfacet
  facet normal 0 0 1
    outer loop
      vertex 38.501976013183594 15.437789916992188 4
      vertex 38.5 35.875 4
      vertex 38.5 15.375 4
    endloop
  endfacet
  facet normal 0 0 1
    outer loop
      vertex 31.74802589416504 10.187202453613281 4
      vertex 34.875 1.5 4
      vertex 31.75 10.25 4
    endloop
  endfacet
  facet normal 0 0 1
    outer loop
      vertex 31.742115020751953 10.124667167663574 4
      vertex 34.875 1.5 4
      vertex 31.74802589416504 10.187202453613281 4
    endloop
  endfacet
  facet normal 0 0 1
    outer loop
      vertex 31.732288360595703 10.062625885009766 4
      vertex 34.875 1.5 4
      vertex 31.742115020751953 10.124667167663574 4
    endloop
  endfacet
  facet normal 0 0 1
    outer loop
      vertex 31.718582153320312 10.001310348510742 4
      vertex 34.875 1.5 4
      vertex 31.732288360595703 10.062625885009766 4
    endloop
  endfacet
  facet normal 0 0 1
    outer loop
      vertex 31.7010555267334 9.940980911254883 4
      vertex 34.875 1.5 4
      vertex 31.718582153320312 10.001310348510742 4
    endloop
  endfacet
  facet normal 0 0 1
    outer loop
      vertex 31.67977523803711 9.881875038146973 4
      vertex 34.875 1.5 4
      vertex 31.7010555267334 9.940980911254883 4
    endloop
  endfacet
  facet normal 0 0 1
    outer loop
      vertex 31.654827117919922 9.824223518371582 4
      vertex 34.875 1.5 4
      vertex 31.67977523803711 9.881875038146973 4
    endloop
  endfacet
  facet normal 0 0 1
    outer loop
      vertex 31.626306533813477 9.7682466506958 4
      vertex 34.875 1.5 4
      vertex 31.654827117919922 9.824223518371582 4
    endloop
  endfacet
  facet normal 0 0 1
    outer loop
      vertex 31.594324111938477 9.714167594909668 4
      vertex 34.875 1.5 4
      vertex 31.626306533813477 9.7682466506958 4
    endloop
  endfacet
  facet normal 0 0 1
    outer loop
      vertex 31.559017181396484 9.662214279174805 4
      vertex 34.875 1.5 4
      vertex 31.594324111938477 9.714167594909668 4
    endloop
  endfacet
  facet normal 0 0 1
    outer loop
      vertex 31.5205135345459 9.612577438354492 4
      vertex 34.875 1.5 4
      vertex 31.559017181396484 9.662214279174805 4
    endloop
  endfacet
  facet normal 0 0 1
    outer loop
      vertex 31.47896957397461 9.565452575683594 4
      vertex 34.875 1.5 4
      vertex 31.5205135345459 9.612577438354492 4
    endloop
  endfacet
  facet normal 0 0 1
    outer loop
      vertex 31.434547424316406 9.521031379699707 4
      vertex 34.875 1.5 4
      vertex 31.47896957397461 9.565452575683594 4
    endloop
  endfacet
  facet normal 0 0 1
    outer loop
      vertex 31.387422561645508 9.479486465454102 4
      vertex 34.875 1.5 4
      vertex 31.434547424316406 9.521031379699707 4
    endloop
  endfacet
  facet normal 0 0 1
    outer loop
      vertex 31.337785720825195 9.440982818603516 4
      vertex 34.875 1.5 4
      vertex 31.387422561645508 9.479486465454102 4
    endloop
  endfacet
  facet normal 0 0 1
    outer loop
      vertex 31.285831451416016 9.405675888061523 4
      vertex 34.875 1.5 4
      vertex 31.337785720825195 9.440982818603516 4
    endloop
  endfacet
  facet normal 0 0 1
    outer loop
      vertex 31.231754302978516 9.373693466186523 4
      vertex 34.875 1.5 4
      vertex 31.285831451416016 9.405675888061523 4
    endloop
  endfacet
  facet normal 0 0 1
    outer loop
      vertex 31.1757755279541 9.345171928405762 4
      vertex 34.875 1.5 4
      vertex 31.231754302978516 9.373693466186523 4
    endloop
  endfacet
  facet normal 0 0 1
    outer loop
      vertex 31.118125915527344 9.320223808288574 4
      vertex 34.875 1.5 4
      vertex 31.1757755279541 9.345171928405762 4
    endloop
  endfacet
  facet normal 0 0 1
    outer loop
      vertex 31.059019088745117 9.298944473266602 4
      vertex 34.875 1.5 4
      vertex 31.118125915527344 9.320223808288574 4
    endloop
  endfacet
  facet normal 0 0 1
    outer loop
      vertex 30.998689651489258 9.281416893005371 4
      vertex 34.875 1.5 4
      vertex 31.059019088745117 9.298944473266602 4
    endloop
  endfacet
  facet normal 0 0 1
    outer loop
      vertex 30.937374114990234 9.267711639404297 4
      vertex 34.875 1.5 4
      vertex 30.998689651489258 9.281416893005371 4
    endloop
  endfacet
  facet normal 0 0 1
    outer loop
      vertex 30.87533187866211 9.257884979248047 4
      vertex 34.875 1.5 4
      vertex 30.937374114990234 9.267711639404297 4
    endloop
  endfacet
  facet normal 0 0 1
    outer loop
      vertex 30.81279754638672 9.251974105834961 4
      vertex 34.875 1.5 4
      vertex 30.87533187866211 9.257884979248047 4
    endloop
  endfacet
  facet normal 0 0 1
    outer loop
      vertex 30.75 9.25 4
      vertex 34.875 1.5 4
      vertex 30.81279754638672 9.251974105834961 4
    endloop
  endfacet
  facet normal 0 0 1
    outer loop
      vertex 16.375 1.5 4
      vertex 34.875 1.5 4
      vertex 30.75 9.25 4
    endloop
  endfacet
  facet normal 0 0 1
    outer loop
      vertex 34.875 1.5 4
      vertex 16.375 1.5 4
      vertex 34.875 0 4
    endloop
  endfacet
  facet normal 0 0 1
    outer loop
      vertex 16.375 0 4
      vertex 34.875 0 4
      vertex 16.375 1.5 4
    endloop
  endfacet
  facet normal 0 0 1
    outer loop
      vertex 34.875 0 4
      vertex 16.375 0 4
      vertex 34.876976013183594 -0.0627899169921875 4
    endloop
  endfacet
  facet normal 0 0 1
    outer loop
      vertex 16.37302589416504 -0.0627899169921875 4
      vertex 34.876976013183594 -0.0627899169921875 4
      vertex 16.375 0 4
    endloop
  endfacet
  facet normal 0 0 1
    outer loop
      vertex 34.876976013183594 -0.0627899169921875 4
      vertex 16.37302589416504 -0.0627899169921875 4
      vertex 34.88288497924805 -0.12533283233642578 4
    endloop
  endfacet
  facet normal 0 0 1
    outer loop
      vertex 16.367115020751953 -0.12533283233642578 4
      vertex 34.88288497924805 -0.12533283233642578 4
      vertex 16.37302589416504 -0.0627899169921875 4
    endloop
  endfacet
  facet normal 0 0 1
    outer loop
      vertex 34.88288497924805 -0.12533283233642578 4
      vertex 16.367115020751953 -0.12533283233642578 4
      vertex 34.89271545410156 -0.18738079071044922 4
    endloop
  endfacet
  facet normal 0 0 1
    outer loop
      vertex 16.35728645324707 -0.18738079071044922 4
      vertex 34.89271545410156 -0.18738079071044922 4
      vertex 16.367115020751953 -0.12533283233642578 4
    endloop
  endfacet
  facet normal 0 0 1
    outer loop
      vertex 34.89271545410156 -0.18738079071044922 4
      vertex 16.35728645324707 -0.18738079071044922 4
      vertex 34.90641784667969 -0.2486896514892578 4
    endloop
  endfacet
  facet normal 0 0 1
    outer loop
      vertex 16.343582153320312 -0.2486896514892578 4
      vertex 34.90641784667969 -0.2486896514892578 4
      vertex 16.35728645324707 -0.18738079071044922 4
    endloop
  endfacet
  facet normal 0 0 1
    outer loop
      vertex 34.90641784667969 -0.2486896514892578 4
      vertex 16.343582153320312 -0.2486896514892578 4
      vertex 34.92394256591797 -0.30901622772216797 4
    endloop
  endfacet
  facet normal 0 0 1
    outer loop
      vertex 16.32605743408203 -0.30901622772216797 4
      vertex 34.92394256591797 -0.30901622772216797 4
      vertex 16.343582153320312 -0.2486896514892578 4
    endloop
  endfacet
  facet normal 0 0 1
    outer loop
      vertex 34.92394256591797 -0.30901622772216797 4
      vertex 16.32605743408203 -0.30901622772216797 4
      vertex 34.94522476196289 -0.36812400817871094 4
    endloop
  endfacet
  facet normal 0 0 1
    outer loop
      vertex 16.30477523803711 -0.36812400817871094 4
      vertex 34.94522476196289 -0.36812400817871094 4
      vertex 16.32605743408203 -0.30901622772216797 4
    endloop
  endfacet
  facet normal 0 0 1
    outer loop
      vertex 34.94522476196289 -0.36812400817871094 4
      vertex 16.30477523803711 -0.36812400817871094 4
      vertex 34.97017288208008 -0.4257783889770508 4
    endloop
  endfacet
  facet normal 0 0 1
    outer loop
      vertex 16.279827117919922 -0.4257783889770508 4
      vertex 34.97017288208008 -0.4257783889770508 4
      vertex 16.30477523803711 -0.36812400817871094 4
    endloop
  endfacet
  facet normal 0 0 1
    outer loop
      vertex 34.97017288208008 -0.4257783889770508 4
      vertex 16.279827117919922 -0.4257783889770508 4
      vertex 34.998695373535156 -0.4817533493041992 4
    endloop
  endfacet
  facet normal 0 0 1
    outer loop
      vertex 16.251306533813477 -0.4817533493041992 4
      vertex 34.998695373535156 -0.4817533493041992 4
      vertex 16.279827117919922 -0.4257783889770508 4
    endloop
  endfacet
  facet normal 0 0 1
    outer loop
      vertex 34.998695373535156 -0.4817533493041992 4
      vertex 16.251306533813477 -0.4817533493041992 4
      vertex 35.03067398071289 -0.5358266830444336 4
    endloop
  endfacet
  facet normal 0 0 1
    outer loop
      vertex 16.21932601928711 -0.5358266830444336 4
      vertex 35.03067398071289 -0.5358266830444336 4
      vertex 16.251306533813477 -0.4817533493041992 4
    endloop
  endfacet
  facet normal 0 0 1
    outer loop
      vertex 35.03067398071289 -0.5358266830444336 4
      vertex 16.21932601928711 -0.5358266830444336 4
      vertex 35.065982818603516 -0.5877847671508789 4
    endloop
  endfacet
  facet normal 0 0 1
    outer loop
      vertex 16.184017181396484 -0.5877847671508789 4
      vertex 35.065982818603516 -0.5877847671508789 4
      vertex 16.21932601928711 -0.5358266830444336 4
    endloop
  endfacet
  facet normal 0 0 1
    outer loop
      vertex 35.065982818603516 -0.5877847671508789 4
      vertex 16.184017181396484 -0.5877847671508789 4
      vertex 35.104488372802734 -0.6374235153198242 4
    endloop
  endfacet
  facet normal 0 0 1
    outer loop
      vertex 16.145511627197266 -0.6374235153198242 4
      vertex 35.104488372802734 -0.6374235153198242 4
      vertex 16.184017181396484 -0.5877847671508789 4
    endloop
  endfacet
  facet normal 0 0 1
    outer loop
      vertex 35.104488372802734 -0.6374235153198242 4
      vertex 16.145511627197266 -0.6374235153198242 4
      vertex 35.14603042602539 -0.6845464706420898 4
    endloop
  endfacet
  facet normal 0 0 1
    outer loop
      vertex 16.10396957397461 -0.6845464706420898 4
      vertex 35.14603042602539 -0.6845464706420898 4
      vertex 16.145511627197266 -0.6374235153198242 4
    endloop
  endfacet
  facet normal 0 0 1
    outer loop
      vertex 35.14603042602539 -0.6845464706420898 4
      vertex 16.10396957397461 -0.6845464706420898 4
      vertex 35.190452575683594 -0.728968620300293 4
    endloop
  endfacet
  facet normal 0 0 1
    outer loop
      vertex 16.059547424316406 -0.728968620300293 4
      vertex 35.190452575683594 -0.728968620300293 4
      vertex 16.10396957397461 -0.6845464706420898 4
    endloop
  endfacet
  facet normal 0 0 1
    outer loop
      vertex 35.190452575683594 -0.728968620300293 4
      vertex 16.059547424316406 -0.728968620300293 4
      vertex 35.23757553100586 -0.770512580871582 4
    endloop
  endfacet
  facet normal 0 0 1
    outer loop
      vertex 16.01242446899414 -0.770512580871582 4
      vertex 35.23757553100586 -0.770512580871582 4
      vertex 16.059547424316406 -0.728968620300293 4
    endloop
  endfacet
  facet normal 0 0 1
    outer loop
      vertex 35.23757553100586 -0.770512580871582 4
      vertex 16.01242446899414 -0.770512580871582 4
      vertex 35.28721618652344 -0.809016227722168 4
    endloop
  endfacet
  facet normal 0 0 1
    outer loop
      vertex 15.962784767150879 -0.809016227722168 4
      vertex 35.28721618652344 -0.809016227722168 4
      vertex 16.01242446899414 -0.770512580871582 4
    endloop
  endfacet
  facet normal 0 0 1
    outer loop
      vertex 35.28721618652344 -0.809016227722168 4
      vertex 15.962784767150879 -0.809016227722168 4
      vertex 35.33917236328125 -0.8443269729614258 4
    endloop
  endfacet
  facet normal 0 0 1
    outer loop
      vertex 15.910826683044434 -0.8443269729614258 4
      vertex 35.33917236328125 -0.8443269729614258 4
      vertex 15.962784767150879 -0.809016227722168 4
    endloop
  endfacet
  facet normal 0 0 1
    outer loop
      vertex 35.33917236328125 -0.8443269729614258 4
      vertex 15.910826683044434 -0.8443269729614258 4
      vertex 35.393245697021484 -0.8763065338134766 4
    endloop
  endfacet
  facet normal 0 0 1
    outer loop
      vertex 15.8567533493042 -0.8763065338134766 4
      vertex 35.393245697021484 -0.8763065338134766 4
      vertex 15.910826683044434 -0.8443269729614258 4
    endloop
  endfacet
  facet normal 0 0 1
    outer loop
      vertex 35.393245697021484 -0.8763065338134766 4
      vertex 15.8567533493042 -0.8763065338134766 4
      vertex 35.449222564697266 -0.9048261642456055 4
    endloop
  endfacet
  facet normal 0 0 1
    outer loop
      vertex 15.80077838897705 -0.9048261642456055 4
      vertex 35.449222564697266 -0.9048261642456055 4
      vertex 15.8567533493042 -0.8763065338134766 4
    endloop
  endfacet
  facet normal 0 0 1
    outer loop
      vertex 35.449222564697266 -0.9048261642456055 4
      vertex 15.80077838897705 -0.9048261642456055 4
      vertex 35.506874084472656 -0.9297761917114258 4
    endloop
  endfacet
  facet normal 0 0 1
    outer loop
      vertex 15.743124008178711 -0.9297761917114258 4
      vertex 35.506874084472656 -0.9297761917114258 4
      vertex 15.80077838897705 -0.9048261642456055 4
    endloop
  endfacet
  facet normal 0 0 1
    outer loop
      vertex 35.506874084472656 -0.9297761917114258 4
      vertex 15.743124008178711 -0.9297761917114258 4
      vertex 35.565982818603516 -0.9510564804077148 4
    endloop
  endfacet
  facet normal 0 0 1
    outer loop
      vertex 15.684016227722168 -0.9510564804077148 4
      vertex 35.565982818603516 -0.9510564804077148 4
      vertex 15.743124008178711 -0.9297761917114258 4
    endloop
  endfacet
  facet normal 0 0 1
    outer loop
      vertex 35.565982818603516 -0.9510564804077148 4
      vertex 15.684016227722168 -0.9510564804077148 4
      vertex 35.626312255859375 -0.9685831069946289 4
    endloop
  endfacet
  facet normal 0 0 1
    outer loop
      vertex 15.623689651489258 -0.9685831069946289 4
      vertex 35.626312255859375 -0.9685831069946289 4
      vertex 15.684016227722168 -0.9510564804077148 4
    endloop
  endfacet
  facet normal 0 0 1
    outer loop
      vertex 35.626312255859375 -0.9685831069946289 4
      vertex 15.623689651489258 -0.9685831069946289 4
      vertex 35.687618255615234 -0.9822864532470703 4
    endloop
  endfacet
  facet normal 0 0 1
    outer loop
      vertex 15.56238079071045 -0.9822864532470703 4
      vertex 35.687618255615234 -0.9822864532470703 4
      vertex 15.623689651489258 -0.9685831069946289 4
    endloop
  endfacet
  facet normal 0 0 1
    outer loop
      vertex 35.687618255615234 -0.9822864532470703 4
      vertex 15.56238079071045 -0.9822864532470703 4
      vertex 35.74966812133789 -0.9921140670776367 4
    endloop
  endfacet
  facet normal 0 0 1
    outer loop
      vertex 15.500332832336426 -0.9921140670776367 4
      vertex 35.74966812133789 -0.9921140670776367 4
      vertex 15.56238079071045 -0.9822864532470703 4
    endloop
  endfacet
  facet normal 0 0 1
    outer loop
      vertex 35.74966812133789 -0.9921140670776367 4
      vertex 15.500332832336426 -0.9921140670776367 4
      vertex 35.81221008300781 -0.9980258941650391 4
    endloop
  endfacet
  facet normal 0 0 1
    outer loop
      vertex 15.437789916992188 -0.9980258941650391 4
      vertex 35.81221008300781 -0.9980258941650391 4
      vertex 15.500332832336426 -0.9921140670776367 4
    endloop
  endfacet
  facet normal 0 0 1
    outer loop
      vertex 35.81221008300781 -0.9980258941650391 4
      vertex 15.437789916992188 -0.9980258941650391 4
      vertex 35.875 -1 4
    endloop
  endfacet
  facet normal 0 0 1
    outer loop
      vertex 35.875 -1 4
      vertex 15.437789916992188 -0.9980258941650391 4
      vertex 15.375 -1 4
    endloop
  endfacet
  facet normal 0 0 1
    outer loop
      vertex 34.875 39.5 4
      vertex 16.375 39.5 4
      vertex 30.75 31.75 4
    endloop
  endfacet
  facet normal 0 0 1
    outer loop
      vertex 16.37302589416504 39.43721008300781 4
      vertex 30.75 31.75 4
      vertex 16.375 39.5 4
    endloop
  endfacet
  facet normal 0 0 1
    outer loop
      vertex 16.367115020751953 39.37466812133789 4
      vertex 30.75 31.75 4
      vertex 16.37302589416504 39.43721008300781 4
    endloop
  endfacet
  facet normal 0 0 1
    outer loop
      vertex 16.35728645324707 39.312618255615234 4
      vertex 30.75 31.75 4
      vertex 16.367115020751953 39.37466812133789 4
    endloop
  endfacet
  facet normal 0 0 1
    outer loop
      vertex 16.343582153320312 39.251312255859375 4
      vertex 30.75 31.75 4
      vertex 16.35728645324707 39.312618255615234 4
    endloop
  endfacet
  facet normal 0 0 1
    outer loop
      vertex 16.32605743408203 39.190982818603516 4
      vertex 30.75 31.75 4
      vertex 16.343582153320312 39.251312255859375 4
    endloop
  endfacet
  facet normal 0 0 1
    outer loop
      vertex 16.30477523803711 39.131874084472656 4
      vertex 30.75 31.75 4
      vertex 16.32605743408203 39.190982818603516 4
    endloop
  endfacet
  facet normal 0 0 1
    outer loop
      vertex 16.279827117919922 39.074222564697266 4
      vertex 30.75 31.75 4
      vertex 16.30477523803711 39.131874084472656 4
    endloop
  endfacet
  facet normal 0 0 1
    outer loop
      vertex 16.251306533813477 39.018245697021484 4
      vertex 30.75 31.75 4
      vertex 16.279827117919922 39.074222564697266 4
    endloop
  endfacet
  facet normal 0 0 1
    outer loop
      vertex 16.21932601928711 38.96417236328125 4
      vertex 30.75 31.75 4
      vertex 16.251306533813477 39.018245697021484 4
    endloop
  endfacet
  facet normal 0 0 1
    outer loop
      vertex 16.184017181396484 38.91221618652344 4
      vertex 30.75 31.75 4
      vertex 16.21932601928711 38.96417236328125 4
    endloop
  endfacet
  facet normal 0 0 1
    outer loop
      vertex 16.145511627197266 38.86257553100586 4
      vertex 30.75 31.75 4
      vertex 16.184017181396484 38.91221618652344 4
    endloop
  endfacet
  facet normal 0 0 1
    outer loop
      vertex 16.10396957397461 38.815452575683594 4
      vertex 30.75 31.75 4
      vertex 16.145511627197266 38.86257553100586 4
    endloop
  endfacet
  facet normal 0 0 1
    outer loop
      vertex 16.059547424316406 38.77103042602539 4
      vertex 30.75 31.75 4
      vertex 16.10396957397461 38.815452575683594 4
    endloop
  endfacet
  facet normal 0 0 1
    outer loop
      vertex 16.01242446899414 38.729488372802734 4
      vertex 30.75 31.75 4
      vertex 16.059547424316406 38.77103042602539 4
    endloop
  endfacet
  facet normal 0 0 1
    outer loop
      vertex 15.962784767150879 38.690982818603516 4
      vertex 30.75 31.75 4
      vertex 16.01242446899414 38.729488372802734 4
    endloop
  endfacet
  facet normal 0 0 1
    outer loop
      vertex 15.910826683044434 38.65567398071289 4
      vertex 30.75 31.75 4
      vertex 15.962784767150879 38.690982818603516 4
    endloop
  endfacet
  facet normal 0 0 1
    outer loop
      vertex 15.8567533493042 38.623695373535156 4
      vertex 30.75 31.75 4
      vertex 15.910826683044434 38.65567398071289 4
    endloop
  endfacet
  facet normal 0 0 1
    outer loop
      vertex 15.80077838897705 38.59517288208008 4
      vertex 30.75 31.75 4
      vertex 15.8567533493042 38.623695373535156 4
    endloop
  endfacet
  facet normal 0 0 1
    outer loop
      vertex 10.25 31.75 4
      vertex 15.80077838897705 38.59517288208008 4
      vertex 15.743124008178711 38.57022476196289 4
    endloop
  endfacet
  facet normal 0 0 1
    outer loop
      vertex 10.25 31.75 4
      vertex 15.743124008178711 38.57022476196289 4
      vertex 15.684016227722168 38.54894256591797 4
    endloop
  endfacet
  facet normal 0 0 1
    outer loop
      vertex 10.25 31.75 4
      vertex 15.684016227722168 38.54894256591797 4
      vertex 15.623689651489258 38.53141784667969 4
    endloop
  endfacet
  facet normal 0 0 1
    outer loop
      vertex 10.25 31.75 4
      vertex 15.623689651489258 38.53141784667969 4
      vertex 15.56238079071045 38.51771545410156 4
    endloop
  endfacet
  facet normal 0 0 1
    outer loop
      vertex 10.25 31.75 4
      vertex 15.56238079071045 38.51771545410156 4
      vertex 15.500332832336426 38.50788497924805 4
    endloop
  endfacet
  facet normal 0 0 1
    outer loop
      vertex 10.25 31.75 4
      vertex 15.500332832336426 38.50788497924805 4
      vertex 15.437789916992188 38.501976013183594 4
    endloop
  endfacet
  facet normal 0 0 1
    outer loop
      vertex 10.25 31.75 4
      vertex 15.437789916992188 38.501976013183594 4
      vertex 15.375 38.5 4
    endloop
  endfacet
  facet normal 0 0 1
    outer loop
      vertex 15.80077838897705 38.59517288208008 4
      vertex 10.25 31.75 4
      vertex 30.75 31.75 4
    endloop
  endfacet
  facet normal 0 0 1
    outer loop
      vertex 15.375 38.5 4
      vertex 10.187202453613281 31.74802589416504 4
      vertex 10.25 31.75 4
    endloop
  endfacet
  facet normal 0 0 1
    outer loop
      vertex 15.375 38.5 4
      vertex 10.124667167663574 31.742115020751953 4
      vertex 10.187202453613281 31.74802589416504 4
    endloop
  endfacet
  facet normal 0 0 1
    outer loop
      vertex 15.375 38.5 4
      vertex 10.062625885009766 31.732288360595703 4
      vertex 10.124667167663574 31.742115020751953 4
    endloop
  endfacet
  facet normal 0 0 1
    outer loop
      vertex 2.5 38.5 4
      vertex 10.062625885009766 31.732288360595703 4
      vertex 15.375 38.5 4
    endloop
  endfacet
  facet normal 0 0 1
    outer loop
      vertex 10.062625885009766 31.732288360595703 4
      vertex 2.5 38.5 4
      vertex 10.001310348510742 31.718582153320312 4
    endloop
  endfacet
  facet normal 0 0 1
    outer loop
      vertex 10.001310348510742 31.718582153320312 4
      vertex 2.5 38.5 4
      vertex 9.940980911254883 31.7010555267334 4
    endloop
  endfacet
  facet normal 0 0 1
    outer loop
      vertex 2.5 35.875 4
      vertex 9.940980911254883 31.7010555267334 4
      vertex 2.5 38.5 4
    endloop
  endfacet
  facet normal 0 0 1
    outer loop
      vertex 9.940980911254883 31.7010555267334 4
      vertex 2.5 35.875 4
      vertex 9.881875038146973 31.67977523803711 4
    endloop
  endfacet
  facet normal 0 0 1
    outer loop
      vertex 9.881875038146973 31.67977523803711 4
      vertex 2.5 35.875 4
      vertex 9.824223518371582 31.654827117919922 4
    endloop
  endfacet
  facet normal 0 0 1
    outer loop
      vertex 9.824223518371582 31.654827117919922 4
      vertex 2.5 35.875 4
      vertex 9.7682466506958 31.626306533813477 4
    endloop
  endfacet
  facet normal 0 0 1
    outer loop
      vertex 9.7682466506958 31.626306533813477 4
      vertex 2.5 35.875 4
      vertex 9.714167594909668 31.594324111938477 4
    endloop
  endfacet
  facet normal 0 0 1
    outer loop
      vertex 2.498025894165039 35.81221008300781 4
      vertex 9.714167594909668 31.594324111938477 4
      vertex 2.5 35.875 4
    endloop
  endfacet
  facet normal 0 0 1
    outer loop
      vertex 9.714167594909668 31.594324111938477 4
      vertex 2.498025894165039 35.81221008300781 4
      vertex 9.662214279174805 31.559017181396484 4
    endloop
  endfacet
  facet normal 0 0 1
    outer loop
      vertex 2.4921140670776367 35.74966812133789 4
      vertex 9.662214279174805 31.559017181396484 4
      vertex 2.498025894165039 35.81221008300781 4
    endloop
  endfacet
  facet normal 0 0 1
    outer loop
      vertex 9.405675888061523 31.285831451416016 4
      vertex 2.3763065338134766 35.393245697021484 4
      vertex 9.373693466186523 31.231754302978516 4
    endloop
  endfacet
  facet normal 0 0 1
    outer loop
      vertex 2.3763065338134766 35.393245697021484 4
      vertex 9.405675888061523 31.285831451416016 4
      vertex 2.4048261642456055 35.449222564697266 4
    endloop
  endfacet
  facet normal 0 0 1
    outer loop
      vertex 9.440982818603516 31.337785720825195 4
      vertex 2.4048261642456055 35.449222564697266 4
      vertex 9.405675888061523 31.285831451416016 4
    endloop
  endfacet
  facet normal 0 0 1
    outer loop
      vertex 2.4048261642456055 35.449222564697266 4
      vertex 9.440982818603516 31.337785720825195 4
      vertex 2.429776191711426 35.506874084472656 4
    endloop
  endfacet
  facet normal 0 0 1
    outer loop
      vertex 9.479486465454102 31.387422561645508 4
      vertex 2.429776191711426 35.506874084472656 4
      vertex 9.440982818603516 31.337785720825195 4
    endloop
  endfacet
  facet normal 0 0 1
    outer loop
      vertex 2.429776191711426 35.506874084472656 4
      vertex 9.479486465454102 31.387422561645508 4
      vertex 2.451056480407715 35.565982818603516 4
    endloop
  endfacet
  facet normal 0 0 1
    outer loop
      vertex 9.521031379699707 31.434547424316406 4
      vertex 2.451056480407715 35.565982818603516 4
      vertex 9.479486465454102 31.387422561645508 4
    endloop
  endfacet
  facet normal 0 0 1
    outer loop
      vertex 2.451056480407715 35.565982818603516 4
      vertex 9.521031379699707 31.434547424316406 4
      vertex 2.468583106994629 35.626312255859375 4
    endloop
  endfacet
  facet normal 0 0 1
    outer loop
      vertex 9.565452575683594 31.47896957397461 4
      vertex 2.468583106994629 35.626312255859375 4
      vertex 9.521031379699707 31.434547424316406 4
    endloop
  endfacet
  facet normal 0 0 1
    outer loop
      vertex 2.468583106994629 35.626312255859375 4
      vertex 9.565452575683594 31.47896957397461 4
      vertex 2.4822864532470703 35.687618255615234 4
    endloop
  endfacet
  facet normal 0 0 1
    outer loop
      vertex 9.612577438354492 31.5205135345459 4
      vertex 2.4822864532470703 35.687618255615234 4
      vertex 9.565452575683594 31.47896957397461 4
    endloop
  endfacet
  facet normal 0 0 1
    outer loop
      vertex 2.4822864532470703 35.687618255615234 4
      vertex 9.612577438354492 31.5205135345459 4
      vertex 2.4921140670776367 35.74966812133789 4
    endloop
  endfacet
  facet normal 0 0 1
    outer loop
      vertex 9.662214279174805 31.559017181396484 4
      vertex 2.4921140670776367 35.74966812133789 4
      vertex 9.612577438354492 31.5205135345459 4
    endloop
  endfacet
  facet normal 0.661290186636757 0.7501301814071496 0
    outer loop
      vertex 41.684547424316406 41.72896957397461 0
      vertex 41.63742446899414 41.770511627197266 67
      vertex 41.684547424316406 41.72896957397461 67
    endloop
  endfacet
  facet normal 0.661290186636757 0.7501301814071496 0
    outer loop
      vertex 41.63742446899414 41.770511627197266 67
      vertex 41.684547424316406 41.72896957397461 0
      vertex 41.63742446899414 41.770511627197266 0
    endloop
  endfacet
  facet normal 0.33876247146161187 0.9408719296106247 0
    outer loop
      vertex 41.368125915527344 41.92977523803711 0
      vertex 41.309017181396484 41.95105743408203 67
      vertex 41.368125915527344 41.92977523803711 67
    endloop
  endfacet
  facet normal 0.33876247146161187 0.9408719296106247 0
    outer loop
      vertex 41.309017181396484 41.95105743408203 67
      vertex 41.368125915527344 41.92977523803711 0
      vertex 41.309017181396484 41.95105743408203 0
    endloop
  endfacet
  facet normal 0.7501301814071496 0.661290186636757 0
    outer loop
      vertex 41.770511627197266 41.63742446899414 67
      vertex 41.72896957397461 41.684547424316406 0
      vertex 41.72896957397461 41.684547424316406 67
    endloop
  endfacet
  facet normal 0.7501301814071496 0.661290186636757 0
    outer loop
      vertex 41.72896957397461 41.684547424316406 0
      vertex 41.770511627197266 41.63742446899414 67
      vertex 41.770511627197266 41.63742446899414 0
    endloop
  endfacet
  facet normal 0.9759205639553125 0.21812623145588217 0
    outer loop
      vertex 41.98228454589844 41.187381744384766 67
      vertex 41.96858215332031 41.248687744140625 0
      vertex 41.96858215332031 41.248687744140625 67
    endloop
  endfacet
  facet normal 0.9759205639553125 0.21812623145588217 0
    outer loop
      vertex 41.96858215332031 41.248687744140625 0
      vertex 41.98228454589844 41.187381744384766 67
      vertex 41.98228454589844 41.187381744384766 0
    endloop
  endfacet
  facet normal 0.39714895961358043 0.9177541630948075 0
    outer loop
      vertex 41.425777435302734 41.90482711791992 0
      vertex 41.368125915527344 41.92977523803711 67
      vertex 41.425777435302734 41.90482711791992 67
    endloop
  endfacet
  facet normal 0.39714895961358043 0.9177541630948075 0
    outer loop
      vertex 41.368125915527344 41.92977523803711 67
      vertex 41.425777435302734 41.90482711791992 0
      vertex 41.368125915527344 41.92977523803711 0
    endloop
  endfacet
  facet normal 0.8607439328034021 0.5090381932057086 0
    outer loop
      vertex 41.876304626464844 41.481754302978516 67
      vertex 41.84432601928711 41.53582763671875 0
      vertex 41.84432601928711 41.53582763671875 67
    endloop
  endfacet
  facet normal 0.8607439328034021 0.5090381932057086 0
    outer loop
      vertex 41.84432601928711 41.53582763671875 0
      vertex 41.876304626464844 41.481754302978516 67
      vertex 41.876304626464844 41.481754302978516 0
    endloop
  endfacet
  facet normal 0.8910010332676639 0.45400127611709984 0
    outer loop
      vertex 41.90482711791992 41.425777435302734 67
      vertex 41.876304626464844 41.481754302978516 0
      vertex 41.876304626464844 41.481754302978516 67
    endloop
  endfacet
  facet normal 0.8910010332676639 0.45400127611709984 0
    outer loop
      vertex 41.876304626464844 41.481754302978516 0
      vertex 41.90482711791992 41.425777435302734 67
      vertex 41.90482711791992 41.425777435302734 0
    endloop
  endfacet
  facet normal 0.9876815970001604 0.15647703648527073 0
    outer loop
      vertex 41.99211502075195 41.12533187866211 67
      vertex 41.98228454589844 41.187381744384766 0
      vertex 41.98228454589844 41.187381744384766 67
    endloop
  endfacet
  facet normal 0.9876815970001604 0.15647703648527073 0
    outer loop
      vertex 41.98228454589844 41.187381744384766 0
      vertex 41.99211502075195 41.12533187866211 67
      vertex 41.99211502075195 41.12533187866211 0
    endloop
  endfacet
  facet normal 0.9955664226760415 0.0940611399039456 0
    outer loop
      vertex 41.998023986816406 41.06278991699219 67
      vertex 41.99211502075195 41.12533187866211 0
      vertex 41.99211502075195 41.12533187866211 67
    endloop
  endfacet
  facet normal 0.9955664226760415 0.0940611399039456 0
    outer loop
      vertex 41.99211502075195 41.12533187866211 0
      vertex 41.998023986816406 41.06278991699219 67
      vertex 41.998023986816406 41.06278991699219 0
    endloop
  endfacet
  facet normal 0.9995051797977337 0.0314546587566966 0
    outer loop
      vertex 42 41 67
      vertex 41.998023986816406 41.06278991699219 0
      vertex 41.998023986816406 41.06278991699219 67
    endloop
  endfacet
  facet normal 0.9995051797977337 0.0314546587566966 0
    outer loop
      vertex 41.998023986816406 41.06278991699219 0
      vertex 42 41 67
      vertex 42 41 0
    endloop
  endfacet
  facet normal 0.2789529039397452 0.9603047835888268 0
    outer loop
      vertex 41.309017181396484 41.95105743408203 0
      vertex 41.248687744140625 41.96858215332031 67
      vertex 41.309017181396484 41.95105743408203 67
    endloop
  endfacet
  facet normal 0.2789529039397452 0.9603047835888268 0
    outer loop
      vertex 41.248687744140625 41.96858215332031 67
      vertex 41.309017181396484 41.95105743408203 0
      vertex 41.248687744140625 41.96858215332031 0
    endloop
  endfacet
  facet normal 0 0 -1
    outer loop
      vertex 41 -1 0
      vertex 42 0 0
      vertex 41.998023986816406 -0.0627899169921875 0
    endloop
  endfacet
  facet normal 0 0 -1
    outer loop
      vertex 42 0 0
      vertex 31.75 10.25 0
      vertex 42 41 0
    endloop
  endfacet
  facet normal 0 0 -1
    outer loop
      vertex 41 -1 0
      vertex 41.998023986816406 -0.0627899169921875 0
      vertex 41.99211502075195 -0.12533283233642578 0
    endloop
  endfacet
  facet normal 0 0 -1
    outer loop
      vertex 31.75 30.75 0
      vertex 42 41 0
      vertex 31.75 10.25 0
    endloop
  endfacet
  facet normal 0 0 -1
    outer loop
      vertex 41 -1 0
      vertex 41.99211502075195 -0.12533283233642578 0
      vertex 41.98228454589844 -0.18738079071044922 0
    endloop
  endfacet
  facet normal 0 0 -1
    outer loop
      vertex 31.74802589416504 30.81279754638672 0
      vertex 42 41 0
      vertex 31.75 30.75 0
    endloop
  endfacet
  facet normal 0 0 -1
    outer loop
      vertex 41 -1 0
      vertex 41.98228454589844 -0.18738079071044922 0
      vertex 41.96858215332031 -0.2486896514892578 0
    endloop
  endfacet
  facet normal 0 0 -1
    outer loop
      vertex 31.742115020751953 30.87533187866211 0
      vertex 42 41 0
      vertex 31.74802589416504 30.81279754638672 0
    endloop
  endfacet
  facet normal 0 0 -1
    outer loop
      vertex 41 -1 0
      vertex 41.96858215332031 -0.2486896514892578 0
      vertex 41.95105743408203 -0.30901622772216797 0
    endloop
  endfacet
  facet normal 0 0 -1
    outer loop
      vertex 31.732288360595703 30.937374114990234 0
      vertex 42 41 0
      vertex 31.742115020751953 30.87533187866211 0
    endloop
  endfacet
  facet normal 0 0 -1
    outer loop
      vertex 41 -1 0
      vertex 41.95105743408203 -0.30901622772216797 0
      vertex 41.92977523803711 -0.36812400817871094 0
    endloop
  endfacet
  facet normal 0 0 -1
    outer loop
      vertex 31.718582153320312 30.998689651489258 0
      vertex 42 41 0
      vertex 31.732288360595703 30.937374114990234 0
    endloop
  endfacet
  facet normal 0 0 -1
    outer loop
      vertex 41 -1 0
      vertex 41.92977523803711 -0.36812400817871094 0
      vertex 41.90482711791992 -0.4257783889770508 0
    endloop
  endfacet
  facet normal 0 0 -1
    outer loop
      vertex 31.7010555267334 31.059019088745117 0
      vertex 42 41 0
      vertex 31.718582153320312 30.998689651489258 0
    endloop
  endfacet
  facet normal 0 0 -1
    outer loop
      vertex 41 -1 0
      vertex 41.90482711791992 -0.4257783889770508 0
      vertex 41.876304626464844 -0.4817533493041992 0
    endloop
  endfacet
  facet normal 0 0 -1
    outer loop
      vertex 31.67977523803711 31.118125915527344 0
      vertex 42 41 0
      vertex 31.7010555267334 31.059019088745117 0
    endloop
  endfacet
  facet normal 0 0 -1
    outer loop
      vertex 41 -1 0
      vertex 41.876304626464844 -0.4817533493041992 0
      vertex 41.84432601928711 -0.5358266830444336 0
    endloop
  endfacet
  facet normal 0 0 -1
    outer loop
      vertex 31.654827117919922 31.1757755279541 0
      vertex 42 41 0
      vertex 31.67977523803711 31.118125915527344 0
    endloop
  endfacet
  facet normal 0 0 -1
    outer loop
      vertex 41 -1 0
      vertex 41.84432601928711 -0.5358266830444336 0
      vertex 41.809017181396484 -0.5877847671508789 0
    endloop
  endfacet
  facet normal 0 0 -1
    outer loop
      vertex 31.626306533813477 31.231754302978516 0
      vertex 42 41 0
      vertex 31.654827117919922 31.1757755279541 0
    endloop
  endfacet
  facet normal 0 0 -1
    outer loop
      vertex 41 -1 0
      vertex 41.809017181396484 -0.5877847671508789 0
      vertex 41.770511627197266 -0.6374235153198242 0
    endloop
  endfacet
  facet normal 0 0 -1
    outer loop
      vertex 31.594324111938477 31.285831451416016 0
      vertex 42 41 0
      vertex 31.626306533813477 31.231754302978516 0
    endloop
  endfacet
  facet normal 0 0 -1
    outer loop
      vertex 41 -1 0
      vertex 41.770511627197266 -0.6374235153198242 0
      vertex 41.72896957397461 -0.6845464706420898 0
    endloop
  endfacet
  facet normal 0 0 -1
    outer loop
      vertex 31.559017181396484 31.337785720825195 0
      vertex 42 41 0
      vertex 31.594324111938477 31.285831451416016 0
    endloop
  endfacet
  facet normal 0 0 -1
    outer loop
      vertex 41 -1 0
      vertex 41.72896957397461 -0.6845464706420898 0
      vertex 41.684547424316406 -0.728968620300293 0
    endloop
  endfacet
  facet normal 0 0 -1
    outer loop
      vertex 31.5205135345459 31.387422561645508 0
      vertex 42 41 0
      vertex 31.559017181396484 31.337785720825195 0
    endloop
  endfacet
  facet normal 0 0 -1
    outer loop
      vertex 41 -1 0
      vertex 41.684547424316406 -0.728968620300293 0
      vertex 41.63742446899414 -0.770512580871582 0
    endloop
  endfacet
  facet normal 0 0 -1
    outer loop
      vertex 31.47896957397461 31.434547424316406 0
      vertex 42 41 0
      vertex 31.5205135345459 31.387422561645508 0
    endloop
  endfacet
  facet normal 0 0 -1
    outer loop
      vertex 41 -1 0
      vertex 41.63742446899414 -0.770512580871582 0
      vertex 41.58778381347656 -0.809016227722168 0
    endloop
  endfacet
  facet normal 0 0 -1
    outer loop
      vertex 41 42 0
      vertex 42 41 0
      vertex 31.47896957397461 31.434547424316406 0
    endloop
  endfacet
  facet normal 0 0 -1
    outer loop
      vertex 41 -1 0
      vertex 41.58778381347656 -0.809016227722168 0
      vertex 41.53582763671875 -0.8443269729614258 0
    endloop
  endfacet
  facet normal 0 0 -1
    outer loop
      vertex 42 41 0
      vertex 41 42 0
      vertex 41.998023986816406 41.06278991699219 0
    endloop
  endfacet
  facet normal 0 0 -1
    outer loop
      vertex 41 -1 0
      vertex 41.53582763671875 -0.8443269729614258 0
      vertex 41.481754302978516 -0.8763065338134766 0
    endloop
  endfacet
  facet normal 0 0 -1
    outer loop
      vertex 41.99211502075195 41.12533187866211 0
      vertex 41 42 0
      vertex 41.98228454589844 41.187381744384766 0
    endloop
  endfacet
  facet normal 0 0 -1
    outer loop
      vertex 41 -1 0
      vertex 41.481754302978516 -0.8763065338134766 0
      vertex 41.425777435302734 -0.9048261642456055 0
    endloop
  endfacet
  facet normal 0 0 -1
    outer loop
      vertex 41.96858215332031 41.248687744140625 0
      vertex 41 42 0
      vertex 41.95105743408203 41.309017181396484 0
    endloop
  endfacet
  facet normal 0 0 -1
    outer loop
      vertex 41 -1 0
      vertex 41.425777435302734 -0.9048261642456055 0
      vertex 41.368125915527344 -0.9297761917114258 0
    endloop
  endfacet
  facet normal 0 0 -1
    outer loop
      vertex 41.95105743408203 41.309017181396484 0
      vertex 41 42 0
      vertex 41.92977523803711 41.368125915527344 0
    endloop
  endfacet
  facet normal 0 0 -1
    outer loop
      vertex 41 -1 0
      vertex 41.368125915527344 -0.9297761917114258 0
      vertex 41.309017181396484 -0.9510564804077148 0
    endloop
  endfacet
  facet normal 0 0 -1
    outer loop
      vertex 41.90482711791992 41.425777435302734 0
      vertex 41 42 0
      vertex 41.876304626464844 41.481754302978516 0
    endloop
  endfacet
  facet normal 0 0 -1
    outer loop
      vertex 41 -1 0
      vertex 41.309017181396484 -0.9510564804077148 0
      vertex 41.248687744140625 -0.9685831069946289 0
    endloop
  endfacet
  facet normal 0 0 -1
    outer loop
      vertex 41.876304626464844 41.481754302978516 0
      vertex 41 42 0
      vertex 41.84432601928711 41.53582763671875 0
    endloop
  endfacet
  facet normal 0 0 -1
    outer loop
      vertex 41 -1 0
      vertex 41.248687744140625 -0.9685831069946289 0
      vertex 41.187381744384766 -0.9822864532470703 0
    endloop
  endfacet
  facet normal 0 0 -1
    outer loop
      vertex 41.809017181396484 41.58778381347656 0
      vertex 41 42 0
      vertex 41.770511627197266 41.63742446899414 0
    endloop
  endfacet
  facet normal 0 0 -1
    outer loop
      vertex 41 -1 0
      vertex 41.187381744384766 -0.9822864532470703 0
      vertex 41.12533187866211 -0.9921140670776367 0
    endloop
  endfacet
  facet normal 0 0 -1
    outer loop
      vertex 41.72896957397461 41.684547424316406 0
      vertex 41 42 0
      vertex 41.684547424316406 41.72896957397461 0
    endloop
  endfacet
  facet normal 0 0 -1
    outer loop
      vertex 41 -1 0
      vertex 41.12533187866211 -0.9921140670776367 0
      vertex 41.06278991699219 -0.9980258941650391 0
    endloop
  endfacet
  facet normal 0 0 -1
    outer loop
      vertex 41.684547424316406 41.72896957397461 0
      vertex 41 42 0
      vertex 41.63742446899414 41.770511627197266 0
    endloop
  endfacet
  facet normal 0 0 -1
    outer loop
      vertex 42 0 0
      vertex 41 -1 0
      vertex 31.47896957397461 9.565452575683594 0
    endloop
  endfacet
  facet normal 0 0 -1
    outer loop
      vertex 41.58778381347656 41.809017181396484 0
      vertex 41 42 0
      vertex 41.53582763671875 41.84432601928711 0
    endloop
  endfacet
  facet normal 0 0 -1
    outer loop
      vertex 41.481754302978516 41.876304626464844 0
      vertex 41 42 0
      vertex 41.425777435302734 41.90482711791992 0
    endloop
  endfacet
  facet normal 0 0 -1
    outer loop
      vertex 42 0 0
      vertex 31.74802589416504 10.187202453613281 0
      vertex 31.75 10.25 0
    endloop
  endfacet
  facet normal 0 0 -1
    outer loop
      vertex 42 0 0
      vertex 31.742115020751953 10.124667167663574 0
      vertex 31.74802589416504 10.187202453613281 0
    endloop
  endfacet
  facet normal 0 0 -1
    outer loop
      vertex 42 0 0
      vertex 31.732288360595703 10.062625885009766 0
      vertex 31.742115020751953 10.124667167663574 0
    endloop
  endfacet
  facet normal 0 0 -1
    outer loop
      vertex 42 0 0
      vertex 31.718582153320312 10.001310348510742 0
      vertex 31.732288360595703 10.062625885009766 0
    endloop
  endfacet
  facet normal 0 0 -1
    outer loop
      vertex 42 0 0
      vertex 31.7010555267334 9.940980911254883 0
      vertex 31.718582153320312 10.001310348510742 0
    endloop
  endfacet
  facet normal 0 0 -1
    outer loop
      vertex 42 0 0
      vertex 31.67977523803711 9.881875038146973 0
      vertex 31.7010555267334 9.940980911254883 0
    endloop
  endfacet
  facet normal 0 0 -1
    outer loop
      vertex 42 0 0
      vertex 31.654827117919922 9.824223518371582 0
      vertex 31.67977523803711 9.881875038146973 0
    endloop
  endfacet
  facet normal 0 0 -1
    outer loop
      vertex 42 0 0
      vertex 31.626306533813477 9.7682466506958 0
      vertex 31.654827117919922 9.824223518371582 0
    endloop
  endfacet
  facet normal 0 0 -1
    outer loop
      vertex 42 0 0
      vertex 31.594324111938477 9.714167594909668 0
      vertex 31.626306533813477 9.7682466506958 0
    endloop
  endfacet
  facet normal 0 0 -1
    outer loop
      vertex 42 0 0
      vertex 31.559017181396484 9.662214279174805 0
      vertex 31.594324111938477 9.714167594909668 0
    endloop
  endfacet
  facet normal 0 0 -1
    outer loop
      vertex 42 0 0
      vertex 31.5205135345459 9.612577438354492 0
      vertex 31.559017181396484 9.662214279174805 0
    endloop
  endfacet
  facet normal 0 0 -1
    outer loop
      vertex 42 0 0
      vertex 31.47896957397461 9.565452575683594 0
      vertex 31.5205135345459 9.612577438354492 0
    endloop
  endfacet
  facet normal 0 0 -1
    outer loop
      vertex 41 -1 0
      vertex 31.434547424316406 9.521031379699707 0
      vertex 31.47896957397461 9.565452575683594 0
    endloop
  endfacet
  facet normal 0 0 -1
    outer loop
      vertex 41 -1 0
      vertex 31.387422561645508 9.479486465454102 0
      vertex 31.434547424316406 9.521031379699707 0
    endloop
  endfacet
  facet normal 0 0 -1
    outer loop
      vertex 41 -1 0
      vertex 31.337785720825195 9.440982818603516 0
      vertex 31.387422561645508 9.479486465454102 0
    endloop
  endfacet
  facet normal 0 0 -1
    outer loop
      vertex 41 -1 0
      vertex 31.285831451416016 9.405675888061523 0
      vertex 31.337785720825195 9.440982818603516 0
    endloop
  endfacet
  facet normal 0 0 -1
    outer loop
      vertex 41 -1 0
      vertex 31.231754302978516 9.373693466186523 0
      vertex 31.285831451416016 9.405675888061523 0
    endloop
  endfacet
  facet normal 0 0 -1
    outer loop
      vertex 41 -1 0
      vertex 31.1757755279541 9.345171928405762 0
      vertex 31.231754302978516 9.373693466186523 0
    endloop
  endfacet
  facet normal 0 0 -1
    outer loop
      vertex 41 -1 0
      vertex 31.118125915527344 9.320223808288574 0
      vertex 31.1757755279541 9.345171928405762 0
    endloop
  endfacet
  facet normal 0 0 -1
    outer loop
      vertex 41 -1 0
      vertex 31.059019088745117 9.298944473266602 0
      vertex 31.118125915527344 9.320223808288574 0
    endloop
  endfacet
  facet normal 0 0 -1
    outer loop
      vertex 41 -1 0
      vertex 30.998689651489258 9.281416893005371 0
      vertex 31.059019088745117 9.298944473266602 0
    endloop
  endfacet
  facet normal 0 0 -1
    outer loop
      vertex 41 -1 0
      vertex 30.937374114990234 9.267711639404297 0
      vertex 30.998689651489258 9.281416893005371 0
    endloop
  endfacet
  facet normal 0 0 -1
    outer loop
      vertex 41 -1 0
      vertex 30.87533187866211 9.257884979248047 0
      vertex 30.937374114990234 9.267711639404297 0
    endloop
  endfacet
  facet normal 0 0 -1
    outer loop
      vertex 41 -1 0
      vertex 30.81279754638672 9.251974105834961 0
      vertex 30.87533187866211 9.257884979248047 0
    endloop
  endfacet
  facet normal 0 0 -1
    outer loop
      vertex 41 -1 0
      vertex 30.75 9.25 0
      vertex 30.81279754638672 9.251974105834961 0
    endloop
  endfacet
  facet normal 0 0 -1
    outer loop
      vertex 12 -1 0
      vertex 30.75 9.25 0
      vertex 41 -1 0
    endloop
  endfacet
  facet normal 0 0 -1
    outer loop
      vertex 30.75 9.25 0
      vertex 12 -1 0
      vertex 15.25 9.25 0
    endloop
  endfacet
  facet normal 0 0 -1
    outer loop
      vertex 15.25 9.25 0
      vertex 12 -1 0
      vertex 15.187202453613281 9.251974105834961 0
    endloop
  endfacet
  facet normal 0 0 -1
    outer loop
      vertex 15.187202453613281 9.251974105834961 0
      vertex 12 -1 0
      vertex 15.124667167663574 9.257884979248047 0
    endloop
  endfacet
  facet normal 0 0 -1
    outer loop
      vertex 15.124667167663574 9.257884979248047 0
      vertex 12 -1 0
      vertex 15.062625885009766 9.267711639404297 0
    endloop
  endfacet
  facet normal 0 0 -1
    outer loop
      vertex 15.062625885009766 9.267711639404297 0
      vertex 12 -1 0
      vertex 15.001310348510742 9.281416893005371 0
    endloop
  endfacet
  facet normal 0 0 -1
    outer loop
      vertex 11.31545352935791 -0.728968620300293 0
      vertex 15.001310348510742 9.281416893005371 0
      vertex 12 -1 0
    endloop
  endfacet
  facet normal 0 0 -1
    outer loop
      vertex 15.001310348510742 9.281416893005371 0
      vertex 11.31545352935791 -0.728968620300293 0
      vertex 14.940980911254883 9.298944473266602 0
    endloop
  endfacet
  facet normal 0 0 -1
    outer loop
      vertex 14.940980911254883 9.298944473266602 0
      vertex 11.31545352935791 -0.728968620300293 0
      vertex 14.881875038146973 9.320223808288574 0
    endloop
  endfacet
  facet normal 0 0 -1
    outer loop
      vertex 14.881875038146973 9.320223808288574 0
      vertex 11.31545352935791 -0.728968620300293 0
      vertex 14.824223518371582 9.345171928405762 0
    endloop
  endfacet
  facet normal 0 0 -1
    outer loop
      vertex 14.824223518371582 9.345171928405762 0
      vertex 11.31545352935791 -0.728968620300293 0
      vertex 14.7682466506958 9.373693466186523 0
    endloop
  endfacet
  facet normal 0 0 -1
    outer loop
      vertex 14.7682466506958 9.373693466186523 0
      vertex 11.31545352935791 -0.728968620300293 0
      vertex 14.714167594909668 9.405675888061523 0
    endloop
  endfacet
  facet normal 0 0 -1
    outer loop
      vertex 14.714167594909668 9.405675888061523 0
      vertex 11.31545352935791 -0.728968620300293 0
      vertex 14.662214279174805 9.440982818603516 0
    endloop
  endfacet
  facet normal 0 0 -1
    outer loop
      vertex 14.662214279174805 9.440982818603516 0
      vertex 11.31545352935791 -0.728968620300293 0
      vertex 14.612577438354492 9.479486465454102 0
    endloop
  endfacet
  facet normal 0 0 -1
    outer loop
      vertex 11.31545352935791 -0.728968620300293 0
      vertex 12 -1 0
      vertex 11.937210083007812 -0.9980258941650391 0
    endloop
  endfacet
  facet normal 0 0 -1
    outer loop
      vertex 11.31545352935791 -0.728968620300293 0
      vertex 11.937210083007812 -0.9980258941650391 0
      vertex 11.874667167663574 -0.9921140670776367 0
    endloop
  endfacet
  facet normal 0 0 -1
    outer loop
      vertex 11.31545352935791 -0.728968620300293 0
      vertex 11.874667167663574 -0.9921140670776367 0
      vertex 11.81261920928955 -0.9822864532470703 0
    endloop
  endfacet
  facet normal 0 0 -1
    outer loop
      vertex 11.31545352935791 -0.728968620300293 0
      vertex 11.81261920928955 -0.9822864532470703 0
      vertex 11.751310348510742 -0.9685831069946289 0
    endloop
  endfacet
  facet normal 0 0 -1
    outer loop
      vertex 11.31545352935791 -0.728968620300293 0
      vertex 11.751310348510742 -0.9685831069946289 0
      vertex 11.690983772277832 -0.9510564804077148 0
    endloop
  endfacet
  facet normal 0 0 -1
    outer loop
      vertex 11.31545352935791 -0.728968620300293 0
      vertex 11.690983772277832 -0.9510564804077148 0
      vertex 11.631875991821289 -0.9297761917114258 0
    endloop
  endfacet
  facet normal 0 0 -1
    outer loop
      vertex 11.31545352935791 -0.728968620300293 0
      vertex 11.631875991821289 -0.9297761917114258 0
      vertex 11.57422161102295 -0.9048261642456055 0
    endloop
  endfacet
  facet normal 0 0 -1
    outer loop
      vertex 11.31545352935791 -0.728968620300293 0
      vertex 11.57422161102295 -0.9048261642456055 0
      vertex 11.5182466506958 -0.8763065338134766 0
    endloop
  endfacet
  facet normal 0 0 -1
    outer loop
      vertex 11.31545352935791 -0.728968620300293 0
      vertex 11.5182466506958 -0.8763065338134766 0
      vertex 11.464173316955566 -0.8443269729614258 0
    endloop
  endfacet
  facet normal 0 0 -1
    outer loop
      vertex 11.31545352935791 -0.728968620300293 0
      vertex 11.464173316955566 -0.8443269729614258 0
      vertex 11.412215232849121 -0.809016227722168 0
    endloop
  endfacet
  facet normal 0 0 -1
    outer loop
      vertex 11.31545352935791 -0.728968620300293 0
      vertex 11.412215232849121 -0.809016227722168 0
      vertex 11.362576484680176 -0.770512580871582 0
    endloop
  endfacet
  facet normal 0 0 -1
    outer loop
      vertex 14.612577438354492 9.479486465454102 0
      vertex 11.31545352935791 -0.728968620300293 0
      vertex 14.565452575683594 9.521031379699707 0
    endloop
  endfacet
  facet normal 0 0 -1
    outer loop
      vertex 11.31545352935791 -0.728968620300293 0
      vertex 9.521031379699707 14.565452575683594 0
      vertex 14.565452575683594 9.521031379699707 0
    endloop
  endfacet
  facet normal 0 0 -1
    outer loop
      vertex -0.728968620300293 11.31545352935791 0
      vertex 9.521031379699707 14.565452575683594 0
      vertex 11.31545352935791 -0.728968620300293 0
    endloop
  endfacet
  facet normal 0 0 -1
    outer loop
      vertex 9.521031379699707 14.565452575683594 0
      vertex -0.728968620300293 11.31545352935791 0
      vertex 9.479486465454102 14.612577438354492 0
    endloop
  endfacet
  facet normal 0 0 -1
    outer loop
      vertex 9.479486465454102 14.612577438354492 0
      vertex -0.728968620300293 11.31545352935791 0
      vertex 9.440982818603516 14.662214279174805 0
    endloop
  endfacet
  facet normal 0 0 -1
    outer loop
      vertex 9.440982818603516 14.662214279174805 0
      vertex -0.728968620300293 11.31545352935791 0
      vertex 9.405675888061523 14.714167594909668 0
    endloop
  endfacet
  facet normal 0 0 -1
    outer loop
      vertex 9.405675888061523 14.714167594909668 0
      vertex -0.728968620300293 11.31545352935791 0
      vertex 9.373693466186523 14.7682466506958 0
    endloop
  endfacet
  facet normal 0 0 -1
    outer loop
      vertex 9.373693466186523 14.7682466506958 0
      vertex -0.728968620300293 11.31545352935791 0
      vertex 9.345171928405762 14.824223518371582 0
    endloop
  endfacet
  facet normal 0 0 -1
    outer loop
      vertex 9.345171928405762 14.824223518371582 0
      vertex -0.728968620300293 11.31545352935791 0
      vertex 9.320223808288574 14.881875038146973 0
    endloop
  endfacet
  facet normal 0 0 -1
    outer loop
      vertex 9.320223808288574 14.881875038146973 0
      vertex -0.728968620300293 11.31545352935791 0
      vertex 9.298944473266602 14.940980911254883 0
    endloop
  endfacet
  facet normal 0 0 -1
    outer loop
      vertex 9.298944473266602 14.940980911254883 0
      vertex -0.728968620300293 11.31545352935791 0
      vertex 9.281416893005371 15.001310348510742 0
    endloop
  endfacet
  facet normal 0 0 -1
    outer loop
      vertex -1 12 0
      vertex 9.281416893005371 15.001310348510742 0
      vertex -0.728968620300293 11.31545352935791 0
    endloop
  endfacet
  facet normal 0 0 -1
    outer loop
      vertex -1 12 0
      vertex 9.25 30.75 0
      vertex 9.25 15.25 0
    endloop
  endfacet
  facet normal 0 0 -1
    outer loop
      vertex -1 12 0
      vertex 9.25 15.25 0
      vertex 9.251974105834961 15.187202453613281 0
    endloop
  endfacet
  facet normal 0 0 -1
    outer loop
      vertex -1 12 0
      vertex 9.251974105834961 15.187202453613281 0
      vertex 9.257884979248047 15.124667167663574 0
    endloop
  endfacet
  facet normal 0 0 -1
    outer loop
      vertex 9.281416893005371 15.001310348510742 0
      vertex -1 12 0
      vertex 9.267711639404297 15.062625885009766 0
    endloop
  endfacet
  facet normal 0 0 -1
    outer loop
      vertex 9.25 30.75 0
      vertex -1 12 0
      vertex -1 41 0
    endloop
  endfacet
  facet normal 0 0 -1
    outer loop
      vertex 9.25 30.75 0
      vertex -1 41 0
      vertex 0 42 0
    endloop
  endfacet
  facet normal 0 0 -1
    outer loop
      vertex 0 42 0
      vertex -1 41 0
      vertex -0.0627899169921875 41.998023986816406 0
    endloop
  endfacet
  facet normal 0 0 -1
    outer loop
      vertex -0.0627899169921875 41.998023986816406 0
      vertex -1 41 0
      vertex -0.12533283233642578 41.99211502075195 0
    endloop
  endfacet
  facet normal 0 0 -1
    outer loop
      vertex -0.12533283233642578 41.99211502075195 0
      vertex -1 41 0
      vertex -0.18738079071044922 41.98228454589844 0
    endloop
  endfacet
  facet normal 0 0 -1
    outer loop
      vertex -0.18738079071044922 41.98228454589844 0
      vertex -1 41 0
      vertex -0.2486896514892578 41.96858215332031 0
    endloop
  endfacet
  facet normal 0 0 -1
    outer loop
      vertex -0.2486896514892578 41.96858215332031 0
      vertex -1 41 0
      vertex -0.30901622772216797 41.95105743408203 0
    endloop
  endfacet
  facet normal 0 0 -1
    outer loop
      vertex -0.30901622772216797 41.95105743408203 0
      vertex -1 41 0
      vertex -0.36812400817871094 41.92977523803711 0
    endloop
  endfacet
  facet normal 0 0 -1
    outer loop
      vertex -0.36812400817871094 41.92977523803711 0
      vertex -1 41 0
      vertex -0.4257783889770508 41.90482711791992 0
    endloop
  endfacet
  facet normal 0 0 -1
    outer loop
      vertex -0.4817533493041992 41.876304626464844 0
      vertex -1 41 0
      vertex -0.5358266830444336 41.84432601928711 0
    endloop
  endfacet
  facet normal 0 0 -1
    outer loop
      vertex -0.5358266830444336 41.84432601928711 0
      vertex -1 41 0
      vertex -0.5877847671508789 41.809017181396484 0
    endloop
  endfacet
  facet normal 0 0 -1
    outer loop
      vertex -0.5877847671508789 41.809017181396484 0
      vertex -1 41 0
      vertex -0.6374235153198242 41.770511627197266 0
    endloop
  endfacet
  facet normal 0 0 -1
    outer loop
      vertex 9.267711639404297 15.062625885009766 0
      vertex -1 12 0
      vertex 9.257884979248047 15.124667167663574 0
    endloop
  endfacet
  facet normal 0 0 -1
    outer loop
      vertex -0.4257783889770508 41.90482711791992 0
      vertex -1 41 0
      vertex -0.4817533493041992 41.876304626464844 0
    endloop
  endfacet
  facet normal 0 0 -1
    outer loop
      vertex -1 12 0
      vertex -0.728968620300293 11.31545352935791 0
      vertex -0.770512580871582 11.362576484680176 0
    endloop
  endfacet
  facet normal 0 0 -1
    outer loop
      vertex -0.6374235153198242 41.770511627197266 0
      vertex -1 41 0
      vertex -0.6845464706420898 41.72896957397461 0
    endloop
  endfacet
  facet normal 0 0 -1
    outer loop
      vertex -1 12 0
      vertex -0.770512580871582 11.362576484680176 0
      vertex -0.809016227722168 11.412215232849121 0
    endloop
  endfacet
  facet normal 0 0 -1
    outer loop
      vertex -0.6845464706420898 41.72896957397461 0
      vertex -1 41 0
      vertex -0.728968620300293 41.684547424316406 0
    endloop
  endfacet
  facet normal 0 0 -1
    outer loop
      vertex -1 12 0
      vertex -0.809016227722168 11.412215232849121 0
      vertex -0.8443269729614258 11.464173316955566 0
    endloop
  endfacet
  facet normal 0 0 -1
    outer loop
      vertex -0.728968620300293 41.684547424316406 0
      vertex -1 41 0
      vertex -0.770512580871582 41.63742446899414 0
    endloop
  endfacet
  facet normal 0 0 -1
    outer loop
      vertex -1 12 0
      vertex -0.8443269729614258 11.464173316955566 0
      vertex -0.8763065338134766 11.5182466506958 0
    endloop
  endfacet
  facet normal 0 0 -1
    outer loop
      vertex -0.770512580871582 41.63742446899414 0
      vertex -1 41 0
      vertex -0.809016227722168 41.58778381347656 0
    endloop
  endfacet
  facet normal 0 0 -1
    outer loop
      vertex -1 12 0
      vertex -0.8763065338134766 11.5182466506958 0
      vertex -0.9048261642456055 11.57422161102295 0
    endloop
  endfacet
  facet normal 0 0 -1
    outer loop
      vertex -0.809016227722168 41.58778381347656 0
      vertex -1 41 0
      vertex -0.8443269729614258 41.53582763671875 0
    endloop
  endfacet
  facet normal 0 0 -1
    outer loop
      vertex -1 12 0
      vertex -0.9048261642456055 11.57422161102295 0
      vertex -0.9297761917114258 11.631875991821289 0
    endloop
  endfacet
  facet normal 0 0 -1
    outer loop
      vertex -0.8443269729614258 41.53582763671875 0
      vertex -1 41 0
      vertex -0.8763065338134766 41.481754302978516 0
    endloop
  endfacet
  facet normal 0 0 -1
    outer loop
      vertex -1 12 0
      vertex -0.9297761917114258 11.631875991821289 0
      vertex -0.9510564804077148 11.690983772277832 0
    endloop
  endfacet
  facet normal 0 0 -1
    outer loop
      vertex -0.8763065338134766 41.481754302978516 0
      vertex -1 41 0
      vertex -0.9048261642456055 41.425777435302734 0
    endloop
  endfacet
  facet normal 0 0 -1
    outer loop
      vertex -1 12 0
      vertex -0.9510564804077148 11.690983772277832 0
      vertex -0.9685831069946289 11.751310348510742 0
    endloop
  endfacet
  facet normal 0 0 -1
    outer loop
      vertex -0.9048261642456055 41.425777435302734 0
      vertex -1 41 0
      vertex -0.9297761917114258 41.368125915527344 0
    endloop
  endfacet
  facet normal 0 0 -1
    outer loop
      vertex -1 12 0
      vertex -0.9685831069946289 11.751310348510742 0
      vertex -0.9822864532470703 11.81261920928955 0
    endloop
  endfacet
  facet normal 0 0 -1
    outer loop
      vertex -0.9297761917114258 41.368125915527344 0
      vertex -1 41 0
      vertex -0.9510564804077148 41.309017181396484 0
    endloop
  endfacet
  facet normal 0 0 -1
    outer loop
      vertex -1 12 0
      vertex -0.9822864532470703 11.81261920928955 0
      vertex -0.9921140670776367 11.874667167663574 0
    endloop
  endfacet
  facet normal 0 0 -1
    outer loop
      vertex -0.9510564804077148 41.309017181396484 0
      vertex -1 41 0
      vertex -0.9685831069946289 41.248687744140625 0
    endloop
  endfacet
  facet normal 0 0 -1
    outer loop
      vertex -1 12 0
      vertex -0.9921140670776367 11.874667167663574 0
      vertex -0.9980258941650391 11.937210083007812 0
    endloop
  endfacet
  facet normal 0 0 -1
    outer loop
      vertex -0.9685831069946289 41.248687744140625 0
      vertex -1 41 0
      vertex -0.9822864532470703 41.187381744384766 0
    endloop
  endfacet
  facet normal 0 0 -1
    outer loop
      vertex -0.9822864532470703 41.187381744384766 0
      vertex -1 41 0
      vertex -0.9921140670776367 41.12533187866211 0
    endloop
  endfacet
  facet normal 0 0 -1
    outer loop
      vertex -0.9921140670776367 41.12533187866211 0
      vertex -1 41 0
      vertex -0.9980258941650391 41.06278991699219 0
    endloop
  endfacet
  facet normal 0 0 -1
    outer loop
      vertex 41.425777435302734 41.90482711791992 0
      vertex 41 42 0
      vertex 41.368125915527344 41.92977523803711 0
    endloop
  endfacet
  facet normal 0 0 -1
    outer loop
      vertex 41.309017181396484 41.95105743408203 0
      vertex 41 42 0
      vertex 41.248687744140625 41.96858215332031 0
    endloop
  endfacet
  facet normal 0 0 -1
    outer loop
      vertex 41.187381744384766 41.98228454589844 0
      vertex 41 42 0
      vertex 41.12533187866211 41.99211502075195 0
    endloop
  endfacet
  facet normal 0 0 -1
    outer loop
      vertex 41.12533187866211 41.99211502075195 0
      vertex 41 42 0
      vertex 41.06278991699219 41.998023986816406 0
    endloop
  endfacet
  facet normal 0 0 -1
    outer loop
      vertex 41.248687744140625 41.96858215332031 0
      vertex 41 42 0
      vertex 41.187381744384766 41.98228454589844 0
    endloop
  endfacet
  facet normal 0 0 -1
    outer loop
      vertex 41.368125915527344 41.92977523803711 0
      vertex 41 42 0
      vertex 41.309017181396484 41.95105743408203 0
    endloop
  endfacet
  facet normal 0 0 -1
    outer loop
      vertex 41.53582763671875 41.84432601928711 0
      vertex 41 42 0
      vertex 41.481754302978516 41.876304626464844 0
    endloop
  endfacet
  facet normal 0 0 -1
    outer loop
      vertex 41.63742446899414 41.770511627197266 0
      vertex 41 42 0
      vertex 41.58778381347656 41.809017181396484 0
    endloop
  endfacet
  facet normal 0 0 -1
    outer loop
      vertex 41.770511627197266 41.63742446899414 0
      vertex 41 42 0
      vertex 41.72896957397461 41.684547424316406 0
    endloop
  endfacet
  facet normal 0 0 -1
    outer loop
      vertex 41.84432601928711 41.53582763671875 0
      vertex 41 42 0
      vertex 41.809017181396484 41.58778381347656 0
    endloop
  endfacet
  facet normal 0 0 -1
    outer loop
      vertex 41.92977523803711 41.368125915527344 0
      vertex 41 42 0
      vertex 41.90482711791992 41.425777435302734 0
    endloop
  endfacet
  facet normal 0 0 -1
    outer loop
      vertex 41.98228454589844 41.187381744384766 0
      vertex 41 42 0
      vertex 41.96858215332031 41.248687744140625 0
    endloop
  endfacet
  facet normal 0 0 -1
    outer loop
      vertex 41.998023986816406 41.06278991699219 0
      vertex 41 42 0
      vertex 41.99211502075195 41.12533187866211 0
    endloop
  endfacet
  facet normal 0 0 -1
    outer loop
      vertex 31.434547424316406 31.47896957397461 0
      vertex 41 42 0
      vertex 31.47896957397461 31.434547424316406 0
    endloop
  endfacet
  facet normal 0 0 -1
    outer loop
      vertex 31.387422561645508 31.5205135345459 0
      vertex 41 42 0
      vertex 31.434547424316406 31.47896957397461 0
    endloop
  endfacet
  facet normal 0 0 -1
    outer loop
      vertex 31.337785720825195 31.559017181396484 0
      vertex 41 42 0
      vertex 31.387422561645508 31.5205135345459 0
    endloop
  endfacet
  facet normal 0 0 -1
    outer loop
      vertex 31.285831451416016 31.594324111938477 0
      vertex 41 42 0
      vertex 31.337785720825195 31.559017181396484 0
    endloop
  endfacet
  facet normal 0 0 -1
    outer loop
      vertex 31.231754302978516 31.626306533813477 0
      vertex 41 42 0
      vertex 31.285831451416016 31.594324111938477 0
    endloop
  endfacet
  facet normal 0 0 -1
    outer loop
      vertex 31.1757755279541 31.654827117919922 0
      vertex 41 42 0
      vertex 31.231754302978516 31.626306533813477 0
    endloop
  endfacet
  facet normal 0 0 -1
    outer loop
      vertex 31.118125915527344 31.67977523803711 0
      vertex 41 42 0
      vertex 31.1757755279541 31.654827117919922 0
    endloop
  endfacet
  facet normal 0 0 -1
    outer loop
      vertex 31.059019088745117 31.7010555267334 0
      vertex 41 42 0
      vertex 31.118125915527344 31.67977523803711 0
    endloop
  endfacet
  facet normal 0 0 -1
    outer loop
      vertex 30.998689651489258 31.718582153320312 0
      vertex 41 42 0
      vertex 31.059019088745117 31.7010555267334 0
    endloop
  endfacet
  facet normal 0 0 -1
    outer loop
      vertex 30.937374114990234 31.732288360595703 0
      vertex 41 42 0
      vertex 30.998689651489258 31.718582153320312 0
    endloop
  endfacet
  facet normal 0 0 -1
    outer loop
      vertex 30.87533187866211 31.742115020751953 0
      vertex 41 42 0
      vertex 30.937374114990234 31.732288360595703 0
    endloop
  endfacet
  facet normal 0 0 -1
    outer loop
      vertex 30.81279754638672 31.74802589416504 0
      vertex 41 42 0
      vertex 30.87533187866211 31.742115020751953 0
    endloop
  endfacet
  facet normal 0 0 -1
    outer loop
      vertex 30.75 31.75 0
      vertex 41 42 0
      vertex 30.81279754638672 31.74802589416504 0
    endloop
  endfacet
  facet normal 0 0 -1
    outer loop
      vertex 10.25 31.75 0
      vertex 41 42 0
      vertex 30.75 31.75 0
    endloop
  endfacet
  facet normal 0 0 -1
    outer loop
      vertex 0 42 0
      vertex 10.25 31.75 0
      vertex 10.187202453613281 31.74802589416504 0
    endloop
  endfacet
  facet normal 0 0 -1
    outer loop
      vertex 0 42 0
      vertex 10.187202453613281 31.74802589416504 0
      vertex 10.124667167663574 31.742115020751953 0
    endloop
  endfacet
  facet normal 0 0 -1
    outer loop
      vertex 0 42 0
      vertex 10.124667167663574 31.742115020751953 0
      vertex 10.062625885009766 31.732288360595703 0
    endloop
  endfacet
  facet normal 0 0 -1
    outer loop
      vertex 0 42 0
      vertex 10.062625885009766 31.732288360595703 0
      vertex 10.001310348510742 31.718582153320312 0
    endloop
  endfacet
  facet normal 0 0 -1
    outer loop
      vertex 0 42 0
      vertex 10.001310348510742 31.718582153320312 0
      vertex 9.940980911254883 31.7010555267334 0
    endloop
  endfacet
  facet normal 0 0 -1
    outer loop
      vertex 10.25 31.75 0
      vertex 0 42 0
      vertex 41 42 0
    endloop
  endfacet
  facet normal 0 0 -1
    outer loop
      vertex 9.881875038146973 31.67977523803711 0
      vertex 0 42 0
      vertex 9.940980911254883 31.7010555267334 0
    endloop
  endfacet
  facet normal 0 0 -1
    outer loop
      vertex 9.824223518371582 31.654827117919922 0
      vertex 0 42 0
      vertex 9.881875038146973 31.67977523803711 0
    endloop
  endfacet
  facet normal 0 0 -1
    outer loop
      vertex 9.7682466506958 31.626306533813477 0
      vertex 0 42 0
      vertex 9.824223518371582 31.654827117919922 0
    endloop
  endfacet
  facet normal 0 0 -1
    outer loop
      vertex 9.714167594909668 31.594324111938477 0
      vertex 0 42 0
      vertex 9.7682466506958 31.626306533813477 0
    endloop
  endfacet
  facet normal 0 0 -1
    outer loop
      vertex 9.662214279174805 31.559017181396484 0
      vertex 0 42 0
      vertex 9.714167594909668 31.594324111938477 0
    endloop
  endfacet
  facet normal 0 0 -1
    outer loop
      vertex 9.612577438354492 31.5205135345459 0
      vertex 0 42 0
      vertex 9.662214279174805 31.559017181396484 0
    endloop
  endfacet
  facet normal 0 0 -1
    outer loop
      vertex 9.565452575683594 31.47896957397461 0
      vertex 0 42 0
      vertex 9.612577438354492 31.5205135345459 0
    endloop
  endfacet
  facet normal 0 0 -1
    outer loop
      vertex 9.521031379699707 31.434547424316406 0
      vertex 0 42 0
      vertex 9.565452575683594 31.47896957397461 0
    endloop
  endfacet
  facet normal 0 0 -1
    outer loop
      vertex 9.479486465454102 31.387422561645508 0
      vertex 0 42 0
      vertex 9.521031379699707 31.434547424316406 0
    endloop
  endfacet
  facet normal 0 0 -1
    outer loop
      vertex 9.440982818603516 31.337785720825195 0
      vertex 0 42 0
      vertex 9.479486465454102 31.387422561645508 0
    endloop
  endfacet
  facet normal 0 0 -1
    outer loop
      vertex 9.405675888061523 31.285831451416016 0
      vertex 0 42 0
      vertex 9.440982818603516 31.337785720825195 0
    endloop
  endfacet
  facet normal 0 0 -1
    outer loop
      vertex 9.373693466186523 31.231754302978516 0
      vertex 0 42 0
      vertex 9.405675888061523 31.285831451416016 0
    endloop
  endfacet
  facet normal 0 0 -1
    outer loop
      vertex 9.345171928405762 31.1757755279541 0
      vertex 0 42 0
      vertex 9.373693466186523 31.231754302978516 0
    endloop
  endfacet
  facet normal 0 0 -1
    outer loop
      vertex 9.320223808288574 31.118125915527344 0
      vertex 0 42 0
      vertex 9.345171928405762 31.1757755279541 0
    endloop
  endfacet
  facet normal 0 0 -1
    outer loop
      vertex 9.298944473266602 31.059019088745117 0
      vertex 0 42 0
      vertex 9.320223808288574 31.118125915527344 0
    endloop
  endfacet
  facet normal 0 0 -1
    outer loop
      vertex 9.281416893005371 30.998689651489258 0
      vertex 0 42 0
      vertex 9.298944473266602 31.059019088745117 0
    endloop
  endfacet
  facet normal 0 0 -1
    outer loop
      vertex 9.267711639404297 30.937374114990234 0
      vertex 0 42 0
      vertex 9.281416893005371 30.998689651489258 0
    endloop
  endfacet
  facet normal 0 0 -1
    outer loop
      vertex 9.257884979248047 30.87533187866211 0
      vertex 0 42 0
      vertex 9.267711639404297 30.937374114990234 0
    endloop
  endfacet
  facet normal 0 0 -1
    outer loop
      vertex 9.251974105834961 30.81279754638672 0
      vertex 0 42 0
      vertex 9.257884979248047 30.87533187866211 0
    endloop
  endfacet
  facet normal 0 0 -1
    outer loop
      vertex 0 42 0
      vertex 9.251974105834961 30.81279754638672 0
      vertex 9.25 30.75 0
    endloop
  endfacet
  facet normal -0.7501151201990178 -0.6613072708271193 0
    outer loop
      vertex -0.728968620300293 11.31545352935791 0
      vertex -0.770512580871582 11.362576484680176 67
      vertex -0.770512580871582 11.362576484680176 0
    endloop
  endfacet
  facet normal -0.7501151201990178 -0.6613072708271193 0
    outer loop
      vertex -0.770512580871582 11.362576484680176 67
      vertex -0.728968620300293 11.31545352935791 0
      vertex -0.728968620300293 11.31545352935791 67
    endloop
  endfacet
  facet normal -0.9995061338808694 -0.03142432711320473 0
    outer loop
      vertex -0.9980258941650391 11.937210083007812 0
      vertex -1 12 67
      vertex -1 12 0
    endloop
  endfacet
  facet normal -0.9995061338808694 -0.03142432711320473 0
    outer loop
      vertex -1 12 67
      vertex -0.9980258941650391 11.937210083007812 0
      vertex -0.9980258941650391 11.937210083007812 67
    endloop
  endfacet
  facet normal 0.7071067811865475 0.7071067811865475 0
    outer loop
      vertex 14.565452575683594 9.521031379699707 4
      vertex 9.521031379699707 14.565452575683594 0
      vertex 9.521031379699707 14.565452575683594 4
    endloop
  endfacet
  facet normal 0.7071067811865475 0.7071067811865475 0
    outer loop
      vertex 9.521031379699707 14.565452575683594 0
      vertex 14.565452575683594 9.521031379699707 4
      vertex 14.565452575683594 9.521031379699707 0
    endloop
  endfacet
  facet normal -0.9876878913159683 -0.15643730165090305 0
    outer loop
      vertex -0.9822864532470703 11.81261920928955 0
      vertex -0.9921140670776367 11.874667167663574 67
      vertex -0.9921140670776367 11.874667167663574 0
    endloop
  endfacet
  facet normal -0.9876878913159683 -0.15643730165090305 0
    outer loop
      vertex -0.9921140670776367 11.874667167663574 67
      vertex -0.9822864532470703 11.81261920928955 0
      vertex -0.9822864532470703 11.81261920928955 67
    endloop
  endfacet
  facet normal -0.8607372813478726 -0.5090494401311854 0
    outer loop
      vertex -0.8443269729614258 11.464173316955566 0
      vertex -0.8763065338134766 11.5182466506958 67
      vertex -0.8763065338134766 11.5182466506958 0
    endloop
  endfacet
  facet normal -0.8607372813478726 -0.5090494401311854 0
    outer loop
      vertex -0.8763065338134766 11.5182466506958 67
      vertex -0.8443269729614258 11.464173316955566 0
      vertex -0.8443269729614258 11.464173316955566 67
    endloop
  endfacet
  facet normal -0.9602931056035681 -0.2789931026571348 0
    outer loop
      vertex -0.9510564804077148 11.690983772277832 0
      vertex -0.9685831069946289 11.751310348510742 67
      vertex -0.9685831069946289 11.751310348510742 0
    endloop
  endfacet
  facet normal -0.9602931056035681 -0.2789931026571348 0
    outer loop
      vertex -0.9685831069946289 11.751310348510742 67
      vertex -0.9510564804077148 11.690983772277832 0
      vertex -0.9510564804077148 11.690983772277832 67
    endloop
  endfacet
  facet normal -0.9955622912911102 -0.09410485725611979 0
    outer loop
      vertex -0.9921140670776367 11.874667167663574 0
      vertex -0.9980258941650391 11.937210083007812 67
      vertex -0.9980258941650391 11.937210083007812 0
    endloop
  endfacet
  facet normal -0.9955622912911102 -0.09410485725611979 0
    outer loop
      vertex -0.9980258941650391 11.937210083007812 67
      vertex -0.9921140670776367 11.874667167663574 0
      vertex -0.9921140670776367 11.874667167663574 67
    endloop
  endfacet
  facet normal -0.7901558839423499 -0.61290593003436 0
    outer loop
      vertex -0.770512580871582 11.362576484680176 0
      vertex -0.809016227722168 11.412215232849121 67
      vertex -0.809016227722168 11.412215232849121 0
    endloop
  endfacet
  facet normal -0.7901558839423499 -0.61290593003436 0
    outer loop
      vertex -0.809016227722168 11.412215232849121 67
      vertex -0.770512580871582 11.362576484680176 0
      vertex -0.770512580871582 11.362576484680176 67
    endloop
  endfacet
  facet normal -0.9408798643280056 -0.3387404329307526 0
    outer loop
      vertex -0.9297761917114258 11.631875991821289 0
      vertex -0.9510564804077148 11.690983772277832 67
      vertex -0.9510564804077148 11.690983772277832 0
    endloop
  endfacet
  facet normal -0.9408798643280056 -0.3387404329307526 0
    outer loop
      vertex -0.9510564804077148 11.690983772277832 67
      vertex -0.9297761917114258 11.631875991821289 0
      vertex -0.9297761917114258 11.631875991821289 67
    endloop
  endfacet
  facet normal -0.8270800729598643 -0.5620841155135996 0
    outer loop
      vertex -0.809016227722168 11.412215232849121 0
      vertex -0.8443269729614258 11.464173316955566 67
      vertex -0.8443269729614258 11.464173316955566 0
    endloop
  endfacet
  facet normal -0.8270800729598643 -0.5620841155135996 0
    outer loop
      vertex -0.8443269729614258 11.464173316955566 67
      vertex -0.809016227722168 11.412215232849121 0
      vertex -0.809016227722168 11.412215232849121 67
    endloop
  endfacet
  facet normal -0.9759194992215958 -0.2181309951361101 0
    outer loop
      vertex -0.9685831069946289 11.751310348510742 0
      vertex -0.9822864532470703 11.81261920928955 67
      vertex -0.9822864532470703 11.81261920928955 0
    endloop
  endfacet
  facet normal -0.9759194992215958 -0.2181309951361101 0
    outer loop
      vertex -0.9822864532470703 11.81261920928955 67
      vertex -0.9685831069946289 11.751310348510742 0
      vertex -0.9685831069946289 11.751310348510742 67
    endloop
  endfacet
  facet normal -0.9177502800004914 -0.3971579327660716 0
    outer loop
      vertex -0.9048261642456055 11.57422161102295 0
      vertex -0.9297761917114258 11.631875991821289 67
      vertex -0.9297761917114258 11.631875991821289 0
    endloop
  endfacet
  facet normal -0.9177502800004914 -0.3971579327660716 0
    outer loop
      vertex -0.9297761917114258 11.631875991821289 67
      vertex -0.9048261642456055 11.57422161102295 0
      vertex -0.9048261642456055 11.57422161102295 67
    endloop
  endfacet
  facet normal -0.891013197394176 -0.4539774025977584 0
    outer loop
      vertex -0.8763065338134766 11.5182466506958 0
      vertex -0.9048261642456055 11.57422161102295 67
      vertex -0.9048261642456055 11.57422161102295 0
    endloop
  endfacet
  facet normal -0.891013197394176 -0.4539774025977584 0
    outer loop
      vertex -0.9048261642456055 11.57422161102295 67
      vertex -0.8763065338134766 11.5182466506958 0
      vertex -0.8763065338134766 11.5182466506958 67
    endloop
  endfacet
  facet normal 0.2789809016533968 -0.9602966502662902 0
    outer loop
      vertex 41.248687744140625 -0.9685831069946289 0
      vertex 41.309017181396484 -0.9510564804077148 67
      vertex 41.248687744140625 -0.9685831069946289 67
    endloop
  endfacet
  facet normal 0.2789809016533968 -0.9602966502662902 0
    outer loop
      vertex 41.309017181396484 -0.9510564804077148 67
      vertex 41.248687744140625 -0.9685831069946289 0
      vertex 41.309017181396484 -0.9510564804077148 0
    endloop
  endfacet
  facet normal 0 1 0
    outer loop
      vertex 30.75 9.25 0
      vertex 15.25 9.25 4
      vertex 30.75 9.25 4
    endloop
  endfacet
  facet normal 0 1 0
    outer loop
      vertex 15.25 9.25 4
      vertex 30.75 9.25 0
      vertex 15.25 9.25 0
    endloop
  endfacet
  facet normal 0.09410627951094909 -0.9955621568524021 0
    outer loop
      vertex 41.06278991699219 -0.9980258941650391 0
      vertex 41.12533187866211 -0.9921140670776367 67
      vertex 41.06278991699219 -0.9980258941650391 67
    endloop
  endfacet
  facet normal 0.09410627951094909 -0.9955621568524021 0
    outer loop
      vertex 41.12533187866211 -0.9921140670776367 67
      vertex 41.06278991699219 -0.9980258941650391 0
      vertex 41.12533187866211 -0.9921140670776367 0
    endloop
  endfacet
  facet normal 0.8909947753266305 -0.4540135574414568 0
    outer loop
      vertex 41.876304626464844 -0.4817533493041992 67
      vertex 41.90482711791992 -0.4257783889770508 0
      vertex 41.90482711791992 -0.4257783889770508 67
    endloop
  endfacet
  facet normal 0.8909947753266305 -0.4540135574414568 0
    outer loop
      vertex 41.90482711791992 -0.4257783889770508 0
      vertex 41.876304626464844 -0.4817533493041992 67
      vertex 41.876304626464844 -0.4817533493041992 0
    endloop
  endfacet
  facet normal 0.9177613462719038 -0.39713235991188495 0
    outer loop
      vertex 41.90482711791992 -0.4257783889770508 67
      vertex 41.92977523803711 -0.36812400817871094 0
      vertex 41.92977523803711 -0.36812400817871094 67
    endloop
  endfacet
  facet normal 0.9177613462719038 -0.39713235991188495 0
    outer loop
      vertex 41.92977523803711 -0.36812400817871094 0
      vertex 41.90482711791992 -0.4257783889770508 67
      vertex 41.90482711791992 -0.4257783889770508 0
    endloop
  endfacet
  facet normal 0.7901411802205841 -0.6129248855444054 0
    outer loop
      vertex 41.770511627197266 -0.6374235153198242 67
      vertex 41.809017181396484 -0.5877847671508789 0
      vertex 41.809017181396484 -0.5877847671508789 67
    endloop
  endfacet
  facet normal 0.7901411802205841 -0.6129248855444054 0
    outer loop
      vertex 41.809017181396484 -0.5877847671508789 0
      vertex 41.770511627197266 -0.6374235153198242 67
      vertex 41.770511627197266 -0.6374235153198242 0
    endloop
  endfacet
  facet normal 0.7501301814071496 -0.661290186636757 0
    outer loop
      vertex 41.72896957397461 -0.6845464706420898 67
      vertex 41.770511627197266 -0.6374235153198242 0
      vertex 41.770511627197266 -0.6374235153198242 67
    endloop
  endfacet
  facet normal 0.7501301814071496 -0.661290186636757 0
    outer loop
      vertex 41.770511627197266 -0.6374235153198242 0
      vertex 41.72896957397461 -0.6845464706420898 67
      vertex 41.72896957397461 -0.6845464706420898 0
    endloop
  endfacet
  facet normal 0.8270941876961544 -0.5620633457887453 0
    outer loop
      vertex 41.809017181396484 -0.5877847671508789 67
      vertex 41.84432601928711 -0.5358266830444336 0
      vertex 41.84432601928711 -0.5358266830444336 67
    endloop
  endfacet
  facet normal 0.8270941876961544 -0.5620633457887453 0
    outer loop
      vertex 41.84432601928711 -0.5358266830444336 0
      vertex 41.809017181396484 -0.5877847671508789 67
      vertex 41.809017181396484 -0.5877847671508789 0
    endloop
  endfacet
  facet normal 0.6613072708271193 -0.7501151201990178 0
    outer loop
      vertex 41.63742446899414 -0.770512580871582 0
      vertex 41.684547424316406 -0.728968620300293 67
      vertex 41.63742446899414 -0.770512580871582 67
    endloop
  endfacet
  facet normal 0.6613072708271193 -0.7501151201990178 0
    outer loop
      vertex 41.684547424316406 -0.728968620300293 67
      vertex 41.63742446899414 -0.770512580871582 0
      vertex 41.684547424316406 -0.728968620300293 0
    endloop
  endfacet
  facet normal 0.3971745331363213 -0.9177430959848977 0
    outer loop
      vertex 41.368125915527344 -0.9297761917114258 0
      vertex 41.425777435302734 -0.9048261642456055 67
      vertex 41.368125915527344 -0.9297761917114258 67
    endloop
  endfacet
  facet normal 0.3971745331363213 -0.9177430959848977 0
    outer loop
      vertex 41.425777435302734 -0.9048261642456055 67
      vertex 41.368125915527344 -0.9297761917114258 0
      vertex 41.425777435302734 -0.9048261642456055 0
    endloop
  endfacet
  facet normal 0.5090494401311854 -0.8607372813478726 0
    outer loop
      vertex 41.481754302978516 -0.8763065338134766 0
      vertex 41.53582763671875 -0.8443269729614258 67
      vertex 41.481754302978516 -0.8763065338134766 67
    endloop
  endfacet
  facet normal 0.5090494401311854 -0.8607372813478726 0
    outer loop
      vertex 41.53582763671875 -0.8443269729614258 67
      vertex 41.481754302978516 -0.8763065338134766 0
      vertex 41.53582763671875 -0.8443269729614258 0
    endloop
  endfacet
  facet normal 0.9995051797977337 -0.0314546587566966 0
    outer loop
      vertex 41.998023986816406 -0.0627899169921875 67
      vertex 42 0 0
      vertex 42 0 67
    endloop
  endfacet
  facet normal 0.9995051797977337 -0.0314546587566966 0
    outer loop
      vertex 42 0 0
      vertex 41.998023986816406 -0.0627899169921875 67
      vertex 41.998023986816406 -0.0627899169921875 0
    endloop
  endfacet
  facet normal 0.987680853592627 -0.15648172879457747 0
    outer loop
      vertex 41.98228454589844 -0.18738079071044922 67
      vertex 41.99211502075195 -0.12533283233642578 0
      vertex 41.99211502075195 -0.12533283233642578 67
    endloop
  endfacet
  facet normal 0.987680853592627 -0.15648172879457747 0
    outer loop
      vertex 41.99211502075195 -0.12533283233642578 0
      vertex 41.98228454589844 -0.18738079071044922 67
      vertex 41.98228454589844 -0.18738079071044922 0
    endloop
  endfacet
  facet normal 0.03142432711320473 -0.9995061338808694 0
    outer loop
      vertex 41 -1 0
      vertex 41.06278991699219 -0.9980258941650391 67
      vertex 41 -1 67
    endloop
  endfacet
  facet normal 0.03142432711320473 -0.9995061338808694 0
    outer loop
      vertex 41.06278991699219 -0.9980258941650391 67
      vertex 41 -1 0
      vertex 41.06278991699219 -0.9980258941650391 0
    endloop
  endfacet
  facet normal 0.33873559471734044 -0.940881606192559 0
    outer loop
      vertex 41.309017181396484 -0.9510564804077148 0
      vertex 41.368125915527344 -0.9297761917114258 67
      vertex 41.309017181396484 -0.9510564804077148 67
    endloop
  endfacet
  facet normal 0.33873559471734044 -0.940881606192559 0
    outer loop
      vertex 41.368125915527344 -0.9297761917114258 67
      vertex 41.309017181396484 -0.9510564804077148 0
      vertex 41.368125915527344 -0.9297761917114258 0
    endloop
  endfacet
  facet normal 0.6128912265129753 -0.7901672889100261 0
    outer loop
      vertex 41.58778381347656 -0.809016227722168 0
      vertex 41.63742446899414 -0.770512580871582 67
      vertex 41.58778381347656 -0.809016227722168 67
    endloop
  endfacet
  facet normal 0.6128912265129753 -0.7901672889100261 0
    outer loop
      vertex 41.63742446899414 -0.770512580871582 67
      vertex 41.58778381347656 -0.809016227722168 0
      vertex 41.63742446899414 -0.770512580871582 0
    endloop
  endfacet
  facet normal 0.5620982305423864 -0.8270704802017289 0
    outer loop
      vertex 41.53582763671875 -0.8443269729614258 0
      vertex 41.58778381347656 -0.809016227722168 67
      vertex 41.53582763671875 -0.8443269729614258 67
    endloop
  endfacet
  facet normal 0.5620982305423864 -0.8270704802017289 0
    outer loop
      vertex 41.58778381347656 -0.809016227722168 67
      vertex 41.53582763671875 -0.8443269729614258 0
      vertex 41.58778381347656 -0.809016227722168 0
    endloop
  endfacet
  facet normal 0.9759227307595172 -0.21811653671119732 0
    outer loop
      vertex 41.96858215332031 -0.2486896514892578 67
      vertex 41.98228454589844 -0.18738079071044922 0
      vertex 41.98228454589844 -0.18738079071044922 67
    endloop
  endfacet
  facet normal 0.9759227307595172 -0.21811653671119732 0
    outer loop
      vertex 41.98228454589844 -0.18738079071044922 0
      vertex 41.96858215332031 -0.2486896514892578 67
      vertex 41.96858215332031 -0.2486896514892578 0
    endloop
  endfacet
  facet normal 0.9955665569863844 -0.0940597183191418 0
    outer loop
      vertex 41.99211502075195 -0.12533283233642578 67
      vertex 41.998023986816406 -0.0627899169921875 0
      vertex 41.998023986816406 -0.0627899169921875 67
    endloop
  endfacet
  facet normal 0.9955665569863844 -0.0940597183191418 0
    outer loop
      vertex 41.998023986816406 -0.0627899169921875 0
      vertex 41.99211502075195 -0.12533283233642578 67
      vertex 41.99211502075195 -0.12533283233642578 0
    endloop
  endfacet
  facet normal 0.9603012396075132 -0.2789651039256946 0
    outer loop
      vertex 41.95105743408203 -0.30901622772216797 67
      vertex 41.96858215332031 -0.2486896514892578 0
      vertex 41.96858215332031 -0.2486896514892578 67
    endloop
  endfacet
  facet normal 0.9603012396075132 -0.2789651039256946 0
    outer loop
      vertex 41.96858215332031 -0.2486896514892578 0
      vertex 41.95105743408203 -0.30901622772216797 67
      vertex 41.95105743408203 -0.30901622772216797 0
    endloop
  endfacet
  facet normal 0.7071067811865476 -0.7071067811865476 0
    outer loop
      vertex 41.684547424316406 -0.728968620300293 67
      vertex 41.72896957397461 -0.6845464706420898 0
      vertex 41.72896957397461 -0.6845464706420898 67
    endloop
  endfacet
  facet normal 0.7071067811865476 -0.7071067811865476 0
    outer loop
      vertex 41.72896957397461 -0.6845464706420898 0
      vertex 41.684547424316406 -0.728968620300293 67
      vertex 41.684547424316406 -0.728968620300293 0
    endloop
  endfacet
  facet normal 0.45396512174361286 -0.8910194544679184 0
    outer loop
      vertex 41.425777435302734 -0.9048261642456055 0
      vertex 41.481754302978516 -0.8763065338134766 67
      vertex 41.425777435302734 -0.9048261642456055 67
    endloop
  endfacet
  facet normal 0.45396512174361286 -0.8910194544679184 0
    outer loop
      vertex 41.481754302978516 -0.8763065338134766 67
      vertex 41.425777435302734 -0.9048261642456055 0
      vertex 41.481754302978516 -0.8763065338134766 0
    endloop
  endfacet
  facet normal 0.21814069045922427 -0.9759173321372937 0
    outer loop
      vertex 41.187381744384766 -0.9822864532470703 0
      vertex 41.248687744140625 -0.9685831069946289 67
      vertex 41.187381744384766 -0.9822864532470703 67
    endloop
  endfacet
  facet normal 0.21814069045922427 -0.9759173321372937 0
    outer loop
      vertex 41.248687744140625 -0.9685831069946289 67
      vertex 41.187381744384766 -0.9822864532470703 0
      vertex 41.248687744140625 -0.9685831069946289 0
    endloop
  endfacet
  facet normal 0.15643261060695393 -0.9876886343067298 0
    outer loop
      vertex 41.12533187866211 -0.9921140670776367 0
      vertex 41.187381744384766 -0.9822864532470703 67
      vertex 41.12533187866211 -0.9921140670776367 67
    endloop
  endfacet
  facet normal 0.15643261060695393 -0.9876886343067298 0
    outer loop
      vertex 41.187381744384766 -0.9822864532470703 67
      vertex 41.12533187866211 -0.9921140670776367 0
      vertex 41.187381744384766 -0.9822864532470703 0
    endloop
  endfacet
  facet normal 0.8607439328034021 -0.5090381932057086 0
    outer loop
      vertex 41.84432601928711 -0.5358266830444336 67
      vertex 41.876304626464844 -0.4817533493041992 0
      vertex 41.876304626464844 -0.4817533493041992 67
    endloop
  endfacet
  facet normal 0.8607439328034021 -0.5090381932057086 0
    outer loop
      vertex 41.876304626464844 -0.4817533493041992 0
      vertex 41.84432601928711 -0.5358266830444336 67
      vertex 41.84432601928711 -0.5358266830444336 0
    endloop
  endfacet
  facet normal 0.9408701874875643 -0.3387673099593812 0
    outer loop
      vertex 41.92977523803711 -0.36812400817871094 67
      vertex 41.95105743408203 -0.30901622772216797 0
      vertex 41.95105743408203 -0.30901622772216797 67
    endloop
  endfacet
  facet normal 0.9408701874875643 -0.3387673099593812 0
    outer loop
      vertex 41.95105743408203 -0.30901622772216797 0
      vertex 41.92977523803711 -0.36812400817871094 67
      vertex 41.92977523803711 -0.36812400817871094 0
    endloop
  endfacet
  facet normal -0.661290186636757 0.7501301814071496 0
    outer loop
      vertex 35.23757553100586 41.770511627197266 4
      vertex 35.190452575683594 41.72896957397461 67
      vertex 35.23757553100586 41.770511627197266 67
    endloop
  endfacet
  facet normal -0.661290186636757 0.7501301814071496 0
    outer loop
      vertex 35.190452575683594 41.72896957397461 67
      vertex 35.23757553100586 41.770511627197266 4
      vertex 35.190452575683594 41.72896957397461 4
    endloop
  endfacet
  facet normal -0.0314546587566966 0.9995051797977336 0
    outer loop
      vertex 35.875 42 4
      vertex 35.81221008300781 41.998023986816406 67
      vertex 35.875 42 67
    endloop
  endfacet
  facet normal -0.0314546587566966 0.9995051797977336 0
    outer loop
      vertex 35.81221008300781 41.998023986816406 67
      vertex 35.875 42 4
      vertex 35.81221008300781 41.998023986816406 4
    endloop
  endfacet
  facet normal -0.0940611399039456 -0.9955664226760415 0
    outer loop
      vertex 35.74966812133789 38.50788497924805 4
      vertex 35.81221008300781 38.501976013183594 67
      vertex 35.74966812133789 38.50788497924805 67
    endloop
  endfacet
  facet normal -0.0940611399039456 -0.9955664226760415 0
    outer loop
      vertex 35.81221008300781 38.501976013183594 67
      vertex 35.74966812133789 38.50788497924805 4
      vertex 35.81221008300781 38.501976013183594 4
    endloop
  endfacet
  facet normal 0 -1 0
    outer loop
      vertex 35.875 38.5 4
      vertex 38.5 38.5 67
      vertex 35.875 38.5 67
    endloop
  endfacet
  facet normal 0 -1 0
    outer loop
      vertex 38.5 38.5 67
      vertex 35.875 38.5 4
      vertex 38.5 38.5 4
    endloop
  endfacet
  facet normal -0.5090381932057086 -0.8607439328034021 0
    outer loop
      vertex 35.33917236328125 38.65567398071289 4
      vertex 35.393245697021484 38.623695373535156 67
      vertex 35.33917236328125 38.65567398071289 67
    endloop
  endfacet
  facet normal -0.5090381932057086 -0.8607439328034021 0
    outer loop
      vertex 35.393245697021484 38.623695373535156 67
      vertex 35.33917236328125 38.65567398071289 4
      vertex 35.393245697021484 38.623695373535156 4
    endloop
  endfacet
  facet normal -0.27895290393974514 0.9603047835888266 0
    outer loop
      vertex 35.626312255859375 41.96858215332031 4
      vertex 35.565982818603516 41.95105743408203 67
      vertex 35.626312255859375 41.96858215332031 67
    endloop
  endfacet
  facet normal -0.27895290393974514 0.9603047835888266 0
    outer loop
      vertex 35.565982818603516 41.95105743408203 67
      vertex 35.626312255859375 41.96858215332031 4
      vertex 35.565982818603516 41.95105743408203 4
    endloop
  endfacet
  facet normal -0.9408719296106248 -0.33876247146161187 0
    outer loop
      vertex 34.94522476196289 39.131874084472656 4
      vertex 34.92394256591797 39.190982818603516 67
      vertex 34.92394256591797 39.190982818603516 4
    endloop
  endfacet
  facet normal -0.9408719296106248 -0.33876247146161187 0
    outer loop
      vertex 34.92394256591797 39.190982818603516 67
      vertex 34.94522476196289 39.131874084472656 4
      vertex 34.94522476196289 39.131874084472656 67
    endloop
  endfacet
  facet normal -0.8607439328034021 -0.5090381932057086 0
    outer loop
      vertex 35.03067398071289 38.96417236328125 4
      vertex 34.998695373535156 39.018245697021484 67
      vertex 34.998695373535156 39.018245697021484 4
    endloop
  endfacet
  facet normal -0.8607439328034021 -0.5090381932057086 0
    outer loop
      vertex 34.998695373535156 39.018245697021484 67
      vertex 35.03067398071289 38.96417236328125 4
      vertex 35.03067398071289 38.96417236328125 67
    endloop
  endfacet
  facet normal -0.0940611399039456 0.9955664226760415 0
    outer loop
      vertex 35.81221008300781 41.998023986816406 4
      vertex 35.74966812133789 41.99211502075195 67
      vertex 35.81221008300781 41.998023986816406 67
    endloop
  endfacet
  facet normal -0.0940611399039456 0.9955664226760415 0
    outer loop
      vertex 35.74966812133789 41.99211502075195 67
      vertex 35.81221008300781 41.998023986816406 4
      vertex 35.74966812133789 41.99211502075195 4
    endloop
  endfacet
  facet normal -0.562077460777735 -0.8270845954832273 0
    outer loop
      vertex 35.28721618652344 38.690982818603516 4
      vertex 35.33917236328125 38.65567398071289 67
      vertex 35.28721618652344 38.690982818603516 67
    endloop
  endfacet
  facet normal -0.562077460777735 -0.8270845954832273 0
    outer loop
      vertex 35.33917236328125 38.65567398071289 67
      vertex 35.28721618652344 38.690982818603516 4
      vertex 35.33917236328125 38.65567398071289 4
    endloop
  endfacet
  facet normal -0.21812623145588214 0.9759205639553123 0
    outer loop
      vertex 35.687618255615234 41.98228454589844 4
      vertex 35.626312255859375 41.96858215332031 67
      vertex 35.687618255615234 41.98228454589844 67
    endloop
  endfacet
  facet normal -0.21812623145588214 0.9759205639553123 0
    outer loop
      vertex 35.626312255859375 41.96858215332031 67
      vertex 35.687618255615234 41.98228454589844 4
      vertex 35.626312255859375 41.96858215332031 4
    endloop
  endfacet
  facet normal -0.0314546587566966 -0.9995051797977336 0
    outer loop
      vertex 35.81221008300781 38.501976013183594 4
      vertex 35.875 38.5 67
      vertex 35.81221008300781 38.501976013183594 67
    endloop
  endfacet
  facet normal -0.0314546587566966 -0.9995051797977336 0
    outer loop
      vertex 35.875 38.5 67
      vertex 35.81221008300781 38.501976013183594 4
      vertex 35.875 38.5 4
    endloop
  endfacet
  facet normal -0.7501301814071496 -0.661290186636757 0
    outer loop
      vertex 35.14603042602539 38.815452575683594 4
      vertex 35.104488372802734 38.86257553100586 67
      vertex 35.104488372802734 38.86257553100586 4
    endloop
  endfacet
  facet normal -0.7501301814071496 -0.661290186636757 0
    outer loop
      vertex 35.104488372802734 38.86257553100586 67
      vertex 35.14603042602539 38.815452575683594 4
      vertex 35.14603042602539 38.815452575683594 67
    endloop
  endfacet
  facet normal -0.8270845954832273 0.562077460777735 0
    outer loop
      vertex 35.03067398071289 41.53582763671875 4
      vertex 35.065982818603516 41.58778381347656 67
      vertex 35.065982818603516 41.58778381347656 4
    endloop
  endfacet
  facet normal -0.8270845954832273 0.562077460777735 0
    outer loop
      vertex 35.065982818603516 41.58778381347656 67
      vertex 35.03067398071289 41.53582763671875 4
      vertex 35.03067398071289 41.53582763671875 67
    endloop
  endfacet
  facet normal -0.7071067811865475 0.7071067811865475 0
    outer loop
      vertex 35.14603042602539 41.684547424316406 4
      vertex 35.190452575683594 41.72896957397461 67
      vertex 35.190452575683594 41.72896957397461 4
    endloop
  endfacet
  facet normal -0.7071067811865475 0.7071067811865475 0
    outer loop
      vertex 35.190452575683594 41.72896957397461 67
      vertex 35.14603042602539 41.684547424316406 4
      vertex 35.14603042602539 41.684547424316406 67
    endloop
  endfacet
  facet normal -0.7071067811865475 -0.7071067811865475 0
    outer loop
      vertex 35.190452575683594 38.77103042602539 4
      vertex 35.14603042602539 38.815452575683594 67
      vertex 35.14603042602539 38.815452575683594 4
    endloop
  endfacet
  facet normal -0.7071067811865475 -0.7071067811865475 0
    outer loop
      vertex 35.14603042602539 38.815452575683594 67
      vertex 35.190452575683594 38.77103042602539 4
      vertex 35.190452575683594 38.77103042602539 67
    endloop
  endfacet
  facet normal -1 0 0
    outer loop
      vertex 34.875 39.5 4
      vertex 34.875 41 67
      vertex 34.875 41 4
    endloop
  endfacet
  facet normal -1 0 0
    outer loop
      vertex 34.875 41 67
      vertex 34.875 39.5 4
      vertex 34.875 39.5 67
    endloop
  endfacet
  facet normal -0.9177541630948076 0.3971489596135805 0
    outer loop
      vertex 34.94522476196289 41.368125915527344 4
      vertex 34.97017288208008 41.425777435302734 67
      vertex 34.97017288208008 41.425777435302734 4
    endloop
  endfacet
  facet normal -0.9177541630948076 0.3971489596135805 0
    outer loop
      vertex 34.97017288208008 41.425777435302734 67
      vertex 34.94522476196289 41.368125915527344 4
      vertex 34.94522476196289 41.368125915527344 67
    endloop
  endfacet
  facet normal -0.891001033267664 0.4540012761170999 0
    outer loop
      vertex 34.97017288208008 41.425777435302734 4
      vertex 34.998695373535156 41.481754302978516 67
      vertex 34.998695373535156 41.481754302978516 4
    endloop
  endfacet
  facet normal -0.891001033267664 0.4540012761170999 0
    outer loop
      vertex 34.998695373535156 41.481754302978516 67
      vertex 34.97017288208008 41.425777435302734 4
      vertex 34.97017288208008 41.425777435302734 67
    endloop
  endfacet
  facet normal -0.9955664226760415 0.0940611399039456 0
    outer loop
      vertex 34.876976013183594 41.06278991699219 4
      vertex 34.88288497924805 41.12533187866211 67
      vertex 34.88288497924805 41.12533187866211 4
    endloop
  endfacet
  facet normal -0.9955664226760415 0.0940611399039456 0
    outer loop
      vertex 34.88288497924805 41.12533187866211 67
      vertex 34.876976013183594 41.06278991699219 4
      vertex 34.876976013183594 41.06278991699219 67
    endloop
  endfacet
  facet normal -0.9603047835888266 0.27895290393974514 0
    outer loop
      vertex 34.90641784667969 41.248687744140625 4
      vertex 34.92394256591797 41.309017181396484 67
      vertex 34.92394256591797 41.309017181396484 4
    endloop
  endfacet
  facet normal -0.9603047835888266 0.27895290393974514 0
    outer loop
      vertex 34.92394256591797 41.309017181396484 67
      vertex 34.90641784667969 41.248687744140625 4
      vertex 34.90641784667969 41.248687744140625 67
    endloop
  endfacet
  facet normal -0.6129101821154981 0.7901525856814916 0
    outer loop
      vertex 35.28721618652344 41.809017181396484 4
      vertex 35.23757553100586 41.770511627197266 67
      vertex 35.28721618652344 41.809017181396484 67
    endloop
  endfacet
  facet normal -0.6129101821154981 0.7901525856814916 0
    outer loop
      vertex 35.23757553100586 41.770511627197266 67
      vertex 35.28721618652344 41.809017181396484 4
      vertex 35.23757553100586 41.770511627197266 4
    endloop
  endfacet
  facet normal -0.8607439328034021 0.5090381932057086 0
    outer loop
      vertex 34.998695373535156 41.481754302978516 4
      vertex 35.03067398071289 41.53582763671875 67
      vertex 35.03067398071289 41.53582763671875 4
    endloop
  endfacet
  facet normal -0.8607439328034021 0.5090381932057086 0
    outer loop
      vertex 35.03067398071289 41.53582763671875 67
      vertex 34.998695373535156 41.481754302978516 4
      vertex 34.998695373535156 41.481754302978516 67
    endloop
  endfacet
  facet normal 0 0 1
    outer loop
      vertex 41 42 67
      vertex 42 41 67
      vertex 41.998023986816406 41.06278991699219 67
    endloop
  endfacet
  facet normal 0 0 1
    outer loop
      vertex 42 41 67
      vertex 38.5 38.5 67
      vertex 42 35.875 67
    endloop
  endfacet
  facet normal 0 0 1
    outer loop
      vertex 41 42 67
      vertex 41.998023986816406 41.06278991699219 67
      vertex 41.99211502075195 41.12533187866211 67
    endloop
  endfacet
  facet normal 0 0 1
    outer loop
      vertex 38.5 35.875 67
      vertex 42 35.875 67
      vertex 38.5 38.5 67
    endloop
  endfacet
  facet normal 0 0 1
    outer loop
      vertex 41 42 67
      vertex 41.99211502075195 41.12533187866211 67
      vertex 41.98228454589844 41.187381744384766 67
    endloop
  endfacet
  facet normal 0 0 1
    outer loop
      vertex 41 34.875 67
      vertex 42 35.875 67
      vertex 38.5 35.875 67
    endloop
  endfacet
  facet normal 0 0 1
    outer loop
      vertex 41 42 67
      vertex 41.98228454589844 41.187381744384766 67
      vertex 41.96858215332031 41.248687744140625 67
    endloop
  endfacet
  facet normal 0 0 1
    outer loop
      vertex 42 35.875 67
      vertex 41 34.875 67
      vertex 41.998023986816406 35.81221008300781 67
    endloop
  endfacet
  facet normal 0 0 1
    outer loop
      vertex 41 42 67
      vertex 41.96858215332031 41.248687744140625 67
      vertex 41.95105743408203 41.309017181396484 67
    endloop
  endfacet
  facet normal 0 0 1
    outer loop
      vertex 41.998023986816406 35.81221008300781 67
      vertex 41 34.875 67
      vertex 41.99211502075195 35.74966812133789 67
    endloop
  endfacet
  facet normal 0 0 1
    outer loop
      vertex 41 42 67
      vertex 41.95105743408203 41.309017181396484 67
      vertex 41.92977523803711 41.368125915527344 67
    endloop
  endfacet
  facet normal 0 0 1
    outer loop
      vertex 41.99211502075195 35.74966812133789 67
      vertex 41 34.875 67
      vertex 41.98228454589844 35.687618255615234 67
    endloop
  endfacet
  facet normal 0 0 1
    outer loop
      vertex 41 42 67
      vertex 41.92977523803711 41.368125915527344 67
      vertex 41.90482711791992 41.425777435302734 67
    endloop
  endfacet
  facet normal 0 0 1
    outer loop
      vertex 41.98228454589844 35.687618255615234 67
      vertex 41 34.875 67
      vertex 41.96858215332031 35.626312255859375 67
    endloop
  endfacet
  facet normal 0 0 1
    outer loop
      vertex 41 42 67
      vertex 41.90482711791992 41.425777435302734 67
      vertex 41.876304626464844 41.481754302978516 67
    endloop
  endfacet
  facet normal 0 0 1
    outer loop
      vertex 41.96858215332031 35.626312255859375 67
      vertex 41 34.875 67
      vertex 41.95105743408203 35.565982818603516 67
    endloop
  endfacet
  facet normal 0 0 1
    outer loop
      vertex 41 42 67
      vertex 41.876304626464844 41.481754302978516 67
      vertex 41.84432601928711 41.53582763671875 67
    endloop
  endfacet
  facet normal 0 0 1
    outer loop
      vertex 41.95105743408203 35.565982818603516 67
      vertex 41 34.875 67
      vertex 41.92977523803711 35.506874084472656 67
    endloop
  endfacet
  facet normal 0 0 1
    outer loop
      vertex 41 42 67
      vertex 41.84432601928711 41.53582763671875 67
      vertex 41.809017181396484 41.58778381347656 67
    endloop
  endfacet
  facet normal 0 0 1
    outer loop
      vertex 41.92977523803711 35.506874084472656 67
      vertex 41 34.875 67
      vertex 41.90482711791992 35.449222564697266 67
    endloop
  endfacet
  facet normal 0 0 1
    outer loop
      vertex 41 42 67
      vertex 41.809017181396484 41.58778381347656 67
      vertex 41.770511627197266 41.63742446899414 67
    endloop
  endfacet
  facet normal 0 0 1
    outer loop
      vertex 41.90482711791992 35.449222564697266 67
      vertex 41 34.875 67
      vertex 41.876304626464844 35.393245697021484 67
    endloop
  endfacet
  facet normal 0 0 1
    outer loop
      vertex 41 42 67
      vertex 41.770511627197266 41.63742446899414 67
      vertex 41.72896957397461 41.684547424316406 67
    endloop
  endfacet
  facet normal 0 0 1
    outer loop
      vertex 41.876304626464844 35.393245697021484 67
      vertex 41 34.875 67
      vertex 41.84432601928711 35.33917236328125 67
    endloop
  endfacet
  facet normal 0 0 1
    outer loop
      vertex 41 42 67
      vertex 41.72896957397461 41.684547424316406 67
      vertex 41.684547424316406 41.72896957397461 67
    endloop
  endfacet
  facet normal 0 0 1
    outer loop
      vertex 41.84432601928711 35.33917236328125 67
      vertex 41 34.875 67
      vertex 41.809017181396484 35.28721618652344 67
    endloop
  endfacet
  facet normal 0 0 1
    outer loop
      vertex 41 42 67
      vertex 41.684547424316406 41.72896957397461 67
      vertex 41.63742446899414 41.770511627197266 67
    endloop
  endfacet
  facet normal 0 0 1
    outer loop
      vertex 41.809017181396484 35.28721618652344 67
      vertex 41 34.875 67
      vertex 41.770511627197266 35.23757553100586 67
    endloop
  endfacet
  facet normal 0 0 1
    outer loop
      vertex 41 42 67
      vertex 41.63742446899414 41.770511627197266 67
      vertex 41.58778381347656 41.809017181396484 67
    endloop
  endfacet
  facet normal 0 0 1
    outer loop
      vertex 41.72896957397461 35.190452575683594 67
      vertex 41 34.875 67
      vertex 41.684547424316406 35.14603042602539 67
    endloop
  endfacet
  facet normal 0 0 1
    outer loop
      vertex 41 42 67
      vertex 41.58778381347656 41.809017181396484 67
      vertex 41.53582763671875 41.84432601928711 67
    endloop
  endfacet
  facet normal 0 0 1
    outer loop
      vertex 41.684547424316406 35.14603042602539 67
      vertex 41 34.875 67
      vertex 41.63742446899414 35.104488372802734 67
    endloop
  endfacet
  facet normal 0 0 1
    outer loop
      vertex 41 42 67
      vertex 41.53582763671875 41.84432601928711 67
      vertex 41.481754302978516 41.876304626464844 67
    endloop
  endfacet
  facet normal 0 0 1
    outer loop
      vertex 41.63742446899414 35.104488372802734 67
      vertex 41 34.875 67
      vertex 41.58778381347656 35.065982818603516 67
    endloop
  endfacet
  facet normal 0 0 1
    outer loop
      vertex 41 42 67
      vertex 41.481754302978516 41.876304626464844 67
      vertex 41.425777435302734 41.90482711791992 67
    endloop
  endfacet
  facet normal 0 0 1
    outer loop
      vertex 41.58778381347656 35.065982818603516 67
      vertex 41 34.875 67
      vertex 41.53582763671875 35.03067398071289 67
    endloop
  endfacet
  facet normal 0 0 1
    outer loop
      vertex 41 42 67
      vertex 41.425777435302734 41.90482711791992 67
      vertex 41.368125915527344 41.92977523803711 67
    endloop
  endfacet
  facet normal 0 0 1
    outer loop
      vertex 41.53582763671875 35.03067398071289 67
      vertex 41 34.875 67
      vertex 41.481754302978516 34.998695373535156 67
    endloop
  endfacet
  facet normal 0 0 1
    outer loop
      vertex 41 42 67
      vertex 41.368125915527344 41.92977523803711 67
      vertex 41.309017181396484 41.95105743408203 67
    endloop
  endfacet
  facet normal 0 0 1
    outer loop
      vertex 41.481754302978516 34.998695373535156 67
      vertex 41 34.875 67
      vertex 41.425777435302734 34.97017288208008 67
    endloop
  endfacet
  facet normal 0 0 1
    outer loop
      vertex 41 42 67
      vertex 41.309017181396484 41.95105743408203 67
      vertex 41.248687744140625 41.96858215332031 67
    endloop
  endfacet
  facet normal 0 0 1
    outer loop
      vertex 41.425777435302734 34.97017288208008 67
      vertex 41 34.875 67
      vertex 41.368125915527344 34.94522476196289 67
    endloop
  endfacet
  facet normal 0 0 1
    outer loop
      vertex 41 42 67
      vertex 41.248687744140625 41.96858215332031 67
      vertex 41.187381744384766 41.98228454589844 67
    endloop
  endfacet
  facet normal 0 0 1
    outer loop
      vertex 41.368125915527344 34.94522476196289 67
      vertex 41 34.875 67
      vertex 41.309017181396484 34.92394256591797 67
    endloop
  endfacet
  facet normal 0 0 1
    outer loop
      vertex 41 42 67
      vertex 41.187381744384766 41.98228454589844 67
      vertex 41.12533187866211 41.99211502075195 67
    endloop
  endfacet
  facet normal 0 0 1
    outer loop
      vertex 41.309017181396484 34.92394256591797 67
      vertex 41 34.875 67
      vertex 41.248687744140625 34.90641784667969 67
    endloop
  endfacet
  facet normal 0 0 1
    outer loop
      vertex 41 42 67
      vertex 41.12533187866211 41.99211502075195 67
      vertex 41.06278991699219 41.998023986816406 67
    endloop
  endfacet
  facet normal 0 0 1
    outer loop
      vertex 41.248687744140625 34.90641784667969 67
      vertex 41 34.875 67
      vertex 41.187381744384766 34.89271545410156 67
    endloop
  endfacet
  facet normal 0 0 1
    outer loop
      vertex 42 41 67
      vertex 41 42 67
      vertex 38.5 38.5 67
    endloop
  endfacet
  facet normal 0 0 1
    outer loop
      vertex 41.187381744384766 34.89271545410156 67
      vertex 41 34.875 67
      vertex 41.12533187866211 34.88288497924805 67
    endloop
  endfacet
  facet normal 0 0 1
    outer loop
      vertex 41.12533187866211 34.88288497924805 67
      vertex 41 34.875 67
      vertex 41.06278991699219 34.876976013183594 67
    endloop
  endfacet
  facet normal 0 0 1
    outer loop
      vertex 41.770511627197266 35.23757553100586 67
      vertex 41 34.875 67
      vertex 41.72896957397461 35.190452575683594 67
    endloop
  endfacet
  facet normal 0 0 1
    outer loop
      vertex 41 34.875 67
      vertex 38.5 35.875 67
      vertex 39.5 34.875 67
    endloop
  endfacet
  facet normal 0 0 1
    outer loop
      vertex 39.5 34.875 67
      vertex 38.5 35.875 67
      vertex 39.43721008300781 34.876976013183594 67
    endloop
  endfacet
  facet normal 0 0 1
    outer loop
      vertex 39.43721008300781 34.876976013183594 67
      vertex 38.5 35.875 67
      vertex 39.37466812133789 34.88288497924805 67
    endloop
  endfacet
  facet normal 0 0 1
    outer loop
      vertex 39.37466812133789 34.88288497924805 67
      vertex 38.5 35.875 67
      vertex 39.312618255615234 34.89271545410156 67
    endloop
  endfacet
  facet normal 0 0 1
    outer loop
      vertex 39.312618255615234 34.89271545410156 67
      vertex 38.5 35.875 67
      vertex 39.251312255859375 34.90641784667969 67
    endloop
  endfacet
  facet normal 0 0 1
    outer loop
      vertex 39.251312255859375 34.90641784667969 67
      vertex 38.5 35.875 67
      vertex 39.190982818603516 34.92394256591797 67
    endloop
  endfacet
  facet normal 0 0 1
    outer loop
      vertex 39.190982818603516 34.92394256591797 67
      vertex 38.5 35.875 67
      vertex 39.131874084472656 34.94522476196289 67
    endloop
  endfacet
  facet normal 0 0 1
    outer loop
      vertex 39.131874084472656 34.94522476196289 67
      vertex 38.5 35.875 67
      vertex 39.074222564697266 34.97017288208008 67
    endloop
  endfacet
  facet normal 0 0 1
    outer loop
      vertex 39.074222564697266 34.97017288208008 67
      vertex 38.5 35.875 67
      vertex 39.018245697021484 34.998695373535156 67
    endloop
  endfacet
  facet normal 0 0 1
    outer loop
      vertex 39.018245697021484 34.998695373535156 67
      vertex 38.5 35.875 67
      vertex 38.96417236328125 35.03067398071289 67
    endloop
  endfacet
  facet normal 0 0 1
    outer loop
      vertex 38.96417236328125 35.03067398071289 67
      vertex 38.5 35.875 67
      vertex 38.91221618652344 35.065982818603516 67
    endloop
  endfacet
  facet normal 0 0 1
    outer loop
      vertex 38.91221618652344 35.065982818603516 67
      vertex 38.5 35.875 67
      vertex 38.86257553100586 35.104488372802734 67
    endloop
  endfacet
  facet normal 0 0 1
    outer loop
      vertex 38.86257553100586 35.104488372802734 67
      vertex 38.5 35.875 67
      vertex 38.815452575683594 35.14603042602539 67
    endloop
  endfacet
  facet normal 0 0 1
    outer loop
      vertex 38.815452575683594 35.14603042602539 67
      vertex 38.5 35.875 67
      vertex 38.77103042602539 35.190452575683594 67
    endloop
  endfacet
  facet normal 0 0 1
    outer loop
      vertex 38.77103042602539 35.190452575683594 67
      vertex 38.5 35.875 67
      vertex 38.729488372802734 35.23757553100586 67
    endloop
  endfacet
  facet normal 0 0 1
    outer loop
      vertex 38.690982818603516 35.28721618652344 67
      vertex 38.5 35.875 67
      vertex 38.65567398071289 35.33917236328125 67
    endloop
  endfacet
  facet normal 0 0 1
    outer loop
      vertex 38.65567398071289 35.33917236328125 67
      vertex 38.5 35.875 67
      vertex 38.623695373535156 35.393245697021484 67
    endloop
  endfacet
  facet normal 0 0 1
    outer loop
      vertex 38.623695373535156 35.393245697021484 67
      vertex 38.5 35.875 67
      vertex 38.59517288208008 35.449222564697266 67
    endloop
  endfacet
  facet normal 0 0 1
    outer loop
      vertex 38.59517288208008 35.449222564697266 67
      vertex 38.5 35.875 67
      vertex 38.57022476196289 35.506874084472656 67
    endloop
  endfacet
  facet normal 0 0 1
    outer loop
      vertex 38.57022476196289 35.506874084472656 67
      vertex 38.5 35.875 67
      vertex 38.54894256591797 35.565982818603516 67
    endloop
  endfacet
  facet normal 0 0 1
    outer loop
      vertex 38.54894256591797 35.565982818603516 67
      vertex 38.5 35.875 67
      vertex 38.53141784667969 35.626312255859375 67
    endloop
  endfacet
  facet normal 0 0 1
    outer loop
      vertex 38.53141784667969 35.626312255859375 67
      vertex 38.5 35.875 67
      vertex 38.51771545410156 35.687618255615234 67
    endloop
  endfacet
  facet normal 0 0 1
    outer loop
      vertex 38.51771545410156 35.687618255615234 67
      vertex 38.5 35.875 67
      vertex 38.50788497924805 35.74966812133789 67
    endloop
  endfacet
  facet normal 0 0 1
    outer loop
      vertex 38.729488372802734 35.23757553100586 67
      vertex 38.5 35.875 67
      vertex 38.690982818603516 35.28721618652344 67
    endloop
  endfacet
  facet normal 0 0 1
    outer loop
      vertex 35.875 42 67
      vertex 38.5 38.5 67
      vertex 41 42 67
    endloop
  endfacet
  facet normal 0 0 1
    outer loop
      vertex 35.875 42 67
      vertex 35.875 38.5 67
      vertex 38.5 38.5 67
    endloop
  endfacet
  facet normal 0 0 1
    outer loop
      vertex 34.875 41 67
      vertex 35.875 42 67
      vertex 35.81221008300781 41.998023986816406 67
    endloop
  endfacet
  facet normal 0 0 1
    outer loop
      vertex 35.875 42 67
      vertex 34.875 41 67
      vertex 35.875 38.5 67
    endloop
  endfacet
  facet normal 0 0 1
    outer loop
      vertex 34.875 41 67
      vertex 35.81221008300781 41.998023986816406 67
      vertex 35.74966812133789 41.99211502075195 67
    endloop
  endfacet
  facet normal 0 0 1
    outer loop
      vertex 34.875 39.5 67
      vertex 35.875 38.5 67
      vertex 34.875 41 67
    endloop
  endfacet
  facet normal 0 0 1
    outer loop
      vertex 34.875 41 67
      vertex 35.74966812133789 41.99211502075195 67
      vertex 35.687618255615234 41.98228454589844 67
    endloop
  endfacet
  facet normal 0 0 1
    outer loop
      vertex 35.875 38.5 67
      vertex 34.875 39.5 67
      vertex 35.81221008300781 38.501976013183594 67
    endloop
  endfacet
  facet normal 0 0 1
    outer loop
      vertex 34.875 41 67
      vertex 35.687618255615234 41.98228454589844 67
      vertex 35.626312255859375 41.96858215332031 67
    endloop
  endfacet
  facet normal 0 0 1
    outer loop
      vertex 35.81221008300781 38.501976013183594 67
      vertex 34.875 39.5 67
      vertex 35.74966812133789 38.50788497924805 67
    endloop
  endfacet
  facet normal 0 0 1
    outer loop
      vertex 34.875 41 67
      vertex 35.626312255859375 41.96858215332031 67
      vertex 35.565982818603516 41.95105743408203 67
    endloop
  endfacet
  facet normal 0 0 1
    outer loop
      vertex 35.74966812133789 38.50788497924805 67
      vertex 34.875 39.5 67
      vertex 35.687618255615234 38.51771545410156 67
    endloop
  endfacet
  facet normal 0 0 1
    outer loop
      vertex 34.875 41 67
      vertex 35.565982818603516 41.95105743408203 67
      vertex 35.506874084472656 41.92977523803711 67
    endloop
  endfacet
  facet normal 0 0 1
    outer loop
      vertex 35.687618255615234 38.51771545410156 67
      vertex 34.875 39.5 67
      vertex 35.626312255859375 38.53141784667969 67
    endloop
  endfacet
  facet normal 0 0 1
    outer loop
      vertex 34.875 41 67
      vertex 35.506874084472656 41.92977523803711 67
      vertex 35.449222564697266 41.90482711791992 67
    endloop
  endfacet
  facet normal 0 0 1
    outer loop
      vertex 35.626312255859375 38.53141784667969 67
      vertex 34.875 39.5 67
      vertex 35.565982818603516 38.54894256591797 67
    endloop
  endfacet
  facet normal 0 0 1
    outer loop
      vertex 34.875 41 67
      vertex 35.449222564697266 41.90482711791992 67
      vertex 35.393245697021484 41.876304626464844 67
    endloop
  endfacet
  facet normal 0 0 1
    outer loop
      vertex 35.565982818603516 38.54894256591797 67
      vertex 34.875 39.5 67
      vertex 35.506874084472656 38.57022476196289 67
    endloop
  endfacet
  facet normal 0 0 1
    outer loop
      vertex 34.875 41 67
      vertex 35.393245697021484 41.876304626464844 67
      vertex 35.33917236328125 41.84432601928711 67
    endloop
  endfacet
  facet normal 0 0 1
    outer loop
      vertex 35.506874084472656 38.57022476196289 67
      vertex 34.875 39.5 67
      vertex 35.449222564697266 38.59517288208008 67
    endloop
  endfacet
  facet normal 0 0 1
    outer loop
      vertex 34.875 41 67
      vertex 35.33917236328125 41.84432601928711 67
      vertex 35.28721618652344 41.809017181396484 67
    endloop
  endfacet
  facet normal 0 0 1
    outer loop
      vertex 35.449222564697266 38.59517288208008 67
      vertex 34.875 39.5 67
      vertex 35.393245697021484 38.623695373535156 67
    endloop
  endfacet
  facet normal 0 0 1
    outer loop
      vertex 34.875 41 67
      vertex 35.28721618652344 41.809017181396484 67
      vertex 35.23757553100586 41.770511627197266 67
    endloop
  endfacet
  facet normal 0 0 1
    outer loop
      vertex 35.393245697021484 38.623695373535156 67
      vertex 34.875 39.5 67
      vertex 35.33917236328125 38.65567398071289 67
    endloop
  endfacet
  facet normal 0 0 1
    outer loop
      vertex 34.875 41 67
      vertex 35.23757553100586 41.770511627197266 67
      vertex 35.190452575683594 41.72896957397461 67
    endloop
  endfacet
  facet normal 0 0 1
    outer loop
      vertex 35.33917236328125 38.65567398071289 67
      vertex 34.875 39.5 67
      vertex 35.28721618652344 38.690982818603516 67
    endloop
  endfacet
  facet normal 0 0 1
    outer loop
      vertex 34.875 41 67
      vertex 35.190452575683594 41.72896957397461 67
      vertex 35.14603042602539 41.684547424316406 67
    endloop
  endfacet
  facet normal 0 0 1
    outer loop
      vertex 35.28721618652344 38.690982818603516 67
      vertex 34.875 39.5 67
      vertex 35.23757553100586 38.729488372802734 67
    endloop
  endfacet
  facet normal 0 0 1
    outer loop
      vertex 34.875 41 67
      vertex 35.14603042602539 41.684547424316406 67
      vertex 35.104488372802734 41.63742446899414 67
    endloop
  endfacet
  facet normal 0 0 1
    outer loop
      vertex 35.23757553100586 38.729488372802734 67
      vertex 34.875 39.5 67
      vertex 35.190452575683594 38.77103042602539 67
    endloop
  endfacet
  facet normal 0 0 1
    outer loop
      vertex 34.875 41 67
      vertex 35.104488372802734 41.63742446899414 67
      vertex 35.065982818603516 41.58778381347656 67
    endloop
  endfacet
  facet normal 0 0 1
    outer loop
      vertex 35.190452575683594 38.77103042602539 67
      vertex 34.875 39.5 67
      vertex 35.14603042602539 38.815452575683594 67
    endloop
  endfacet
  facet normal 0 0 1
    outer loop
      vertex 34.875 41 67
      vertex 35.065982818603516 41.58778381347656 67
      vertex 35.03067398071289 41.53582763671875 67
    endloop
  endfacet
  facet normal 0 0 1
    outer loop
      vertex 35.14603042602539 38.815452575683594 67
      vertex 34.875 39.5 67
      vertex 35.104488372802734 38.86257553100586 67
    endloop
  endfacet
  facet normal 0 0 1
    outer loop
      vertex 34.875 41 67
      vertex 35.03067398071289 41.53582763671875 67
      vertex 34.998695373535156 41.481754302978516 67
    endloop
  endfacet
  facet normal 0 0 1
    outer loop
      vertex 35.104488372802734 38.86257553100586 67
      vertex 34.875 39.5 67
      vertex 35.065982818603516 38.91221618652344 67
    endloop
  endfacet
  facet normal 0 0 1
    outer loop
      vertex 34.875 41 67
      vertex 34.998695373535156 41.481754302978516 67
      vertex 34.97017288208008 41.425777435302734 67
    endloop
  endfacet
  facet normal 0 0 1
    outer loop
      vertex 35.065982818603516 38.91221618652344 67
      vertex 34.875 39.5 67
      vertex 35.03067398071289 38.96417236328125 67
    endloop
  endfacet
  facet normal 0 0 1
    outer loop
      vertex 34.875 41 67
      vertex 34.97017288208008 41.425777435302734 67
      vertex 34.94522476196289 41.368125915527344 67
    endloop
  endfacet
  facet normal 0 0 1
    outer loop
      vertex 35.03067398071289 38.96417236328125 67
      vertex 34.875 39.5 67
      vertex 34.998695373535156 39.018245697021484 67
    endloop
  endfacet
  facet normal 0 0 1
    outer loop
      vertex 34.875 41 67
      vertex 34.94522476196289 41.368125915527344 67
      vertex 34.92394256591797 41.309017181396484 67
    endloop
  endfacet
  facet normal 0 0 1
    outer loop
      vertex 34.998695373535156 39.018245697021484 67
      vertex 34.875 39.5 67
      vertex 34.97017288208008 39.074222564697266 67
    endloop
  endfacet
  facet normal 0 0 1
    outer loop
      vertex 34.875 41 67
      vertex 34.92394256591797 41.309017181396484 67
      vertex 34.90641784667969 41.248687744140625 67
    endloop
  endfacet
  facet normal 0 0 1
    outer loop
      vertex 34.97017288208008 39.074222564697266 67
      vertex 34.875 39.5 67
      vertex 34.94522476196289 39.131874084472656 67
    endloop
  endfacet
  facet normal 0 0 1
    outer loop
      vertex 34.875 41 67
      vertex 34.90641784667969 41.248687744140625 67
      vertex 34.89271545410156 41.187381744384766 67
    endloop
  endfacet
  facet normal 0 0 1
    outer loop
      vertex 34.94522476196289 39.131874084472656 67
      vertex 34.875 39.5 67
      vertex 34.92394256591797 39.190982818603516 67
    endloop
  endfacet
  facet normal 0 0 1
    outer loop
      vertex 34.875 41 67
      vertex 34.89271545410156 41.187381744384766 67
      vertex 34.88288497924805 41.12533187866211 67
    endloop
  endfacet
  facet normal 0 0 1
    outer loop
      vertex 34.92394256591797 39.190982818603516 67
      vertex 34.875 39.5 67
      vertex 34.90641784667969 39.251312255859375 67
    endloop
  endfacet
  facet normal 0 0 1
    outer loop
      vertex 34.875 41 67
      vertex 34.88288497924805 41.12533187866211 67
      vertex 34.876976013183594 41.06278991699219 67
    endloop
  endfacet
  facet normal 0 0 1
    outer loop
      vertex 34.90641784667969 39.251312255859375 67
      vertex 34.875 39.5 67
      vertex 34.89271545410156 39.312618255615234 67
    endloop
  endfacet
  facet normal 0 0 1
    outer loop
      vertex 34.89271545410156 39.312618255615234 67
      vertex 34.875 39.5 67
      vertex 34.88288497924805 39.37466812133789 67
    endloop
  endfacet
  facet normal 0 0 1
    outer loop
      vertex 34.88288497924805 39.37466812133789 67
      vertex 34.875 39.5 67
      vertex 34.876976013183594 39.43721008300781 67
    endloop
  endfacet
  facet normal 0 0 1
    outer loop
      vertex 38.50788497924805 35.74966812133789 67
      vertex 38.5 35.875 67
      vertex 38.501976013183594 35.81221008300781 67
    endloop
  endfacet
  facet normal -0.9995051797977336 0.0314546587566966 0
    outer loop
      vertex 34.875 41 4
      vertex 34.876976013183594 41.06278991699219 67
      vertex 34.876976013183594 41.06278991699219 4
    endloop
  endfacet
  facet normal -0.9995051797977336 0.0314546587566966 0
    outer loop
      vertex 34.876976013183594 41.06278991699219 67
      vertex 34.875 41 4
      vertex 34.875 41 67
    endloop
  endfacet
  facet normal -0.6129101821154981 -0.7901525856814916 0
    outer loop
      vertex 35.23757553100586 38.729488372802734 4
      vertex 35.28721618652344 38.690982818603516 67
      vertex 35.23757553100586 38.729488372802734 67
    endloop
  endfacet
  facet normal -0.6129101821154981 -0.7901525856814916 0
    outer loop
      vertex 35.28721618652344 38.690982818603516 67
      vertex 35.23757553100586 38.729488372802734 4
      vertex 35.28721618652344 38.690982818603516 4
    endloop
  endfacet
  facet normal -0.21812623145588214 -0.9759205639553123 0
    outer loop
      vertex 35.626312255859375 38.53141784667969 4
      vertex 35.687618255615234 38.51771545410156 67
      vertex 35.626312255859375 38.53141784667969 67
    endloop
  endfacet
  facet normal -0.21812623145588214 -0.9759205639553123 0
    outer loop
      vertex 35.687618255615234 38.51771545410156 67
      vertex 35.626312255859375 38.53141784667969 4
      vertex 35.687618255615234 38.51771545410156 4
    endloop
  endfacet
  facet normal -0.562077460777735 0.8270845954832273 0
    outer loop
      vertex 35.33917236328125 41.84432601928711 4
      vertex 35.28721618652344 41.809017181396484 67
      vertex 35.33917236328125 41.84432601928711 67
    endloop
  endfacet
  facet normal -0.562077460777735 0.8270845954832273 0
    outer loop
      vertex 35.28721618652344 41.809017181396484 67
      vertex 35.33917236328125 41.84432601928711 4
      vertex 35.28721618652344 41.809017181396484 4
    endloop
  endfacet
  facet normal -0.9876815970001604 0.15647703648527073 0
    outer loop
      vertex 34.88288497924805 41.12533187866211 4
      vertex 34.89271545410156 41.187381744384766 67
      vertex 34.89271545410156 41.187381744384766 4
    endloop
  endfacet
  facet normal -0.9876815970001604 0.15647703648527073 0
    outer loop
      vertex 34.89271545410156 41.187381744384766 67
      vertex 34.88288497924805 41.12533187866211 4
      vertex 34.88288497924805 41.12533187866211 67
    endloop
  endfacet
  facet normal -0.9759205639553123 -0.21812623145588214 0
    outer loop
      vertex 34.90641784667969 39.251312255859375 4
      vertex 34.89271545410156 39.312618255615234 67
      vertex 34.89271545410156 39.312618255615234 4
    endloop
  endfacet
  facet normal -0.9759205639553123 -0.21812623145588214 0
    outer loop
      vertex 34.89271545410156 39.312618255615234 67
      vertex 34.90641784667969 39.251312255859375 4
      vertex 34.90641784667969 39.251312255859375 67
    endloop
  endfacet
  facet normal -0.15647703648527073 -0.9876815970001604 0
    outer loop
      vertex 35.687618255615234 38.51771545410156 4
      vertex 35.74966812133789 38.50788497924805 67
      vertex 35.687618255615234 38.51771545410156 67
    endloop
  endfacet
  facet normal -0.15647703648527073 -0.9876815970001604 0
    outer loop
      vertex 35.74966812133789 38.50788497924805 67
      vertex 35.687618255615234 38.51771545410156 4
      vertex 35.74966812133789 38.50788497924805 4
    endloop
  endfacet
  facet normal -0.9955664226760415 -0.0940611399039456 0
    outer loop
      vertex 34.88288497924805 39.37466812133789 4
      vertex 34.876976013183594 39.43721008300781 67
      vertex 34.876976013183594 39.43721008300781 4
    endloop
  endfacet
  facet normal -0.9955664226760415 -0.0940611399039456 0
    outer loop
      vertex 34.876976013183594 39.43721008300781 67
      vertex 34.88288497924805 39.37466812133789 4
      vertex 34.88288497924805 39.37466812133789 67
    endloop
  endfacet
  facet normal -0.7501301814071496 0.661290186636757 0
    outer loop
      vertex 35.104488372802734 41.63742446899414 4
      vertex 35.14603042602539 41.684547424316406 67
      vertex 35.14603042602539 41.684547424316406 4
    endloop
  endfacet
  facet normal -0.7501301814071496 0.661290186636757 0
    outer loop
      vertex 35.14603042602539 41.684547424316406 67
      vertex 35.104488372802734 41.63742446899414 4
      vertex 35.104488372802734 41.63742446899414 67
    endloop
  endfacet
  facet normal -0.891001033267664 -0.4540012761170999 0
    outer loop
      vertex 34.998695373535156 39.018245697021484 4
      vertex 34.97017288208008 39.074222564697266 67
      vertex 34.97017288208008 39.074222564697266 4
    endloop
  endfacet
  facet normal -0.891001033267664 -0.4540012761170999 0
    outer loop
      vertex 34.97017288208008 39.074222564697266 67
      vertex 34.998695373535156 39.018245697021484 4
      vertex 34.998695373535156 39.018245697021484 67
    endloop
  endfacet
  facet normal -0.9876815970001604 -0.15647703648527073 0
    outer loop
      vertex 34.89271545410156 39.312618255615234 4
      vertex 34.88288497924805 39.37466812133789 67
      vertex 34.88288497924805 39.37466812133789 4
    endloop
  endfacet
  facet normal -0.9876815970001604 -0.15647703648527073 0
    outer loop
      vertex 34.88288497924805 39.37466812133789 67
      vertex 34.89271545410156 39.312618255615234 4
      vertex 34.89271545410156 39.312618255615234 67
    endloop
  endfacet
  facet normal -0.9177541630948076 -0.3971489596135805 0
    outer loop
      vertex 34.97017288208008 39.074222564697266 4
      vertex 34.94522476196289 39.131874084472656 67
      vertex 34.94522476196289 39.131874084472656 4
    endloop
  endfacet
  facet normal -0.9177541630948076 -0.3971489596135805 0
    outer loop
      vertex 34.94522476196289 39.131874084472656 67
      vertex 34.97017288208008 39.074222564697266 4
      vertex 34.97017288208008 39.074222564697266 67
    endloop
  endfacet
  facet normal -0.9408719296106248 0.33876247146161187 0
    outer loop
      vertex 34.92394256591797 41.309017181396484 4
      vertex 34.94522476196289 41.368125915527344 67
      vertex 34.94522476196289 41.368125915527344 4
    endloop
  endfacet
  facet normal -0.9408719296106248 0.33876247146161187 0
    outer loop
      vertex 34.94522476196289 41.368125915527344 67
      vertex 34.92394256591797 41.309017181396484 4
      vertex 34.92394256591797 41.309017181396484 67
    endloop
  endfacet
  facet normal -0.33876247146161187 -0.9408719296106248 0
    outer loop
      vertex 35.506874084472656 38.57022476196289 4
      vertex 35.565982818603516 38.54894256591797 67
      vertex 35.506874084472656 38.57022476196289 67
    endloop
  endfacet
  facet normal -0.33876247146161187 -0.9408719296106248 0
    outer loop
      vertex 35.565982818603516 38.54894256591797 67
      vertex 35.506874084472656 38.57022476196289 4
      vertex 35.565982818603516 38.54894256591797 4
    endloop
  endfacet
  facet normal -0.3971489596135805 -0.9177541630948076 0
    outer loop
      vertex 35.449222564697266 38.59517288208008 4
      vertex 35.506874084472656 38.57022476196289 67
      vertex 35.449222564697266 38.59517288208008 67
    endloop
  endfacet
  facet normal -0.3971489596135805 -0.9177541630948076 0
    outer loop
      vertex 35.506874084472656 38.57022476196289 67
      vertex 35.449222564697266 38.59517288208008 4
      vertex 35.506874084472656 38.57022476196289 4
    endloop
  endfacet
  facet normal -0.15647703648527073 0.9876815970001604 0
    outer loop
      vertex 35.74966812133789 41.99211502075195 4
      vertex 35.687618255615234 41.98228454589844 67
      vertex 35.74966812133789 41.99211502075195 67
    endloop
  endfacet
  facet normal -0.15647703648527073 0.9876815970001604 0
    outer loop
      vertex 35.687618255615234 41.98228454589844 67
      vertex 35.74966812133789 41.99211502075195 4
      vertex 35.687618255615234 41.98228454589844 4
    endloop
  endfacet
  facet normal -0.5090381932057086 0.8607439328034021 0
    outer loop
      vertex 35.393245697021484 41.876304626464844 4
      vertex 35.33917236328125 41.84432601928711 67
      vertex 35.393245697021484 41.876304626464844 67
    endloop
  endfacet
  facet normal -0.5090381932057086 0.8607439328034021 0
    outer loop
      vertex 35.33917236328125 41.84432601928711 67
      vertex 35.393245697021484 41.876304626464844 4
      vertex 35.33917236328125 41.84432601928711 4
    endloop
  endfacet
  facet normal -0.33876247146161187 0.9408719296106248 0
    outer loop
      vertex 35.565982818603516 41.95105743408203 4
      vertex 35.506874084472656 41.92977523803711 67
      vertex 35.565982818603516 41.95105743408203 67
    endloop
  endfacet
  facet normal -0.33876247146161187 0.9408719296106248 0
    outer loop
      vertex 35.506874084472656 41.92977523803711 67
      vertex 35.565982818603516 41.95105743408203 4
      vertex 35.506874084472656 41.92977523803711 4
    endloop
  endfacet
  facet normal -0.3971489596135805 0.9177541630948076 0
    outer loop
      vertex 35.506874084472656 41.92977523803711 4
      vertex 35.449222564697266 41.90482711791992 67
      vertex 35.506874084472656 41.92977523803711 67
    endloop
  endfacet
  facet normal -0.3971489596135805 0.9177541630948076 0
    outer loop
      vertex 35.449222564697266 41.90482711791992 67
      vertex 35.506874084472656 41.92977523803711 4
      vertex 35.449222564697266 41.90482711791992 4
    endloop
  endfacet
  facet normal -0.7901525856814916 0.6129101821154981 0
    outer loop
      vertex 35.065982818603516 41.58778381347656 4
      vertex 35.104488372802734 41.63742446899414 67
      vertex 35.104488372802734 41.63742446899414 4
    endloop
  endfacet
  facet normal -0.7901525856814916 0.6129101821154981 0
    outer loop
      vertex 35.104488372802734 41.63742446899414 67
      vertex 35.065982818603516 41.58778381347656 4
      vertex 35.065982818603516 41.58778381347656 67
    endloop
  endfacet
  facet normal -0.4540012761170999 0.891001033267664 0
    outer loop
      vertex 35.449222564697266 41.90482711791992 4
      vertex 35.393245697021484 41.876304626464844 67
      vertex 35.449222564697266 41.90482711791992 67
    endloop
  endfacet
  facet normal -0.4540012761170999 0.891001033267664 0
    outer loop
      vertex 35.393245697021484 41.876304626464844 67
      vertex 35.449222564697266 41.90482711791992 4
      vertex 35.393245697021484 41.876304626464844 4
    endloop
  endfacet
  facet normal -0.4540012761170999 -0.891001033267664 0
    outer loop
      vertex 35.393245697021484 38.623695373535156 4
      vertex 35.449222564697266 38.59517288208008 67
      vertex 35.393245697021484 38.623695373535156 67
    endloop
  endfacet
  facet normal -0.4540012761170999 -0.891001033267664 0
    outer loop
      vertex 35.449222564697266 38.59517288208008 67
      vertex 35.393245697021484 38.623695373535156 4
      vertex 35.449222564697266 38.59517288208008 4
    endloop
  endfacet
  facet normal -0.9759205639553123 0.21812623145588214 0
    outer loop
      vertex 34.89271545410156 41.187381744384766 4
      vertex 34.90641784667969 41.248687744140625 67
      vertex 34.90641784667969 41.248687744140625 4
    endloop
  endfacet
  facet normal -0.9759205639553123 0.21812623145588214 0
    outer loop
      vertex 34.90641784667969 41.248687744140625 67
      vertex 34.89271545410156 41.187381744384766 4
      vertex 34.89271545410156 41.187381744384766 67
    endloop
  endfacet
  facet normal -0.27895290393974514 -0.9603047835888266 0
    outer loop
      vertex 35.565982818603516 38.54894256591797 4
      vertex 35.626312255859375 38.53141784667969 67
      vertex 35.565982818603516 38.54894256591797 67
    endloop
  endfacet
  facet normal -0.27895290393974514 -0.9603047835888266 0
    outer loop
      vertex 35.626312255859375 38.53141784667969 67
      vertex 35.565982818603516 38.54894256591797 4
      vertex 35.626312255859375 38.53141784667969 4
    endloop
  endfacet
  facet normal -0.9603047835888266 -0.27895290393974514 0
    outer loop
      vertex 34.92394256591797 39.190982818603516 4
      vertex 34.90641784667969 39.251312255859375 67
      vertex 34.90641784667969 39.251312255859375 4
    endloop
  endfacet
  facet normal -0.9603047835888266 -0.27895290393974514 0
    outer loop
      vertex 34.90641784667969 39.251312255859375 67
      vertex 34.92394256591797 39.190982818603516 4
      vertex 34.92394256591797 39.190982818603516 67
    endloop
  endfacet
  facet normal -0.7901525856814916 -0.6129101821154981 0
    outer loop
      vertex 35.104488372802734 38.86257553100586 4
      vertex 35.065982818603516 38.91221618652344 67
      vertex 35.065982818603516 38.91221618652344 4
    endloop
  endfacet
  facet normal -0.7901525856814916 -0.6129101821154981 0
    outer loop
      vertex 35.065982818603516 38.91221618652344 67
      vertex 35.104488372802734 38.86257553100586 4
      vertex 35.104488372802734 38.86257553100586 67
    endloop
  endfacet
  facet normal -0.9995051797977336 -0.0314546587566966 0
    outer loop
      vertex 34.876976013183594 39.43721008300781 4
      vertex 34.875 39.5 67
      vertex 34.875 39.5 4
    endloop
  endfacet
  facet normal -0.9995051797977336 -0.0314546587566966 0
    outer loop
      vertex 34.875 39.5 67
      vertex 34.876976013183594 39.43721008300781 4
      vertex 34.876976013183594 39.43721008300781 67
    endloop
  endfacet
  facet normal -0.661290186636757 -0.7501301814071496 0
    outer loop
      vertex 35.190452575683594 38.77103042602539 4
      vertex 35.23757553100586 38.729488372802734 67
      vertex 35.190452575683594 38.77103042602539 67
    endloop
  endfacet
  facet normal -0.661290186636757 -0.7501301814071496 0
    outer loop
      vertex 35.23757553100586 38.729488372802734 67
      vertex 35.190452575683594 38.77103042602539 4
      vertex 35.23757553100586 38.729488372802734 4
    endloop
  endfacet
  facet normal -0.8270845954832273 -0.562077460777735 0
    outer loop
      vertex 35.065982818603516 38.91221618652344 4
      vertex 35.03067398071289 38.96417236328125 67
      vertex 35.03067398071289 38.96417236328125 4
    endloop
  endfacet
  facet normal -0.8270845954832273 -0.562077460777735 0
    outer loop
      vertex 35.03067398071289 38.96417236328125 67
      vertex 35.065982818603516 38.91221618652344 4
      vertex 35.065982818603516 38.91221618652344 67
    endloop
  endfacet
  facet normal 0.7071067811865476 0.7071067811865476 0
    outer loop
      vertex 13.913515090942383 2.5 67
      vertex 2.5 13.913515090942383 4
      vertex 2.5 13.913515090942383 67
    endloop
  endfacet
  facet normal 0.7071067811865476 0.7071067811865476 0
    outer loop
      vertex 2.5 13.913515090942383 4
      vertex 13.913515090942383 2.5 67
      vertex 13.913515090942383 2.5 4
    endloop
  endfacet
  facet normal -0.7071067811865475 -0.7071067811865475 0
    outer loop
      vertex 35.190452575683594 -0.728968620300293 4
      vertex 35.14603042602539 -0.6845464706420898 67
      vertex 35.14603042602539 -0.6845464706420898 4
    endloop
  endfacet
  facet normal -0.7071067811865475 -0.7071067811865475 0
    outer loop
      vertex 35.14603042602539 -0.6845464706420898 67
      vertex 35.190452575683594 -0.728968620300293 4
      vertex 35.190452575683594 -0.728968620300293 67
    endloop
  endfacet
  facet normal -0.15643261060695393 0.9876886343067299 0
    outer loop
      vertex 35.74966812133789 2.4921140670776367 4
      vertex 35.687618255615234 2.4822864532470703 67
      vertex 35.74966812133789 2.4921140670776367 67
    endloop
  endfacet
  facet normal -0.15643261060695393 0.9876886343067299 0
    outer loop
      vertex 35.687618255615234 2.4822864532470703 67
      vertex 35.74966812133789 2.4921140670776367 4
      vertex 35.687618255615234 2.4822864532470703 4
    endloop
  endfacet
  facet normal -0.987680853592627 0.15648172879457747 0
    outer loop
      vertex 34.88288497924805 1.6253328323364258 4
      vertex 34.89271545410156 1.6873807907104492 67
      vertex 34.89271545410156 1.6873807907104492 4
    endloop
  endfacet
  facet normal -0.987680853592627 0.15648172879457747 0
    outer loop
      vertex 34.89271545410156 1.6873807907104492 67
      vertex 34.88288497924805 1.6253328323364258 4
      vertex 34.88288497924805 1.6253328323364258 67
    endloop
  endfacet
  facet normal -0.7901411802205841 0.6129248855444054 0
    outer loop
      vertex 35.065982818603516 2.087784767150879 4
      vertex 35.104488372802734 2.137423515319824 67
      vertex 35.104488372802734 2.137423515319824 4
    endloop
  endfacet
  facet normal -0.7901411802205841 0.6129248855444054 0
    outer loop
      vertex 35.104488372802734 2.137423515319824 67
      vertex 35.065982818603516 2.087784767150879 4
      vertex 35.065982818603516 2.087784767150879 67
    endloop
  endfacet
  facet normal -0.987680853592627 -0.15648172879457747 0
    outer loop
      vertex 34.89271545410156 -0.18738079071044922 4
      vertex 34.88288497924805 -0.12533283233642578 67
      vertex 34.88288497924805 -0.12533283233642578 4
    endloop
  endfacet
  facet normal -0.987680853592627 -0.15648172879457747 0
    outer loop
      vertex 34.88288497924805 -0.12533283233642578 67
      vertex 34.89271545410156 -0.18738079071044922 4
      vertex 34.89271545410156 -0.18738079071044922 67
    endloop
  endfacet
  facet normal -0.33873559471734044 0.940881606192559 0
    outer loop
      vertex 35.565982818603516 2.451056480407715 4
      vertex 35.506874084472656 2.429776191711426 67
      vertex 35.565982818603516 2.451056480407715 67
    endloop
  endfacet
  facet normal -0.33873559471734044 0.940881606192559 0
    outer loop
      vertex 35.506874084472656 2.429776191711426 67
      vertex 35.565982818603516 2.451056480407715 4
      vertex 35.506874084472656 2.429776191711426 4
    endloop
  endfacet
  facet normal -0.9995051797977336 0.0314546587566966 0
    outer loop
      vertex 34.875 1.5 4
      vertex 34.876976013183594 1.5627899169921875 67
      vertex 34.876976013183594 1.5627899169921875 4
    endloop
  endfacet
  facet normal -0.9995051797977336 0.0314546587566966 0
    outer loop
      vertex 34.876976013183594 1.5627899169921875 67
      vertex 34.875 1.5 4
      vertex 34.875 1.5 67
    endloop
  endfacet
  facet normal -0.4539651217436128 -0.8910194544679183 0
    outer loop
      vertex 35.393245697021484 -0.8763065338134766 4
      vertex 35.449222564697266 -0.9048261642456055 67
      vertex 35.393245697021484 -0.8763065338134766 67
    endloop
  endfacet
  facet normal -0.4539651217436128 -0.8910194544679183 0
    outer loop
      vertex 35.449222564697266 -0.9048261642456055 67
      vertex 35.393245697021484 -0.8763065338134766 4
      vertex 35.449222564697266 -0.9048261642456055 4
    endloop
  endfacet
  facet normal -0.9995051797977336 -0.0314546587566966 0
    outer loop
      vertex 34.876976013183594 -0.0627899169921875 4
      vertex 34.875 0 67
      vertex 34.875 0 4
    endloop
  endfacet
  facet normal -0.9995051797977336 -0.0314546587566966 0
    outer loop
      vertex 34.875 0 67
      vertex 34.876976013183594 -0.0627899169921875 4
      vertex 34.876976013183594 -0.0627899169921875 67
    endloop
  endfacet
  facet normal -0.9408701874875643 -0.3387673099593812 0
    outer loop
      vertex 34.94522476196289 -0.36812400817871094 4
      vertex 34.92394256591797 -0.30901622772216797 67
      vertex 34.92394256591797 -0.30901622772216797 4
    endloop
  endfacet
  facet normal -0.9408701874875643 -0.3387673099593812 0
    outer loop
      vertex 34.92394256591797 -0.30901622772216797 67
      vertex 34.94522476196289 -0.36812400817871094 4
      vertex 34.94522476196289 -0.36812400817871094 67
    endloop
  endfacet
  facet normal -0.6613072708271193 0.7501151201990179 0
    outer loop
      vertex 35.23757553100586 2.270512580871582 4
      vertex 35.190452575683594 2.228968620300293 67
      vertex 35.23757553100586 2.270512580871582 67
    endloop
  endfacet
  facet normal -0.6613072708271193 0.7501151201990179 0
    outer loop
      vertex 35.190452575683594 2.228968620300293 67
      vertex 35.23757553100586 2.270512580871582 4
      vertex 35.190452575683594 2.228968620300293 4
    endloop
  endfacet
  facet normal -0.7901411802205841 -0.6129248855444054 0
    outer loop
      vertex 35.104488372802734 -0.6374235153198242 4
      vertex 35.065982818603516 -0.5877847671508789 67
      vertex 35.065982818603516 -0.5877847671508789 4
    endloop
  endfacet
  facet normal -0.7901411802205841 -0.6129248855444054 0
    outer loop
      vertex 35.065982818603516 -0.5877847671508789 67
      vertex 35.104488372802734 -0.6374235153198242 4
      vertex 35.104488372802734 -0.6374235153198242 67
    endloop
  endfacet
  facet normal -0.9603012396075132 0.27896510392569457 0
    outer loop
      vertex 34.90641784667969 1.7486896514892578 4
      vertex 34.92394256591797 1.809016227722168 67
      vertex 34.92394256591797 1.809016227722168 4
    endloop
  endfacet
  facet normal -0.9603012396075132 0.27896510392569457 0
    outer loop
      vertex 34.92394256591797 1.809016227722168 67
      vertex 34.90641784667969 1.7486896514892578 4
      vertex 34.90641784667969 1.7486896514892578 67
    endloop
  endfacet
  facet normal -0.5090494401311854 -0.8607372813478726 0
    outer loop
      vertex 35.33917236328125 -0.8443269729614258 4
      vertex 35.393245697021484 -0.8763065338134766 67
      vertex 35.33917236328125 -0.8443269729614258 67
    endloop
  endfacet
  facet normal -0.5090494401311854 -0.8607372813478726 0
    outer loop
      vertex 35.393245697021484 -0.8763065338134766 67
      vertex 35.33917236328125 -0.8443269729614258 4
      vertex 35.393245697021484 -0.8763065338134766 4
    endloop
  endfacet
  facet normal 0 1 0
    outer loop
      vertex 38.5 2.5 4
      vertex 35.875 2.5 67
      vertex 38.5 2.5 67
    endloop
  endfacet
  facet normal 0 1 0
    outer loop
      vertex 35.875 2.5 67
      vertex 38.5 2.5 4
      vertex 35.875 2.5 4
    endloop
  endfacet
  facet normal -0.3971745331363213 0.9177430959848977 0
    outer loop
      vertex 35.506874084472656 2.429776191711426 4
      vertex 35.449222564697266 2.4048261642456055 67
      vertex 35.506874084472656 2.429776191711426 67
    endloop
  endfacet
  facet normal -0.3971745331363213 0.9177430959848977 0
    outer loop
      vertex 35.449222564697266 2.4048261642456055 67
      vertex 35.506874084472656 2.429776191711426 4
      vertex 35.449222564697266 2.4048261642456055 4
    endloop
  endfacet
  facet normal -0.6128912265129753 0.7901672889100261 0
    outer loop
      vertex 35.28721618652344 2.309016227722168 4
      vertex 35.23757553100586 2.270512580871582 67
      vertex 35.28721618652344 2.309016227722168 67
    endloop
  endfacet
  facet normal -0.6128912265129753 0.7901672889100261 0
    outer loop
      vertex 35.23757553100586 2.270512580871582 67
      vertex 35.28721618652344 2.309016227722168 4
      vertex 35.23757553100586 2.270512580871582 4
    endloop
  endfacet
  facet normal 0 0 1
    outer loop
      vertex 41 16.375 67
      vertex 42 15.375 67
      vertex 41.998023986816406 15.437789916992188 67
    endloop
  endfacet
  facet normal 0 0 1
    outer loop
      vertex 42 15.375 67
      vertex 38.5 2.5 67
      vertex 42 0 67
    endloop
  endfacet
  facet normal 0 0 1
    outer loop
      vertex 41 16.375 67
      vertex 41.998023986816406 15.437789916992188 67
      vertex 41.99211502075195 15.500332832336426 67
    endloop
  endfacet
  facet normal 0 0 1
    outer loop
      vertex 41 -1 67
      vertex 42 0 67
      vertex 38.5 2.5 67
    endloop
  endfacet
  facet normal 0 0 1
    outer loop
      vertex 41 16.375 67
      vertex 41.99211502075195 15.500332832336426 67
      vertex 41.98228454589844 15.56238079071045 67
    endloop
  endfacet
  facet normal 0 0 1
    outer loop
      vertex 42 0 67
      vertex 41 -1 67
      vertex 41.998023986816406 -0.0627899169921875 67
    endloop
  endfacet
  facet normal 0 0 1
    outer loop
      vertex 41 16.375 67
      vertex 41.98228454589844 15.56238079071045 67
      vertex 41.96858215332031 15.623689651489258 67
    endloop
  endfacet
  facet normal 0 0 1
    outer loop
      vertex 41.998023986816406 -0.0627899169921875 67
      vertex 41 -1 67
      vertex 41.99211502075195 -0.12533283233642578 67
    endloop
  endfacet
  facet normal 0 0 1
    outer loop
      vertex 41 16.375 67
      vertex 41.96858215332031 15.623689651489258 67
      vertex 41.95105743408203 15.684016227722168 67
    endloop
  endfacet
  facet normal 0 0 1
    outer loop
      vertex 41.99211502075195 -0.12533283233642578 67
      vertex 41 -1 67
      vertex 41.98228454589844 -0.18738079071044922 67
    endloop
  endfacet
  facet normal 0 0 1
    outer loop
      vertex 41 16.375 67
      vertex 41.95105743408203 15.684016227722168 67
      vertex 41.92977523803711 15.743124008178711 67
    endloop
  endfacet
  facet normal 0 0 1
    outer loop
      vertex 41.98228454589844 -0.18738079071044922 67
      vertex 41 -1 67
      vertex 41.96858215332031 -0.2486896514892578 67
    endloop
  endfacet
  facet normal 0 0 1
    outer loop
      vertex 41 16.375 67
      vertex 41.92977523803711 15.743124008178711 67
      vertex 41.90482711791992 15.80077838897705 67
    endloop
  endfacet
  facet normal 0 0 1
    outer loop
      vertex 41.96858215332031 -0.2486896514892578 67
      vertex 41 -1 67
      vertex 41.95105743408203 -0.30901622772216797 67
    endloop
  endfacet
  facet normal 0 0 1
    outer loop
      vertex 41 16.375 67
      vertex 41.90482711791992 15.80077838897705 67
      vertex 41.876304626464844 15.8567533493042 67
    endloop
  endfacet
  facet normal 0 0 1
    outer loop
      vertex 41.95105743408203 -0.30901622772216797 67
      vertex 41 -1 67
      vertex 41.92977523803711 -0.36812400817871094 67
    endloop
  endfacet
  facet normal 0 0 1
    outer loop
      vertex 41 16.375 67
      vertex 41.876304626464844 15.8567533493042 67
      vertex 41.84432601928711 15.910826683044434 67
    endloop
  endfacet
  facet normal 0 0 1
    outer loop
      vertex 41.92977523803711 -0.36812400817871094 67
      vertex 41 -1 67
      vertex 41.90482711791992 -0.4257783889770508 67
    endloop
  endfacet
  facet normal 0 0 1
    outer loop
      vertex 41 16.375 67
      vertex 41.84432601928711 15.910826683044434 67
      vertex 41.809017181396484 15.962784767150879 67
    endloop
  endfacet
  facet normal 0 0 1
    outer loop
      vertex 41.90482711791992 -0.4257783889770508 67
      vertex 41 -1 67
      vertex 41.876304626464844 -0.4817533493041992 67
    endloop
  endfacet
  facet normal 0 0 1
    outer loop
      vertex 41 16.375 67
      vertex 41.809017181396484 15.962784767150879 67
      vertex 41.770511627197266 16.01242446899414 67
    endloop
  endfacet
  facet normal 0 0 1
    outer loop
      vertex 41.876304626464844 -0.4817533493041992 67
      vertex 41 -1 67
      vertex 41.84432601928711 -0.5358266830444336 67
    endloop
  endfacet
  facet normal 0 0 1
    outer loop
      vertex 41 16.375 67
      vertex 41.770511627197266 16.01242446899414 67
      vertex 41.72896957397461 16.059547424316406 67
    endloop
  endfacet
  facet normal 0 0 1
    outer loop
      vertex 41.84432601928711 -0.5358266830444336 67
      vertex 41 -1 67
      vertex 41.809017181396484 -0.5877847671508789 67
    endloop
  endfacet
  facet normal 0 0 1
    outer loop
      vertex 41 16.375 67
      vertex 41.72896957397461 16.059547424316406 67
      vertex 41.684547424316406 16.10396957397461 67
    endloop
  endfacet
  facet normal 0 0 1
    outer loop
      vertex 41.809017181396484 -0.5877847671508789 67
      vertex 41 -1 67
      vertex 41.770511627197266 -0.6374235153198242 67
    endloop
  endfacet
  facet normal 0 0 1
    outer loop
      vertex 41 16.375 67
      vertex 41.684547424316406 16.10396957397461 67
      vertex 41.63742446899414 16.145511627197266 67
    endloop
  endfacet
  facet normal 0 0 1
    outer loop
      vertex 41.770511627197266 -0.6374235153198242 67
      vertex 41 -1 67
      vertex 41.72896957397461 -0.6845464706420898 67
    endloop
  endfacet
  facet normal 0 0 1
    outer loop
      vertex 41 16.375 67
      vertex 41.63742446899414 16.145511627197266 67
      vertex 41.58778381347656 16.184017181396484 67
    endloop
  endfacet
  facet normal 0 0 1
    outer loop
      vertex 41.72896957397461 -0.6845464706420898 67
      vertex 41 -1 67
      vertex 41.684547424316406 -0.728968620300293 67
    endloop
  endfacet
  facet normal 0 0 1
    outer loop
      vertex 41 16.375 67
      vertex 41.58778381347656 16.184017181396484 67
      vertex 41.53582763671875 16.21932601928711 67
    endloop
  endfacet
  facet normal 0 0 1
    outer loop
      vertex 41.684547424316406 -0.728968620300293 67
      vertex 41 -1 67
      vertex 41.63742446899414 -0.770512580871582 67
    endloop
  endfacet
  facet normal 0 0 1
    outer loop
      vertex 41 16.375 67
      vertex 41.53582763671875 16.21932601928711 67
      vertex 41.481754302978516 16.251306533813477 67
    endloop
  endfacet
  facet normal 0 0 1
    outer loop
      vertex 41.63742446899414 -0.770512580871582 67
      vertex 41 -1 67
      vertex 41.58778381347656 -0.809016227722168 67
    endloop
  endfacet
  facet normal 0 0 1
    outer loop
      vertex 41 16.375 67
      vertex 41.481754302978516 16.251306533813477 67
      vertex 41.425777435302734 16.279827117919922 67
    endloop
  endfacet
  facet normal 0 0 1
    outer loop
      vertex 41.58778381347656 -0.809016227722168 67
      vertex 41 -1 67
      vertex 41.53582763671875 -0.8443269729614258 67
    endloop
  endfacet
  facet normal 0 0 1
    outer loop
      vertex 41 16.375 67
      vertex 41.425777435302734 16.279827117919922 67
      vertex 41.368125915527344 16.30477523803711 67
    endloop
  endfacet
  facet normal 0 0 1
    outer loop
      vertex 41.53582763671875 -0.8443269729614258 67
      vertex 41 -1 67
      vertex 41.481754302978516 -0.8763065338134766 67
    endloop
  endfacet
  facet normal 0 0 1
    outer loop
      vertex 41 16.375 67
      vertex 41.368125915527344 16.30477523803711 67
      vertex 41.309017181396484 16.32605743408203 67
    endloop
  endfacet
  facet normal 0 0 1
    outer loop
      vertex 41.481754302978516 -0.8763065338134766 67
      vertex 41 -1 67
      vertex 41.425777435302734 -0.9048261642456055 67
    endloop
  endfacet
  facet normal 0 0 1
    outer loop
      vertex 41 16.375 67
      vertex 41.309017181396484 16.32605743408203 67
      vertex 41.248687744140625 16.343582153320312 67
    endloop
  endfacet
  facet normal 0 0 1
    outer loop
      vertex 41.425777435302734 -0.9048261642456055 67
      vertex 41 -1 67
      vertex 41.368125915527344 -0.9297761917114258 67
    endloop
  endfacet
  facet normal 0 0 1
    outer loop
      vertex 41 16.375 67
      vertex 41.248687744140625 16.343582153320312 67
      vertex 41.187381744384766 16.35728645324707 67
    endloop
  endfacet
  facet normal 0 0 1
    outer loop
      vertex 41.368125915527344 -0.9297761917114258 67
      vertex 41 -1 67
      vertex 41.309017181396484 -0.9510564804077148 67
    endloop
  endfacet
  facet normal 0 0 1
    outer loop
      vertex 41 16.375 67
      vertex 41.187381744384766 16.35728645324707 67
      vertex 41.12533187866211 16.367115020751953 67
    endloop
  endfacet
  facet normal 0 0 1
    outer loop
      vertex 41.309017181396484 -0.9510564804077148 67
      vertex 41 -1 67
      vertex 41.248687744140625 -0.9685831069946289 67
    endloop
  endfacet
  facet normal 0 0 1
    outer loop
      vertex 41 16.375 67
      vertex 41.12533187866211 16.367115020751953 67
      vertex 41.06278991699219 16.37302589416504 67
    endloop
  endfacet
  facet normal 0 0 1
    outer loop
      vertex 41.248687744140625 -0.9685831069946289 67
      vertex 41 -1 67
      vertex 41.187381744384766 -0.9822864532470703 67
    endloop
  endfacet
  facet normal 0 0 1
    outer loop
      vertex 42 15.375 67
      vertex 41 16.375 67
      vertex 38.5 15.375 67
    endloop
  endfacet
  facet normal 0 0 1
    outer loop
      vertex 41.187381744384766 -0.9822864532470703 67
      vertex 41 -1 67
      vertex 41.12533187866211 -0.9921140670776367 67
    endloop
  endfacet
  facet normal 0 0 1
    outer loop
      vertex 38.5 15.375 67
      vertex 41 16.375 67
      vertex 39.5 16.375 67
    endloop
  endfacet
  facet normal 0 0 1
    outer loop
      vertex 38.5 15.375 67
      vertex 39.5 16.375 67
      vertex 39.43721008300781 16.37302589416504 67
    endloop
  endfacet
  facet normal 0 0 1
    outer loop
      vertex 38.5 15.375 67
      vertex 39.43721008300781 16.37302589416504 67
      vertex 39.37466812133789 16.367115020751953 67
    endloop
  endfacet
  facet normal 0 0 1
    outer loop
      vertex 38.5 15.375 67
      vertex 39.37466812133789 16.367115020751953 67
      vertex 39.312618255615234 16.35728645324707 67
    endloop
  endfacet
  facet normal 0 0 1
    outer loop
      vertex 38.5 15.375 67
      vertex 39.312618255615234 16.35728645324707 67
      vertex 39.251312255859375 16.343582153320312 67
    endloop
  endfacet
  facet normal 0 0 1
    outer loop
      vertex 38.5 15.375 67
      vertex 39.251312255859375 16.343582153320312 67
      vertex 39.190982818603516 16.32605743408203 67
    endloop
  endfacet
  facet normal 0 0 1
    outer loop
      vertex 38.5 15.375 67
      vertex 39.190982818603516 16.32605743408203 67
      vertex 39.131874084472656 16.30477523803711 67
    endloop
  endfacet
  facet normal 0 0 1
    outer loop
      vertex 38.5 15.375 67
      vertex 39.131874084472656 16.30477523803711 67
      vertex 39.074222564697266 16.279827117919922 67
    endloop
  endfacet
  facet normal 0 0 1
    outer loop
      vertex 38.5 15.375 67
      vertex 39.074222564697266 16.279827117919922 67
      vertex 39.018245697021484 16.251306533813477 67
    endloop
  endfacet
  facet normal 0 0 1
    outer loop
      vertex 38.5 15.375 67
      vertex 39.018245697021484 16.251306533813477 67
      vertex 38.96417236328125 16.21932601928711 67
    endloop
  endfacet
  facet normal 0 0 1
    outer loop
      vertex 38.5 15.375 67
      vertex 38.96417236328125 16.21932601928711 67
      vertex 38.91221618652344 16.184017181396484 67
    endloop
  endfacet
  facet normal 0 0 1
    outer loop
      vertex 38.5 15.375 67
      vertex 38.91221618652344 16.184017181396484 67
      vertex 38.86257553100586 16.145511627197266 67
    endloop
  endfacet
  facet normal 0 0 1
    outer loop
      vertex 38.5 15.375 67
      vertex 38.86257553100586 16.145511627197266 67
      vertex 38.815452575683594 16.10396957397461 67
    endloop
  endfacet
  facet normal 0 0 1
    outer loop
      vertex 38.5 15.375 67
      vertex 38.815452575683594 16.10396957397461 67
      vertex 38.77103042602539 16.059547424316406 67
    endloop
  endfacet
  facet normal 0 0 1
    outer loop
      vertex 38.5 15.375 67
      vertex 38.77103042602539 16.059547424316406 67
      vertex 38.729488372802734 16.01242446899414 67
    endloop
  endfacet
  facet normal 0 0 1
    outer loop
      vertex 38.5 15.375 67
      vertex 38.729488372802734 16.01242446899414 67
      vertex 38.690982818603516 15.962784767150879 67
    endloop
  endfacet
  facet normal 0 0 1
    outer loop
      vertex 38.5 15.375 67
      vertex 38.690982818603516 15.962784767150879 67
      vertex 38.65567398071289 15.910826683044434 67
    endloop
  endfacet
  facet normal 0 0 1
    outer loop
      vertex 38.5 15.375 67
      vertex 38.65567398071289 15.910826683044434 67
      vertex 38.623695373535156 15.8567533493042 67
    endloop
  endfacet
  facet normal 0 0 1
    outer loop
      vertex 38.5 15.375 67
      vertex 38.623695373535156 15.8567533493042 67
      vertex 38.59517288208008 15.80077838897705 67
    endloop
  endfacet
  facet normal 0 0 1
    outer loop
      vertex 38.5 15.375 67
      vertex 38.59517288208008 15.80077838897705 67
      vertex 38.57022476196289 15.743124008178711 67
    endloop
  endfacet
  facet normal 0 0 1
    outer loop
      vertex 38.5 15.375 67
      vertex 38.57022476196289 15.743124008178711 67
      vertex 38.54894256591797 15.684016227722168 67
    endloop
  endfacet
  facet normal 0 0 1
    outer loop
      vertex 38.5 15.375 67
      vertex 38.54894256591797 15.684016227722168 67
      vertex 38.53141784667969 15.623689651489258 67
    endloop
  endfacet
  facet normal 0 0 1
    outer loop
      vertex 38.5 15.375 67
      vertex 38.53141784667969 15.623689651489258 67
      vertex 38.51771545410156 15.56238079071045 67
    endloop
  endfacet
  facet normal 0 0 1
    outer loop
      vertex 38.5 15.375 67
      vertex 38.51771545410156 15.56238079071045 67
      vertex 38.50788497924805 15.500332832336426 67
    endloop
  endfacet
  facet normal 0 0 1
    outer loop
      vertex 38.5 15.375 67
      vertex 38.50788497924805 15.500332832336426 67
      vertex 38.501976013183594 15.437789916992188 67
    endloop
  endfacet
  facet normal 0 0 1
    outer loop
      vertex 42 15.375 67
      vertex 38.5 15.375 67
      vertex 38.5 2.5 67
    endloop
  endfacet
  facet normal 0 0 1
    outer loop
      vertex 41.12533187866211 -0.9921140670776367 67
      vertex 41 -1 67
      vertex 41.06278991699219 -0.9980258941650391 67
    endloop
  endfacet
  facet normal 0 0 1
    outer loop
      vertex 35.875 -1 67
      vertex 38.5 2.5 67
      vertex 35.875 2.5 67
    endloop
  endfacet
  facet normal 0 0 1
    outer loop
      vertex 38.5 2.5 67
      vertex 35.875 -1 67
      vertex 41 -1 67
    endloop
  endfacet
  facet normal 0 0 1
    outer loop
      vertex 34.875 1.5 67
      vertex 35.875 2.5 67
      vertex 35.81221008300781 2.498025894165039 67
    endloop
  endfacet
  facet normal 0 0 1
    outer loop
      vertex 35.875 2.5 67
      vertex 34.875 1.5 67
      vertex 35.875 -1 67
    endloop
  endfacet
  facet normal 0 0 1
    outer loop
      vertex 34.875 1.5 67
      vertex 35.81221008300781 2.498025894165039 67
      vertex 35.74966812133789 2.4921140670776367 67
    endloop
  endfacet
  facet normal 0 0 1
    outer loop
      vertex 34.875 0 67
      vertex 35.875 -1 67
      vertex 34.875 1.5 67
    endloop
  endfacet
  facet normal 0 0 1
    outer loop
      vertex 34.875 1.5 67
      vertex 35.74966812133789 2.4921140670776367 67
      vertex 35.687618255615234 2.4822864532470703 67
    endloop
  endfacet
  facet normal 0 0 1
    outer loop
      vertex 35.875 -1 67
      vertex 34.875 0 67
      vertex 35.81221008300781 -0.9980258941650391 67
    endloop
  endfacet
  facet normal 0 0 1
    outer loop
      vertex 34.875 1.5 67
      vertex 35.687618255615234 2.4822864532470703 67
      vertex 35.626312255859375 2.468583106994629 67
    endloop
  endfacet
  facet normal 0 0 1
    outer loop
      vertex 35.81221008300781 -0.9980258941650391 67
      vertex 34.875 0 67
      vertex 35.74966812133789 -0.9921140670776367 67
    endloop
  endfacet
  facet normal 0 0 1
    outer loop
      vertex 34.875 1.5 67
      vertex 35.626312255859375 2.468583106994629 67
      vertex 35.565982818603516 2.451056480407715 67
    endloop
  endfacet
  facet normal 0 0 1
    outer loop
      vertex 35.74966812133789 -0.9921140670776367 67
      vertex 34.875 0 67
      vertex 35.687618255615234 -0.9822864532470703 67
    endloop
  endfacet
  facet normal 0 0 1
    outer loop
      vertex 34.875 1.5 67
      vertex 35.565982818603516 2.451056480407715 67
      vertex 35.506874084472656 2.429776191711426 67
    endloop
  endfacet
  facet normal 0 0 1
    outer loop
      vertex 35.687618255615234 -0.9822864532470703 67
      vertex 34.875 0 67
      vertex 35.626312255859375 -0.9685831069946289 67
    endloop
  endfacet
  facet normal 0 0 1
    outer loop
      vertex 34.875 1.5 67
      vertex 35.506874084472656 2.429776191711426 67
      vertex 35.449222564697266 2.4048261642456055 67
    endloop
  endfacet
  facet normal 0 0 1
    outer loop
      vertex 35.626312255859375 -0.9685831069946289 67
      vertex 34.875 0 67
      vertex 35.565982818603516 -0.9510564804077148 67
    endloop
  endfacet
  facet normal 0 0 1
    outer loop
      vertex 34.875 1.5 67
      vertex 35.449222564697266 2.4048261642456055 67
      vertex 35.393245697021484 2.3763065338134766 67
    endloop
  endfacet
  facet normal 0 0 1
    outer loop
      vertex 35.565982818603516 -0.9510564804077148 67
      vertex 34.875 0 67
      vertex 35.506874084472656 -0.9297761917114258 67
    endloop
  endfacet
  facet normal 0 0 1
    outer loop
      vertex 34.875 1.5 67
      vertex 35.393245697021484 2.3763065338134766 67
      vertex 35.33917236328125 2.344326972961426 67
    endloop
  endfacet
  facet normal 0 0 1
    outer loop
      vertex 35.506874084472656 -0.9297761917114258 67
      vertex 34.875 0 67
      vertex 35.449222564697266 -0.9048261642456055 67
    endloop
  endfacet
  facet normal 0 0 1
    outer loop
      vertex 34.875 1.5 67
      vertex 35.33917236328125 2.344326972961426 67
      vertex 35.28721618652344 2.309016227722168 67
    endloop
  endfacet
  facet normal 0 0 1
    outer loop
      vertex 35.449222564697266 -0.9048261642456055 67
      vertex 34.875 0 67
      vertex 35.393245697021484 -0.8763065338134766 67
    endloop
  endfacet
  facet normal 0 0 1
    outer loop
      vertex 34.875 1.5 67
      vertex 35.28721618652344 2.309016227722168 67
      vertex 35.23757553100586 2.270512580871582 67
    endloop
  endfacet
  facet normal 0 0 1
    outer loop
      vertex 35.393245697021484 -0.8763065338134766 67
      vertex 34.875 0 67
      vertex 35.33917236328125 -0.8443269729614258 67
    endloop
  endfacet
  facet normal 0 0 1
    outer loop
      vertex 34.875 1.5 67
      vertex 35.23757553100586 2.270512580871582 67
      vertex 35.190452575683594 2.228968620300293 67
    endloop
  endfacet
  facet normal 0 0 1
    outer loop
      vertex 35.33917236328125 -0.8443269729614258 67
      vertex 34.875 0 67
      vertex 35.28721618652344 -0.809016227722168 67
    endloop
  endfacet
  facet normal 0 0 1
    outer loop
      vertex 34.875 1.5 67
      vertex 35.190452575683594 2.228968620300293 67
      vertex 35.14603042602539 2.18454647064209 67
    endloop
  endfacet
  facet normal 0 0 1
    outer loop
      vertex 35.28721618652344 -0.809016227722168 67
      vertex 34.875 0 67
      vertex 35.23757553100586 -0.770512580871582 67
    endloop
  endfacet
  facet normal 0 0 1
    outer loop
      vertex 34.875 1.5 67
      vertex 35.14603042602539 2.18454647064209 67
      vertex 35.104488372802734 2.137423515319824 67
    endloop
  endfacet
  facet normal 0 0 1
    outer loop
      vertex 35.23757553100586 -0.770512580871582 67
      vertex 34.875 0 67
      vertex 35.190452575683594 -0.728968620300293 67
    endloop
  endfacet
  facet normal 0 0 1
    outer loop
      vertex 34.875 1.5 67
      vertex 35.104488372802734 2.137423515319824 67
      vertex 35.065982818603516 2.087784767150879 67
    endloop
  endfacet
  facet normal 0 0 1
    outer loop
      vertex 35.190452575683594 -0.728968620300293 67
      vertex 34.875 0 67
      vertex 35.14603042602539 -0.6845464706420898 67
    endloop
  endfacet
  facet normal 0 0 1
    outer loop
      vertex 34.875 1.5 67
      vertex 35.065982818603516 2.087784767150879 67
      vertex 35.03067398071289 2.0358266830444336 67
    endloop
  endfacet
  facet normal 0 0 1
    outer loop
      vertex 35.14603042602539 -0.6845464706420898 67
      vertex 34.875 0 67
      vertex 35.104488372802734 -0.6374235153198242 67
    endloop
  endfacet
  facet normal 0 0 1
    outer loop
      vertex 34.875 1.5 67
      vertex 35.03067398071289 2.0358266830444336 67
      vertex 34.998695373535156 1.9817533493041992 67
    endloop
  endfacet
  facet normal 0 0 1
    outer loop
      vertex 35.104488372802734 -0.6374235153198242 67
      vertex 34.875 0 67
      vertex 35.065982818603516 -0.5877847671508789 67
    endloop
  endfacet
  facet normal 0 0 1
    outer loop
      vertex 34.875 1.5 67
      vertex 34.998695373535156 1.9817533493041992 67
      vertex 34.97017288208008 1.9257783889770508 67
    endloop
  endfacet
  facet normal 0 0 1
    outer loop
      vertex 35.065982818603516 -0.5877847671508789 67
      vertex 34.875 0 67
      vertex 35.03067398071289 -0.5358266830444336 67
    endloop
  endfacet
  facet normal 0 0 1
    outer loop
      vertex 34.875 1.5 67
      vertex 34.97017288208008 1.9257783889770508 67
      vertex 34.94522476196289 1.868124008178711 67
    endloop
  endfacet
  facet normal 0 0 1
    outer loop
      vertex 35.03067398071289 -0.5358266830444336 67
      vertex 34.875 0 67
      vertex 34.998695373535156 -0.4817533493041992 67
    endloop
  endfacet
  facet normal 0 0 1
    outer loop
      vertex 34.875 1.5 67
      vertex 34.94522476196289 1.868124008178711 67
      vertex 34.92394256591797 1.809016227722168 67
    endloop
  endfacet
  facet normal 0 0 1
    outer loop
      vertex 34.998695373535156 -0.4817533493041992 67
      vertex 34.875 0 67
      vertex 34.97017288208008 -0.4257783889770508 67
    endloop
  endfacet
  facet normal 0 0 1
    outer loop
      vertex 34.875 1.5 67
      vertex 34.92394256591797 1.809016227722168 67
      vertex 34.90641784667969 1.7486896514892578 67
    endloop
  endfacet
  facet normal 0 0 1
    outer loop
      vertex 34.97017288208008 -0.4257783889770508 67
      vertex 34.875 0 67
      vertex 34.94522476196289 -0.36812400817871094 67
    endloop
  endfacet
  facet normal 0 0 1
    outer loop
      vertex 34.875 1.5 67
      vertex 34.90641784667969 1.7486896514892578 67
      vertex 34.89271545410156 1.6873807907104492 67
    endloop
  endfacet
  facet normal 0 0 1
    outer loop
      vertex 34.94522476196289 -0.36812400817871094 67
      vertex 34.875 0 67
      vertex 34.92394256591797 -0.30901622772216797 67
    endloop
  endfacet
  facet normal 0 0 1
    outer loop
      vertex 34.875 1.5 67
      vertex 34.89271545410156 1.6873807907104492 67
      vertex 34.88288497924805 1.6253328323364258 67
    endloop
  endfacet
  facet normal 0 0 1
    outer loop
      vertex 34.92394256591797 -0.30901622772216797 67
      vertex 34.875 0 67
      vertex 34.90641784667969 -0.2486896514892578 67
    endloop
  endfacet
  facet normal 0 0 1
    outer loop
      vertex 34.875 1.5 67
      vertex 34.88288497924805 1.6253328323364258 67
      vertex 34.876976013183594 1.5627899169921875 67
    endloop
  endfacet
  facet normal 0 0 1
    outer loop
      vertex 34.90641784667969 -0.2486896514892578 67
      vertex 34.875 0 67
      vertex 34.89271545410156 -0.18738079071044922 67
    endloop
  endfacet
  facet normal 0 0 1
    outer loop
      vertex 34.89271545410156 -0.18738079071044922 67
      vertex 34.875 0 67
      vertex 34.88288497924805 -0.12533283233642578 67
    endloop
  endfacet
  facet normal 0 0 1
    outer loop
      vertex 34.88288497924805 -0.12533283233642578 67
      vertex 34.875 0 67
      vertex 34.876976013183594 -0.0627899169921875 67
    endloop
  endfacet
  facet normal -0.5620982305423864 -0.8270704802017288 0
    outer loop
      vertex 35.28721618652344 -0.809016227722168 4
      vertex 35.33917236328125 -0.8443269729614258 67
      vertex 35.28721618652344 -0.809016227722168 67
    endloop
  endfacet
  facet normal -0.5620982305423864 -0.8270704802017288 0
    outer loop
      vertex 35.33917236328125 -0.8443269729614258 67
      vertex 35.28721618652344 -0.809016227722168 4
      vertex 35.33917236328125 -0.8443269729614258 4
    endloop
  endfacet
  facet normal -0.09410627951094909 -0.9955621568524022 0
    outer loop
      vertex 35.74966812133789 -0.9921140670776367 4
      vertex 35.81221008300781 -0.9980258941650391 67
      vertex 35.74966812133789 -0.9921140670776367 67
    endloop
  endfacet
  facet normal -0.09410627951094909 -0.9955621568524022 0
    outer loop
      vertex 35.81221008300781 -0.9980258941650391 67
      vertex 35.74966812133789 -0.9921140670776367 4
      vertex 35.81221008300781 -0.9980258941650391 4
    endloop
  endfacet
  facet normal -0.8607439328034021 0.5090381932057086 0
    outer loop
      vertex 34.998695373535156 1.9817533493041992 4
      vertex 35.03067398071289 2.0358266830444336 67
      vertex 35.03067398071289 2.0358266830444336 4
    endloop
  endfacet
  facet normal -0.8607439328034021 0.5090381932057086 0
    outer loop
      vertex 35.03067398071289 2.0358266830444336 67
      vertex 34.998695373535156 1.9817533493041992 4
      vertex 34.998695373535156 1.9817533493041992 67
    endloop
  endfacet
  facet normal -1 0 0
    outer loop
      vertex 34.875 0 4
      vertex 34.875 1.5 67
      vertex 34.875 1.5 4
    endloop
  endfacet
  facet normal -1 0 0
    outer loop
      vertex 34.875 1.5 67
      vertex 34.875 0 4
      vertex 34.875 0 67
    endloop
  endfacet
  facet normal -0.6128912265129753 -0.7901672889100261 0
    outer loop
      vertex 35.23757553100586 -0.770512580871582 4
      vertex 35.28721618652344 -0.809016227722168 67
      vertex 35.23757553100586 -0.770512580871582 67
    endloop
  endfacet
  facet normal -0.6128912265129753 -0.7901672889100261 0
    outer loop
      vertex 35.28721618652344 -0.809016227722168 67
      vertex 35.23757553100586 -0.770512580871582 4
      vertex 35.28721618652344 -0.809016227722168 4
    endloop
  endfacet
  facet normal -0.8909947753266306 0.4540135574414568 0
    outer loop
      vertex 34.97017288208008 1.9257783889770508 4
      vertex 34.998695373535156 1.9817533493041992 67
      vertex 34.998695373535156 1.9817533493041992 4
    endloop
  endfacet
  facet normal -0.8909947753266306 0.4540135574414568 0
    outer loop
      vertex 34.998695373535156 1.9817533493041992 67
      vertex 34.97017288208008 1.9257783889770508 4
      vertex 34.97017288208008 1.9257783889770508 67
    endloop
  endfacet
  facet normal -0.09410627951094909 0.9955621568524022 0
    outer loop
      vertex 35.81221008300781 2.498025894165039 4
      vertex 35.74966812133789 2.4921140670776367 67
      vertex 35.81221008300781 2.498025894165039 67
    endloop
  endfacet
  facet normal -0.09410627951094909 0.9955621568524022 0
    outer loop
      vertex 35.74966812133789 2.4921140670776367 67
      vertex 35.81221008300781 2.498025894165039 4
      vertex 35.74966812133789 2.4921140670776367 4
    endloop
  endfacet
  facet normal -0.9759227307595171 0.21811653671119732 0
    outer loop
      vertex 34.89271545410156 1.6873807907104492 4
      vertex 34.90641784667969 1.7486896514892578 67
      vertex 34.90641784667969 1.7486896514892578 4
    endloop
  endfacet
  facet normal -0.9759227307595171 0.21811653671119732 0
    outer loop
      vertex 34.90641784667969 1.7486896514892578 67
      vertex 34.89271545410156 1.6873807907104492 4
      vertex 34.89271545410156 1.6873807907104492 67
    endloop
  endfacet
  facet normal -0.9603012396075132 -0.27896510392569457 0
    outer loop
      vertex 34.92394256591797 -0.30901622772216797 4
      vertex 34.90641784667969 -0.2486896514892578 67
      vertex 34.90641784667969 -0.2486896514892578 4
    endloop
  endfacet
  facet normal -0.9603012396075132 -0.27896510392569457 0
    outer loop
      vertex 34.90641784667969 -0.2486896514892578 67
      vertex 34.92394256591797 -0.30901622772216797 4
      vertex 34.92394256591797 -0.30901622772216797 67
    endloop
  endfacet
  facet normal -0.9759227307595171 -0.21811653671119732 0
    outer loop
      vertex 34.90641784667969 -0.2486896514892578 4
      vertex 34.89271545410156 -0.18738079071044922 67
      vertex 34.89271545410156 -0.18738079071044922 4
    endloop
  endfacet
  facet normal -0.9759227307595171 -0.21811653671119732 0
    outer loop
      vertex 34.89271545410156 -0.18738079071044922 67
      vertex 34.90641784667969 -0.2486896514892578 4
      vertex 34.90641784667969 -0.2486896514892578 67
    endloop
  endfacet
  facet normal -0.6613072708271193 -0.7501151201990179 0
    outer loop
      vertex 35.190452575683594 -0.728968620300293 4
      vertex 35.23757553100586 -0.770512580871582 67
      vertex 35.190452575683594 -0.728968620300293 67
    endloop
  endfacet
  facet normal -0.6613072708271193 -0.7501151201990179 0
    outer loop
      vertex 35.23757553100586 -0.770512580871582 67
      vertex 35.190452575683594 -0.728968620300293 4
      vertex 35.23757553100586 -0.770512580871582 4
    endloop
  endfacet
  facet normal -0.2789809016533968 -0.9602966502662902 0
    outer loop
      vertex 35.565982818603516 -0.9510564804077148 4
      vertex 35.626312255859375 -0.9685831069946289 67
      vertex 35.565982818603516 -0.9510564804077148 67
    endloop
  endfacet
  facet normal -0.2789809016533968 -0.9602966502662902 0
    outer loop
      vertex 35.626312255859375 -0.9685831069946289 67
      vertex 35.565982818603516 -0.9510564804077148 4
      vertex 35.626312255859375 -0.9685831069946289 4
    endloop
  endfacet
  facet normal -0.5090494401311854 0.8607372813478726 0
    outer loop
      vertex 35.393245697021484 2.3763065338134766 4
      vertex 35.33917236328125 2.344326972961426 67
      vertex 35.393245697021484 2.3763065338134766 67
    endloop
  endfacet
  facet normal -0.5090494401311854 0.8607372813478726 0
    outer loop
      vertex 35.33917236328125 2.344326972961426 67
      vertex 35.393245697021484 2.3763065338134766 4
      vertex 35.33917236328125 2.344326972961426 4
    endloop
  endfacet
  facet normal -0.5620982305423864 0.8270704802017288 0
    outer loop
      vertex 35.33917236328125 2.344326972961426 4
      vertex 35.28721618652344 2.309016227722168 67
      vertex 35.33917236328125 2.344326972961426 67
    endloop
  endfacet
  facet normal -0.5620982305423864 0.8270704802017288 0
    outer loop
      vertex 35.28721618652344 2.309016227722168 67
      vertex 35.33917236328125 2.344326972961426 4
      vertex 35.28721618652344 2.309016227722168 4
    endloop
  endfacet
  facet normal -0.4539651217436128 0.8910194544679183 0
    outer loop
      vertex 35.449222564697266 2.4048261642456055 4
      vertex 35.393245697021484 2.3763065338134766 67
      vertex 35.449222564697266 2.4048261642456055 67
    endloop
  endfacet
  facet normal -0.4539651217436128 0.8910194544679183 0
    outer loop
      vertex 35.393245697021484 2.3763065338134766 67
      vertex 35.449222564697266 2.4048261642456055 4
      vertex 35.393245697021484 2.3763065338134766 4
    endloop
  endfacet
  facet normal -0.33873559471734044 -0.940881606192559 0
    outer loop
      vertex 35.506874084472656 -0.9297761917114258 4
      vertex 35.565982818603516 -0.9510564804077148 67
      vertex 35.506874084472656 -0.9297761917114258 67
    endloop
  endfacet
  facet normal -0.33873559471734044 -0.940881606192559 0
    outer loop
      vertex 35.565982818603516 -0.9510564804077148 67
      vertex 35.506874084472656 -0.9297761917114258 4
      vertex 35.565982818603516 -0.9510564804077148 4
    endloop
  endfacet
  facet normal -0.7501301814071496 -0.661290186636757 0
    outer loop
      vertex 35.14603042602539 -0.6845464706420898 4
      vertex 35.104488372802734 -0.6374235153198242 67
      vertex 35.104488372802734 -0.6374235153198242 4
    endloop
  endfacet
  facet normal -0.7501301814071496 -0.661290186636757 0
    outer loop
      vertex 35.104488372802734 -0.6374235153198242 67
      vertex 35.14603042602539 -0.6845464706420898 4
      vertex 35.14603042602539 -0.6845464706420898 67
    endloop
  endfacet
  facet normal -0.9408701874875643 0.3387673099593812 0
    outer loop
      vertex 34.92394256591797 1.809016227722168 4
      vertex 34.94522476196289 1.868124008178711 67
      vertex 34.94522476196289 1.868124008178711 4
    endloop
  endfacet
  facet normal -0.9408701874875643 0.3387673099593812 0
    outer loop
      vertex 34.94522476196289 1.868124008178711 67
      vertex 34.92394256591797 1.809016227722168 4
      vertex 34.92394256591797 1.809016227722168 67
    endloop
  endfacet
  facet normal -0.7071067811865475 0.7071067811865475 0
    outer loop
      vertex 35.14603042602539 2.18454647064209 4
      vertex 35.190452575683594 2.228968620300293 67
      vertex 35.190452575683594 2.228968620300293 4
    endloop
  endfacet
  facet normal -0.7071067811865475 0.7071067811865475 0
    outer loop
      vertex 35.190452575683594 2.228968620300293 67
      vertex 35.14603042602539 2.18454647064209 4
      vertex 35.14603042602539 2.18454647064209 67
    endloop
  endfacet
  facet normal -0.03142432711320473 0.9995061338808693 0
    outer loop
      vertex 35.875 2.5 4
      vertex 35.81221008300781 2.498025894165039 67
      vertex 35.875 2.5 67
    endloop
  endfacet
  facet normal -0.03142432711320473 0.9995061338808693 0
    outer loop
      vertex 35.81221008300781 2.498025894165039 67
      vertex 35.875 2.5 4
      vertex 35.81221008300781 2.498025894165039 4
    endloop
  endfacet
  facet normal -0.2789809016533968 0.9602966502662902 0
    outer loop
      vertex 35.626312255859375 2.468583106994629 4
      vertex 35.565982818603516 2.451056480407715 67
      vertex 35.626312255859375 2.468583106994629 67
    endloop
  endfacet
  facet normal -0.2789809016533968 0.9602966502662902 0
    outer loop
      vertex 35.565982818603516 2.451056480407715 67
      vertex 35.626312255859375 2.468583106994629 4
      vertex 35.565982818603516 2.451056480407715 4
    endloop
  endfacet
  facet normal -0.8270941876961544 0.5620633457887453 0
    outer loop
      vertex 35.03067398071289 2.0358266830444336 4
      vertex 35.065982818603516 2.087784767150879 67
      vertex 35.065982818603516 2.087784767150879 4
    endloop
  endfacet
  facet normal -0.8270941876961544 0.5620633457887453 0
    outer loop
      vertex 35.065982818603516 2.087784767150879 67
      vertex 35.03067398071289 2.0358266830444336 4
      vertex 35.03067398071289 2.0358266830444336 67
    endloop
  endfacet
  facet normal -0.3971745331363213 -0.9177430959848977 0
    outer loop
      vertex 35.449222564697266 -0.9048261642456055 4
      vertex 35.506874084472656 -0.9297761917114258 67
      vertex 35.449222564697266 -0.9048261642456055 67
    endloop
  endfacet
  facet normal -0.3971745331363213 -0.9177430959848977 0
    outer loop
      vertex 35.506874084472656 -0.9297761917114258 67
      vertex 35.449222564697266 -0.9048261642456055 4
      vertex 35.506874084472656 -0.9297761917114258 4
    endloop
  endfacet
  facet normal -0.8607439328034021 -0.5090381932057086 0
    outer loop
      vertex 35.03067398071289 -0.5358266830444336 4
      vertex 34.998695373535156 -0.4817533493041992 67
      vertex 34.998695373535156 -0.4817533493041992 4
    endloop
  endfacet
  facet normal -0.8607439328034021 -0.5090381932057086 0
    outer loop
      vertex 34.998695373535156 -0.4817533493041992 67
      vertex 35.03067398071289 -0.5358266830444336 4
      vertex 35.03067398071289 -0.5358266830444336 67
    endloop
  endfacet
  facet normal -0.2181406904592243 -0.9759173321372938 0
    outer loop
      vertex 35.626312255859375 -0.9685831069946289 4
      vertex 35.687618255615234 -0.9822864532470703 67
      vertex 35.626312255859375 -0.9685831069946289 67
    endloop
  endfacet
  facet normal -0.2181406904592243 -0.9759173321372938 0
    outer loop
      vertex 35.687618255615234 -0.9822864532470703 67
      vertex 35.626312255859375 -0.9685831069946289 4
      vertex 35.687618255615234 -0.9822864532470703 4
    endloop
  endfacet
  facet normal -0.15643261060695393 -0.9876886343067299 0
    outer loop
      vertex 35.687618255615234 -0.9822864532470703 4
      vertex 35.74966812133789 -0.9921140670776367 67
      vertex 35.687618255615234 -0.9822864532470703 67
    endloop
  endfacet
  facet normal -0.15643261060695393 -0.9876886343067299 0
    outer loop
      vertex 35.74966812133789 -0.9921140670776367 67
      vertex 35.687618255615234 -0.9822864532470703 4
      vertex 35.74966812133789 -0.9921140670776367 4
    endloop
  endfacet
  facet normal -0.9177613462719036 -0.3971323599118849 0
    outer loop
      vertex 34.97017288208008 -0.4257783889770508 4
      vertex 34.94522476196289 -0.36812400817871094 67
      vertex 34.94522476196289 -0.36812400817871094 4
    endloop
  endfacet
  facet normal -0.9177613462719036 -0.3971323599118849 0
    outer loop
      vertex 34.94522476196289 -0.36812400817871094 67
      vertex 34.97017288208008 -0.4257783889770508 4
      vertex 34.97017288208008 -0.4257783889770508 67
    endloop
  endfacet
  facet normal -0.9177613462719036 0.3971323599118849 0
    outer loop
      vertex 34.94522476196289 1.868124008178711 4
      vertex 34.97017288208008 1.9257783889770508 67
      vertex 34.97017288208008 1.9257783889770508 4
    endloop
  endfacet
  facet normal -0.9177613462719036 0.3971323599118849 0
    outer loop
      vertex 34.97017288208008 1.9257783889770508 67
      vertex 34.94522476196289 1.868124008178711 4
      vertex 34.94522476196289 1.868124008178711 67
    endloop
  endfacet
  facet normal -0.03142432711320473 -0.9995061338808693 0
    outer loop
      vertex 35.81221008300781 -0.9980258941650391 4
      vertex 35.875 -1 67
      vertex 35.81221008300781 -0.9980258941650391 67
    endloop
  endfacet
  facet normal -0.03142432711320473 -0.9995061338808693 0
    outer loop
      vertex 35.875 -1 67
      vertex 35.81221008300781 -0.9980258941650391 4
      vertex 35.875 -1 4
    endloop
  endfacet
  facet normal -0.9955665569863843 0.09405971831914178 0
    outer loop
      vertex 34.876976013183594 1.5627899169921875 4
      vertex 34.88288497924805 1.6253328323364258 67
      vertex 34.88288497924805 1.6253328323364258 4
    endloop
  endfacet
  facet normal -0.9955665569863843 0.09405971831914178 0
    outer loop
      vertex 34.88288497924805 1.6253328323364258 67
      vertex 34.876976013183594 1.5627899169921875 4
      vertex 34.876976013183594 1.5627899169921875 67
    endloop
  endfacet
  facet normal -0.7501301814071496 0.661290186636757 0
    outer loop
      vertex 35.104488372802734 2.137423515319824 4
      vertex 35.14603042602539 2.18454647064209 67
      vertex 35.14603042602539 2.18454647064209 4
    endloop
  endfacet
  facet normal -0.7501301814071496 0.661290186636757 0
    outer loop
      vertex 35.14603042602539 2.18454647064209 67
      vertex 35.104488372802734 2.137423515319824 4
      vertex 35.104488372802734 2.137423515319824 67
    endloop
  endfacet
  facet normal -0.9955665569863843 -0.09405971831914178 0
    outer loop
      vertex 34.88288497924805 -0.12533283233642578 4
      vertex 34.876976013183594 -0.0627899169921875 67
      vertex 34.876976013183594 -0.0627899169921875 4
    endloop
  endfacet
  facet normal -0.9955665569863843 -0.09405971831914178 0
    outer loop
      vertex 34.876976013183594 -0.0627899169921875 67
      vertex 34.88288497924805 -0.12533283233642578 4
      vertex 34.88288497924805 -0.12533283233642578 67
    endloop
  endfacet
  facet normal -0.8909947753266306 -0.4540135574414568 0
    outer loop
      vertex 34.998695373535156 -0.4817533493041992 4
      vertex 34.97017288208008 -0.4257783889770508 67
      vertex 34.97017288208008 -0.4257783889770508 4
    endloop
  endfacet
  facet normal -0.8909947753266306 -0.4540135574414568 0
    outer loop
      vertex 34.97017288208008 -0.4257783889770508 67
      vertex 34.998695373535156 -0.4817533493041992 4
      vertex 34.998695373535156 -0.4817533493041992 67
    endloop
  endfacet
  facet normal -0.8270941876961544 -0.5620633457887453 0
    outer loop
      vertex 35.065982818603516 -0.5877847671508789 4
      vertex 35.03067398071289 -0.5358266830444336 67
      vertex 35.03067398071289 -0.5358266830444336 4
    endloop
  endfacet
  facet normal -0.8270941876961544 -0.5620633457887453 0
    outer loop
      vertex 35.03067398071289 -0.5358266830444336 67
      vertex 35.065982818603516 -0.5877847671508789 4
      vertex 35.065982818603516 -0.5877847671508789 67
    endloop
  endfacet
  facet normal -0.2181406904592243 0.9759173321372938 0
    outer loop
      vertex 35.687618255615234 2.4822864532470703 4
      vertex 35.626312255859375 2.468583106994629 67
      vertex 35.687618255615234 2.4822864532470703 67
    endloop
  endfacet
  facet normal -0.2181406904592243 0.9759173321372938 0
    outer loop
      vertex 35.626312255859375 2.468583106994629 67
      vertex 35.687618255615234 2.4822864532470703 4
      vertex 35.626312255859375 2.468583106994629 4
    endloop
  endfacet
  facet normal -0.15643656592533123 0.9876880078453365 0
    outer loop
      vertex 30.937374114990234 9.267711639404297 0
      vertex 30.87533187866211 9.257884979248047 4
      vertex 30.937374114990234 9.267711639404297 4
    endloop
  endfacet
  facet normal -0.15643656592533123 0.9876880078453365 0
    outer loop
      vertex 30.87533187866211 9.257884979248047 4
      vertex 30.937374114990234 9.267711639404297 0
      vertex 30.87533187866211 9.257884979248047 0
    endloop
  endfacet
  facet normal -0.09410261083237188 0.9955625036302499 0
    outer loop
      vertex 30.87533187866211 9.257884979248047 0
      vertex 30.81279754638672 9.251974105834961 4
      vertex 30.87533187866211 9.257884979248047 4
    endloop
  endfacet
  facet normal -0.09410261083237188 0.9955625036302499 0
    outer loop
      vertex 30.81279754638672 9.251974105834961 4
      vertex 30.87533187866211 9.257884979248047 0
      vertex 30.81279754638672 9.251974105834961 0
    endloop
  endfacet
  facet normal 0.940881218840436 0.3387366706356656 0
    outer loop
      vertex 9.320223808288574 14.881875038146973 4
      vertex 9.298944473266602 14.940980911254883 0
      vertex 9.298944473266602 14.940980911254883 4
    endloop
  endfacet
  facet normal 0.940881218840436 0.3387366706356656 0
    outer loop
      vertex 9.298944473266602 14.940980911254883 0
      vertex 9.320223808288574 14.881875038146973 4
      vertex 9.320223808288574 14.881875038146973 0
    endloop
  endfacet
  facet normal 0.9177541630948076 0.3971489596135805 0
    outer loop
      vertex 9.345171928405762 14.824223518371582 4
      vertex 9.320223808288574 14.881875038146973 0
      vertex 9.320223808288574 14.881875038146973 4
    endloop
  endfacet
  facet normal 0.9177541630948076 0.3971489596135805 0
    outer loop
      vertex 9.320223808288574 14.881875038146973 0
      vertex 9.345171928405762 14.824223518371582 4
      vertex 9.345171928405762 14.824223518371582 0
    endloop
  endfacet
  facet normal -0.6129206340489994 -0.7901444781538199 0
    outer loop
      vertex 31.337785720825195 31.559017181396484 0
      vertex 31.387422561645508 31.5205135345459 4
      vertex 31.337785720825195 31.559017181396484 4
    endloop
  endfacet
  facet normal -0.6129206340489994 -0.7901444781538199 0
    outer loop
      vertex 31.387422561645508 31.5205135345459 4
      vertex 31.337785720825195 31.559017181396484 0
      vertex 31.387422561645508 31.5205135345459 0
    endloop
  endfacet
  facet normal -0.6612922099365602 -0.7501283977274961 0
    outer loop
      vertex 31.387422561645508 31.5205135345459 0
      vertex 31.434547424316406 31.47896957397461 4
      vertex 31.387422561645508 31.5205135345459 4
    endloop
  endfacet
  facet normal -0.6612922099365602 -0.7501283977274961 0
    outer loop
      vertex 31.434547424316406 31.47896957397461 4
      vertex 31.387422561645508 31.5205135345459 0
      vertex 31.434547424316406 31.47896957397461 0
    endloop
  endfacet
  facet normal -0.5620708054440745 -0.8270891183345657 0
    outer loop
      vertex 31.285831451416016 31.594324111938477 0
      vertex 31.337785720825195 31.559017181396484 4
      vertex 31.285831451416016 31.594324111938477 4
    endloop
  endfacet
  facet normal -0.5620708054440745 -0.8270891183345657 0
    outer loop
      vertex 31.337785720825195 31.559017181396484 4
      vertex 31.285831451416016 31.594324111938477 0
      vertex 31.337785720825195 31.559017181396484 0
    endloop
  endfacet
  facet normal 0.9955626380749232 0.09410118845848708 0
    outer loop
      vertex 9.257884979248047 15.124667167663574 4
      vertex 9.251974105834961 15.187202453613281 0
      vertex 9.251974105834961 15.187202453613281 4
    endloop
  endfacet
  facet normal 0.9955626380749232 0.09410118845848708 0
    outer loop
      vertex 9.251974105834961 15.187202453613281 0
      vertex 9.257884979248047 15.124667167663574 4
      vertex 9.257884979248047 15.124667167663574 0
    endloop
  endfacet
  facet normal 0.9876876362940752 0.1564389117573461 0
    outer loop
      vertex 9.267711639404297 15.062625885009766 4
      vertex 9.257884979248047 15.124667167663574 0
      vertex 9.257884979248047 15.124667167663574 4
    endloop
  endfacet
  facet normal 0.9876876362940752 0.1564389117573461 0
    outer loop
      vertex 9.257884979248047 15.124667167663574 0
      vertex 9.267711639404297 15.062625885009766 4
      vertex 9.267711639404297 15.062625885009766 0
    endloop
  endfacet
  facet normal -0.03142051308069276 -0.999506253786211 0
    outer loop
      vertex 30.75 31.75 0
      vertex 30.81279754638672 31.74802589416504 4
      vertex 30.75 31.75 4
    endloop
  endfacet
  facet normal -0.03142051308069276 -0.999506253786211 0
    outer loop
      vertex 30.81279754638672 31.74802589416504 4
      vertex 30.75 31.75 0
      vertex 30.81279754638672 31.74802589416504 0
    endloop
  endfacet
  facet normal -0.09410261083237188 -0.9955625036302499 0
    outer loop
      vertex 30.81279754638672 31.74802589416504 0
      vertex 30.87533187866211 31.742115020751953 4
      vertex 30.81279754638672 31.74802589416504 4
    endloop
  endfacet
  facet normal -0.09410261083237188 -0.9955625036302499 0
    outer loop
      vertex 30.87533187866211 31.742115020751953 4
      vertex 30.81279754638672 31.74802589416504 0
      vertex 30.87533187866211 31.742115020751953 0
    endloop
  endfacet
  facet normal -0.21813728970304355 0.9759180922808074 0
    outer loop
      vertex 30.998689651489258 9.281416893005371 0
      vertex 30.937374114990234 9.267711639404297 4
      vertex 30.998689651489258 9.281416893005371 4
    endloop
  endfacet
  facet normal -0.21813728970304355 0.9759180922808074 0
    outer loop
      vertex 30.937374114990234 9.267711639404297 4
      vertex 30.998689651489258 9.281416893005371 0
      vertex 30.937374114990234 9.267711639404297 0
    endloop
  endfacet
  facet normal -0.9955625036302499 -0.09410261083237188 0
    outer loop
      vertex 31.74802589416504 30.81279754638672 0
      vertex 31.742115020751953 30.87533187866211 4
      vertex 31.742115020751953 30.87533187866211 0
    endloop
  endfacet
  facet normal -0.9955625036302499 -0.09410261083237188 0
    outer loop
      vertex 31.742115020751953 30.87533187866211 4
      vertex 31.74802589416504 30.81279754638672 0
      vertex 31.74802589416504 30.81279754638672 4
    endloop
  endfacet
  facet normal -0.999506253786211 -0.03142051308069276 0
    outer loop
      vertex 31.75 30.75 0
      vertex 31.74802589416504 30.81279754638672 4
      vertex 31.74802589416504 30.81279754638672 0
    endloop
  endfacet
  facet normal -0.999506253786211 -0.03142051308069276 0
    outer loop
      vertex 31.74802589416504 30.81279754638672 4
      vertex 31.75 30.75 0
      vertex 31.75 30.75 4
    endloop
  endfacet
  facet normal 0.999506253786211 -0.03142051308069276 0
    outer loop
      vertex 9.25 30.75 4
      vertex 9.251974105834961 30.81279754638672 0
      vertex 9.251974105834961 30.81279754638672 4
    endloop
  endfacet
  facet normal 0.999506253786211 -0.03142051308069276 0
    outer loop
      vertex 9.251974105834961 30.81279754638672 0
      vertex 9.25 30.75 4
      vertex 9.25 30.75 0
    endloop
  endfacet
  facet normal 1 0 0
    outer loop
      vertex 9.25 15.25 4
      vertex 9.25 30.75 0
      vertex 9.25 30.75 4
    endloop
  endfacet
  facet normal 1 0 0
    outer loop
      vertex 9.25 30.75 0
      vertex 9.25 15.25 4
      vertex 9.25 15.25 0
    endloop
  endfacet
  facet normal -0.8270843218683686 0.5620778633957586 0
    outer loop
      vertex 31.559017181396484 9.662214279174805 0
      vertex 31.594324111938477 9.714167594909668 4
      vertex 31.594324111938477 9.714167594909668 0
    endloop
  endfacet
  facet normal -0.8270843218683686 0.5620778633957586 0
    outer loop
      vertex 31.594324111938477 9.714167594909668 4
      vertex 31.559017181396484 9.662214279174805 0
      vertex 31.559017181396484 9.662214279174805 4
    endloop
  endfacet
  facet normal -0.7901444781538199 0.6129206340489994 0
    outer loop
      vertex 31.5205135345459 9.612577438354492 0
      vertex 31.559017181396484 9.662214279174805 4
      vertex 31.559017181396484 9.662214279174805 0
    endloop
  endfacet
  facet normal -0.7901444781538199 0.6129206340489994 0
    outer loop
      vertex 31.559017181396484 9.662214279174805 4
      vertex 31.5205135345459 9.612577438354492 0
      vertex 31.5205135345459 9.612577438354492 4
    endloop
  endfacet
  facet normal 0.7901444781538199 -0.6129206340489994 0
    outer loop
      vertex 9.440982818603516 31.337785720825195 4
      vertex 9.479486465454102 31.387422561645508 0
      vertex 9.479486465454102 31.387422561645508 4
    endloop
  endfacet
  facet normal 0.7901444781538199 -0.6129206340489994 0
    outer loop
      vertex 9.479486465454102 31.387422561645508 0
      vertex 9.440982818603516 31.337785720825195 4
      vertex 9.440982818603516 31.337785720825195 0
    endloop
  endfacet
  facet normal 0.8270891183345657 -0.5620708054440745 0
    outer loop
      vertex 9.405675888061523 31.285831451416016 4
      vertex 9.440982818603516 31.337785720825195 0
      vertex 9.440982818603516 31.337785720825195 4
    endloop
  endfacet
  facet normal 0.8270891183345657 -0.5620708054440745 0
    outer loop
      vertex 9.440982818603516 31.337785720825195 0
      vertex 9.405675888061523 31.285831451416016 4
      vertex 9.405675888061523 31.285831451416016 0
    endloop
  endfacet
  facet normal -0.5620708054440745 0.8270891183345657 0
    outer loop
      vertex 31.337785720825195 9.440982818603516 0
      vertex 31.285831451416016 9.405675888061523 4
      vertex 31.337785720825195 9.440982818603516 4
    endloop
  endfacet
  facet normal -0.5620708054440745 0.8270891183345657 0
    outer loop
      vertex 31.285831451416016 9.405675888061523 4
      vertex 31.337785720825195 9.440982818603516 0
      vertex 31.285831451416016 9.405675888061523 0
    endloop
  endfacet
  facet normal -0.5090565740503479 0.8607330622301682 0
    outer loop
      vertex 31.285831451416016 9.405675888061523 0
      vertex 31.231754302978516 9.373693466186523 4
      vertex 31.285831451416016 9.405675888061523 4
    endloop
  endfacet
  facet normal -0.5090565740503479 0.8607330622301682 0
    outer loop
      vertex 31.231754302978516 9.373693466186523 4
      vertex 31.285831451416016 9.405675888061523 0
      vertex 31.231754302978516 9.373693466186523 0
    endloop
  endfacet
  facet normal 0.9759180922808074 -0.21813728970304355 0
    outer loop
      vertex 9.267711639404297 30.937374114990234 4
      vertex 9.281416893005371 30.998689651489258 0
      vertex 9.281416893005371 30.998689651489258 4
    endloop
  endfacet
  facet normal 0.9759180922808074 -0.21813728970304355 0
    outer loop
      vertex 9.281416893005371 30.998689651489258 0
      vertex 9.267711639404297 30.937374114990234 4
      vertex 9.267711639404297 30.937374114990234 0
    endloop
  endfacet
  facet normal 0.9876880078453365 -0.15643656592533123 0
    outer loop
      vertex 9.257884979248047 30.87533187866211 4
      vertex 9.267711639404297 30.937374114990234 0
      vertex 9.267711639404297 30.937374114990234 4
    endloop
  endfacet
  facet normal 0.9876880078453365 -0.15643656592533123 0
    outer loop
      vertex 9.267711639404297 30.937374114990234 0
      vertex 9.257884979248047 30.87533187866211 4
      vertex 9.257884979248047 30.87533187866211 0
    endloop
  endfacet
  facet normal -0.7501283977274961 0.6612922099365602 0
    outer loop
      vertex 31.47896957397461 9.565452575683594 0
      vertex 31.5205135345459 9.612577438354492 4
      vertex 31.5205135345459 9.612577438354492 0
    endloop
  endfacet
  facet normal -0.7501283977274961 0.6612922099365602 0
    outer loop
      vertex 31.5205135345459 9.612577438354492 4
      vertex 31.47896957397461 9.565452575683594 0
      vertex 31.47896957397461 9.565452575683594 4
    endloop
  endfacet
  facet normal -0.7070991908240887 0.7071143714675294 0
    outer loop
      vertex 31.47896957397461 9.565452575683594 0
      vertex 31.434547424316406 9.521031379699707 4
      vertex 31.47896957397461 9.565452575683594 4
    endloop
  endfacet
  facet normal -0.7070991908240887 0.7071143714675294 0
    outer loop
      vertex 31.434547424316406 9.521031379699707 4
      vertex 31.47896957397461 9.565452575683594 0
      vertex 31.434547424316406 9.521031379699707 0
    endloop
  endfacet
  facet normal -0.5090565740503479 -0.8607330622301682 0
    outer loop
      vertex 31.231754302978516 31.626306533813477 0
      vertex 31.285831451416016 31.594324111938477 4
      vertex 31.231754302978516 31.626306533813477 4
    endloop
  endfacet
  facet normal -0.5090565740503479 -0.8607330622301682 0
    outer loop
      vertex 31.285831451416016 31.594324111938477 4
      vertex 31.231754302978516 31.626306533813477 0
      vertex 31.285831451416016 31.594324111938477 0
    endloop
  endfacet
  facet normal 0.940882960725012 -0.33873183230593423 0
    outer loop
      vertex 9.298944473266602 31.059019088745117 4
      vertex 9.320223808288574 31.118125915527344 0
      vertex 9.320223808288574 31.118125915527344 4
    endloop
  endfacet
  facet normal 0.940882960725012 -0.33873183230593423 0
    outer loop
      vertex 9.320223808288574 31.118125915527344 0
      vertex 9.298944473266602 31.059019088745117 4
      vertex 9.298944473266602 31.059019088745117 0
    endloop
  endfacet
  facet normal 0.9602925833505894 -0.2789949002434474 0
    outer loop
      vertex 9.281416893005371 30.998689651489258 4
      vertex 9.298944473266602 31.059019088745117 0
      vertex 9.298944473266602 31.059019088745117 4
    endloop
  endfacet
  facet normal 0.9602925833505894 -0.2789949002434474 0
    outer loop
      vertex 9.298944473266602 31.059019088745117 0
      vertex 9.281416893005371 30.998689651489258 4
      vertex 9.281416893005371 30.998689651489258 0
    endloop
  endfacet
  facet normal -0.3971600267801524 0.9177493738096412 0
    outer loop
      vertex 31.1757755279541 9.345171928405762 0
      vertex 31.118125915527344 9.320223808288574 4
      vertex 31.1757755279541 9.345171928405762 4
    endloop
  endfacet
  facet normal -0.3971600267801524 0.9177493738096412 0
    outer loop
      vertex 31.118125915527344 9.320223808288574 4
      vertex 31.1757755279541 9.345171928405762 0
      vertex 31.118125915527344 9.320223808288574 0
    endloop
  endfacet
  facet normal -0.33873183230593423 0.940882960725012 0
    outer loop
      vertex 31.118125915527344 9.320223808288574 0
      vertex 31.059019088745117 9.298944473266602 4
      vertex 31.118125915527344 9.320223808288574 4
    endloop
  endfacet
  facet normal -0.33873183230593423 0.940882960725012 0
    outer loop
      vertex 31.059019088745117 9.298944473266602 4
      vertex 31.118125915527344 9.320223808288574 0
      vertex 31.059019088745117 9.298944473266602 0
    endloop
  endfacet
  facet normal -0.2789949002434474 0.9602925833505894 0
    outer loop
      vertex 31.059019088745117 9.298944473266602 0
      vertex 30.998689651489258 9.281416893005371 4
      vertex 31.059019088745117 9.298944473266602 4
    endloop
  endfacet
  facet normal -0.2789949002434474 0.9602925833505894 0
    outer loop
      vertex 30.998689651489258 9.281416893005371 4
      vertex 31.059019088745117 9.298944473266602 0
      vertex 30.998689651489258 9.281416893005371 0
    endloop
  endfacet
  facet normal 0.03142051308069276 -0.999506253786211 0
    outer loop
      vertex 10.187202453613281 31.74802589416504 0
      vertex 10.25 31.75 4
      vertex 10.187202453613281 31.74802589416504 4
    endloop
  endfacet
  facet normal 0.03142051308069276 -0.999506253786211 0
    outer loop
      vertex 10.25 31.75 4
      vertex 10.187202453613281 31.74802589416504 0
      vertex 10.25 31.75 0
    endloop
  endfacet
  facet normal 0.5620778633957586 -0.8270843218683686 0
    outer loop
      vertex 9.662214279174805 31.559017181396484 0
      vertex 9.714167594909668 31.594324111938477 4
      vertex 9.662214279174805 31.559017181396484 4
    endloop
  endfacet
  facet normal 0.5620778633957586 -0.8270843218683686 0
    outer loop
      vertex 9.714167594909668 31.594324111938477 4
      vertex 9.662214279174805 31.559017181396484 0
      vertex 9.714167594909668 31.594324111938477 0
    endloop
  endfacet
  facet normal 0.6129206340489994 -0.7901444781538199 0
    outer loop
      vertex 9.612577438354492 31.5205135345459 0
      vertex 9.662214279174805 31.559017181396484 4
      vertex 9.612577438354492 31.5205135345459 4
    endloop
  endfacet
  facet normal 0.6129206340489994 -0.7901444781538199 0
    outer loop
      vertex 9.662214279174805 31.559017181396484 4
      vertex 9.612577438354492 31.5205135345459 0
      vertex 9.662214279174805 31.559017181396484 0
    endloop
  endfacet
  facet normal -0.9408763803749763 0.3387501097453446 0
    outer loop
      vertex 31.67977523803711 9.881875038146973 0
      vertex 31.7010555267334 9.940980911254883 4
      vertex 31.7010555267334 9.940980911254883 0
    endloop
  endfacet
  facet normal -0.9408763803749763 0.3387501097453446 0
    outer loop
      vertex 31.7010555267334 9.940980911254883 4
      vertex 31.67977523803711 9.881875038146973 0
      vertex 31.67977523803711 9.881875038146973 4
    endloop
  endfacet
  facet normal -0.9177541630948076 0.3971489596135805 0
    outer loop
      vertex 31.654827117919922 9.824223518371582 0
      vertex 31.67977523803711 9.881875038146973 4
      vertex 31.67977523803711 9.881875038146973 0
    endloop
  endfacet
  facet normal -0.9177541630948076 0.3971489596135805 0
    outer loop
      vertex 31.67977523803711 9.881875038146973 4
      vertex 31.654827117919922 9.824223518371582 0
      vertex 31.654827117919922 9.824223518371582 4
    endloop
  endfacet
  facet normal 0.27898090165339684 -0.9602966502662903 0
    outer loop
      vertex 9.940980911254883 31.7010555267334 0
      vertex 10.001310348510742 31.718582153320312 4
      vertex 9.940980911254883 31.7010555267334 4
    endloop
  endfacet
  facet normal 0.27898090165339684 -0.9602966502662903 0
    outer loop
      vertex 10.001310348510742 31.718582153320312 4
      vertex 9.940980911254883 31.7010555267334 0
      vertex 10.001310348510742 31.718582153320312 0
    endloop
  endfacet
  facet normal 0.3387501097453446 -0.9408763803749763 0
    outer loop
      vertex 9.881875038146973 31.67977523803711 0
      vertex 9.940980911254883 31.7010555267334 4
      vertex 9.881875038146973 31.67977523803711 4
    endloop
  endfacet
  facet normal 0.3387501097453446 -0.9408763803749763 0
    outer loop
      vertex 9.940980911254883 31.7010555267334 4
      vertex 9.881875038146973 31.67977523803711 0
      vertex 9.940980911254883 31.7010555267334 0
    endloop
  endfacet
  facet normal 0.9955625036302499 -0.09410261083237188 0
    outer loop
      vertex 9.251974105834961 30.81279754638672 4
      vertex 9.257884979248047 30.87533187866211 0
      vertex 9.257884979248047 30.87533187866211 4
    endloop
  endfacet
  facet normal 0.9955625036302499 -0.09410261083237188 0
    outer loop
      vertex 9.257884979248047 30.87533187866211 0
      vertex 9.251974105834961 30.81279754638672 4
      vertex 9.251974105834961 30.81279754638672 0
    endloop
  endfacet
  facet normal 0.09410118845848708 0.9955626380749232 0
    outer loop
      vertex 15.187202453613281 9.251974105834961 0
      vertex 15.124667167663574 9.257884979248047 4
      vertex 15.187202453613281 9.251974105834961 4
    endloop
  endfacet
  facet normal 0.09410118845848708 0.9955626380749232 0
    outer loop
      vertex 15.124667167663574 9.257884979248047 4
      vertex 15.187202453613281 9.251974105834961 0
      vertex 15.124667167663574 9.257884979248047 0
    endloop
  endfacet
  facet normal 0.03142051308069276 0.999506253786211 0
    outer loop
      vertex 15.25 9.25 0
      vertex 15.187202453613281 9.251974105834961 4
      vertex 15.25 9.25 4
    endloop
  endfacet
  facet normal 0.03142051308069276 0.999506253786211 0
    outer loop
      vertex 15.187202453613281 9.251974105834961 4
      vertex 15.25 9.25 0
      vertex 15.187202453613281 9.251974105834961 0
    endloop
  endfacet
  facet normal 0.5620778633957586 0.8270843218683686 0
    outer loop
      vertex 14.714167594909668 9.405675888061523 0
      vertex 14.662214279174805 9.440982818603516 4
      vertex 14.714167594909668 9.405675888061523 4
    endloop
  endfacet
  facet normal 0.5620778633957586 0.8270843218683686 0
    outer loop
      vertex 14.662214279174805 9.440982818603516 4
      vertex 14.714167594909668 9.405675888061523 0
      vertex 14.662214279174805 9.440982818603516 0
    endloop
  endfacet
  facet normal 0.5090432722643345 0.8607409290619441 0
    outer loop
      vertex 14.7682466506958 9.373693466186523 0
      vertex 14.714167594909668 9.405675888061523 4
      vertex 14.7682466506958 9.373693466186523 4
    endloop
  endfacet
  facet normal 0.5090432722643345 0.8607409290619441 0
    outer loop
      vertex 14.714167594909668 9.405675888061523 4
      vertex 14.7682466506958 9.373693466186523 0
      vertex 14.714167594909668 9.405675888061523 0
    endloop
  endfacet
  facet normal -0.9876880078453365 -0.15643656592533123 0
    outer loop
      vertex 31.742115020751953 30.87533187866211 0
      vertex 31.732288360595703 30.937374114990234 4
      vertex 31.732288360595703 30.937374114990234 0
    endloop
  endfacet
  facet normal -0.9876880078453365 -0.15643656592533123 0
    outer loop
      vertex 31.732288360595703 30.937374114990234 4
      vertex 31.742115020751953 30.87533187866211 0
      vertex 31.742115020751953 30.87533187866211 4
    endloop
  endfacet
  facet normal -0.8607409290619441 0.5090432722643345 0
    outer loop
      vertex 31.594324111938477 9.714167594909668 0
      vertex 31.626306533813477 9.7682466506958 4
      vertex 31.626306533813477 9.7682466506958 0
    endloop
  endfacet
  facet normal -0.8607409290619441 0.5090432722643345 0
    outer loop
      vertex 31.626306533813477 9.7682466506958 4
      vertex 31.594324111938477 9.714167594909668 0
      vertex 31.594324111938477 9.714167594909668 4
    endloop
  endfacet
  facet normal -0.7501283977274961 -0.6612922099365602 0
    outer loop
      vertex 31.5205135345459 31.387422561645508 0
      vertex 31.47896957397461 31.434547424316406 4
      vertex 31.47896957397461 31.434547424316406 0
    endloop
  endfacet
  facet normal -0.7501283977274961 -0.6612922099365602 0
    outer loop
      vertex 31.47896957397461 31.434547424316406 4
      vertex 31.5205135345459 31.387422561645508 0
      vertex 31.5205135345459 31.387422561645508 4
    endloop
  endfacet
  facet normal -0.7901444781538199 -0.6129206340489994 0
    outer loop
      vertex 31.559017181396484 31.337785720825195 0
      vertex 31.5205135345459 31.387422561645508 4
      vertex 31.5205135345459 31.387422561645508 0
    endloop
  endfacet
  facet normal -0.7901444781538199 -0.6129206340489994 0
    outer loop
      vertex 31.5205135345459 31.387422561645508 4
      vertex 31.559017181396484 31.337785720825195 0
      vertex 31.559017181396484 31.337785720825195 4
    endloop
  endfacet
  facet normal 0.09410118845848708 -0.9955626380749232 0
    outer loop
      vertex 10.124667167663574 31.742115020751953 0
      vertex 10.187202453613281 31.74802589416504 4
      vertex 10.124667167663574 31.742115020751953 4
    endloop
  endfacet
  facet normal 0.09410118845848708 -0.9955626380749232 0
    outer loop
      vertex 10.187202453613281 31.74802589416504 4
      vertex 10.124667167663574 31.742115020751953 0
      vertex 10.187202453613281 31.74802589416504 0
    endloop
  endfacet
  facet normal 0.1564389117573461 -0.9876876362940752 0
    outer loop
      vertex 10.062625885009766 31.732288360595703 0
      vertex 10.124667167663574 31.742115020751953 4
      vertex 10.062625885009766 31.732288360595703 4
    endloop
  endfacet
  facet normal 0.1564389117573461 -0.9876876362940752 0
    outer loop
      vertex 10.124667167663574 31.742115020751953 4
      vertex 10.062625885009766 31.732288360595703 0
      vertex 10.124667167663574 31.742115020751953 0
    endloop
  endfacet
  facet normal 0.7071143714675294 -0.7070991908240887 0
    outer loop
      vertex 9.521031379699707 31.434547424316406 4
      vertex 9.565452575683594 31.47896957397461 0
      vertex 9.565452575683594 31.47896957397461 4
    endloop
  endfacet
  facet normal 0.7071143714675294 -0.7070991908240887 0
    outer loop
      vertex 9.565452575683594 31.47896957397461 0
      vertex 9.521031379699707 31.434547424316406 4
      vertex 9.521031379699707 31.434547424316406 0
    endloop
  endfacet
  facet normal 0.7501208674140348 -0.6613007517537054 0
    outer loop
      vertex 9.479486465454102 31.387422561645508 4
      vertex 9.521031379699707 31.434547424316406 0
      vertex 9.521031379699707 31.434547424316406 4
    endloop
  endfacet
  facet normal 0.7501208674140348 -0.6613007517537054 0
    outer loop
      vertex 9.521031379699707 31.434547424316406 0
      vertex 9.479486465454102 31.387422561645508 4
      vertex 9.479486465454102 31.387422561645508 0
    endloop
  endfacet
  facet normal 0.8607330622301682 -0.5090565740503479 0
    outer loop
      vertex 9.373693466186523 31.231754302978516 4
      vertex 9.405675888061523 31.285831451416016 0
      vertex 9.405675888061523 31.285831451416016 4
    endloop
  endfacet
  facet normal 0.8607330622301682 -0.5090565740503479 0
    outer loop
      vertex 9.405675888061523 31.285831451416016 0
      vertex 9.373693466186523 31.231754302978516 4
      vertex 9.373693466186523 31.231754302978516 0
    endloop
  endfacet
  facet normal -0.8270891183345657 -0.5620708054440745 0
    outer loop
      vertex 31.594324111938477 31.285831451416016 0
      vertex 31.559017181396484 31.337785720825195 4
      vertex 31.559017181396484 31.337785720825195 0
    endloop
  endfacet
  facet normal -0.8270891183345657 -0.5620708054440745 0
    outer loop
      vertex 31.559017181396484 31.337785720825195 4
      vertex 31.594324111938477 31.285831451416016 0
      vertex 31.594324111938477 31.285831451416016 4
    endloop
  endfacet
  facet normal -0.9876876362940752 0.1564389117573461 0
    outer loop
      vertex 31.732288360595703 10.062625885009766 0
      vertex 31.742115020751953 10.124667167663574 4
      vertex 31.742115020751953 10.124667167663574 0
    endloop
  endfacet
  facet normal -0.9876876362940752 0.1564389117573461 0
    outer loop
      vertex 31.742115020751953 10.124667167663574 4
      vertex 31.732288360595703 10.062625885009766 0
      vertex 31.732288360595703 10.062625885009766 4
    endloop
  endfacet
  facet normal -0.9759148608180249 0.21815174634766316 0
    outer loop
      vertex 31.718582153320312 10.001310348510742 0
      vertex 31.732288360595703 10.062625885009766 4
      vertex 31.732288360595703 10.062625885009766 0
    endloop
  endfacet
  facet normal -0.9759148608180249 0.21815174634766316 0
    outer loop
      vertex 31.732288360595703 10.062625885009766 4
      vertex 31.718582153320312 10.001310348510742 0
      vertex 31.718582153320312 10.001310348510742 4
    endloop
  endfacet
  facet normal 0.8910071737461176 0.4539892249084288 0
    outer loop
      vertex 9.373693466186523 14.7682466506958 4
      vertex 9.345171928405762 14.824223518371582 0
      vertex 9.345171928405762 14.824223518371582 4
    endloop
  endfacet
  facet normal 0.8910071737461176 0.4539892249084288 0
    outer loop
      vertex 9.345171928405762 14.824223518371582 0
      vertex 9.373693466186523 14.7682466506958 4
      vertex 9.373693466186523 14.7682466506958 0
    endloop
  endfacet
  facet normal -0.9177493738096412 -0.3971600267801524 0
    outer loop
      vertex 31.67977523803711 31.118125915527344 0
      vertex 31.654827117919922 31.1757755279541 4
      vertex 31.654827117919922 31.1757755279541 0
    endloop
  endfacet
  facet normal -0.9177493738096412 -0.3971600267801524 0
    outer loop
      vertex 31.654827117919922 31.1757755279541 4
      vertex 31.67977523803711 31.118125915527344 0
      vertex 31.67977523803711 31.118125915527344 4
    endloop
  endfacet
  facet normal -0.9408781223888126 -0.338745271273419 0
    outer loop
      vertex 31.7010555267334 31.059019088745117 0
      vertex 31.67977523803711 31.118125915527344 4
      vertex 31.67977523803711 31.118125915527344 0
    endloop
  endfacet
  facet normal -0.9408781223888126 -0.338745271273419 0
    outer loop
      vertex 31.67977523803711 31.118125915527344 4
      vertex 31.7010555267334 31.059019088745117 0
      vertex 31.7010555267334 31.059019088745117 4
    endloop
  endfacet
  facet normal -0.4539769443189665 0.8910134308902496 0
    outer loop
      vertex 31.231754302978516 9.373693466186523 0
      vertex 31.1757755279541 9.345171928405762 4
      vertex 31.231754302978516 9.373693466186523 4
    endloop
  endfacet
  facet normal -0.4539769443189665 0.8910134308902496 0
    outer loop
      vertex 31.1757755279541 9.345171928405762 4
      vertex 31.231754302978516 9.373693466186523 0
      vertex 31.1757755279541 9.345171928405762 0
    endloop
  endfacet
  facet normal -0.6613007517537054 0.7501208674140348 0
    outer loop
      vertex 31.434547424316406 9.521031379699707 0
      vertex 31.387422561645508 9.479486465454102 4
      vertex 31.434547424316406 9.521031379699707 4
    endloop
  endfacet
  facet normal -0.6613007517537054 0.7501208674140348 0
    outer loop
      vertex 31.387422561645508 9.479486465454102 4
      vertex 31.434547424316406 9.521031379699707 0
      vertex 31.387422561645508 9.479486465454102 0
    endloop
  endfacet
  facet normal 0.7501208674140348 0.6613007517537054 0
    outer loop
      vertex 9.521031379699707 14.565452575683594 4
      vertex 9.479486465454102 14.612577438354492 0
      vertex 9.479486465454102 14.612577438354492 4
    endloop
  endfacet
  facet normal 0.7501208674140348 0.6613007517537054 0
    outer loop
      vertex 9.479486465454102 14.612577438354492 0
      vertex 9.521031379699707 14.565452575683594 4
      vertex 9.521031379699707 14.565452575683594 0
    endloop
  endfacet
  facet normal -0.4539648930178811 -0.8910195710012568 0
    outer loop
      vertex 31.1757755279541 31.654827117919922 0
      vertex 31.231754302978516 31.626306533813477 4
      vertex 31.1757755279541 31.654827117919922 4
    endloop
  endfacet
  facet normal -0.4539648930178811 -0.8910195710012568 0
    outer loop
      vertex 31.231754302978516 31.626306533813477 4
      vertex 31.1757755279541 31.654827117919922 0
      vertex 31.231754302978516 31.626306533813477 0
    endloop
  endfacet
  facet normal 0.3387366706356656 0.940881218840436 0
    outer loop
      vertex 14.940980911254883 9.298944473266602 0
      vertex 14.881875038146973 9.320223808288574 4
      vertex 14.940980911254883 9.298944473266602 4
    endloop
  endfacet
  facet normal 0.3387366706356656 0.940881218840436 0
    outer loop
      vertex 14.881875038146973 9.320223808288574 4
      vertex 14.940980911254883 9.298944473266602 0
      vertex 14.881875038146973 9.320223808288574 0
    endloop
  endfacet
  facet normal 0.2789949002434474 0.9602925833505894 0
    outer loop
      vertex 15.001310348510742 9.281416893005371 0
      vertex 14.940980911254883 9.298944473266602 4
      vertex 15.001310348510742 9.281416893005371 4
    endloop
  endfacet
  facet normal 0.2789949002434474 0.9602925833505894 0
    outer loop
      vertex 14.940980911254883 9.298944473266602 4
      vertex 15.001310348510742 9.281416893005371 0
      vertex 14.940980911254883 9.298944473266602 0
    endloop
  endfacet
  facet normal -0.338745271273419 -0.9408781223888126 0
    outer loop
      vertex 31.059019088745117 31.7010555267334 0
      vertex 31.118125915527344 31.67977523803711 4
      vertex 31.059019088745117 31.7010555267334 4
    endloop
  endfacet
  facet normal -0.338745271273419 -0.9408781223888126 0
    outer loop
      vertex 31.118125915527344 31.67977523803711 4
      vertex 31.059019088745117 31.7010555267334 0
      vertex 31.118125915527344 31.67977523803711 0
    endloop
  endfacet
  facet normal -0.3971600267801524 -0.9177493738096412 0
    outer loop
      vertex 31.118125915527344 31.67977523803711 0
      vertex 31.1757755279541 31.654827117919922 4
      vertex 31.118125915527344 31.67977523803711 4
    endloop
  endfacet
  facet normal -0.3971600267801524 -0.9177493738096412 0
    outer loop
      vertex 31.1757755279541 31.654827117919922 4
      vertex 31.118125915527344 31.67977523803711 0
      vertex 31.1757755279541 31.654827117919922 0
    endloop
  endfacet
  facet normal 0.8607409290619441 0.5090432722643345 0
    outer loop
      vertex 9.405675888061523 14.714167594909668 4
      vertex 9.373693466186523 14.7682466506958 0
      vertex 9.373693466186523 14.7682466506958 4
    endloop
  endfacet
  facet normal 0.8607409290619441 0.5090432722643345 0
    outer loop
      vertex 9.373693466186523 14.7682466506958 0
      vertex 9.405675888061523 14.714167594909668 4
      vertex 9.405675888061523 14.714167594909668 0
    endloop
  endfacet
  facet normal 0.8270843218683686 0.5620778633957586 0
    outer loop
      vertex 9.440982818603516 14.662214279174805 4
      vertex 9.405675888061523 14.714167594909668 0
      vertex 9.405675888061523 14.714167594909668 4
    endloop
  endfacet
  facet normal 0.8270843218683686 0.5620778633957586 0
    outer loop
      vertex 9.405675888061523 14.714167594909668 0
      vertex 9.440982818603516 14.662214279174805 4
      vertex 9.440982818603516 14.662214279174805 0
    endloop
  endfacet
  facet normal -0.9955626380749232 0.09410118845848708 0
    outer loop
      vertex 31.742115020751953 10.124667167663574 0
      vertex 31.74802589416504 10.187202453613281 4
      vertex 31.74802589416504 10.187202453613281 0
    endloop
  endfacet
  facet normal -0.9955626380749232 0.09410118845848708 0
    outer loop
      vertex 31.74802589416504 10.187202453613281 4
      vertex 31.742115020751953 10.124667167663574 0
      vertex 31.742115020751953 10.124667167663574 4
    endloop
  endfacet
  facet normal -0.7071067811865475 -0.7071067811865475 0
    outer loop
      vertex 31.47896957397461 31.434547424316406 0
      vertex 31.434547424316406 31.47896957397461 4
      vertex 31.434547424316406 31.47896957397461 0
    endloop
  endfacet
  facet normal -0.7071067811865475 -0.7071067811865475 0
    outer loop
      vertex 31.434547424316406 31.47896957397461 4
      vertex 31.47896957397461 31.434547424316406 0
      vertex 31.47896957397461 31.434547424316406 4
    endloop
  endfacet
  facet normal 0.7901444781538199 0.6129206340489994 0
    outer loop
      vertex 9.479486465454102 14.612577438354492 4
      vertex 9.440982818603516 14.662214279174805 0
      vertex 9.440982818603516 14.662214279174805 4
    endloop
  endfacet
  facet normal 0.7901444781538199 0.6129206340489994 0
    outer loop
      vertex 9.440982818603516 14.662214279174805 0
      vertex 9.479486465454102 14.612577438354492 4
      vertex 9.479486465454102 14.612577438354492 0
    endloop
  endfacet
  facet normal -0.03142051308069276 0.999506253786211 0
    outer loop
      vertex 30.81279754638672 9.251974105834961 0
      vertex 30.75 9.25 4
      vertex 30.81279754638672 9.251974105834961 4
    endloop
  endfacet
  facet normal -0.03142051308069276 0.999506253786211 0
    outer loop
      vertex 30.75 9.25 4
      vertex 30.81279754638672 9.251974105834961 0
      vertex 30.75 9.25 0
    endloop
  endfacet
  facet normal 0.4539892249084288 0.8910071737461176 0
    outer loop
      vertex 14.824223518371582 9.345171928405762 0
      vertex 14.7682466506958 9.373693466186523 4
      vertex 14.824223518371582 9.345171928405762 4
    endloop
  endfacet
  facet normal 0.4539892249084288 0.8910071737461176 0
    outer loop
      vertex 14.7682466506958 9.373693466186523 4
      vertex 14.824223518371582 9.345171928405762 0
      vertex 14.7682466506958 9.373693466186523 0
    endloop
  endfacet
  facet normal 0.6612922099365602 -0.7501283977274961 0
    outer loop
      vertex 9.565452575683594 31.47896957397461 0
      vertex 9.612577438354492 31.5205135345459 4
      vertex 9.565452575683594 31.47896957397461 4
    endloop
  endfacet
  facet normal 0.6612922099365602 -0.7501283977274961 0
    outer loop
      vertex 9.612577438354492 31.5205135345459 4
      vertex 9.565452575683594 31.47896957397461 0
      vertex 9.612577438354492 31.5205135345459 0
    endloop
  endfacet
  facet normal -0.6129206340489994 0.7901444781538199 0
    outer loop
      vertex 31.387422561645508 9.479486465454102 0
      vertex 31.337785720825195 9.440982818603516 4
      vertex 31.387422561645508 9.479486465454102 4
    endloop
  endfacet
  facet normal -0.6129206340489994 0.7901444781538199 0
    outer loop
      vertex 31.337785720825195 9.440982818603516 4
      vertex 31.387422561645508 9.479486465454102 0
      vertex 31.337785720825195 9.440982818603516 0
    endloop
  endfacet
  facet normal 0.21815174634766316 -0.9759148608180249 0
    outer loop
      vertex 10.001310348510742 31.718582153320312 0
      vertex 10.062625885009766 31.732288360595703 4
      vertex 10.001310348510742 31.718582153320312 4
    endloop
  endfacet
  facet normal 0.21815174634766316 -0.9759148608180249 0
    outer loop
      vertex 10.062625885009766 31.732288360595703 4
      vertex 10.001310348510742 31.718582153320312 0
      vertex 10.062625885009766 31.732288360595703 0
    endloop
  endfacet
  facet normal -0.9602966502662903 0.27898090165339684 0
    outer loop
      vertex 31.7010555267334 9.940980911254883 0
      vertex 31.718582153320312 10.001310348510742 4
      vertex 31.718582153320312 10.001310348510742 0
    endloop
  endfacet
  facet normal -0.9602966502662903 0.27898090165339684 0
    outer loop
      vertex 31.718582153320312 10.001310348510742 4
      vertex 31.7010555267334 9.940980911254883 0
      vertex 31.7010555267334 9.940980911254883 4
    endloop
  endfacet
  facet normal -0.9759148608180249 -0.21815174634766316 0
    outer loop
      vertex 31.732288360595703 30.937374114990234 0
      vertex 31.718582153320312 30.998689651489258 4
      vertex 31.718582153320312 30.998689651489258 0
    endloop
  endfacet
  facet normal -0.9759148608180249 -0.21815174634766316 0
    outer loop
      vertex 31.718582153320312 30.998689651489258 4
      vertex 31.732288360595703 30.937374114990234 0
      vertex 31.732288360595703 30.937374114990234 4
    endloop
  endfacet
  facet normal -0.8910133141462051 0.4539771734505999 0
    outer loop
      vertex 31.626306533813477 9.7682466506958 0
      vertex 31.654827117919922 9.824223518371582 4
      vertex 31.654827117919922 9.824223518371582 0
    endloop
  endfacet
  facet normal -0.8910133141462051 0.4539771734505999 0
    outer loop
      vertex 31.654827117919922 9.824223518371582 4
      vertex 31.626306533813477 9.7682466506958 0
      vertex 31.626306533813477 9.7682466506958 4
    endloop
  endfacet
  facet normal 0.999506253786211 0.03142051308069276 0
    outer loop
      vertex 9.251974105834961 15.187202453613281 4
      vertex 9.25 15.25 0
      vertex 9.25 15.25 4
    endloop
  endfacet
  facet normal 0.999506253786211 0.03142051308069276 0
    outer loop
      vertex 9.25 15.25 0
      vertex 9.251974105834961 15.187202453613281 4
      vertex 9.251974105834961 15.187202453613281 0
    endloop
  endfacet
  facet normal 0.3971489596135805 0.9177541630948076 0
    outer loop
      vertex 14.881875038146973 9.320223808288574 0
      vertex 14.824223518371582 9.345171928405762 4
      vertex 14.881875038146973 9.320223808288574 4
    endloop
  endfacet
  facet normal 0.3971489596135805 0.9177541630948076 0
    outer loop
      vertex 14.824223518371582 9.345171928405762 4
      vertex 14.881875038146973 9.320223808288574 0
      vertex 14.824223518371582 9.345171928405762 0
    endloop
  endfacet
  facet normal 0.9602925833505894 0.2789949002434474 0
    outer loop
      vertex 9.298944473266602 14.940980911254883 4
      vertex 9.281416893005371 15.001310348510742 0
      vertex 9.281416893005371 15.001310348510742 4
    endloop
  endfacet
  facet normal 0.9602925833505894 0.2789949002434474 0
    outer loop
      vertex 9.281416893005371 15.001310348510742 0
      vertex 9.298944473266602 14.940980911254883 4
      vertex 9.298944473266602 14.940980911254883 0
    endloop
  endfacet
  facet normal 0.21813728970304355 0.9759180922808074 0
    outer loop
      vertex 15.062625885009766 9.267711639404297 0
      vertex 15.001310348510742 9.281416893005371 4
      vertex 15.062625885009766 9.267711639404297 4
    endloop
  endfacet
  facet normal 0.21813728970304355 0.9759180922808074 0
    outer loop
      vertex 15.001310348510742 9.281416893005371 4
      vertex 15.062625885009766 9.267711639404297 0
      vertex 15.001310348510742 9.281416893005371 0
    endloop
  endfacet
  facet normal -0.8607330622301682 -0.5090565740503479 0
    outer loop
      vertex 31.626306533813477 31.231754302978516 0
      vertex 31.594324111938477 31.285831451416016 4
      vertex 31.594324111938477 31.285831451416016 0
    endloop
  endfacet
  facet normal -0.8607330622301682 -0.5090565740503479 0
    outer loop
      vertex 31.594324111938477 31.285831451416016 4
      vertex 31.626306533813477 31.231754302978516 0
      vertex 31.626306533813477 31.231754302978516 4
    endloop
  endfacet
  facet normal -0.8910195710012568 -0.4539648930178811 0
    outer loop
      vertex 31.654827117919922 31.1757755279541 0
      vertex 31.626306533813477 31.231754302978516 4
      vertex 31.626306533813477 31.231754302978516 0
    endloop
  endfacet
  facet normal -0.8910195710012568 -0.4539648930178811 0
    outer loop
      vertex 31.626306533813477 31.231754302978516 4
      vertex 31.654827117919922 31.1757755279541 0
      vertex 31.654827117919922 31.1757755279541 4
    endloop
  endfacet
  facet normal 0.9759180922808074 0.21813728970304355 0
    outer loop
      vertex 9.281416893005371 15.001310348510742 4
      vertex 9.267711639404297 15.062625885009766 0
      vertex 9.267711639404297 15.062625885009766 4
    endloop
  endfacet
  facet normal 0.9759180922808074 0.21813728970304355 0
    outer loop
      vertex 9.267711639404297 15.062625885009766 0
      vertex 9.281416893005371 15.001310348510742 4
      vertex 9.281416893005371 15.001310348510742 0
    endloop
  endfacet
  facet normal 0.6613007517537054 0.7501208674140348 0
    outer loop
      vertex 14.612577438354492 9.479486465454102 0
      vertex 14.565452575683594 9.521031379699707 4
      vertex 14.612577438354492 9.479486465454102 4
    endloop
  endfacet
  facet normal 0.6613007517537054 0.7501208674140348 0
    outer loop
      vertex 14.565452575683594 9.521031379699707 4
      vertex 14.612577438354492 9.479486465454102 0
      vertex 14.565452575683594 9.521031379699707 0
    endloop
  endfacet
  facet normal 0.9177493738096412 -0.3971600267801524 0
    outer loop
      vertex 9.320223808288574 31.118125915527344 4
      vertex 9.345171928405762 31.1757755279541 0
      vertex 9.345171928405762 31.1757755279541 4
    endloop
  endfacet
  facet normal 0.9177493738096412 -0.3971600267801524 0
    outer loop
      vertex 9.345171928405762 31.1757755279541 0
      vertex 9.320223808288574 31.118125915527344 4
      vertex 9.320223808288574 31.118125915527344 0
    endloop
  endfacet
  facet normal -0.9602966502662903 -0.27898090165339684 0
    outer loop
      vertex 31.718582153320312 30.998689651489258 0
      vertex 31.7010555267334 31.059019088745117 4
      vertex 31.7010555267334 31.059019088745117 0
    endloop
  endfacet
  facet normal -0.9602966502662903 -0.27898090165339684 0
    outer loop
      vertex 31.7010555267334 31.059019088745117 4
      vertex 31.718582153320312 30.998689651489258 0
      vertex 31.718582153320312 30.998689651489258 4
    endloop
  endfacet
  facet normal 0.8910134308902496 -0.4539769443189665 0
    outer loop
      vertex 9.345171928405762 31.1757755279541 4
      vertex 9.373693466186523 31.231754302978516 0
      vertex 9.373693466186523 31.231754302978516 4
    endloop
  endfacet
  facet normal 0.8910134308902496 -0.4539769443189665 0
    outer loop
      vertex 9.373693466186523 31.231754302978516 0
      vertex 9.345171928405762 31.1757755279541 4
      vertex 9.345171928405762 31.1757755279541 0
    endloop
  endfacet
  facet normal -1 0 0
    outer loop
      vertex 31.75 10.25 0
      vertex 31.75 30.75 4
      vertex 31.75 30.75 0
    endloop
  endfacet
  facet normal -1 0 0
    outer loop
      vertex 31.75 30.75 4
      vertex 31.75 10.25 0
      vertex 31.75 10.25 4
    endloop
  endfacet
  facet normal -0.15643656592533123 -0.9876880078453365 0
    outer loop
      vertex 30.87533187866211 31.742115020751953 0
      vertex 30.937374114990234 31.732288360595703 4
      vertex 30.87533187866211 31.742115020751953 4
    endloop
  endfacet
  facet normal -0.15643656592533123 -0.9876880078453365 0
    outer loop
      vertex 30.937374114990234 31.732288360595703 4
      vertex 30.87533187866211 31.742115020751953 0
      vertex 30.937374114990234 31.732288360595703 0
    endloop
  endfacet
  facet normal -0.21815174634766316 -0.9759148608180249 0
    outer loop
      vertex 30.937374114990234 31.732288360595703 0
      vertex 30.998689651489258 31.718582153320312 4
      vertex 30.937374114990234 31.732288360595703 4
    endloop
  endfacet
  facet normal -0.21815174634766316 -0.9759148608180249 0
    outer loop
      vertex 30.998689651489258 31.718582153320312 4
      vertex 30.937374114990234 31.732288360595703 0
      vertex 30.998689651489258 31.718582153320312 0
    endloop
  endfacet
  facet normal -0.27898090165339684 -0.9602966502662903 0
    outer loop
      vertex 30.998689651489258 31.718582153320312 0
      vertex 31.059019088745117 31.7010555267334 4
      vertex 30.998689651489258 31.718582153320312 4
    endloop
  endfacet
  facet normal -0.27898090165339684 -0.9602966502662903 0
    outer loop
      vertex 31.059019088745117 31.7010555267334 4
      vertex 30.998689651489258 31.718582153320312 0
      vertex 31.059019088745117 31.7010555267334 0
    endloop
  endfacet
  facet normal 0.5090432722643345 -0.8607409290619441 0
    outer loop
      vertex 9.714167594909668 31.594324111938477 0
      vertex 9.7682466506958 31.626306533813477 4
      vertex 9.714167594909668 31.594324111938477 4
    endloop
  endfacet
  facet normal 0.5090432722643345 -0.8607409290619441 0
    outer loop
      vertex 9.7682466506958 31.626306533813477 4
      vertex 9.714167594909668 31.594324111938477 0
      vertex 9.7682466506958 31.626306533813477 0
    endloop
  endfacet
  facet normal 0.3971489596135805 -0.9177541630948076 0
    outer loop
      vertex 9.824223518371582 31.654827117919922 0
      vertex 9.881875038146973 31.67977523803711 4
      vertex 9.824223518371582 31.654827117919922 4
    endloop
  endfacet
  facet normal 0.3971489596135805 -0.9177541630948076 0
    outer loop
      vertex 9.881875038146973 31.67977523803711 4
      vertex 9.824223518371582 31.654827117919922 0
      vertex 9.881875038146973 31.67977523803711 0
    endloop
  endfacet
  facet normal 0.1564389117573461 0.9876876362940752 0
    outer loop
      vertex 15.124667167663574 9.257884979248047 0
      vertex 15.062625885009766 9.267711639404297 4
      vertex 15.124667167663574 9.257884979248047 4
    endloop
  endfacet
  facet normal 0.1564389117573461 0.9876876362940752 0
    outer loop
      vertex 15.062625885009766 9.267711639404297 4
      vertex 15.124667167663574 9.257884979248047 0
      vertex 15.062625885009766 9.267711639404297 0
    endloop
  endfacet
  facet normal -0.999506253786211 0.03142051308069276 0
    outer loop
      vertex 31.74802589416504 10.187202453613281 0
      vertex 31.75 10.25 4
      vertex 31.75 10.25 0
    endloop
  endfacet
  facet normal -0.999506253786211 0.03142051308069276 0
    outer loop
      vertex 31.75 10.25 4
      vertex 31.74802589416504 10.187202453613281 0
      vertex 31.74802589416504 10.187202453613281 4
    endloop
  endfacet
  facet normal 0.6129206340489994 0.7901444781538199 0
    outer loop
      vertex 14.662214279174805 9.440982818603516 0
      vertex 14.612577438354492 9.479486465454102 4
      vertex 14.662214279174805 9.440982818603516 4
    endloop
  endfacet
  facet normal 0.6129206340489994 0.7901444781538199 0
    outer loop
      vertex 14.612577438354492 9.479486465454102 4
      vertex 14.662214279174805 9.440982818603516 0
      vertex 14.612577438354492 9.479486465454102 0
    endloop
  endfacet
  facet normal 0.4539771734505999 -0.8910133141462051 0
    outer loop
      vertex 9.7682466506958 31.626306533813477 0
      vertex 9.824223518371582 31.654827117919922 4
      vertex 9.7682466506958 31.626306533813477 4
    endloop
  endfacet
  facet normal 0.4539771734505999 -0.8910133141462051 0
    outer loop
      vertex 9.824223518371582 31.654827117919922 4
      vertex 9.7682466506958 31.626306533813477 0
      vertex 9.824223518371582 31.654827117919922 0
    endloop
  endfacet
  facet normal -0.7501151201990179 -0.6613072708271193 0
    outer loop
      vertex -0.728968620300293 35.190452575683594 4
      vertex -0.770512580871582 35.23757553100586 67
      vertex -0.770512580871582 35.23757553100586 4
    endloop
  endfacet
  facet normal -0.7501151201990179 -0.6613072708271193 0
    outer loop
      vertex -0.770512580871582 35.23757553100586 67
      vertex -0.728968620300293 35.190452575683594 4
      vertex -0.728968620300293 35.190452575683594 67
    endloop
  endfacet
  facet normal 0.9602966502662902 -0.2789809016533968 0
    outer loop
      vertex 2.451056480407715 35.565982818603516 67
      vertex 2.468583106994629 35.626312255859375 4
      vertex 2.468583106994629 35.626312255859375 67
    endloop
  endfacet
  facet normal 0.9602966502662902 -0.2789809016533968 0
    outer loop
      vertex 2.468583106994629 35.626312255859375 4
      vertex 2.451056480407715 35.565982818603516 67
      vertex 2.451056480407715 35.565982818603516 4
    endloop
  endfacet
  facet normal 1 0 0
    outer loop
      vertex 2.5 35.875 67
      vertex 2.5 38.5 4
      vertex 2.5 38.5 67
    endloop
  endfacet
  facet normal 1 0 0
    outer loop
      vertex 2.5 38.5 4
      vertex 2.5 35.875 67
      vertex 2.5 35.875 4
    endloop
  endfacet
  facet normal -0.940881606192559 -0.33873559471734044 0
    outer loop
      vertex -0.9297761917114258 35.506874084472656 4
      vertex -0.9510564804077148 35.565982818603516 67
      vertex -0.9510564804077148 35.565982818603516 4
    endloop
  endfacet
  facet normal -0.940881606192559 -0.33873559471734044 0
    outer loop
      vertex -0.9510564804077148 35.565982818603516 67
      vertex -0.9297761917114258 35.506874084472656 4
      vertex -0.9297761917114258 35.506874084472656 67
    endloop
  endfacet
  facet normal 0.27896510392569457 -0.9603012396075132 0
    outer loop
      vertex 1.7486896514892578 34.90641784667969 4
      vertex 1.809016227722168 34.92394256591797 67
      vertex 1.7486896514892578 34.90641784667969 67
    endloop
  endfacet
  facet normal 0.27896510392569457 -0.9603012396075132 0
    outer loop
      vertex 1.809016227722168 34.92394256591797 67
      vertex 1.7486896514892578 34.90641784667969 4
      vertex 1.809016227722168 34.92394256591797 4
    endloop
  endfacet
  facet normal -0.6129248855444054 -0.7901411802205841 0
    outer loop
      vertex -0.6374235153198242 35.104488372802734 4
      vertex -0.5877847671508789 35.065982818603516 67
      vertex -0.6374235153198242 35.104488372802734 67
    endloop
  endfacet
  facet normal -0.6129248855444054 -0.7901411802205841 0
    outer loop
      vertex -0.5877847671508789 35.065982818603516 67
      vertex -0.6374235153198242 35.104488372802734 4
      vertex -0.5877847671508789 35.065982818603516 4
    endloop
  endfacet
  facet normal 0.9955621568524022 -0.09410627951094909 0
    outer loop
      vertex 2.4921140670776367 35.74966812133789 67
      vertex 2.498025894165039 35.81221008300781 4
      vertex 2.498025894165039 35.81221008300781 67
    endloop
  endfacet
  facet normal 0.9955621568524022 -0.09410627951094909 0
    outer loop
      vertex 2.498025894165039 35.81221008300781 4
      vertex 2.4921140670776367 35.74966812133789 67
      vertex 2.4921140670776367 35.74966812133789 4
    endloop
  endfacet
  facet normal 0.8270704802017288 -0.5620982305423864 0
    outer loop
      vertex 2.309016227722168 35.28721618652344 67
      vertex 2.344326972961426 35.33917236328125 4
      vertex 2.344326972961426 35.33917236328125 67
    endloop
  endfacet
  facet normal 0.8270704802017288 -0.5620982305423864 0
    outer loop
      vertex 2.344326972961426 35.33917236328125 4
      vertex 2.309016227722168 35.28721618652344 67
      vertex 2.309016227722168 35.28721618652344 4
    endloop
  endfacet
  facet normal -0.3971323599118849 -0.9177613462719036 0
    outer loop
      vertex -0.4257783889770508 34.97017288208008 4
      vertex -0.36812400817871094 34.94522476196289 67
      vertex -0.4257783889770508 34.97017288208008 67
    endloop
  endfacet
  facet normal -0.3971323599118849 -0.9177613462719036 0
    outer loop
      vertex -0.36812400817871094 34.94522476196289 67
      vertex -0.4257783889770508 34.97017288208008 4
      vertex -0.36812400817871094 34.94522476196289 4
    endloop
  endfacet
  facet normal -0.9602966502662902 -0.2789809016533968 0
    outer loop
      vertex -0.9510564804077148 35.565982818603516 4
      vertex -0.9685831069946289 35.626312255859375 67
      vertex -0.9685831069946289 35.626312255859375 4
    endloop
  endfacet
  facet normal -0.9602966502662902 -0.2789809016533968 0
    outer loop
      vertex -0.9685831069946289 35.626312255859375 67
      vertex -0.9510564804077148 35.565982818603516 4
      vertex -0.9510564804077148 35.565982818603516 67
    endloop
  endfacet
  facet normal -0.7071067811865475 -0.7071067811865475 0
    outer loop
      vertex -0.6845464706420898 35.14603042602539 4
      vertex -0.728968620300293 35.190452575683594 67
      vertex -0.728968620300293 35.190452575683594 4
    endloop
  endfacet
  facet normal -0.7071067811865475 -0.7071067811865475 0
    outer loop
      vertex -0.728968620300293 35.190452575683594 67
      vertex -0.6845464706420898 35.14603042602539 4
      vertex -0.6845464706420898 35.14603042602539 67
    endloop
  endfacet
  facet normal 0.5090381932057086 -0.8607439328034021 0
    outer loop
      vertex 1.9817533493041992 34.998695373535156 4
      vertex 2.0358266830444336 35.03067398071289 67
      vertex 1.9817533493041992 34.998695373535156 67
    endloop
  endfacet
  facet normal 0.5090381932057086 -0.8607439328034021 0
    outer loop
      vertex 2.0358266830444336 35.03067398071289 67
      vertex 1.9817533493041992 34.998695373535156 4
      vertex 2.0358266830444336 35.03067398071289 4
    endloop
  endfacet
  facet normal -0.27896510392569457 -0.9603012396075132 0
    outer loop
      vertex -0.30901622772216797 34.92394256591797 4
      vertex -0.2486896514892578 34.90641784667969 67
      vertex -0.30901622772216797 34.92394256591797 67
    endloop
  endfacet
  facet normal -0.27896510392569457 -0.9603012396075132 0
    outer loop
      vertex -0.2486896514892578 34.90641784667969 67
      vertex -0.30901622772216797 34.92394256591797 4
      vertex -0.2486896514892578 34.90641784667969 4
    endloop
  endfacet
  facet normal -0.9876886343067299 -0.15643261060695393 0
    outer loop
      vertex -0.9822864532470703 35.687618255615234 4
      vertex -0.9921140670776367 35.74966812133789 67
      vertex -0.9921140670776367 35.74966812133789 4
    endloop
  endfacet
  facet normal -0.9876886343067299 -0.15643261060695393 0
    outer loop
      vertex -0.9921140670776367 35.74966812133789 67
      vertex -0.9822864532470703 35.687618255615234 4
      vertex -0.9822864532470703 35.687618255615234 67
    endloop
  endfacet
  facet normal -0.09405971831914178 -0.9955665569863843 0
    outer loop
      vertex -0.12533283233642578 34.88288497924805 4
      vertex -0.0627899169921875 34.876976013183594 67
      vertex -0.12533283233642578 34.88288497924805 67
    endloop
  endfacet
  facet normal -0.09405971831914178 -0.9955665569863843 0
    outer loop
      vertex -0.0627899169921875 34.876976013183594 67
      vertex -0.12533283233642578 34.88288497924805 4
      vertex -0.0627899169921875 34.876976013183594 4
    endloop
  endfacet
  facet normal 0.8607372813478726 -0.5090494401311854 0
    outer loop
      vertex 2.344326972961426 35.33917236328125 67
      vertex 2.3763065338134766 35.393245697021484 4
      vertex 2.3763065338134766 35.393245697021484 67
    endloop
  endfacet
  facet normal 0.8607372813478726 -0.5090494401311854 0
    outer loop
      vertex 2.3763065338134766 35.393245697021484 4
      vertex 2.344326972961426 35.33917236328125 67
      vertex 2.344326972961426 35.33917236328125 4
    endloop
  endfacet
  facet normal -0.9955621568524022 -0.09410627951094909 0
    outer loop
      vertex -0.9921140670776367 35.74966812133789 4
      vertex -0.9980258941650391 35.81221008300781 67
      vertex -0.9980258941650391 35.81221008300781 4
    endloop
  endfacet
  facet normal -0.9955621568524022 -0.09410627951094909 0
    outer loop
      vertex -0.9980258941650391 35.81221008300781 67
      vertex -0.9921140670776367 35.74966812133789 4
      vertex -0.9921140670776367 35.74966812133789 67
    endloop
  endfacet
  facet normal 0.7901672889100261 -0.6128912265129753 0
    outer loop
      vertex 2.270512580871582 35.23757553100586 67
      vertex 2.309016227722168 35.28721618652344 4
      vertex 2.309016227722168 35.28721618652344 67
    endloop
  endfacet
  facet normal 0.7901672889100261 -0.6128912265129753 0
    outer loop
      vertex 2.309016227722168 35.28721618652344 4
      vertex 2.270512580871582 35.23757553100586 67
      vertex 2.270512580871582 35.23757553100586 4
    endloop
  endfacet
  facet normal -0.9995061338808693 -0.03142432711320473 0
    outer loop
      vertex -0.9980258941650391 35.81221008300781 4
      vertex -1 35.875 67
      vertex -1 35.875 4
    endloop
  endfacet
  facet normal -0.9995061338808693 -0.03142432711320473 0
    outer loop
      vertex -1 35.875 67
      vertex -0.9980258941650391 35.81221008300781 4
      vertex -0.9980258941650391 35.81221008300781 67
    endloop
  endfacet
  facet normal -0.8607372813478726 -0.5090494401311854 0
    outer loop
      vertex -0.8443269729614258 35.33917236328125 4
      vertex -0.8763065338134766 35.393245697021484 67
      vertex -0.8763065338134766 35.393245697021484 4
    endloop
  endfacet
  facet normal -0.8607372813478726 -0.5090494401311854 0
    outer loop
      vertex -0.8763065338134766 35.393245697021484 67
      vertex -0.8443269729614258 35.33917236328125 4
      vertex -0.8443269729614258 35.33917236328125 67
    endloop
  endfacet
  facet normal -0.8270704802017288 -0.5620982305423864 0
    outer loop
      vertex -0.809016227722168 35.28721618652344 4
      vertex -0.8443269729614258 35.33917236328125 67
      vertex -0.8443269729614258 35.33917236328125 4
    endloop
  endfacet
  facet normal -0.8270704802017288 -0.5620982305423864 0
    outer loop
      vertex -0.8443269729614258 35.33917236328125 67
      vertex -0.809016227722168 35.28721618652344 4
      vertex -0.809016227722168 35.28721618652344 67
    endloop
  endfacet
  facet normal 0.5620633457887453 -0.8270941876961544 0
    outer loop
      vertex 2.0358266830444336 35.03067398071289 4
      vertex 2.087784767150879 35.065982818603516 67
      vertex 2.0358266830444336 35.03067398071289 67
    endloop
  endfacet
  facet normal 0.5620633457887453 -0.8270941876961544 0
    outer loop
      vertex 2.087784767150879 35.065982818603516 67
      vertex 2.0358266830444336 35.03067398071289 4
      vertex 2.087784767150879 35.065982818603516 4
    endloop
  endfacet
  facet normal 0.4540135574414568 -0.8909947753266306 0
    outer loop
      vertex 1.9257783889770508 34.97017288208008 4
      vertex 1.9817533493041992 34.998695373535156 67
      vertex 1.9257783889770508 34.97017288208008 67
    endloop
  endfacet
  facet normal 0.4540135574414568 -0.8909947753266306 0
    outer loop
      vertex 1.9817533493041992 34.998695373535156 67
      vertex 1.9257783889770508 34.97017288208008 4
      vertex 1.9817533493041992 34.998695373535156 4
    endloop
  endfacet
  facet normal -0.9177430959848977 -0.3971745331363213 0
    outer loop
      vertex -0.9048261642456055 35.449222564697266 4
      vertex -0.9297761917114258 35.506874084472656 67
      vertex -0.9297761917114258 35.506874084472656 4
    endloop
  endfacet
  facet normal -0.9177430959848977 -0.3971745331363213 0
    outer loop
      vertex -0.9297761917114258 35.506874084472656 67
      vertex -0.9048261642456055 35.449222564697266 4
      vertex -0.9048261642456055 35.449222564697266 67
    endloop
  endfacet
  facet normal 0.6129248855444054 -0.7901411802205841 0
    outer loop
      vertex 2.087784767150879 35.065982818603516 4
      vertex 2.137423515319824 35.104488372802734 67
      vertex 2.087784767150879 35.065982818603516 67
    endloop
  endfacet
  facet normal 0.6129248855444054 -0.7901411802205841 0
    outer loop
      vertex 2.137423515319824 35.104488372802734 67
      vertex 2.087784767150879 35.065982818603516 4
      vertex 2.137423515319824 35.104488372802734 4
    endloop
  endfacet
  facet normal 0.3971323599118849 -0.9177613462719036 0
    outer loop
      vertex 1.868124008178711 34.94522476196289 4
      vertex 1.9257783889770508 34.97017288208008 67
      vertex 1.868124008178711 34.94522476196289 67
    endloop
  endfacet
  facet normal 0.3971323599118849 -0.9177613462719036 0
    outer loop
      vertex 1.9257783889770508 34.97017288208008 67
      vertex 1.868124008178711 34.94522476196289 4
      vertex 1.9257783889770508 34.97017288208008 4
    endloop
  endfacet
  facet normal -0.4540135574414568 -0.8909947753266306 0
    outer loop
      vertex -0.4817533493041992 34.998695373535156 4
      vertex -0.4257783889770508 34.97017288208008 67
      vertex -0.4817533493041992 34.998695373535156 67
    endloop
  endfacet
  facet normal -0.4540135574414568 -0.8909947753266306 0
    outer loop
      vertex -0.4257783889770508 34.97017288208008 67
      vertex -0.4817533493041992 34.998695373535156 4
      vertex -0.4257783889770508 34.97017288208008 4
    endloop
  endfacet
  facet normal 0.3387673099593812 -0.9408701874875643 0
    outer loop
      vertex 1.809016227722168 34.92394256591797 4
      vertex 1.868124008178711 34.94522476196289 67
      vertex 1.809016227722168 34.92394256591797 67
    endloop
  endfacet
  facet normal 0.3387673099593812 -0.9408701874875643 0
    outer loop
      vertex 1.868124008178711 34.94522476196289 67
      vertex 1.809016227722168 34.92394256591797 4
      vertex 1.868124008178711 34.94522476196289 4
    endloop
  endfacet
  facet normal 0.21811653671119732 -0.9759227307595171 0
    outer loop
      vertex 1.6873807907104492 34.89271545410156 4
      vertex 1.7486896514892578 34.90641784667969 67
      vertex 1.6873807907104492 34.89271545410156 67
    endloop
  endfacet
  facet normal 0.21811653671119732 -0.9759227307595171 0
    outer loop
      vertex 1.7486896514892578 34.90641784667969 67
      vertex 1.6873807907104492 34.89271545410156 4
      vertex 1.7486896514892578 34.90641784667969 4
    endloop
  endfacet
  facet normal -0.5090381932057086 -0.8607439328034021 0
    outer loop
      vertex -0.5358266830444336 35.03067398071289 4
      vertex -0.4817533493041992 34.998695373535156 67
      vertex -0.5358266830444336 35.03067398071289 67
    endloop
  endfacet
  facet normal -0.5090381932057086 -0.8607439328034021 0
    outer loop
      vertex -0.4817533493041992 34.998695373535156 67
      vertex -0.5358266830444336 35.03067398071289 4
      vertex -0.4817533493041992 34.998695373535156 4
    endloop
  endfacet
  facet normal 0.7501151201990179 -0.6613072708271193 0
    outer loop
      vertex 2.228968620300293 35.190452575683594 67
      vertex 2.270512580871582 35.23757553100586 4
      vertex 2.270512580871582 35.23757553100586 67
    endloop
  endfacet
  facet normal 0.7501151201990179 -0.6613072708271193 0
    outer loop
      vertex 2.270512580871582 35.23757553100586 4
      vertex 2.228968620300293 35.190452575683594 67
      vertex 2.228968620300293 35.190452575683594 4
    endloop
  endfacet
  facet normal -0.8910194544679183 -0.4539651217436128 0
    outer loop
      vertex -0.8763065338134766 35.393245697021484 4
      vertex -0.9048261642456055 35.449222564697266 67
      vertex -0.9048261642456055 35.449222564697266 4
    endloop
  endfacet
  facet normal -0.8910194544679183 -0.4539651217436128 0
    outer loop
      vertex -0.9048261642456055 35.449222564697266 67
      vertex -0.8763065338134766 35.393245697021484 4
      vertex -0.8763065338134766 35.393245697021484 67
    endloop
  endfacet
  facet normal -0.9759173321372938 -0.2181406904592243 0
    outer loop
      vertex -0.9685831069946289 35.626312255859375 4
      vertex -0.9822864532470703 35.687618255615234 67
      vertex -0.9822864532470703 35.687618255615234 4
    endloop
  endfacet
  facet normal -0.9759173321372938 -0.2181406904592243 0
    outer loop
      vertex -0.9822864532470703 35.687618255615234 67
      vertex -0.9685831069946289 35.626312255859375 4
      vertex -0.9685831069946289 35.626312255859375 67
    endloop
  endfacet
  facet normal -0.5620633457887453 -0.8270941876961544 0
    outer loop
      vertex -0.5877847671508789 35.065982818603516 4
      vertex -0.5358266830444336 35.03067398071289 67
      vertex -0.5877847671508789 35.065982818603516 67
    endloop
  endfacet
  facet normal -0.5620633457887453 -0.8270941876961544 0
    outer loop
      vertex -0.5358266830444336 35.03067398071289 67
      vertex -0.5877847671508789 35.065982818603516 4
      vertex -0.5358266830444336 35.03067398071289 4
    endloop
  endfacet
  facet normal 0 -1 0
    outer loop
      vertex 0 34.875 4
      vertex 1.5 34.875 67
      vertex 0 34.875 67
    endloop
  endfacet
  facet normal 0 -1 0
    outer loop
      vertex 1.5 34.875 67
      vertex 0 34.875 4
      vertex 1.5 34.875 4
    endloop
  endfacet
  facet normal 0.9876886343067299 -0.15643261060695393 0
    outer loop
      vertex 2.4822864532470703 35.687618255615234 67
      vertex 2.4921140670776367 35.74966812133789 4
      vertex 2.4921140670776367 35.74966812133789 67
    endloop
  endfacet
  facet normal 0.9876886343067299 -0.15643261060695393 0
    outer loop
      vertex 2.4921140670776367 35.74966812133789 4
      vertex 2.4822864532470703 35.687618255615234 67
      vertex 2.4822864532470703 35.687618255615234 4
    endloop
  endfacet
  facet normal -0.21811653671119732 -0.9759227307595171 0
    outer loop
      vertex -0.2486896514892578 34.90641784667969 4
      vertex -0.18738079071044922 34.89271545410156 67
      vertex -0.2486896514892578 34.90641784667969 67
    endloop
  endfacet
  facet normal -0.21811653671119732 -0.9759227307595171 0
    outer loop
      vertex -0.18738079071044922 34.89271545410156 67
      vertex -0.2486896514892578 34.90641784667969 4
      vertex -0.18738079071044922 34.89271545410156 4
    endloop
  endfacet
  facet normal -0.3387673099593812 -0.9408701874875643 0
    outer loop
      vertex -0.36812400817871094 34.94522476196289 4
      vertex -0.30901622772216797 34.92394256591797 67
      vertex -0.36812400817871094 34.94522476196289 67
    endloop
  endfacet
  facet normal -0.3387673099593812 -0.9408701874875643 0
    outer loop
      vertex -0.30901622772216797 34.92394256591797 67
      vertex -0.36812400817871094 34.94522476196289 4
      vertex -0.30901622772216797 34.92394256591797 4
    endloop
  endfacet
  facet normal 0.15648172879457747 -0.987680853592627 0
    outer loop
      vertex 1.6253328323364258 34.88288497924805 4
      vertex 1.6873807907104492 34.89271545410156 67
      vertex 1.6253328323364258 34.88288497924805 67
    endloop
  endfacet
  facet normal 0.15648172879457747 -0.987680853592627 0
    outer loop
      vertex 1.6873807907104492 34.89271545410156 67
      vertex 1.6253328323364258 34.88288497924805 4
      vertex 1.6873807907104492 34.89271545410156 4
    endloop
  endfacet
  facet normal -0.15648172879457747 -0.987680853592627 0
    outer loop
      vertex -0.18738079071044922 34.89271545410156 4
      vertex -0.12533283233642578 34.88288497924805 67
      vertex -0.18738079071044922 34.89271545410156 67
    endloop
  endfacet
  facet normal -0.15648172879457747 -0.987680853592627 0
    outer loop
      vertex -0.12533283233642578 34.88288497924805 67
      vertex -0.18738079071044922 34.89271545410156 4
      vertex -0.12533283233642578 34.88288497924805 4
    endloop
  endfacet
  facet normal 0.9995061338808693 -0.03142432711320473 0
    outer loop
      vertex 2.498025894165039 35.81221008300781 67
      vertex 2.5 35.875 4
      vertex 2.5 35.875 67
    endloop
  endfacet
  facet normal 0.9995061338808693 -0.03142432711320473 0
    outer loop
      vertex 2.5 35.875 4
      vertex 2.498025894165039 35.81221008300781 67
      vertex 2.498025894165039 35.81221008300781 4
    endloop
  endfacet
  facet normal 0.7071067811865475 -0.7071067811865475 0
    outer loop
      vertex 2.18454647064209 35.14603042602539 67
      vertex 2.228968620300293 35.190452575683594 4
      vertex 2.228968620300293 35.190452575683594 67
    endloop
  endfacet
  facet normal 0.7071067811865475 -0.7071067811865475 0
    outer loop
      vertex 2.228968620300293 35.190452575683594 4
      vertex 2.18454647064209 35.14603042602539 67
      vertex 2.18454647064209 35.14603042602539 4
    endloop
  endfacet
  facet normal -0.7901672889100261 -0.6128912265129753 0
    outer loop
      vertex -0.770512580871582 35.23757553100586 4
      vertex -0.809016227722168 35.28721618652344 67
      vertex -0.809016227722168 35.28721618652344 4
    endloop
  endfacet
  facet normal -0.7901672889100261 -0.6128912265129753 0
    outer loop
      vertex -0.809016227722168 35.28721618652344 67
      vertex -0.770512580871582 35.23757553100586 4
      vertex -0.770512580871582 35.23757553100586 67
    endloop
  endfacet
  facet normal 0.940881606192559 -0.33873559471734044 0
    outer loop
      vertex 2.429776191711426 35.506874084472656 67
      vertex 2.451056480407715 35.565982818603516 4
      vertex 2.451056480407715 35.565982818603516 67
    endloop
  endfacet
  facet normal 0.940881606192559 -0.33873559471734044 0
    outer loop
      vertex 2.451056480407715 35.565982818603516 4
      vertex 2.429776191711426 35.506874084472656 67
      vertex 2.429776191711426 35.506874084472656 4
    endloop
  endfacet
  facet normal 0.8910194544679183 -0.4539651217436128 0
    outer loop
      vertex 2.3763065338134766 35.393245697021484 67
      vertex 2.4048261642456055 35.449222564697266 4
      vertex 2.4048261642456055 35.449222564697266 67
    endloop
  endfacet
  facet normal 0.8910194544679183 -0.4539651217436128 0
    outer loop
      vertex 2.4048261642456055 35.449222564697266 4
      vertex 2.3763065338134766 35.393245697021484 67
      vertex 2.3763065338134766 35.393245697021484 4
    endloop
  endfacet
  facet normal 0.661290186636757 -0.7501301814071496 0
    outer loop
      vertex 2.137423515319824 35.104488372802734 4
      vertex 2.18454647064209 35.14603042602539 67
      vertex 2.137423515319824 35.104488372802734 67
    endloop
  endfacet
  facet normal 0.661290186636757 -0.7501301814071496 0
    outer loop
      vertex 2.18454647064209 35.14603042602539 67
      vertex 2.137423515319824 35.104488372802734 4
      vertex 2.18454647064209 35.14603042602539 4
    endloop
  endfacet
  facet normal 0.09405971831914178 -0.9955665569863843 0
    outer loop
      vertex 1.5627899169921875 34.876976013183594 4
      vertex 1.6253328323364258 34.88288497924805 67
      vertex 1.5627899169921875 34.876976013183594 67
    endloop
  endfacet
  facet normal 0.09405971831914178 -0.9955665569863843 0
    outer loop
      vertex 1.6253328323364258 34.88288497924805 67
      vertex 1.5627899169921875 34.876976013183594 4
      vertex 1.6253328323364258 34.88288497924805 4
    endloop
  endfacet
  facet normal -0.661290186636757 -0.7501301814071496 0
    outer loop
      vertex -0.6845464706420898 35.14603042602539 4
      vertex -0.6374235153198242 35.104488372802734 67
      vertex -0.6845464706420898 35.14603042602539 67
    endloop
  endfacet
  facet normal -0.661290186636757 -0.7501301814071496 0
    outer loop
      vertex -0.6374235153198242 35.104488372802734 67
      vertex -0.6845464706420898 35.14603042602539 4
      vertex -0.6374235153198242 35.104488372802734 4
    endloop
  endfacet
  facet normal 0.9759173321372938 -0.2181406904592243 0
    outer loop
      vertex 2.468583106994629 35.626312255859375 67
      vertex 2.4822864532470703 35.687618255615234 4
      vertex 2.4822864532470703 35.687618255615234 67
    endloop
  endfacet
  facet normal 0.9759173321372938 -0.2181406904592243 0
    outer loop
      vertex 2.4822864532470703 35.687618255615234 4
      vertex 2.468583106994629 35.626312255859375 67
      vertex 2.468583106994629 35.626312255859375 4
    endloop
  endfacet
  facet normal 0.0314546587566966 -0.9995051797977336 0
    outer loop
      vertex 1.5 34.875 4
      vertex 1.5627899169921875 34.876976013183594 67
      vertex 1.5 34.875 67
    endloop
  endfacet
  facet normal 0.0314546587566966 -0.9995051797977336 0
    outer loop
      vertex 1.5627899169921875 34.876976013183594 67
      vertex 1.5 34.875 4
      vertex 1.5627899169921875 34.876976013183594 4
    endloop
  endfacet
  facet normal -0.0314546587566966 -0.9995051797977336 0
    outer loop
      vertex -0.0627899169921875 34.876976013183594 4
      vertex 0 34.875 67
      vertex -0.0627899169921875 34.876976013183594 67
    endloop
  endfacet
  facet normal -0.0314546587566966 -0.9995051797977336 0
    outer loop
      vertex 0 34.875 67
      vertex -0.0627899169921875 34.876976013183594 4
      vertex 0 34.875 4
    endloop
  endfacet
  facet normal 0.9177430959848977 -0.3971745331363213 0
    outer loop
      vertex 2.4048261642456055 35.449222564697266 67
      vertex 2.429776191711426 35.506874084472656 4
      vertex 2.429776191711426 35.506874084472656 67
    endloop
  endfacet
  facet normal 0.9177430959848977 -0.3971745331363213 0
    outer loop
      vertex 2.429776191711426 35.506874084472656 4
      vertex 2.4048261642456055 35.449222564697266 67
      vertex 2.4048261642456055 35.449222564697266 4
    endloop
  endfacet
  facet normal 0.7071067811865475 0.7071067811865475 0
    outer loop
      vertex 2.228968620300293 16.059547424316406 67
      vertex 2.18454647064209 16.10396957397461 4
      vertex 2.18454647064209 16.10396957397461 67
    endloop
  endfacet
  facet normal 0.7071067811865475 0.7071067811865475 0
    outer loop
      vertex 2.18454647064209 16.10396957397461 4
      vertex 2.228968620300293 16.059547424316406 67
      vertex 2.228968620300293 16.059547424316406 4
    endloop
  endfacet
  facet normal -0.8607372813478726 0.5090494401311854 0
    outer loop
      vertex -0.8763065338134766 15.8567533493042 4
      vertex -0.8443269729614258 15.910826683044434 67
      vertex -0.8443269729614258 15.910826683044434 4
    endloop
  endfacet
  facet normal -0.8607372813478726 0.5090494401311854 0
    outer loop
      vertex -0.8443269729614258 15.910826683044434 67
      vertex -0.8763065338134766 15.8567533493042 4
      vertex -0.8763065338134766 15.8567533493042 67
    endloop
  endfacet
  facet normal 0.03142432711320473 0.9995061338808693 0
    outer loop
      vertex 1.5627899169921875 16.37302589416504 4
      vertex 1.5 16.375 67
      vertex 1.5627899169921875 16.37302589416504 67
    endloop
  endfacet
  facet normal 0.03142432711320473 0.9995061338808693 0
    outer loop
      vertex 1.5 16.375 67
      vertex 1.5627899169921875 16.37302589416504 4
      vertex 1.5 16.375 4
    endloop
  endfacet
  facet normal -0.8270800729598643 0.5620841155135996 0
    outer loop
      vertex -0.8443269729614258 15.910826683044434 4
      vertex -0.809016227722168 15.962784767150879 67
      vertex -0.809016227722168 15.962784767150879 4
    endloop
  endfacet
  facet normal -0.8270800729598643 0.5620841155135996 0
    outer loop
      vertex -0.809016227722168 15.962784767150879 67
      vertex -0.8443269729614258 15.910826683044434 4
      vertex -0.8443269729614258 15.910826683044434 67
    endloop
  endfacet
  facet normal 0.9602931056035681 0.2789931026571348 0
    outer loop
      vertex 2.468583106994629 15.623689651489258 67
      vertex 2.451056480407715 15.684016227722168 4
      vertex 2.451056480407715 15.684016227722168 67
    endloop
  endfacet
  facet normal 0.9602931056035681 0.2789931026571348 0
    outer loop
      vertex 2.451056480407715 15.684016227722168 4
      vertex 2.468583106994629 15.623689651489258 67
      vertex 2.468583106994629 15.623689651489258 4
    endloop
  endfacet
  facet normal 0.09408981100826438 0.995563713412873 0
    outer loop
      vertex 1.6253328323364258 16.367115020751953 4
      vertex 1.5627899169921875 16.37302589416504 67
      vertex 1.6253328323364258 16.367115020751953 67
    endloop
  endfacet
  facet normal 0.09408981100826438 0.995563713412873 0
    outer loop
      vertex 1.5627899169921875 16.37302589416504 67
      vertex 1.6253328323364258 16.367115020751953 4
      vertex 1.5627899169921875 16.37302589416504 4
    endloop
  endfacet
  facet normal -0.09408981100826438 0.995563713412873 0
    outer loop
      vertex -0.0627899169921875 16.37302589416504 4
      vertex -0.12533283233642578 16.367115020751953 67
      vertex -0.0627899169921875 16.37302589416504 67
    endloop
  endfacet
  facet normal -0.09408981100826438 0.995563713412873 0
    outer loop
      vertex -0.12533283233642578 16.367115020751953 67
      vertex -0.0627899169921875 16.37302589416504 4
      vertex -0.12533283233642578 16.367115020751953 4
    endloop
  endfacet
  facet normal -0.3971323599118849 0.9177613462719036 0
    outer loop
      vertex -0.36812400817871094 16.30477523803711 4
      vertex -0.4257783889770508 16.279827117919922 67
      vertex -0.36812400817871094 16.30477523803711 67
    endloop
  endfacet
  facet normal -0.3971323599118849 0.9177613462719036 0
    outer loop
      vertex -0.4257783889770508 16.279827117919922 67
      vertex -0.36812400817871094 16.30477523803711 4
      vertex -0.4257783889770508 16.279827117919922 4
    endloop
  endfacet
  facet normal -0.9876878913159686 0.15643730165090308 0
    outer loop
      vertex -0.9921140670776367 15.500332832336426 4
      vertex -0.9822864532470703 15.56238079071045 67
      vertex -0.9822864532470703 15.56238079071045 4
    endloop
  endfacet
  facet normal -0.9876878913159686 0.15643730165090308 0
    outer loop
      vertex -0.9822864532470703 15.56238079071045 67
      vertex -0.9921140670776367 15.500332832336426 4
      vertex -0.9921140670776367 15.500332832336426 67
    endloop
  endfacet
  facet normal -0.27896510392569457 0.9603012396075132 0
    outer loop
      vertex -0.2486896514892578 16.343582153320312 4
      vertex -0.30901622772216797 16.32605743408203 67
      vertex -0.2486896514892578 16.343582153320312 67
    endloop
  endfacet
  facet normal -0.27896510392569457 0.9603012396075132 0
    outer loop
      vertex -0.30901622772216797 16.32605743408203 67
      vertex -0.2486896514892578 16.343582153320312 4
      vertex -0.30901622772216797 16.32605743408203 4
    endloop
  endfacet
  facet normal -0.5090606867959282 0.8607306298481877 0
    outer loop
      vertex -0.4817533493041992 16.251306533813477 4
      vertex -0.5358266830444336 16.21932601928711 67
      vertex -0.4817533493041992 16.251306533813477 67
    endloop
  endfacet
  facet normal -0.5090606867959282 0.8607306298481877 0
    outer loop
      vertex -0.5358266830444336 16.21932601928711 67
      vertex -0.4817533493041992 16.251306533813477 4
      vertex -0.5358266830444336 16.21932601928711 4
    endloop
  endfacet
  facet normal -0.9408798643280056 0.3387404329307526 0
    outer loop
      vertex -0.9510564804077148 15.684016227722168 4
      vertex -0.9297761917114258 15.743124008178711 67
      vertex -0.9297761917114258 15.743124008178711 4
    endloop
  endfacet
  facet normal -0.9408798643280056 0.3387404329307526 0
    outer loop
      vertex -0.9297761917114258 15.743124008178711 67
      vertex -0.9510564804077148 15.684016227722168 4
      vertex -0.9510564804077148 15.684016227722168 67
    endloop
  endfacet
  facet normal -0.661290186636757 0.7501301814071496 0
    outer loop
      vertex -0.6374235153198242 16.145511627197266 4
      vertex -0.6845464706420898 16.10396957397461 67
      vertex -0.6374235153198242 16.145511627197266 67
    endloop
  endfacet
  facet normal -0.661290186636757 0.7501301814071496 0
    outer loop
      vertex -0.6845464706420898 16.10396957397461 67
      vertex -0.6374235153198242 16.145511627197266 4
      vertex -0.6845464706420898 16.10396957397461 4
    endloop
  endfacet
  facet normal 0.891013197394176 0.45397740259775843 0
    outer loop
      vertex 2.4048261642456055 15.80077838897705 67
      vertex 2.3763065338134766 15.8567533493042 4
      vertex 2.3763065338134766 15.8567533493042 67
    endloop
  endfacet
  facet normal 0.891013197394176 0.45397740259775843 0
    outer loop
      vertex 2.3763065338134766 15.8567533493042 4
      vertex 2.4048261642456055 15.80077838897705 67
      vertex 2.4048261642456055 15.80077838897705 4
    endloop
  endfacet
  facet normal 0.9408798643280056 0.3387404329307526 0
    outer loop
      vertex 2.451056480407715 15.684016227722168 67
      vertex 2.429776191711426 15.743124008178711 4
      vertex 2.429776191711426 15.743124008178711 67
    endloop
  endfacet
  facet normal 0.9408798643280056 0.3387404329307526 0
    outer loop
      vertex 2.429776191711426 15.743124008178711 4
      vertex 2.451056480407715 15.684016227722168 67
      vertex 2.451056480407715 15.684016227722168 4
    endloop
  endfacet
  facet normal -0.4539894544614993 0.8910070567833626 0
    outer loop
      vertex -0.4257783889770508 16.279827117919922 4
      vertex -0.4817533493041992 16.251306533813477 67
      vertex -0.4257783889770508 16.279827117919922 67
    endloop
  endfacet
  facet normal -0.4539894544614993 0.8910070567833626 0
    outer loop
      vertex -0.4817533493041992 16.251306533813477 67
      vertex -0.4257783889770508 16.279827117919922 4
      vertex -0.4817533493041992 16.251306533813477 4
    endloop
  endfacet
  facet normal -0.9759194992215958 0.2181309951361101 0
    outer loop
      vertex -0.9822864532470703 15.56238079071045 4
      vertex -0.9685831069946289 15.623689651489258 67
      vertex -0.9685831069946289 15.623689651489258 4
    endloop
  endfacet
  facet normal -0.9759194992215958 0.2181309951361101 0
    outer loop
      vertex -0.9685831069946289 15.623689651489258 67
      vertex -0.9822864532470703 15.56238079071045 4
      vertex -0.9822864532470703 15.56238079071045 67
    endloop
  endfacet
  facet normal -0.9177502800004915 0.3971579327660716 0
    outer loop
      vertex -0.9297761917114258 15.743124008178711 4
      vertex -0.9048261642456055 15.80077838897705 67
      vertex -0.9048261642456055 15.80077838897705 4
    endloop
  endfacet
  facet normal -0.9177502800004915 0.3971579327660716 0
    outer loop
      vertex -0.9048261642456055 15.80077838897705 67
      vertex -0.9297761917114258 15.743124008178711 4
      vertex -0.9297761917114258 15.743124008178711 67
    endloop
  endfacet
  facet normal -0.03142432711320473 0.9995061338808693 0
    outer loop
      vertex 0 16.375 4
      vertex -0.0627899169921875 16.37302589416504 67
      vertex 0 16.375 67
    endloop
  endfacet
  facet normal -0.03142432711320473 0.9995061338808693 0
    outer loop
      vertex -0.0627899169921875 16.37302589416504 67
      vertex 0 16.375 4
      vertex -0.0627899169921875 16.37302589416504 4
    endloop
  endfacet
  facet normal 0.5620633457887453 0.8270941876961544 0
    outer loop
      vertex 2.087784767150879 16.184017181396484 4
      vertex 2.0358266830444336 16.21932601928711 67
      vertex 2.087784767150879 16.184017181396484 67
    endloop
  endfacet
  facet normal 0.5620633457887453 0.8270941876961544 0
    outer loop
      vertex 2.0358266830444336 16.21932601928711 67
      vertex 2.087784767150879 16.184017181396484 4
      vertex 2.0358266830444336 16.21932601928711 4
    endloop
  endfacet
  facet normal -0.5620633457887453 0.8270941876961544 0
    outer loop
      vertex -0.5358266830444336 16.21932601928711 4
      vertex -0.5877847671508789 16.184017181396484 67
      vertex -0.5358266830444336 16.21932601928711 67
    endloop
  endfacet
  facet normal -0.5620633457887453 0.8270941876961544 0
    outer loop
      vertex -0.5877847671508789 16.184017181396484 67
      vertex -0.5358266830444336 16.21932601928711 4
      vertex -0.5877847671508789 16.184017181396484 4
    endloop
  endfacet
  facet normal 0.9177502800004915 0.3971579327660716 0
    outer loop
      vertex 2.429776191711426 15.743124008178711 67
      vertex 2.4048261642456055 15.80077838897705 4
      vertex 2.4048261642456055 15.80077838897705 67
    endloop
  endfacet
  facet normal 0.9177502800004915 0.3971579327660716 0
    outer loop
      vertex 2.4048261642456055 15.80077838897705 4
      vertex 2.429776191711426 15.743124008178711 67
      vertex 2.429776191711426 15.743124008178711 4
    endloop
  endfacet
  facet normal 0.7901615865287905 0.6128985782120111 0
    outer loop
      vertex 2.309016227722168 15.962784767150879 67
      vertex 2.270512580871582 16.01242446899414 4
      vertex 2.270512580871582 16.01242446899414 67
    endloop
  endfacet
  facet normal 0.7901615865287905 0.6128985782120111 0
    outer loop
      vertex 2.270512580871582 16.01242446899414 4
      vertex 2.309016227722168 15.962784767150879 67
      vertex 2.309016227722168 15.962784767150879 4
    endloop
  endfacet
  facet normal 0 1 0
    outer loop
      vertex 1.5 16.375 4
      vertex 0 16.375 67
      vertex 1.5 16.375 67
    endloop
  endfacet
  facet normal 0 1 0
    outer loop
      vertex 0 16.375 67
      vertex 1.5 16.375 4
      vertex 0 16.375 4
    endloop
  endfacet
  facet normal -0.3387673099593812 0.9408701874875643 0
    outer loop
      vertex -0.30901622772216797 16.32605743408203 4
      vertex -0.36812400817871094 16.30477523803711 67
      vertex -0.30901622772216797 16.32605743408203 67
    endloop
  endfacet
  facet normal -0.3387673099593812 0.9408701874875643 0
    outer loop
      vertex -0.36812400817871094 16.30477523803711 67
      vertex -0.30901622772216797 16.32605743408203 4
      vertex -0.36812400817871094 16.30477523803711 4
    endloop
  endfacet
  facet normal 0.8607372813478726 0.5090494401311854 0
    outer loop
      vertex 2.3763065338134766 15.8567533493042 67
      vertex 2.344326972961426 15.910826683044434 4
      vertex 2.344326972961426 15.910826683044434 67
    endloop
  endfacet
  facet normal 0.8607372813478726 0.5090494401311854 0
    outer loop
      vertex 2.344326972961426 15.910826683044434 4
      vertex 2.3763065338134766 15.8567533493042 67
      vertex 2.3763065338134766 15.8567533493042 4
    endloop
  endfacet
  facet normal -0.9955622912911102 0.09410485725611979 0
    outer loop
      vertex -0.9980258941650391 15.437789916992188 4
      vertex -0.9921140670776367 15.500332832336426 67
      vertex -0.9921140670776367 15.500332832336426 4
    endloop
  endfacet
  facet normal -0.9955622912911102 0.09410485725611979 0
    outer loop
      vertex -0.9921140670776367 15.500332832336426 67
      vertex -0.9980258941650391 15.437789916992188 4
      vertex -0.9980258941650391 15.437789916992188 67
    endloop
  endfacet
  facet normal 0.5090606867959282 0.8607306298481877 0
    outer loop
      vertex 2.0358266830444336 16.21932601928711 4
      vertex 1.9817533493041992 16.251306533813477 67
      vertex 2.0358266830444336 16.21932601928711 67
    endloop
  endfacet
  facet normal 0.5090606867959282 0.8607306298481877 0
    outer loop
      vertex 1.9817533493041992 16.251306533813477 67
      vertex 2.0358266830444336 16.21932601928711 4
      vertex 1.9817533493041992 16.251306533813477 4
    endloop
  endfacet
  facet normal -0.7501151201990179 0.6613072708271193 0
    outer loop
      vertex -0.770512580871582 16.01242446899414 4
      vertex -0.728968620300293 16.059547424316406 67
      vertex -0.728968620300293 16.059547424316406 4
    endloop
  endfacet
  facet normal -0.7501151201990179 0.6613072708271193 0
    outer loop
      vertex -0.728968620300293 16.059547424316406 67
      vertex -0.770512580871582 16.01242446899414 4
      vertex -0.770512580871582 16.01242446899414 67
    endloop
  endfacet
  facet normal -0.1564521108043146 0.9876855456190875 0
    outer loop
      vertex -0.12533283233642578 16.367115020751953 4
      vertex -0.18738079071044922 16.35728645324707 67
      vertex -0.12533283233642578 16.367115020751953 67
    endloop
  endfacet
  facet normal -0.1564521108043146 0.9876855456190875 0
    outer loop
      vertex -0.18738079071044922 16.35728645324707 67
      vertex -0.12533283233642578 16.367115020751953 4
      vertex -0.18738079071044922 16.35728645324707 4
    endloop
  endfacet
  facet normal -0.9602931056035681 0.2789931026571348 0
    outer loop
      vertex -0.9685831069946289 15.623689651489258 4
      vertex -0.9510564804077148 15.684016227722168 67
      vertex -0.9510564804077148 15.684016227722168 4
    endloop
  endfacet
  facet normal -0.9602931056035681 0.2789931026571348 0
    outer loop
      vertex -0.9510564804077148 15.684016227722168 67
      vertex -0.9685831069946289 15.623689651489258 4
      vertex -0.9685831069946289 15.623689651489258 67
    endloop
  endfacet
  facet normal -0.7901615865287905 0.6128985782120111 0
    outer loop
      vertex -0.809016227722168 15.962784767150879 4
      vertex -0.770512580871582 16.01242446899414 67
      vertex -0.770512580871582 16.01242446899414 4
    endloop
  endfacet
  facet normal -0.7901615865287905 0.6128985782120111 0
    outer loop
      vertex -0.770512580871582 16.01242446899414 67
      vertex -0.809016227722168 15.962784767150879 4
      vertex -0.809016227722168 15.962784767150879 67
    endloop
  endfacet
  facet normal 1 0 0
    outer loop
      vertex 2.5 13.913515090942383 67
      vertex 2.5 15.375 4
      vertex 2.5 15.375 67
    endloop
  endfacet
  facet normal 1 0 0
    outer loop
      vertex 2.5 15.375 4
      vertex 2.5 13.913515090942383 67
      vertex 2.5 13.913515090942383 4
    endloop
  endfacet
  facet normal -0.21814545341739183 0.9759162674908747 0
    outer loop
      vertex -0.18738079071044922 16.35728645324707 4
      vertex -0.2486896514892578 16.343582153320312 67
      vertex -0.18738079071044922 16.35728645324707 67
    endloop
  endfacet
  facet normal -0.21814545341739183 0.9759162674908747 0
    outer loop
      vertex -0.2486896514892578 16.343582153320312 67
      vertex -0.18738079071044922 16.35728645324707 4
      vertex -0.2486896514892578 16.343582153320312 4
    endloop
  endfacet
  facet normal 0.9876878913159686 0.15643730165090308 0
    outer loop
      vertex 2.4921140670776367 15.500332832336426 67
      vertex 2.4822864532470703 15.56238079071045 4
      vertex 2.4822864532470703 15.56238079071045 67
    endloop
  endfacet
  facet normal 0.9876878913159686 0.15643730165090308 0
    outer loop
      vertex 2.4822864532470703 15.56238079071045 4
      vertex 2.4921140670776367 15.500332832336426 67
      vertex 2.4921140670776367 15.500332832336426 4
    endloop
  endfacet
  facet normal -0.7071067811865475 0.7071067811865475 0
    outer loop
      vertex -0.728968620300293 16.059547424316406 4
      vertex -0.6845464706420898 16.10396957397461 67
      vertex -0.6845464706420898 16.10396957397461 4
    endloop
  endfacet
  facet normal -0.7071067811865475 0.7071067811865475 0
    outer loop
      vertex -0.6845464706420898 16.10396957397461 67
      vertex -0.728968620300293 16.059547424316406 4
      vertex -0.728968620300293 16.059547424316406 67
    endloop
  endfacet
  facet normal -0.6129248855444054 0.7901411802205841 0
    outer loop
      vertex -0.5877847671508789 16.184017181396484 4
      vertex -0.6374235153198242 16.145511627197266 67
      vertex -0.5877847671508789 16.184017181396484 67
    endloop
  endfacet
  facet normal -0.6129248855444054 0.7901411802205841 0
    outer loop
      vertex -0.6374235153198242 16.145511627197266 67
      vertex -0.5877847671508789 16.184017181396484 4
      vertex -0.6374235153198242 16.145511627197266 4
    endloop
  endfacet
  facet normal -0.9995061338808693 0.03142432711320473 0
    outer loop
      vertex -1 15.375 4
      vertex -0.9980258941650391 15.437789916992188 67
      vertex -0.9980258941650391 15.437789916992188 4
    endloop
  endfacet
  facet normal -0.9995061338808693 0.03142432711320473 0
    outer loop
      vertex -0.9980258941650391 15.437789916992188 67
      vertex -1 15.375 4
      vertex -1 15.375 67
    endloop
  endfacet
  facet normal -0.891013197394176 0.45397740259775843 0
    outer loop
      vertex -0.9048261642456055 15.80077838897705 4
      vertex -0.8763065338134766 15.8567533493042 67
      vertex -0.8763065338134766 15.8567533493042 4
    endloop
  endfacet
  facet normal -0.891013197394176 0.45397740259775843 0
    outer loop
      vertex -0.8763065338134766 15.8567533493042 67
      vertex -0.9048261642456055 15.80077838897705 4
      vertex -0.9048261642456055 15.80077838897705 67
    endloop
  endfacet
  facet normal 0.7501151201990179 0.6613072708271193 0
    outer loop
      vertex 2.270512580871582 16.01242446899414 67
      vertex 2.228968620300293 16.059547424316406 4
      vertex 2.228968620300293 16.059547424316406 67
    endloop
  endfacet
  facet normal 0.7501151201990179 0.6613072708271193 0
    outer loop
      vertex 2.228968620300293 16.059547424316406 4
      vertex 2.270512580871582 16.01242446899414 67
      vertex 2.270512580871582 16.01242446899414 4
    endloop
  endfacet
  facet normal 0.6129248855444054 0.7901411802205841 0
    outer loop
      vertex 2.137423515319824 16.145511627197266 4
      vertex 2.087784767150879 16.184017181396484 67
      vertex 2.137423515319824 16.145511627197266 67
    endloop
  endfacet
  facet normal 0.6129248855444054 0.7901411802205841 0
    outer loop
      vertex 2.087784767150879 16.184017181396484 67
      vertex 2.137423515319824 16.145511627197266 4
      vertex 2.087784767150879 16.184017181396484 4
    endloop
  endfacet
  facet normal 0.9759194992215958 0.2181309951361101 0
    outer loop
      vertex 2.4822864532470703 15.56238079071045 67
      vertex 2.468583106994629 15.623689651489258 4
      vertex 2.468583106994629 15.623689651489258 67
    endloop
  endfacet
  facet normal 0.9759194992215958 0.2181309951361101 0
    outer loop
      vertex 2.468583106994629 15.623689651489258 4
      vertex 2.4822864532470703 15.56238079071045 67
      vertex 2.4822864532470703 15.56238079071045 4
    endloop
  endfacet
  facet normal 0.9955622912911102 0.09410485725611979 0
    outer loop
      vertex 2.498025894165039 15.437789916992188 67
      vertex 2.4921140670776367 15.500332832336426 4
      vertex 2.4921140670776367 15.500332832336426 67
    endloop
  endfacet
  facet normal 0.9955622912911102 0.09410485725611979 0
    outer loop
      vertex 2.4921140670776367 15.500332832336426 4
      vertex 2.498025894165039 15.437789916992188 67
      vertex 2.498025894165039 15.437789916992188 4
    endloop
  endfacet
  facet normal 0.3971323599118849 0.9177613462719036 0
    outer loop
      vertex 1.9257783889770508 16.279827117919922 4
      vertex 1.868124008178711 16.30477523803711 67
      vertex 1.9257783889770508 16.279827117919922 67
    endloop
  endfacet
  facet normal 0.3971323599118849 0.9177613462719036 0
    outer loop
      vertex 1.868124008178711 16.30477523803711 67
      vertex 1.9257783889770508 16.279827117919922 4
      vertex 1.868124008178711 16.30477523803711 4
    endloop
  endfacet
  facet normal 0.21814545341739183 0.9759162674908747 0
    outer loop
      vertex 1.7486896514892578 16.343582153320312 4
      vertex 1.6873807907104492 16.35728645324707 67
      vertex 1.7486896514892578 16.343582153320312 67
    endloop
  endfacet
  facet normal 0.21814545341739183 0.9759162674908747 0
    outer loop
      vertex 1.6873807907104492 16.35728645324707 67
      vertex 1.7486896514892578 16.343582153320312 4
      vertex 1.6873807907104492 16.35728645324707 4
    endloop
  endfacet
  facet normal 0.3387673099593812 0.9408701874875643 0
    outer loop
      vertex 1.868124008178711 16.30477523803711 4
      vertex 1.809016227722168 16.32605743408203 67
      vertex 1.868124008178711 16.30477523803711 67
    endloop
  endfacet
  facet normal 0.3387673099593812 0.9408701874875643 0
    outer loop
      vertex 1.809016227722168 16.32605743408203 67
      vertex 1.868124008178711 16.30477523803711 4
      vertex 1.809016227722168 16.32605743408203 4
    endloop
  endfacet
  facet normal 0.4539894544614993 0.8910070567833626 0
    outer loop
      vertex 1.9817533493041992 16.251306533813477 4
      vertex 1.9257783889770508 16.279827117919922 67
      vertex 1.9817533493041992 16.251306533813477 67
    endloop
  endfacet
  facet normal 0.4539894544614993 0.8910070567833626 0
    outer loop
      vertex 1.9257783889770508 16.279827117919922 67
      vertex 1.9817533493041992 16.251306533813477 4
      vertex 1.9257783889770508 16.279827117919922 4
    endloop
  endfacet
  facet normal 0.661290186636757 0.7501301814071496 0
    outer loop
      vertex 2.18454647064209 16.10396957397461 4
      vertex 2.137423515319824 16.145511627197266 67
      vertex 2.18454647064209 16.10396957397461 67
    endloop
  endfacet
  facet normal 0.661290186636757 0.7501301814071496 0
    outer loop
      vertex 2.137423515319824 16.145511627197266 67
      vertex 2.18454647064209 16.10396957397461 4
      vertex 2.137423515319824 16.145511627197266 4
    endloop
  endfacet
  facet normal 0.9995061338808693 0.03142432711320473 0
    outer loop
      vertex 2.5 15.375 67
      vertex 2.498025894165039 15.437789916992188 4
      vertex 2.498025894165039 15.437789916992188 67
    endloop
  endfacet
  facet normal 0.9995061338808693 0.03142432711320473 0
    outer loop
      vertex 2.498025894165039 15.437789916992188 4
      vertex 2.5 15.375 67
      vertex 2.5 15.375 4
    endloop
  endfacet
  facet normal 0.8270800729598643 0.5620841155135996 0
    outer loop
      vertex 2.344326972961426 15.910826683044434 67
      vertex 2.309016227722168 15.962784767150879 4
      vertex 2.309016227722168 15.962784767150879 67
    endloop
  endfacet
  facet normal 0.8270800729598643 0.5620841155135996 0
    outer loop
      vertex 2.309016227722168 15.962784767150879 4
      vertex 2.344326972961426 15.910826683044434 67
      vertex 2.344326972961426 15.910826683044434 4
    endloop
  endfacet
  facet normal 0.27896510392569457 0.9603012396075132 0
    outer loop
      vertex 1.809016227722168 16.32605743408203 4
      vertex 1.7486896514892578 16.343582153320312 67
      vertex 1.809016227722168 16.32605743408203 67
    endloop
  endfacet
  facet normal 0.27896510392569457 0.9603012396075132 0
    outer loop
      vertex 1.7486896514892578 16.343582153320312 67
      vertex 1.809016227722168 16.32605743408203 4
      vertex 1.7486896514892578 16.343582153320312 4
    endloop
  endfacet
  facet normal 0.1564521108043146 0.9876855456190875 0
    outer loop
      vertex 1.6873807907104492 16.35728645324707 4
      vertex 1.6253328323364258 16.367115020751953 67
      vertex 1.6873807907104492 16.35728645324707 67
    endloop
  endfacet
  facet normal 0.1564521108043146 0.9876855456190875 0
    outer loop
      vertex 1.6253328323364258 16.367115020751953 67
      vertex 1.6873807907104492 16.35728645324707 4
      vertex 1.6253328323364258 16.367115020751953 4
    endloop
  endfacet
  facet normal 0.9995051797977336 -0.0314546587566966 0
    outer loop
      vertex 41.998023986816406 35.81221008300781 67
      vertex 42 35.875 4
      vertex 42 35.875 67
    endloop
  endfacet
  facet normal 0.9995051797977336 -0.0314546587566966 0
    outer loop
      vertex 42 35.875 4
      vertex 41.998023986816406 35.81221008300781 67
      vertex 41.998023986816406 35.81221008300781 4
    endloop
  endfacet
  facet normal 0.8607439328034021 -0.5090381932057086 0
    outer loop
      vertex 41.84432601928711 35.33917236328125 67
      vertex 41.876304626464844 35.393245697021484 4
      vertex 41.876304626464844 35.393245697021484 67
    endloop
  endfacet
  facet normal 0.8607439328034021 -0.5090381932057086 0
    outer loop
      vertex 41.876304626464844 35.393245697021484 4
      vertex 41.84432601928711 35.33917236328125 67
      vertex 41.84432601928711 35.33917236328125 4
    endloop
  endfacet
  facet normal 0.9177541630948076 -0.3971489596135805 0
    outer loop
      vertex 41.90482711791992 35.449222564697266 67
      vertex 41.92977523803711 35.506874084472656 4
      vertex 41.92977523803711 35.506874084472656 67
    endloop
  endfacet
  facet normal 0.9177541630948076 -0.3971489596135805 0
    outer loop
      vertex 41.92977523803711 35.506874084472656 4
      vertex 41.90482711791992 35.449222564697266 67
      vertex 41.90482711791992 35.449222564697266 4
    endloop
  endfacet
  facet normal -0.5090381932057086 -0.8607439328034021 0
    outer loop
      vertex 38.96417236328125 35.03067398071289 4
      vertex 39.018245697021484 34.998695373535156 67
      vertex 38.96417236328125 35.03067398071289 67
    endloop
  endfacet
  facet normal -0.5090381932057086 -0.8607439328034021 0
    outer loop
      vertex 39.018245697021484 34.998695373535156 67
      vertex 38.96417236328125 35.03067398071289 4
      vertex 39.018245697021484 34.998695373535156 4
    endloop
  endfacet
  facet normal 0.9603047835888266 -0.27895290393974514 0
    outer loop
      vertex 41.95105743408203 35.565982818603516 67
      vertex 41.96858215332031 35.626312255859375 4
      vertex 41.96858215332031 35.626312255859375 67
    endloop
  endfacet
  facet normal 0.9603047835888266 -0.27895290393974514 0
    outer loop
      vertex 41.96858215332031 35.626312255859375 4
      vertex 41.95105743408203 35.565982818603516 67
      vertex 41.95105743408203 35.565982818603516 4
    endloop
  endfacet
  facet normal -0.9603047835888266 -0.27895290393974514 0
    outer loop
      vertex 38.54894256591797 35.565982818603516 4
      vertex 38.53141784667969 35.626312255859375 67
      vertex 38.53141784667969 35.626312255859375 4
    endloop
  endfacet
  facet normal -0.9603047835888266 -0.27895290393974514 0
    outer loop
      vertex 38.53141784667969 35.626312255859375 67
      vertex 38.54894256591797 35.565982818603516 4
      vertex 38.54894256591797 35.565982818603516 67
    endloop
  endfacet
  facet normal 0.0940611399039456 -0.9955664226760415 0
    outer loop
      vertex 41.06278991699219 34.876976013183594 4
      vertex 41.12533187866211 34.88288497924805 67
      vertex 41.06278991699219 34.876976013183594 67
    endloop
  endfacet
  facet normal 0.0940611399039456 -0.9955664226760415 0
    outer loop
      vertex 41.12533187866211 34.88288497924805 67
      vertex 41.06278991699219 34.876976013183594 4
      vertex 41.12533187866211 34.88288497924805 4
    endloop
  endfacet
  facet normal -0.9876815970001604 -0.15647703648527073 0
    outer loop
      vertex 38.51771545410156 35.687618255615234 4
      vertex 38.50788497924805 35.74966812133789 67
      vertex 38.50788497924805 35.74966812133789 4
    endloop
  endfacet
  facet normal -0.9876815970001604 -0.15647703648527073 0
    outer loop
      vertex 38.50788497924805 35.74966812133789 67
      vertex 38.51771545410156 35.687618255615234 4
      vertex 38.51771545410156 35.687618255615234 67
    endloop
  endfacet
  facet normal 0.7901525856814916 -0.6129101821154981 0
    outer loop
      vertex 41.770511627197266 35.23757553100586 67
      vertex 41.809017181396484 35.28721618652344 4
      vertex 41.809017181396484 35.28721618652344 67
    endloop
  endfacet
  facet normal 0.7901525856814916 -0.6129101821154981 0
    outer loop
      vertex 41.809017181396484 35.28721618652344 4
      vertex 41.770511627197266 35.23757553100586 67
      vertex 41.770511627197266 35.23757553100586 4
    endloop
  endfacet
  facet normal -0.0314546587566966 -0.9995051797977336 0
    outer loop
      vertex 39.43721008300781 34.876976013183594 4
      vertex 39.5 34.875 67
      vertex 39.43721008300781 34.876976013183594 67
    endloop
  endfacet
  facet normal -0.0314546587566966 -0.9995051797977336 0
    outer loop
      vertex 39.5 34.875 67
      vertex 39.43721008300781 34.876976013183594 4
      vertex 39.5 34.875 4
    endloop
  endfacet
  facet normal 0.9759205639553123 -0.21812623145588214 0
    outer loop
      vertex 41.96858215332031 35.626312255859375 67
      vertex 41.98228454589844 35.687618255615234 4
      vertex 41.98228454589844 35.687618255615234 67
    endloop
  endfacet
  facet normal 0.9759205639553123 -0.21812623145588214 0
    outer loop
      vertex 41.98228454589844 35.687618255615234 4
      vertex 41.96858215332031 35.626312255859375 67
      vertex 41.96858215332031 35.626312255859375 4
    endloop
  endfacet
  facet normal 0.661290186636757 -0.7501301814071496 0
    outer loop
      vertex 41.63742446899414 35.104488372802734 4
      vertex 41.684547424316406 35.14603042602539 67
      vertex 41.63742446899414 35.104488372802734 67
    endloop
  endfacet
  facet normal 0.661290186636757 -0.7501301814071496 0
    outer loop
      vertex 41.684547424316406 35.14603042602539 67
      vertex 41.63742446899414 35.104488372802734 4
      vertex 41.684547424316406 35.14603042602539 4
    endloop
  endfacet
  facet normal 0.15647703648527073 -0.9876815970001604 0
    outer loop
      vertex 41.12533187866211 34.88288497924805 4
      vertex 41.187381744384766 34.89271545410156 67
      vertex 41.12533187866211 34.88288497924805 67
    endloop
  endfacet
  facet normal 0.15647703648527073 -0.9876815970001604 0
    outer loop
      vertex 41.187381744384766 34.89271545410156 67
      vertex 41.12533187866211 34.88288497924805 4
      vertex 41.187381744384766 34.89271545410156 4
    endloop
  endfacet
  facet normal 0.891001033267664 -0.4540012761170999 0
    outer loop
      vertex 41.876304626464844 35.393245697021484 67
      vertex 41.90482711791992 35.449222564697266 4
      vertex 41.90482711791992 35.449222564697266 67
    endloop
  endfacet
  facet normal 0.891001033267664 -0.4540012761170999 0
    outer loop
      vertex 41.90482711791992 35.449222564697266 4
      vertex 41.876304626464844 35.393245697021484 67
      vertex 41.876304626464844 35.393245697021484 4
    endloop
  endfacet
  facet normal -0.9955664226760415 -0.0940611399039456 0
    outer loop
      vertex 38.50788497924805 35.74966812133789 4
      vertex 38.501976013183594 35.81221008300781 67
      vertex 38.501976013183594 35.81221008300781 4
    endloop
  endfacet
  facet normal -0.9955664226760415 -0.0940611399039456 0
    outer loop
      vertex 38.501976013183594 35.81221008300781 67
      vertex 38.50788497924805 35.74966812133789 4
      vertex 38.50788497924805 35.74966812133789 67
    endloop
  endfacet
  facet normal -1 0 0
    outer loop
      vertex 38.5 35.875 4
      vertex 38.5 38.5 67
      vertex 38.5 38.5 4
    endloop
  endfacet
  facet normal -1 0 0
    outer loop
      vertex 38.5 38.5 67
      vertex 38.5 35.875 4
      vertex 38.5 35.875 67
    endloop
  endfacet
  facet normal 0 -1 0
    outer loop
      vertex 39.5 34.875 4
      vertex 41 34.875 67
      vertex 39.5 34.875 67
    endloop
  endfacet
  facet normal 0 -1 0
    outer loop
      vertex 41 34.875 67
      vertex 39.5 34.875 4
      vertex 41 34.875 4
    endloop
  endfacet
  facet normal -0.9177541630948076 -0.3971489596135805 0
    outer loop
      vertex 38.59517288208008 35.449222564697266 4
      vertex 38.57022476196289 35.506874084472656 67
      vertex 38.57022476196289 35.506874084472656 4
    endloop
  endfacet
  facet normal -0.9177541630948076 -0.3971489596135805 0
    outer loop
      vertex 38.57022476196289 35.506874084472656 67
      vertex 38.59517288208008 35.449222564697266 4
      vertex 38.59517288208008 35.449222564697266 67
    endloop
  endfacet
  facet normal -0.27895290393974514 -0.9603047835888266 0
    outer loop
      vertex 39.190982818603516 34.92394256591797 4
      vertex 39.251312255859375 34.90641784667969 67
      vertex 39.190982818603516 34.92394256591797 67
    endloop
  endfacet
  facet normal -0.27895290393974514 -0.9603047835888266 0
    outer loop
      vertex 39.251312255859375 34.90641784667969 67
      vertex 39.190982818603516 34.92394256591797 4
      vertex 39.251312255859375 34.90641784667969 4
    endloop
  endfacet
  facet normal -0.0940611399039456 -0.9955664226760415 0
    outer loop
      vertex 39.37466812133789 34.88288497924805 4
      vertex 39.43721008300781 34.876976013183594 67
      vertex 39.37466812133789 34.88288497924805 67
    endloop
  endfacet
  facet normal -0.0940611399039456 -0.9955664226760415 0
    outer loop
      vertex 39.43721008300781 34.876976013183594 67
      vertex 39.37466812133789 34.88288497924805 4
      vertex 39.43721008300781 34.876976013183594 4
    endloop
  endfacet
  facet normal 0.7501301814071496 -0.661290186636757 0
    outer loop
      vertex 41.72896957397461 35.190452575683594 67
      vertex 41.770511627197266 35.23757553100586 4
      vertex 41.770511627197266 35.23757553100586 67
    endloop
  endfacet
  facet normal 0.7501301814071496 -0.661290186636757 0
    outer loop
      vertex 41.770511627197266 35.23757553100586 4
      vertex 41.72896957397461 35.190452575683594 67
      vertex 41.72896957397461 35.190452575683594 4
    endloop
  endfacet
  facet normal 0.8270845954832273 -0.562077460777735 0
    outer loop
      vertex 41.809017181396484 35.28721618652344 67
      vertex 41.84432601928711 35.33917236328125 4
      vertex 41.84432601928711 35.33917236328125 67
    endloop
  endfacet
  facet normal 0.8270845954832273 -0.562077460777735 0
    outer loop
      vertex 41.84432601928711 35.33917236328125 4
      vertex 41.809017181396484 35.28721618652344 67
      vertex 41.809017181396484 35.28721618652344 4
    endloop
  endfacet
  facet normal -0.9995051797977336 -0.0314546587566966 0
    outer loop
      vertex 38.501976013183594 35.81221008300781 4
      vertex 38.5 35.875 67
      vertex 38.5 35.875 4
    endloop
  endfacet
  facet normal -0.9995051797977336 -0.0314546587566966 0
    outer loop
      vertex 38.5 35.875 67
      vertex 38.501976013183594 35.81221008300781 4
      vertex 38.501976013183594 35.81221008300781 67
    endloop
  endfacet
  facet normal 0.9955664226760415 -0.0940611399039456 0
    outer loop
      vertex 41.99211502075195 35.74966812133789 67
      vertex 41.998023986816406 35.81221008300781 4
      vertex 41.998023986816406 35.81221008300781 67
    endloop
  endfacet
  facet normal 0.9955664226760415 -0.0940611399039456 0
    outer loop
      vertex 41.998023986816406 35.81221008300781 4
      vertex 41.99211502075195 35.74966812133789 67
      vertex 41.99211502075195 35.74966812133789 4
    endloop
  endfacet
  facet normal -0.4540012761170999 -0.891001033267664 0
    outer loop
      vertex 39.018245697021484 34.998695373535156 4
      vertex 39.074222564697266 34.97017288208008 67
      vertex 39.018245697021484 34.998695373535156 67
    endloop
  endfacet
  facet normal -0.4540012761170999 -0.891001033267664 0
    outer loop
      vertex 39.074222564697266 34.97017288208008 67
      vertex 39.018245697021484 34.998695373535156 4
      vertex 39.074222564697266 34.97017288208008 4
    endloop
  endfacet
  facet normal -0.8270845954832273 -0.562077460777735 0
    outer loop
      vertex 38.690982818603516 35.28721618652344 4
      vertex 38.65567398071289 35.33917236328125 67
      vertex 38.65567398071289 35.33917236328125 4
    endloop
  endfacet
  facet normal -0.8270845954832273 -0.562077460777735 0
    outer loop
      vertex 38.65567398071289 35.33917236328125 67
      vertex 38.690982818603516 35.28721618652344 4
      vertex 38.690982818603516 35.28721618652344 67
    endloop
  endfacet
  facet normal 0.0314546587566966 -0.9995051797977336 0
    outer loop
      vertex 41 34.875 4
      vertex 41.06278991699219 34.876976013183594 67
      vertex 41 34.875 67
    endloop
  endfacet
  facet normal 0.0314546587566966 -0.9995051797977336 0
    outer loop
      vertex 41.06278991699219 34.876976013183594 67
      vertex 41 34.875 4
      vertex 41.06278991699219 34.876976013183594 4
    endloop
  endfacet
  facet normal -0.3971489596135805 -0.9177541630948076 0
    outer loop
      vertex 39.074222564697266 34.97017288208008 4
      vertex 39.131874084472656 34.94522476196289 67
      vertex 39.074222564697266 34.97017288208008 67
    endloop
  endfacet
  facet normal -0.3971489596135805 -0.9177541630948076 0
    outer loop
      vertex 39.131874084472656 34.94522476196289 67
      vertex 39.074222564697266 34.97017288208008 4
      vertex 39.131874084472656 34.94522476196289 4
    endloop
  endfacet
  facet normal -0.9408719296106248 -0.33876247146161187 0
    outer loop
      vertex 38.57022476196289 35.506874084472656 4
      vertex 38.54894256591797 35.565982818603516 67
      vertex 38.54894256591797 35.565982818603516 4
    endloop
  endfacet
  facet normal -0.9408719296106248 -0.33876247146161187 0
    outer loop
      vertex 38.54894256591797 35.565982818603516 67
      vertex 38.57022476196289 35.506874084472656 4
      vertex 38.57022476196289 35.506874084472656 67
    endloop
  endfacet
  facet normal -0.891001033267664 -0.4540012761170999 0
    outer loop
      vertex 38.623695373535156 35.393245697021484 4
      vertex 38.59517288208008 35.449222564697266 67
      vertex 38.59517288208008 35.449222564697266 4
    endloop
  endfacet
  facet normal -0.891001033267664 -0.4540012761170999 0
    outer loop
      vertex 38.59517288208008 35.449222564697266 67
      vertex 38.623695373535156 35.393245697021484 4
      vertex 38.623695373535156 35.393245697021484 67
    endloop
  endfacet
  facet normal -0.6129101821154981 -0.7901525856814916 0
    outer loop
      vertex 38.86257553100586 35.104488372802734 4
      vertex 38.91221618652344 35.065982818603516 67
      vertex 38.86257553100586 35.104488372802734 67
    endloop
  endfacet
  facet normal -0.6129101821154981 -0.7901525856814916 0
    outer loop
      vertex 38.91221618652344 35.065982818603516 67
      vertex 38.86257553100586 35.104488372802734 4
      vertex 38.91221618652344 35.065982818603516 4
    endloop
  endfacet
  facet normal 0.21812623145588214 -0.9759205639553123 0
    outer loop
      vertex 41.187381744384766 34.89271545410156 4
      vertex 41.248687744140625 34.90641784667969 67
      vertex 41.187381744384766 34.89271545410156 67
    endloop
  endfacet
  facet normal 0.21812623145588214 -0.9759205639553123 0
    outer loop
      vertex 41.248687744140625 34.90641784667969 67
      vertex 41.187381744384766 34.89271545410156 4
      vertex 41.248687744140625 34.90641784667969 4
    endloop
  endfacet
  facet normal 0.6129101821154981 -0.7901525856814916 0
    outer loop
      vertex 41.58778381347656 35.065982818603516 4
      vertex 41.63742446899414 35.104488372802734 67
      vertex 41.58778381347656 35.065982818603516 67
    endloop
  endfacet
  facet normal 0.6129101821154981 -0.7901525856814916 0
    outer loop
      vertex 41.63742446899414 35.104488372802734 67
      vertex 41.58778381347656 35.065982818603516 4
      vertex 41.63742446899414 35.104488372802734 4
    endloop
  endfacet
  facet normal -0.9759205639553123 -0.21812623145588214 0
    outer loop
      vertex 38.53141784667969 35.626312255859375 4
      vertex 38.51771545410156 35.687618255615234 67
      vertex 38.51771545410156 35.687618255615234 4
    endloop
  endfacet
  facet normal -0.9759205639553123 -0.21812623145588214 0
    outer loop
      vertex 38.51771545410156 35.687618255615234 67
      vertex 38.53141784667969 35.626312255859375 4
      vertex 38.53141784667969 35.626312255859375 67
    endloop
  endfacet
  facet normal -0.8607439328034021 -0.5090381932057086 0
    outer loop
      vertex 38.65567398071289 35.33917236328125 4
      vertex 38.623695373535156 35.393245697021484 67
      vertex 38.623695373535156 35.393245697021484 4
    endloop
  endfacet
  facet normal -0.8607439328034021 -0.5090381932057086 0
    outer loop
      vertex 38.623695373535156 35.393245697021484 67
      vertex 38.65567398071289 35.33917236328125 4
      vertex 38.65567398071289 35.33917236328125 67
    endloop
  endfacet
  facet normal 0.9408719296106248 -0.33876247146161187 0
    outer loop
      vertex 41.92977523803711 35.506874084472656 67
      vertex 41.95105743408203 35.565982818603516 4
      vertex 41.95105743408203 35.565982818603516 67
    endloop
  endfacet
  facet normal 0.9408719296106248 -0.33876247146161187 0
    outer loop
      vertex 41.95105743408203 35.565982818603516 4
      vertex 41.92977523803711 35.506874084472656 67
      vertex 41.92977523803711 35.506874084472656 4
    endloop
  endfacet
  facet normal -0.661290186636757 -0.7501301814071496 0
    outer loop
      vertex 38.815452575683594 35.14603042602539 4
      vertex 38.86257553100586 35.104488372802734 67
      vertex 38.815452575683594 35.14603042602539 67
    endloop
  endfacet
  facet normal -0.661290186636757 -0.7501301814071496 0
    outer loop
      vertex 38.86257553100586 35.104488372802734 67
      vertex 38.815452575683594 35.14603042602539 4
      vertex 38.86257553100586 35.104488372802734 4
    endloop
  endfacet
  facet normal -0.15647703648527073 -0.9876815970001604 0
    outer loop
      vertex 39.312618255615234 34.89271545410156 4
      vertex 39.37466812133789 34.88288497924805 67
      vertex 39.312618255615234 34.89271545410156 67
    endloop
  endfacet
  facet normal -0.15647703648527073 -0.9876815970001604 0
    outer loop
      vertex 39.37466812133789 34.88288497924805 67
      vertex 39.312618255615234 34.89271545410156 4
      vertex 39.37466812133789 34.88288497924805 4
    endloop
  endfacet
  facet normal 0.562077460777735 -0.8270845954832273 0
    outer loop
      vertex 41.53582763671875 35.03067398071289 4
      vertex 41.58778381347656 35.065982818603516 67
      vertex 41.53582763671875 35.03067398071289 67
    endloop
  endfacet
  facet normal 0.562077460777735 -0.8270845954832273 0
    outer loop
      vertex 41.58778381347656 35.065982818603516 67
      vertex 41.53582763671875 35.03067398071289 4
      vertex 41.58778381347656 35.065982818603516 4
    endloop
  endfacet
  facet normal -0.7501301814071496 -0.661290186636757 0
    outer loop
      vertex 38.77103042602539 35.190452575683594 4
      vertex 38.729488372802734 35.23757553100586 67
      vertex 38.729488372802734 35.23757553100586 4
    endloop
  endfacet
  facet normal -0.7501301814071496 -0.661290186636757 0
    outer loop
      vertex 38.729488372802734 35.23757553100586 67
      vertex 38.77103042602539 35.190452575683594 4
      vertex 38.77103042602539 35.190452575683594 67
    endloop
  endfacet
  facet normal 0.27895290393974514 -0.9603047835888266 0
    outer loop
      vertex 41.248687744140625 34.90641784667969 4
      vertex 41.309017181396484 34.92394256591797 67
      vertex 41.248687744140625 34.90641784667969 67
    endloop
  endfacet
  facet normal 0.27895290393974514 -0.9603047835888266 0
    outer loop
      vertex 41.309017181396484 34.92394256591797 67
      vertex 41.248687744140625 34.90641784667969 4
      vertex 41.309017181396484 34.92394256591797 4
    endloop
  endfacet
  facet normal -0.21812623145588214 -0.9759205639553123 0
    outer loop
      vertex 39.251312255859375 34.90641784667969 4
      vertex 39.312618255615234 34.89271545410156 67
      vertex 39.251312255859375 34.90641784667969 67
    endloop
  endfacet
  facet normal -0.21812623145588214 -0.9759205639553123 0
    outer loop
      vertex 39.312618255615234 34.89271545410156 67
      vertex 39.251312255859375 34.90641784667969 4
      vertex 39.312618255615234 34.89271545410156 4
    endloop
  endfacet
  facet normal 0.4540012761170999 -0.891001033267664 0
    outer loop
      vertex 41.425777435302734 34.97017288208008 4
      vertex 41.481754302978516 34.998695373535156 67
      vertex 41.425777435302734 34.97017288208008 67
    endloop
  endfacet
  facet normal 0.4540012761170999 -0.891001033267664 0
    outer loop
      vertex 41.481754302978516 34.998695373535156 67
      vertex 41.425777435302734 34.97017288208008 4
      vertex 41.481754302978516 34.998695373535156 4
    endloop
  endfacet
  facet normal -0.7901525856814916 -0.6129101821154981 0
    outer loop
      vertex 38.729488372802734 35.23757553100586 4
      vertex 38.690982818603516 35.28721618652344 67
      vertex 38.690982818603516 35.28721618652344 4
    endloop
  endfacet
  facet normal -0.7901525856814916 -0.6129101821154981 0
    outer loop
      vertex 38.690982818603516 35.28721618652344 67
      vertex 38.729488372802734 35.23757553100586 4
      vertex 38.729488372802734 35.23757553100586 67
    endloop
  endfacet
  facet normal -0.33876247146161187 -0.9408719296106248 0
    outer loop
      vertex 39.131874084472656 34.94522476196289 4
      vertex 39.190982818603516 34.92394256591797 67
      vertex 39.131874084472656 34.94522476196289 67
    endloop
  endfacet
  facet normal -0.33876247146161187 -0.9408719296106248 0
    outer loop
      vertex 39.190982818603516 34.92394256591797 67
      vertex 39.131874084472656 34.94522476196289 4
      vertex 39.190982818603516 34.92394256591797 4
    endloop
  endfacet
  facet normal 0.7071067811865475 -0.7071067811865475 0
    outer loop
      vertex 41.684547424316406 35.14603042602539 67
      vertex 41.72896957397461 35.190452575683594 4
      vertex 41.72896957397461 35.190452575683594 67
    endloop
  endfacet
  facet normal 0.7071067811865475 -0.7071067811865475 0
    outer loop
      vertex 41.72896957397461 35.190452575683594 4
      vertex 41.684547424316406 35.14603042602539 67
      vertex 41.684547424316406 35.14603042602539 4
    endloop
  endfacet
  facet normal -0.7071067811865475 -0.7071067811865475 0
    outer loop
      vertex 38.815452575683594 35.14603042602539 4
      vertex 38.77103042602539 35.190452575683594 67
      vertex 38.77103042602539 35.190452575683594 4
    endloop
  endfacet
  facet normal -0.7071067811865475 -0.7071067811865475 0
    outer loop
      vertex 38.77103042602539 35.190452575683594 67
      vertex 38.815452575683594 35.14603042602539 4
      vertex 38.815452575683594 35.14603042602539 67
    endloop
  endfacet
  facet normal -0.562077460777735 -0.8270845954832273 0
    outer loop
      vertex 38.91221618652344 35.065982818603516 4
      vertex 38.96417236328125 35.03067398071289 67
      vertex 38.91221618652344 35.065982818603516 67
    endloop
  endfacet
  facet normal -0.562077460777735 -0.8270845954832273 0
    outer loop
      vertex 38.96417236328125 35.03067398071289 67
      vertex 38.91221618652344 35.065982818603516 4
      vertex 38.96417236328125 35.03067398071289 4
    endloop
  endfacet
  facet normal 0.9876815970001604 -0.15647703648527073 0
    outer loop
      vertex 41.98228454589844 35.687618255615234 67
      vertex 41.99211502075195 35.74966812133789 4
      vertex 41.99211502075195 35.74966812133789 67
    endloop
  endfacet
  facet normal 0.9876815970001604 -0.15647703648527073 0
    outer loop
      vertex 41.99211502075195 35.74966812133789 4
      vertex 41.98228454589844 35.687618255615234 67
      vertex 41.98228454589844 35.687618255615234 4
    endloop
  endfacet
  facet normal 0.3971489596135805 -0.9177541630948076 0
    outer loop
      vertex 41.368125915527344 34.94522476196289 4
      vertex 41.425777435302734 34.97017288208008 67
      vertex 41.368125915527344 34.94522476196289 67
    endloop
  endfacet
  facet normal 0.3971489596135805 -0.9177541630948076 0
    outer loop
      vertex 41.425777435302734 34.97017288208008 67
      vertex 41.368125915527344 34.94522476196289 4
      vertex 41.425777435302734 34.97017288208008 4
    endloop
  endfacet
  facet normal 0.5090381932057086 -0.8607439328034021 0
    outer loop
      vertex 41.481754302978516 34.998695373535156 4
      vertex 41.53582763671875 35.03067398071289 67
      vertex 41.481754302978516 34.998695373535156 67
    endloop
  endfacet
  facet normal 0.5090381932057086 -0.8607439328034021 0
    outer loop
      vertex 41.53582763671875 35.03067398071289 67
      vertex 41.481754302978516 34.998695373535156 4
      vertex 41.53582763671875 35.03067398071289 4
    endloop
  endfacet
  facet normal 0.33876247146161187 -0.9408719296106248 0
    outer loop
      vertex 41.309017181396484 34.92394256591797 4
      vertex 41.368125915527344 34.94522476196289 67
      vertex 41.309017181396484 34.92394256591797 67
    endloop
  endfacet
  facet normal 0.33876247146161187 -0.9408719296106248 0
    outer loop
      vertex 41.368125915527344 34.94522476196289 67
      vertex 41.309017181396484 34.92394256591797 4
      vertex 41.368125915527344 34.94522476196289 4
    endloop
  endfacet
  facet normal -0.987680853592627 0.15648172879457747 0
    outer loop
      vertex 38.50788497924805 15.500332832336426 4
      vertex 38.51771545410156 15.56238079071045 67
      vertex 38.51771545410156 15.56238079071045 4
    endloop
  endfacet
  facet normal -0.987680853592627 0.15648172879457747 0
    outer loop
      vertex 38.51771545410156 15.56238079071045 67
      vertex 38.50788497924805 15.500332832336426 4
      vertex 38.50788497924805 15.500332832336426 67
    endloop
  endfacet
  facet normal 0.33876247146161187 0.9408719296106248 0
    outer loop
      vertex 41.368125915527344 16.30477523803711 4
      vertex 41.309017181396484 16.32605743408203 67
      vertex 41.368125915527344 16.30477523803711 67
    endloop
  endfacet
  facet normal 0.33876247146161187 0.9408719296106248 0
    outer loop
      vertex 41.309017181396484 16.32605743408203 67
      vertex 41.368125915527344 16.30477523803711 4
      vertex 41.309017181396484 16.32605743408203 4
    endloop
  endfacet
  facet normal 0.9995051797977336 0.0314546587566966 0
    outer loop
      vertex 42 15.375 67
      vertex 41.998023986816406 15.437789916992188 4
      vertex 41.998023986816406 15.437789916992188 67
    endloop
  endfacet
  facet normal 0.9995051797977336 0.0314546587566966 0
    outer loop
      vertex 41.998023986816406 15.437789916992188 4
      vertex 42 15.375 67
      vertex 42 15.375 4
    endloop
  endfacet
  facet normal 0.8607439328034021 0.5090381932057086 0
    outer loop
      vertex 41.876304626464844 15.8567533493042 67
      vertex 41.84432601928711 15.910826683044434 4
      vertex 41.84432601928711 15.910826683044434 67
    endloop
  endfacet
  facet normal 0.8607439328034021 0.5090381932057086 0
    outer loop
      vertex 41.84432601928711 15.910826683044434 4
      vertex 41.876304626464844 15.8567533493042 67
      vertex 41.876304626464844 15.8567533493042 4
    endloop
  endfacet
  facet normal 0.9955665569863843 0.09405971831914178 0
    outer loop
      vertex 41.998023986816406 15.437789916992188 67
      vertex 41.99211502075195 15.500332832336426 4
      vertex 41.99211502075195 15.500332832336426 67
    endloop
  endfacet
  facet normal 0.9955665569863843 0.09405971831914178 0
    outer loop
      vertex 41.99211502075195 15.500332832336426 4
      vertex 41.998023986816406 15.437789916992188 67
      vertex 41.998023986816406 15.437789916992188 4
    endloop
  endfacet
  facet normal 0.27895290393974514 0.9603047835888266 0
    outer loop
      vertex 41.309017181396484 16.32605743408203 4
      vertex 41.248687744140625 16.343582153320312 67
      vertex 41.309017181396484 16.32605743408203 67
    endloop
  endfacet
  facet normal 0.27895290393974514 0.9603047835888266 0
    outer loop
      vertex 41.248687744140625 16.343582153320312 67
      vertex 41.309017181396484 16.32605743408203 4
      vertex 41.248687744140625 16.343582153320312 4
    endloop
  endfacet
  facet normal -1 0 0
    outer loop
      vertex 38.5 2.5 4
      vertex 38.5 15.375 67
      vertex 38.5 15.375 4
    endloop
  endfacet
  facet normal -1 0 0
    outer loop
      vertex 38.5 15.375 67
      vertex 38.5 2.5 4
      vertex 38.5 2.5 67
    endloop
  endfacet
  facet normal 0.9603012396075132 0.27896510392569457 0
    outer loop
      vertex 41.96858215332031 15.623689651489258 67
      vertex 41.95105743408203 15.684016227722168 4
      vertex 41.95105743408203 15.684016227722168 67
    endloop
  endfacet
  facet normal 0.9603012396075132 0.27896510392569457 0
    outer loop
      vertex 41.95105743408203 15.684016227722168 4
      vertex 41.96858215332031 15.623689651489258 67
      vertex 41.96858215332031 15.623689651489258 4
    endloop
  endfacet
  facet normal 0.3971489596135805 0.9177541630948076 0
    outer loop
      vertex 41.425777435302734 16.279827117919922 4
      vertex 41.368125915527344 16.30477523803711 67
      vertex 41.425777435302734 16.279827117919922 67
    endloop
  endfacet
  facet normal 0.3971489596135805 0.9177541630948076 0
    outer loop
      vertex 41.368125915527344 16.30477523803711 67
      vertex 41.425777435302734 16.279827117919922 4
      vertex 41.368125915527344 16.30477523803711 4
    endloop
  endfacet
  facet normal -0.7501301814071496 0.661290186636757 0
    outer loop
      vertex 38.729488372802734 16.01242446899414 4
      vertex 38.77103042602539 16.059547424316406 67
      vertex 38.77103042602539 16.059547424316406 4
    endloop
  endfacet
  facet normal -0.7501301814071496 0.661290186636757 0
    outer loop
      vertex 38.77103042602539 16.059547424316406 67
      vertex 38.729488372802734 16.01242446899414 4
      vertex 38.729488372802734 16.01242446899414 67
    endloop
  endfacet
  facet normal 0 1 0
    outer loop
      vertex 41 16.375 4
      vertex 39.5 16.375 67
      vertex 41 16.375 67
    endloop
  endfacet
  facet normal 0 1 0
    outer loop
      vertex 39.5 16.375 67
      vertex 41 16.375 4
      vertex 39.5 16.375 4
    endloop
  endfacet
  facet normal 0.9408701874875643 0.3387673099593812 0
    outer loop
      vertex 41.95105743408203 15.684016227722168 67
      vertex 41.92977523803711 15.743124008178711 4
      vertex 41.92977523803711 15.743124008178711 67
    endloop
  endfacet
  facet normal 0.9408701874875643 0.3387673099593812 0
    outer loop
      vertex 41.92977523803711 15.743124008178711 4
      vertex 41.95105743408203 15.684016227722168 67
      vertex 41.95105743408203 15.684016227722168 4
    endloop
  endfacet
  facet normal -0.45397717345059985 0.8910133141462051 0
    outer loop
      vertex 39.074222564697266 16.279827117919922 4
      vertex 39.018245697021484 16.251306533813477 67
      vertex 39.074222564697266 16.279827117919922 67
    endloop
  endfacet
  facet normal -0.45397717345059985 0.8910133141462051 0
    outer loop
      vertex 39.018245697021484 16.251306533813477 67
      vertex 39.074222564697266 16.279827117919922 4
      vertex 39.018245697021484 16.251306533813477 4
    endloop
  endfacet
  facet normal 0.7501301814071496 0.661290186636757 0
    outer loop
      vertex 41.770511627197266 16.01242446899414 67
      vertex 41.72896957397461 16.059547424316406 4
      vertex 41.72896957397461 16.059547424316406 67
    endloop
  endfacet
  facet normal 0.7501301814071496 0.661290186636757 0
    outer loop
      vertex 41.72896957397461 16.059547424316406 4
      vertex 41.770511627197266 16.01242446899414 67
      vertex 41.770511627197266 16.01242446899414 4
    endloop
  endfacet
  facet normal -0.8270941876961544 0.5620633457887453 0
    outer loop
      vertex 38.65567398071289 15.910826683044434 4
      vertex 38.690982818603516 15.962784767150879 67
      vertex 38.690982818603516 15.962784767150879 4
    endloop
  endfacet
  facet normal -0.8270941876961544 0.5620633457887453 0
    outer loop
      vertex 38.690982818603516 15.962784767150879 67
      vertex 38.65567398071289 15.910826683044434 4
      vertex 38.65567398071289 15.910826683044434 67
    endloop
  endfacet
  facet normal 0.5090606867959282 0.8607306298481877 0
    outer loop
      vertex 41.53582763671875 16.21932601928711 4
      vertex 41.481754302978516 16.251306533813477 67
      vertex 41.53582763671875 16.21932601928711 67
    endloop
  endfacet
  facet normal 0.5090606867959282 0.8607306298481877 0
    outer loop
      vertex 41.481754302978516 16.251306533813477 67
      vertex 41.53582763671875 16.21932601928711 4
      vertex 41.481754302978516 16.251306533813477 4
    endloop
  endfacet
  facet normal 0.8909947753266306 0.4540135574414568 0
    outer loop
      vertex 41.90482711791992 15.80077838897705 67
      vertex 41.876304626464844 15.8567533493042 4
      vertex 41.876304626464844 15.8567533493042 67
    endloop
  endfacet
  facet normal 0.8909947753266306 0.4540135574414568 0
    outer loop
      vertex 41.876304626464844 15.8567533493042 4
      vertex 41.90482711791992 15.80077838897705 67
      vertex 41.90482711791992 15.80077838897705 4
    endloop
  endfacet
  facet normal -0.15644741933857026 0.9876862887487614 0
    outer loop
      vertex 39.37466812133789 16.367115020751953 4
      vertex 39.312618255615234 16.35728645324707 67
      vertex 39.37466812133789 16.367115020751953 67
    endloop
  endfacet
  facet normal -0.15644741933857026 0.9876862887487614 0
    outer loop
      vertex 39.312618255615234 16.35728645324707 67
      vertex 39.37466812133789 16.367115020751953 4
      vertex 39.312618255615234 16.35728645324707 4
    endloop
  endfacet
  facet normal 0.03142432711320473 0.9995061338808693 0
    outer loop
      vertex 41.06278991699219 16.37302589416504 4
      vertex 41 16.375 67
      vertex 41.06278991699219 16.37302589416504 67
    endloop
  endfacet
  facet normal 0.03142432711320473 0.9995061338808693 0
    outer loop
      vertex 41 16.375 67
      vertex 41.06278991699219 16.37302589416504 4
      vertex 41 16.375 4
    endloop
  endfacet
  facet normal -0.33876247146161187 0.9408719296106248 0
    outer loop
      vertex 39.190982818603516 16.32605743408203 4
      vertex 39.131874084472656 16.30477523803711 67
      vertex 39.190982818603516 16.32605743408203 67
    endloop
  endfacet
  facet normal -0.33876247146161187 0.9408719296106248 0
    outer loop
      vertex 39.131874084472656 16.30477523803711 67
      vertex 39.190982818603516 16.32605743408203 4
      vertex 39.131874084472656 16.30477523803711 4
    endloop
  endfacet
  facet normal -0.8909947753266306 0.4540135574414568 0
    outer loop
      vertex 38.59517288208008 15.80077838897705 4
      vertex 38.623695373535156 15.8567533493042 67
      vertex 38.623695373535156 15.8567533493042 4
    endloop
  endfacet
  facet normal -0.8909947753266306 0.4540135574414568 0
    outer loop
      vertex 38.623695373535156 15.8567533493042 67
      vertex 38.59517288208008 15.80077838897705 4
      vertex 38.59517288208008 15.80077838897705 67
    endloop
  endfacet
  facet normal 0.790146883053641 0.6129175337683005 0
    outer loop
      vertex 41.809017181396484 15.962784767150879 67
      vertex 41.770511627197266 16.01242446899414 4
      vertex 41.770511627197266 16.01242446899414 67
    endloop
  endfacet
  facet normal 0.790146883053641 0.6129175337683005 0
    outer loop
      vertex 41.770511627197266 16.01242446899414 4
      vertex 41.809017181396484 15.962784767150879 67
      vertex 41.809017181396484 15.962784767150879 4
    endloop
  endfacet
  facet normal 0.45397717345059985 0.8910133141462051 0
    outer loop
      vertex 41.481754302978516 16.251306533813477 4
      vertex 41.425777435302734 16.279827117919922 67
      vertex 41.481754302978516 16.251306533813477 67
    endloop
  endfacet
  facet normal 0.45397717345059985 0.8910133141462051 0
    outer loop
      vertex 41.425777435302734 16.279827117919922 67
      vertex 41.481754302978516 16.251306533813477 4
      vertex 41.425777435302734 16.279827117919922 4
    endloop
  endfacet
  facet normal -0.5090606867959282 0.8607306298481877 0
    outer loop
      vertex 39.018245697021484 16.251306533813477 4
      vertex 38.96417236328125 16.21932601928711 67
      vertex 39.018245697021484 16.251306533813477 67
    endloop
  endfacet
  facet normal -0.5090606867959282 0.8607306298481877 0
    outer loop
      vertex 38.96417236328125 16.21932601928711 67
      vertex 39.018245697021484 16.251306533813477 4
      vertex 38.96417236328125 16.21932601928711 4
    endloop
  endfacet
  facet normal 0.21815514931891686 0.9759141001264615 0
    outer loop
      vertex 41.248687744140625 16.343582153320312 4
      vertex 41.187381744384766 16.35728645324707 67
      vertex 41.248687744140625 16.343582153320312 67
    endloop
  endfacet
  facet normal 0.21815514931891686 0.9759141001264615 0
    outer loop
      vertex 41.187381744384766 16.35728645324707 67
      vertex 41.248687744140625 16.343582153320312 4
      vertex 41.187381744384766 16.35728645324707 4
    endloop
  endfacet
  facet normal -0.9955665569863843 0.09405971831914178 0
    outer loop
      vertex 38.501976013183594 15.437789916992188 4
      vertex 38.50788497924805 15.500332832336426 67
      vertex 38.50788497924805 15.500332832336426 4
    endloop
  endfacet
  facet normal -0.9955665569863843 0.09405971831914178 0
    outer loop
      vertex 38.50788497924805 15.500332832336426 67
      vertex 38.501976013183594 15.437789916992188 4
      vertex 38.501976013183594 15.437789916992188 67
    endloop
  endfacet
  facet normal -0.9408701874875643 0.3387673099593812 0
    outer loop
      vertex 38.54894256591797 15.684016227722168 4
      vertex 38.57022476196289 15.743124008178711 67
      vertex 38.57022476196289 15.743124008178711 4
    endloop
  endfacet
  facet normal -0.9408701874875643 0.3387673099593812 0
    outer loop
      vertex 38.57022476196289 15.743124008178711 67
      vertex 38.54894256591797 15.684016227722168 4
      vertex 38.54894256591797 15.684016227722168 67
    endloop
  endfacet
  facet normal 0.8270941876961544 0.5620633457887453 0
    outer loop
      vertex 41.84432601928711 15.910826683044434 67
      vertex 41.809017181396484 15.962784767150879 4
      vertex 41.809017181396484 15.962784767150879 67
    endloop
  endfacet
  facet normal 0.8270941876961544 0.5620633457887453 0
    outer loop
      vertex 41.809017181396484 15.962784767150879 4
      vertex 41.84432601928711 15.910826683044434 67
      vertex 41.84432601928711 15.910826683044434 4
    endloop
  endfacet
  facet normal -0.9995051797977336 0.0314546587566966 0
    outer loop
      vertex 38.5 15.375 4
      vertex 38.501976013183594 15.437789916992188 67
      vertex 38.501976013183594 15.437789916992188 4
    endloop
  endfacet
  facet normal -0.9995051797977336 0.0314546587566966 0
    outer loop
      vertex 38.501976013183594 15.437789916992188 67
      vertex 38.5 15.375 4
      vertex 38.5 15.375 67
    endloop
  endfacet
  facet normal 0.7071067811865475 0.7071067811865475 0
    outer loop
      vertex 41.72896957397461 16.059547424316406 67
      vertex 41.684547424316406 16.10396957397461 4
      vertex 41.684547424316406 16.10396957397461 67
    endloop
  endfacet
  facet normal 0.7071067811865475 0.7071067811865475 0
    outer loop
      vertex 41.684547424316406 16.10396957397461 4
      vertex 41.72896957397461 16.059547424316406 67
      vertex 41.72896957397461 16.059547424316406 4
    endloop
  endfacet
  facet normal -0.790146883053641 0.6129175337683005 0
    outer loop
      vertex 38.690982818603516 15.962784767150879 4
      vertex 38.729488372802734 16.01242446899414 67
      vertex 38.729488372802734 16.01242446899414 4
    endloop
  endfacet
  facet normal -0.790146883053641 0.6129175337683005 0
    outer loop
      vertex 38.729488372802734 16.01242446899414 67
      vertex 38.690982818603516 15.962784767150879 4
      vertex 38.690982818603516 15.962784767150879 67
    endloop
  endfacet
  facet normal 0.6129101821154981 0.7901525856814916 0
    outer loop
      vertex 41.63742446899414 16.145511627197266 4
      vertex 41.58778381347656 16.184017181396484 67
      vertex 41.63742446899414 16.145511627197266 67
    endloop
  endfacet
  facet normal 0.6129101821154981 0.7901525856814916 0
    outer loop
      vertex 41.58778381347656 16.184017181396484 67
      vertex 41.63742446899414 16.145511627197266 4
      vertex 41.58778381347656 16.184017181396484 4
    endloop
  endfacet
  facet normal 0.9177613462719036 0.3971323599118849 0
    outer loop
      vertex 41.92977523803711 15.743124008178711 67
      vertex 41.90482711791992 15.80077838897705 4
      vertex 41.90482711791992 15.80077838897705 67
    endloop
  endfacet
  facet normal 0.9177613462719036 0.3971323599118849 0
    outer loop
      vertex 41.90482711791992 15.80077838897705 4
      vertex 41.92977523803711 15.743124008178711 67
      vertex 41.92977523803711 15.743124008178711 4
    endloop
  endfacet
  facet normal 0.9759227307595171 0.21811653671119732 0
    outer loop
      vertex 41.98228454589844 15.56238079071045 67
      vertex 41.96858215332031 15.623689651489258 4
      vertex 41.96858215332031 15.623689651489258 67
    endloop
  endfacet
  facet normal 0.9759227307595171 0.21811653671119732 0
    outer loop
      vertex 41.96858215332031 15.623689651489258 4
      vertex 41.98228454589844 15.56238079071045 67
      vertex 41.98228454589844 15.56238079071045 4
    endloop
  endfacet
  facet normal 0.661290186636757 0.7501301814071496 0
    outer loop
      vertex 41.684547424316406 16.10396957397461 4
      vertex 41.63742446899414 16.145511627197266 67
      vertex 41.684547424316406 16.10396957397461 67
    endloop
  endfacet
  facet normal 0.661290186636757 0.7501301814071496 0
    outer loop
      vertex 41.63742446899414 16.145511627197266 67
      vertex 41.684547424316406 16.10396957397461 4
      vertex 41.63742446899414 16.145511627197266 4
    endloop
  endfacet
  facet normal -0.9177613462719036 0.3971323599118849 0
    outer loop
      vertex 38.57022476196289 15.743124008178711 4
      vertex 38.59517288208008 15.80077838897705 67
      vertex 38.59517288208008 15.80077838897705 4
    endloop
  endfacet
  facet normal -0.9177613462719036 0.3971323599118849 0
    outer loop
      vertex 38.59517288208008 15.80077838897705 67
      vertex 38.57022476196289 15.743124008178711 4
      vertex 38.57022476196289 15.743124008178711 67
    endloop
  endfacet
  facet normal -0.3971489596135805 0.9177541630948076 0
    outer loop
      vertex 39.131874084472656 16.30477523803711 4
      vertex 39.074222564697266 16.279827117919922 67
      vertex 39.131874084472656 16.30477523803711 67
    endloop
  endfacet
  facet normal -0.3971489596135805 0.9177541630948076 0
    outer loop
      vertex 39.074222564697266 16.279827117919922 67
      vertex 39.131874084472656 16.30477523803711 4
      vertex 39.074222564697266 16.279827117919922 4
    endloop
  endfacet
  facet normal -0.03142432711320473 0.9995061338808693 0
    outer loop
      vertex 39.5 16.375 4
      vertex 39.43721008300781 16.37302589416504 67
      vertex 39.5 16.375 67
    endloop
  endfacet
  facet normal -0.03142432711320473 0.9995061338808693 0
    outer loop
      vertex 39.43721008300781 16.37302589416504 67
      vertex 39.5 16.375 4
      vertex 39.43721008300781 16.37302589416504 4
    endloop
  endfacet
  facet normal 0.15644741933857026 0.9876862887487614 0
    outer loop
      vertex 41.187381744384766 16.35728645324707 4
      vertex 41.12533187866211 16.367115020751953 67
      vertex 41.187381744384766 16.35728645324707 67
    endloop
  endfacet
  facet normal 0.15644741933857026 0.9876862887487614 0
    outer loop
      vertex 41.12533187866211 16.367115020751953 67
      vertex 41.187381744384766 16.35728645324707 4
      vertex 41.12533187866211 16.367115020751953 4
    endloop
  endfacet
  facet normal 0.09409123303975477 0.9955635790169599 0
    outer loop
      vertex 41.12533187866211 16.367115020751953 4
      vertex 41.06278991699219 16.37302589416504 67
      vertex 41.12533187866211 16.367115020751953 67
    endloop
  endfacet
  facet normal 0.09409123303975477 0.9955635790169599 0
    outer loop
      vertex 41.06278991699219 16.37302589416504 67
      vertex 41.12533187866211 16.367115020751953 4
      vertex 41.06278991699219 16.37302589416504 4
    endloop
  endfacet
  facet normal 0.987680853592627 0.15648172879457747 0
    outer loop
      vertex 41.99211502075195 15.500332832336426 67
      vertex 41.98228454589844 15.56238079071045 4
      vertex 41.98228454589844 15.56238079071045 67
    endloop
  endfacet
  facet normal 0.987680853592627 0.15648172879457747 0
    outer loop
      vertex 41.98228454589844 15.56238079071045 4
      vertex 41.99211502075195 15.500332832336426 67
      vertex 41.99211502075195 15.500332832336426 4
    endloop
  endfacet
  facet normal -0.21815514931891686 0.9759141001264615 0
    outer loop
      vertex 39.312618255615234 16.35728645324707 4
      vertex 39.251312255859375 16.343582153320312 67
      vertex 39.312618255615234 16.35728645324707 67
    endloop
  endfacet
  facet normal -0.21815514931891686 0.9759141001264615 0
    outer loop
      vertex 39.251312255859375 16.343582153320312 67
      vertex 39.312618255615234 16.35728645324707 4
      vertex 39.251312255859375 16.343582153320312 4
    endloop
  endfacet
  facet normal -0.9603012396075132 0.27896510392569457 0
    outer loop
      vertex 38.53141784667969 15.623689651489258 4
      vertex 38.54894256591797 15.684016227722168 67
      vertex 38.54894256591797 15.684016227722168 4
    endloop
  endfacet
  facet normal -0.9603012396075132 0.27896510392569457 0
    outer loop
      vertex 38.54894256591797 15.684016227722168 67
      vertex 38.53141784667969 15.623689651489258 4
      vertex 38.53141784667969 15.623689651489258 67
    endloop
  endfacet
  facet normal -0.7071067811865475 0.7071067811865475 0
    outer loop
      vertex 38.77103042602539 16.059547424316406 4
      vertex 38.815452575683594 16.10396957397461 67
      vertex 38.815452575683594 16.10396957397461 4
    endloop
  endfacet
  facet normal -0.7071067811865475 0.7071067811865475 0
    outer loop
      vertex 38.815452575683594 16.10396957397461 67
      vertex 38.77103042602539 16.059547424316406 4
      vertex 38.77103042602539 16.059547424316406 67
    endloop
  endfacet
  facet normal -0.09409123303975477 0.9955635790169599 0
    outer loop
      vertex 39.43721008300781 16.37302589416504 4
      vertex 39.37466812133789 16.367115020751953 67
      vertex 39.43721008300781 16.37302589416504 67
    endloop
  endfacet
  facet normal -0.09409123303975477 0.9955635790169599 0
    outer loop
      vertex 39.37466812133789 16.367115020751953 67
      vertex 39.43721008300781 16.37302589416504 4
      vertex 39.37466812133789 16.367115020751953 4
    endloop
  endfacet
  facet normal -0.9759227307595171 0.21811653671119732 0
    outer loop
      vertex 38.51771545410156 15.56238079071045 4
      vertex 38.53141784667969 15.623689651489258 67
      vertex 38.53141784667969 15.623689651489258 4
    endloop
  endfacet
  facet normal -0.9759227307595171 0.21811653671119732 0
    outer loop
      vertex 38.53141784667969 15.623689651489258 67
      vertex 38.51771545410156 15.56238079071045 4
      vertex 38.51771545410156 15.56238079071045 67
    endloop
  endfacet
  facet normal -0.661290186636757 0.7501301814071496 0
    outer loop
      vertex 38.86257553100586 16.145511627197266 4
      vertex 38.815452575683594 16.10396957397461 67
      vertex 38.86257553100586 16.145511627197266 67
    endloop
  endfacet
  facet normal -0.661290186636757 0.7501301814071496 0
    outer loop
      vertex 38.815452575683594 16.10396957397461 67
      vertex 38.86257553100586 16.145511627197266 4
      vertex 38.815452575683594 16.10396957397461 4
    endloop
  endfacet
  facet normal -0.8607439328034021 0.5090381932057086 0
    outer loop
      vertex 38.623695373535156 15.8567533493042 4
      vertex 38.65567398071289 15.910826683044434 67
      vertex 38.65567398071289 15.910826683044434 4
    endloop
  endfacet
  facet normal -0.8607439328034021 0.5090381932057086 0
    outer loop
      vertex 38.65567398071289 15.910826683044434 67
      vertex 38.623695373535156 15.8567533493042 4
      vertex 38.623695373535156 15.8567533493042 67
    endloop
  endfacet
  facet normal 0.562077460777735 0.8270845954832273 0
    outer loop
      vertex 41.58778381347656 16.184017181396484 4
      vertex 41.53582763671875 16.21932601928711 67
      vertex 41.58778381347656 16.184017181396484 67
    endloop
  endfacet
  facet normal 0.562077460777735 0.8270845954832273 0
    outer loop
      vertex 41.53582763671875 16.21932601928711 67
      vertex 41.58778381347656 16.184017181396484 4
      vertex 41.53582763671875 16.21932601928711 4
    endloop
  endfacet
  facet normal -0.6129101821154981 0.7901525856814916 0
    outer loop
      vertex 38.91221618652344 16.184017181396484 4
      vertex 38.86257553100586 16.145511627197266 67
      vertex 38.91221618652344 16.184017181396484 67
    endloop
  endfacet
  facet normal -0.6129101821154981 0.7901525856814916 0
    outer loop
      vertex 38.86257553100586 16.145511627197266 67
      vertex 38.91221618652344 16.184017181396484 4
      vertex 38.86257553100586 16.145511627197266 4
    endloop
  endfacet
  facet normal -0.27895290393974514 0.9603047835888266 0
    outer loop
      vertex 39.251312255859375 16.343582153320312 4
      vertex 39.190982818603516 16.32605743408203 67
      vertex 39.251312255859375 16.343582153320312 67
    endloop
  endfacet
  facet normal -0.27895290393974514 0.9603047835888266 0
    outer loop
      vertex 39.190982818603516 16.32605743408203 67
      vertex 39.251312255859375 16.343582153320312 4
      vertex 39.190982818603516 16.32605743408203 4
    endloop
  endfacet
  facet normal -0.562077460777735 0.8270845954832273 0
    outer loop
      vertex 38.96417236328125 16.21932601928711 4
      vertex 38.91221618652344 16.184017181396484 67
      vertex 38.96417236328125 16.21932601928711 67
    endloop
  endfacet
  facet normal -0.562077460777735 0.8270845954832273 0
    outer loop
      vertex 38.91221618652344 16.184017181396484 67
      vertex 38.96417236328125 16.21932601928711 4
      vertex 38.91221618652344 16.184017181396484 4
    endloop
  endfacet
endsolid OpenSCAD_Model
