solid OpenSCAD_Model
  facet normal -0.3971378930060346 -0.9177589519796183 0
    outer loop
      vertex 30.324222564697266 38.59517288208008 6
      vertex 30.38187599182129 38.57022476196289 67
      vertex 30.324222564697266 38.59517288208008 67
    endloop
  endfacet
  facet normal -0.3971378930060346 -0.9177589519796183 0
    outer loop
      vertex 30.38187599182129 38.57022476196289 67
      vertex 30.324222564697266 38.59517288208008 6
      vertex 30.38187599182129 38.57022476196289 6
    endloop
  endfacet
  facet normal 0 1 0
    outer loop
      vertex 41 42 67
      vertex 30.75 42 6
      vertex 30.75 42 67
    endloop
  endfacet
  facet normal 0 1 0
    outer loop
      vertex 30.75 42 6
      vertex 41 42 0
      vertex 10.25 42 6
    endloop
  endfacet
  facet normal 0 1 0
    outer loop
      vertex 41 42 0
      vertex 30.75 42 6
      vertex 41 42 67
    endloop
  endfacet
  facet normal 0 1 0
    outer loop
      vertex 10.25 42 6
      vertex 0 42 67
      vertex 10.25 42 67
    endloop
  endfacet
  facet normal 0 1 0
    outer loop
      vertex 10.25 42 6
      vertex 0 42 0
      vertex 0 42 67
    endloop
  endfacet
  facet normal 0 1 0
    outer loop
      vertex 0 42 0
      vertex 10.25 42 6
      vertex 41 42 0
    endloop
  endfacet
  facet normal -0.2789610371501458 0.9603024209862823 0
    outer loop
      vertex 30.501310348510742 41.96858215332031 6
      vertex 30.440982818603516 41.95105743408203 67
      vertex 30.501310348510742 41.96858215332031 67
    endloop
  endfacet
  facet normal -0.2789610371501458 0.9603024209862823 0
    outer loop
      vertex 30.440982818603516 41.95105743408203 67
      vertex 30.501310348510742 41.96858215332031 6
      vertex 30.440982818603516 41.95105743408203 6
    endloop
  endfacet
  facet normal -1 0 0
    outer loop
      vertex 29.75 39.5 6
      vertex 29.75 41 67
      vertex 29.75 41 6
    endloop
  endfacet
  facet normal -1 0 0
    outer loop
      vertex 29.75 41 67
      vertex 29.75 39.5 6
      vertex 29.75 39.5 67
    endloop
  endfacet
  facet normal 0.5090381932057086 0.8607439328034021 0
    outer loop
      vertex 41.53582763671875 41.84432601928711 0
      vertex 41.481754302978516 41.876304626464844 67
      vertex 41.53582763671875 41.84432601928711 67
    endloop
  endfacet
  facet normal 0.5090381932057086 0.8607439328034021 0
    outer loop
      vertex 41.481754302978516 41.876304626464844 67
      vertex 41.53582763671875 41.84432601928711 0
      vertex 41.481754302978516 41.876304626464844 0
    endloop
  endfacet
  facet normal -0.0940611399039456 0.9955664226760415 0
    outer loop
      vertex 30.687210083007812 41.998023986816406 6
      vertex 30.62466812133789 41.99211502075195 67
      vertex 30.687210083007812 41.998023986816406 67
    endloop
  endfacet
  facet normal -0.0940611399039456 0.9955664226760415 0
    outer loop
      vertex 30.62466812133789 41.99211502075195 67
      vertex 30.687210083007812 41.998023986816406 6
      vertex 30.62466812133789 41.99211502075195 6
    endloop
  endfacet
  facet normal -0.9995061338808694 -0.03142432711320473 0
    outer loop
      vertex 29.75197410583496 39.43721008300781 6
      vertex 29.75 39.5 67
      vertex 29.75 39.5 6
    endloop
  endfacet
  facet normal -0.9995061338808694 -0.03142432711320473 0
    outer loop
      vertex 29.75 39.5 67
      vertex 29.75197410583496 39.43721008300781 6
      vertex 29.75197410583496 39.43721008300781 67
    endloop
  endfacet
  facet normal -0.661290186636757 0.7501301814071496 0
    outer loop
      vertex 30.11257553100586 41.770511627197266 6
      vertex 30.065452575683594 41.72896957397461 67
      vertex 30.11257553100586 41.770511627197266 67
    endloop
  endfacet
  facet normal -0.661290186636757 0.7501301814071496 0
    outer loop
      vertex 30.065452575683594 41.72896957397461 67
      vertex 30.11257553100586 41.770511627197266 6
      vertex 30.065452575683594 41.72896957397461 6
    endloop
  endfacet
  facet normal 0.0314546587566966 0.9995051797977337 0
    outer loop
      vertex 41.06278991699219 41.998023986816406 0
      vertex 41 42 67
      vertex 41.06278991699219 41.998023986816406 67
    endloop
  endfacet
  facet normal 0.0314546587566966 0.9995051797977337 0
    outer loop
      vertex 41 42 67
      vertex 41.06278991699219 41.998023986816406 0
      vertex 41 42 0
    endloop
  endfacet
  facet normal 0.2789529039397452 0.9603047835888268 0
    outer loop
      vertex 41.309017181396484 41.95105743408203 0
      vertex 41.248687744140625 41.96858215332031 67
      vertex 41.309017181396484 41.95105743408203 67
    endloop
  endfacet
  facet normal 0.2789529039397452 0.9603047835888268 0
    outer loop
      vertex 41.248687744140625 41.96858215332031 67
      vertex 41.309017181396484 41.95105743408203 0
      vertex 41.248687744140625 41.96858215332031 0
    endloop
  endfacet
  facet normal -0.3971378930060346 0.9177589519796183 0
    outer loop
      vertex 30.38187599182129 41.92977523803711 6
      vertex 30.324222564697266 41.90482711791992 67
      vertex 30.38187599182129 41.92977523803711 67
    endloop
  endfacet
  facet normal -0.3971378930060346 0.9177589519796183 0
    outer loop
      vertex 30.324222564697266 41.90482711791992 67
      vertex 30.38187599182129 41.92977523803711 6
      vertex 30.324222564697266 41.90482711791992 6
    endloop
  endfacet
  facet normal -0.6129101821154981 -0.7901525856814916 0
    outer loop
      vertex 30.11257553100586 38.729488372802734 6
      vertex 30.162216186523438 38.690982818603516 67
      vertex 30.11257553100586 38.729488372802734 67
    endloop
  endfacet
  facet normal -0.6129101821154981 -0.7901525856814916 0
    outer loop
      vertex 30.162216186523438 38.690982818603516 67
      vertex 30.11257553100586 38.729488372802734 6
      vertex 30.162216186523438 38.690982818603516 6
    endloop
  endfacet
  facet normal -0.7901525856814916 -0.6129101821154981 0
    outer loop
      vertex 29.979488372802734 38.86257553100586 6
      vertex 29.940982818603516 38.91221618652344 67
      vertex 29.940982818603516 38.91221618652344 6
    endloop
  endfacet
  facet normal -0.7901525856814916 -0.6129101821154981 0
    outer loop
      vertex 29.940982818603516 38.91221618652344 67
      vertex 29.979488372802734 38.86257553100586 6
      vertex 29.979488372802734 38.86257553100586 67
    endloop
  endfacet
  facet normal 0.45400127611709984 0.8910010332676639 0
    outer loop
      vertex 41.481754302978516 41.876304626464844 0
      vertex 41.425777435302734 41.90482711791992 67
      vertex 41.481754302978516 41.876304626464844 67
    endloop
  endfacet
  facet normal 0.45400127611709984 0.8910010332676639 0
    outer loop
      vertex 41.425777435302734 41.90482711791992 67
      vertex 41.481754302978516 41.876304626464844 0
      vertex 41.425777435302734 41.90482711791992 0
    endloop
  endfacet
  facet normal 0.9408719296106247 0.33876247146161187 0
    outer loop
      vertex 41.95105743408203 41.309017181396484 67
      vertex 41.92977523803711 41.368125915527344 0
      vertex 41.92977523803711 41.368125915527344 67
    endloop
  endfacet
  facet normal 0.9408719296106247 0.33876247146161187 0
    outer loop
      vertex 41.92977523803711 41.368125915527344 0
      vertex 41.95105743408203 41.309017181396484 67
      vertex 41.95105743408203 41.309017181396484 0
    endloop
  endfacet
  facet normal -0.9955635790169598 0.09409123303975477 0
    outer loop
      vertex 29.75197410583496 41.06278991699219 6
      vertex 29.757884979248047 41.12533187866211 67
      vertex 29.757884979248047 41.12533187866211 6
    endloop
  endfacet
  facet normal -0.9955635790169598 0.09409123303975477 0
    outer loop
      vertex 29.757884979248047 41.12533187866211 67
      vertex 29.75197410583496 41.06278991699219 6
      vertex 29.75197410583496 41.06278991699219 67
    endloop
  endfacet
  facet normal -0.0314546587566966 0.9995051797977337 0
    outer loop
      vertex 30.75 42 6
      vertex 30.687210083007812 41.998023986816406 67
      vertex 30.75 42 67
    endloop
  endfacet
  facet normal -0.0314546587566966 0.9995051797977337 0
    outer loop
      vertex 30.687210083007812 41.998023986816406 67
      vertex 30.75 42 6
      vertex 30.687210083007812 41.998023986816406 6
    endloop
  endfacet
  facet normal 0.0940611399039456 0.9955664226760415 0
    outer loop
      vertex 41.12533187866211 41.99211502075195 0
      vertex 41.06278991699219 41.998023986816406 67
      vertex 41.12533187866211 41.99211502075195 67
    endloop
  endfacet
  facet normal 0.0940611399039456 0.9955664226760415 0
    outer loop
      vertex 41.06278991699219 41.998023986816406 67
      vertex 41.12533187866211 41.99211502075195 0
      vertex 41.06278991699219 41.998023986816406 0
    endloop
  endfacet
  facet normal 0.7901525856814916 0.6129101821154981 0
    outer loop
      vertex 41.809017181396484 41.58778381347656 67
      vertex 41.770511627197266 41.63742446899414 0
      vertex 41.770511627197266 41.63742446899414 67
    endloop
  endfacet
  facet normal 0.7901525856814916 0.6129101821154981 0
    outer loop
      vertex 41.770511627197266 41.63742446899414 0
      vertex 41.809017181396484 41.58778381347656 67
      vertex 41.809017181396484 41.58778381347656 0
    endloop
  endfacet
  facet normal -0.7071067811865476 -0.7071067811865476 0
    outer loop
      vertex 30.065452575683594 38.77103042602539 6
      vertex 30.02103042602539 38.815452575683594 67
      vertex 30.02103042602539 38.815452575683594 6
    endloop
  endfacet
  facet normal -0.7071067811865476 -0.7071067811865476 0
    outer loop
      vertex 30.02103042602539 38.815452575683594 67
      vertex 30.065452575683594 38.77103042602539 6
      vertex 30.065452575683594 38.77103042602539 67
    endloop
  endfacet
  facet normal -0.4540012761170999 0.891001033267664 0
    outer loop
      vertex 30.324222564697266 41.90482711791992 6
      vertex 30.268245697021484 41.876304626464844 67
      vertex 30.324222564697266 41.90482711791992 67
    endloop
  endfacet
  facet normal -0.4540012761170999 0.891001033267664 0
    outer loop
      vertex 30.268245697021484 41.876304626464844 67
      vertex 30.324222564697266 41.90482711791992 6
      vertex 30.268245697021484 41.876304626464844 6
    endloop
  endfacet
  facet normal -0.5090381932057086 0.8607439328034021 0
    outer loop
      vertex 30.268245697021484 41.876304626464844 6
      vertex 30.21417236328125 41.84432601928711 67
      vertex 30.268245697021484 41.876304626464844 67
    endloop
  endfacet
  facet normal -0.5090381932057086 0.8607439328034021 0
    outer loop
      vertex 30.21417236328125 41.84432601928711 67
      vertex 30.268245697021484 41.876304626464844 6
      vertex 30.21417236328125 41.84432601928711 6
    endloop
  endfacet
  facet normal -0.33877214858640814 0.9408684452898549 0
    outer loop
      vertex 30.440982818603516 41.95105743408203 6
      vertex 30.38187599182129 41.92977523803711 67
      vertex 30.440982818603516 41.95105743408203 67
    endloop
  endfacet
  facet normal -0.33877214858640814 0.9408684452898549 0
    outer loop
      vertex 30.38187599182129 41.92977523803711 67
      vertex 30.440982818603516 41.95105743408203 6
      vertex 30.38187599182129 41.92977523803711 6
    endloop
  endfacet
  facet normal 0.15647703648527073 0.9876815970001604 0
    outer loop
      vertex 41.187381744384766 41.98228454589844 0
      vertex 41.12533187866211 41.99211502075195 67
      vertex 41.187381744384766 41.98228454589844 67
    endloop
  endfacet
  facet normal 0.15647703648527073 0.9876815970001604 0
    outer loop
      vertex 41.12533187866211 41.99211502075195 67
      vertex 41.187381744384766 41.98228454589844 0
      vertex 41.12533187866211 41.99211502075195 0
    endloop
  endfacet
  facet normal -0.1564770364852707 0.9876815970001604 0
    outer loop
      vertex 30.62466812133789 41.99211502075195 6
      vertex 30.562618255615234 41.98228454589844 67
      vertex 30.62466812133789 41.99211502075195 67
    endloop
  endfacet
  facet normal -0.1564770364852707 0.9876815970001604 0
    outer loop
      vertex 30.562618255615234 41.98228454589844 67
      vertex 30.62466812133789 41.99211502075195 6
      vertex 30.562618255615234 41.98228454589844 6
    endloop
  endfacet
  facet normal -0.562077460777735 0.8270845954832272 0
    outer loop
      vertex 30.21417236328125 41.84432601928711 6
      vertex 30.162216186523438 41.809017181396484 67
      vertex 30.21417236328125 41.84432601928711 67
    endloop
  endfacet
  facet normal -0.562077460777735 0.8270845954832272 0
    outer loop
      vertex 30.162216186523438 41.809017181396484 67
      vertex 30.21417236328125 41.84432601928711 6
      vertex 30.162216186523438 41.809017181396484 6
    endloop
  endfacet
  facet normal 0.9995051797977337 0.0314546587566966 0
    outer loop
      vertex 42 41 67
      vertex 41.998023986816406 41.06278991699219 0
      vertex 41.998023986816406 41.06278991699219 67
    endloop
  endfacet
  facet normal 0.9995051797977337 0.0314546587566966 0
    outer loop
      vertex 41.998023986816406 41.06278991699219 0
      vertex 42 41 67
      vertex 42 41 0
    endloop
  endfacet
  facet normal -0.21811976819939613 0.9759220085235509 0
    outer loop
      vertex 30.562618255615234 41.98228454589844 6
      vertex 30.501310348510742 41.96858215332031 67
      vertex 30.562618255615234 41.98228454589844 67
    endloop
  endfacet
  facet normal -0.21811976819939613 0.9759220085235509 0
    outer loop
      vertex 30.501310348510742 41.96858215332031 67
      vertex 30.562618255615234 41.98228454589844 6
      vertex 30.501310348510742 41.96858215332031 6
    endloop
  endfacet
  facet normal 0.7071067811865476 0.7071067811865476 0
    outer loop
      vertex 41.72896957397461 41.684547424316406 67
      vertex 41.684547424316406 41.72896957397461 0
      vertex 41.684547424316406 41.72896957397461 67
    endloop
  endfacet
  facet normal 0.7071067811865476 0.7071067811865476 0
    outer loop
      vertex 41.684547424316406 41.72896957397461 0
      vertex 41.72896957397461 41.684547424316406 67
      vertex 41.72896957397461 41.684547424316406 0
    endloop
  endfacet
  facet normal 0.9876815970001604 0.15647703648527073 0
    outer loop
      vertex 41.99211502075195 41.12533187866211 67
      vertex 41.98228454589844 41.187381744384766 0
      vertex 41.98228454589844 41.187381744384766 67
    endloop
  endfacet
  facet normal 0.9876815970001604 0.15647703648527073 0
    outer loop
      vertex 41.98228454589844 41.187381744384766 0
      vertex 41.99211502075195 41.12533187866211 67
      vertex 41.99211502075195 41.12533187866211 0
    endloop
  endfacet
  facet normal -0.33877214858640814 -0.9408684452898549 0
    outer loop
      vertex 30.38187599182129 38.57022476196289 6
      vertex 30.440982818603516 38.54894256591797 67
      vertex 30.38187599182129 38.57022476196289 67
    endloop
  endfacet
  facet normal -0.33877214858640814 -0.9408684452898549 0
    outer loop
      vertex 30.440982818603516 38.54894256591797 67
      vertex 30.38187599182129 38.57022476196289 6
      vertex 30.440982818603516 38.54894256591797 6
    endloop
  endfacet
  facet normal -0.9177541630948076 0.3971489596135805 0
    outer loop
      vertex 29.82022476196289 41.368125915527344 6
      vertex 29.845172882080078 41.425777435302734 67
      vertex 29.845172882080078 41.425777435302734 6
    endloop
  endfacet
  facet normal -0.9177541630948076 0.3971489596135805 0
    outer loop
      vertex 29.845172882080078 41.425777435302734 67
      vertex 29.82022476196289 41.368125915527344 6
      vertex 29.82022476196289 41.368125915527344 67
    endloop
  endfacet
  facet normal 0.21812623145588217 0.9759205639553125 0
    outer loop
      vertex 41.248687744140625 41.96858215332031 0
      vertex 41.187381744384766 41.98228454589844 67
      vertex 41.248687744140625 41.96858215332031 67
    endloop
  endfacet
  facet normal 0.21812623145588217 0.9759205639553125 0
    outer loop
      vertex 41.187381744384766 41.98228454589844 67
      vertex 41.248687744140625 41.96858215332031 0
      vertex 41.187381744384766 41.98228454589844 0
    endloop
  endfacet
  facet normal -0.9603047835888268 -0.27895290393974514 0
    outer loop
      vertex 29.79894256591797 39.190982818603516 6
      vertex 29.781417846679688 39.251312255859375 67
      vertex 29.781417846679688 39.251312255859375 6
    endloop
  endfacet
  facet normal -0.9603047835888268 -0.27895290393974514 0
    outer loop
      vertex 29.781417846679688 39.251312255859375 67
      vertex 29.79894256591797 39.190982818603516 6
      vertex 29.79894256591797 39.190982818603516 67
    endloop
  endfacet
  facet normal -0.9759141001264614 -0.21815514931891686 0
    outer loop
      vertex 29.781417846679688 39.251312255859375 6
      vertex 29.76771354675293 39.312618255615234 67
      vertex 29.76771354675293 39.312618255615234 6
    endloop
  endfacet
  facet normal -0.9759141001264614 -0.21815514931891686 0
    outer loop
      vertex 29.76771354675293 39.312618255615234 67
      vertex 29.781417846679688 39.251312255859375 6
      vertex 29.781417846679688 39.251312255859375 67
    endloop
  endfacet
  facet normal 0.562077460777735 0.8270845954832272 0
    outer loop
      vertex 41.58778381347656 41.809017181396484 0
      vertex 41.53582763671875 41.84432601928711 67
      vertex 41.58778381347656 41.809017181396484 67
    endloop
  endfacet
  facet normal 0.562077460777735 0.8270845954832272 0
    outer loop
      vertex 41.53582763671875 41.84432601928711 67
      vertex 41.58778381347656 41.809017181396484 0
      vertex 41.53582763671875 41.84432601928711 0
    endloop
  endfacet
  facet normal 0 -1 0
    outer loop
      vertex 30.75 38.5 6
      vertex 38.5 38.5 67
      vertex 30.75 38.5 67
    endloop
  endfacet
  facet normal 0 -1 0
    outer loop
      vertex 38.5 38.5 67
      vertex 30.75 38.5 6
      vertex 38.5 38.5 6
    endloop
  endfacet
  facet normal -0.7071067811865476 0.7071067811865476 0
    outer loop
      vertex 30.02103042602539 41.684547424316406 6
      vertex 30.065452575683594 41.72896957397461 67
      vertex 30.065452575683594 41.72896957397461 6
    endloop
  endfacet
  facet normal -0.7071067811865476 0.7071067811865476 0
    outer loop
      vertex 30.065452575683594 41.72896957397461 67
      vertex 30.02103042602539 41.684547424316406 6
      vertex 30.02103042602539 41.684547424316406 67
    endloop
  endfacet
  facet normal -0.9955635790169598 -0.09409123303975477 0
    outer loop
      vertex 29.757884979248047 39.37466812133789 6
      vertex 29.75197410583496 39.43721008300781 67
      vertex 29.75197410583496 39.43721008300781 6
    endloop
  endfacet
  facet normal -0.9955635790169598 -0.09409123303975477 0
    outer loop
      vertex 29.75197410583496 39.43721008300781 67
      vertex 29.757884979248047 39.37466812133789 6
      vertex 29.757884979248047 39.37466812133789 67
    endloop
  endfacet
  facet normal 0.9955664226760415 0.0940611399039456 0
    outer loop
      vertex 41.998023986816406 41.06278991699219 67
      vertex 41.99211502075195 41.12533187866211 0
      vertex 41.99211502075195 41.12533187866211 67
    endloop
  endfacet
  facet normal 0.9955664226760415 0.0940611399039456 0
    outer loop
      vertex 41.99211502075195 41.12533187866211 0
      vertex 41.998023986816406 41.06278991699219 67
      vertex 41.998023986816406 41.06278991699219 0
    endloop
  endfacet
  facet normal -0.9408719296106248 0.33876247146161187 0
    outer loop
      vertex 29.79894256591797 41.309017181396484 6
      vertex 29.82022476196289 41.368125915527344 67
      vertex 29.82022476196289 41.368125915527344 6
    endloop
  endfacet
  facet normal -0.9408719296106248 0.33876247146161187 0
    outer loop
      vertex 29.82022476196289 41.368125915527344 67
      vertex 29.79894256591797 41.309017181396484 6
      vertex 29.79894256591797 41.309017181396484 67
    endloop
  endfacet
  facet normal -0.1564770364852707 -0.9876815970001604 0
    outer loop
      vertex 30.562618255615234 38.51771545410156 6
      vertex 30.62466812133789 38.50788497924805 67
      vertex 30.562618255615234 38.51771545410156 67
    endloop
  endfacet
  facet normal -0.1564770364852707 -0.9876815970001604 0
    outer loop
      vertex 30.62466812133789 38.50788497924805 67
      vertex 30.562618255615234 38.51771545410156 6
      vertex 30.62466812133789 38.50788497924805 6
    endloop
  endfacet
  facet normal -0.8270845954832272 -0.562077460777735 0
    outer loop
      vertex 29.940982818603516 38.91221618652344 6
      vertex 29.90567398071289 38.96417236328125 67
      vertex 29.90567398071289 38.96417236328125 6
    endloop
  endfacet
  facet normal -0.8270845954832272 -0.562077460777735 0
    outer loop
      vertex 29.90567398071289 38.96417236328125 67
      vertex 29.940982818603516 38.91221618652344 6
      vertex 29.940982818603516 38.91221618652344 67
    endloop
  endfacet
  facet normal -0.8607306298481877 -0.5090606867959282 0
    outer loop
      vertex 29.90567398071289 38.96417236328125 6
      vertex 29.873693466186523 39.018245697021484 67
      vertex 29.873693466186523 39.018245697021484 6
    endloop
  endfacet
  facet normal -0.8607306298481877 -0.5090606867959282 0
    outer loop
      vertex 29.873693466186523 39.018245697021484 67
      vertex 29.90567398071289 38.96417236328125 6
      vertex 29.90567398071289 38.96417236328125 67
    endloop
  endfacet
  facet normal -0.9408719296106248 -0.33876247146161187 0
    outer loop
      vertex 29.82022476196289 39.131874084472656 6
      vertex 29.79894256591797 39.190982818603516 67
      vertex 29.79894256591797 39.190982818603516 6
    endloop
  endfacet
  facet normal -0.9408719296106248 -0.33876247146161187 0
    outer loop
      vertex 29.79894256591797 39.190982818603516 67
      vertex 29.82022476196289 39.131874084472656 6
      vertex 29.82022476196289 39.131874084472656 67
    endloop
  endfacet
  facet normal -0.9876862887487613 0.15644741933857023 0
    outer loop
      vertex 29.757884979248047 41.12533187866211 6
      vertex 29.76771354675293 41.187381744384766 67
      vertex 29.76771354675293 41.187381744384766 6
    endloop
  endfacet
  facet normal -0.9876862887487613 0.15644741933857023 0
    outer loop
      vertex 29.76771354675293 41.187381744384766 67
      vertex 29.757884979248047 41.12533187866211 6
      vertex 29.757884979248047 41.12533187866211 67
    endloop
  endfacet
  facet normal -0.8910133141462051 -0.45397717345059985 0
    outer loop
      vertex 29.873693466186523 39.018245697021484 6
      vertex 29.845172882080078 39.074222564697266 67
      vertex 29.845172882080078 39.074222564697266 6
    endloop
  endfacet
  facet normal -0.8910133141462051 -0.45397717345059985 0
    outer loop
      vertex 29.845172882080078 39.074222564697266 67
      vertex 29.873693466186523 39.018245697021484 6
      vertex 29.873693466186523 39.018245697021484 67
    endloop
  endfacet
  facet normal -0.9995061338808694 0.03142432711320473 0
    outer loop
      vertex 29.75 41 6
      vertex 29.75197410583496 41.06278991699219 67
      vertex 29.75197410583496 41.06278991699219 6
    endloop
  endfacet
  facet normal -0.9995061338808694 0.03142432711320473 0
    outer loop
      vertex 29.75197410583496 41.06278991699219 67
      vertex 29.75 41 6
      vertex 29.75 41 67
    endloop
  endfacet
  facet normal -0.562077460777735 -0.8270845954832272 0
    outer loop
      vertex 30.162216186523438 38.690982818603516 6
      vertex 30.21417236328125 38.65567398071289 67
      vertex 30.162216186523438 38.690982818603516 67
    endloop
  endfacet
  facet normal -0.562077460777735 -0.8270845954832272 0
    outer loop
      vertex 30.21417236328125 38.65567398071289 67
      vertex 30.162216186523438 38.690982818603516 6
      vertex 30.21417236328125 38.65567398071289 6
    endloop
  endfacet
  facet normal 0.8270845954832272 0.562077460777735 0
    outer loop
      vertex 41.84432601928711 41.53582763671875 67
      vertex 41.809017181396484 41.58778381347656 0
      vertex 41.809017181396484 41.58778381347656 67
    endloop
  endfacet
  facet normal 0.8270845954832272 0.562077460777735 0
    outer loop
      vertex 41.809017181396484 41.58778381347656 0
      vertex 41.84432601928711 41.53582763671875 67
      vertex 41.84432601928711 41.53582763671875 0
    endloop
  endfacet
  facet normal 0.9603047835888268 0.2789529039397452 0
    outer loop
      vertex 41.96858215332031 41.248687744140625 67
      vertex 41.95105743408203 41.309017181396484 0
      vertex 41.95105743408203 41.309017181396484 67
    endloop
  endfacet
  facet normal 0.9603047835888268 0.2789529039397452 0
    outer loop
      vertex 41.95105743408203 41.309017181396484 0
      vertex 41.96858215332031 41.248687744140625 67
      vertex 41.96858215332031 41.248687744140625 0
    endloop
  endfacet
  facet normal -0.661290186636757 -0.7501301814071496 0
    outer loop
      vertex 30.065452575683594 38.77103042602539 6
      vertex 30.11257553100586 38.729488372802734 67
      vertex 30.065452575683594 38.77103042602539 67
    endloop
  endfacet
  facet normal -0.661290186636757 -0.7501301814071496 0
    outer loop
      vertex 30.11257553100586 38.729488372802734 67
      vertex 30.065452575683594 38.77103042602539 6
      vertex 30.11257553100586 38.729488372802734 6
    endloop
  endfacet
  facet normal -0.8910133141462051 0.45397717345059985 0
    outer loop
      vertex 29.845172882080078 41.425777435302734 6
      vertex 29.873693466186523 41.481754302978516 67
      vertex 29.873693466186523 41.481754302978516 6
    endloop
  endfacet
  facet normal -0.8910133141462051 0.45397717345059985 0
    outer loop
      vertex 29.873693466186523 41.481754302978516 67
      vertex 29.845172882080078 41.425777435302734 6
      vertex 29.845172882080078 41.425777435302734 67
    endloop
  endfacet
  facet normal 0.8607439328034021 0.5090381932057086 0
    outer loop
      vertex 41.876304626464844 41.481754302978516 67
      vertex 41.84432601928711 41.53582763671875 0
      vertex 41.84432601928711 41.53582763671875 67
    endloop
  endfacet
  facet normal 0.8607439328034021 0.5090381932057086 0
    outer loop
      vertex 41.84432601928711 41.53582763671875 0
      vertex 41.876304626464844 41.481754302978516 67
      vertex 41.876304626464844 41.481754302978516 0
    endloop
  endfacet
  facet normal 1 0 0
    outer loop
      vertex 42 10.25 67
      vertex 42 0 67
      vertex 42 10.25 6
    endloop
  endfacet
  facet normal 1 0 0
    outer loop
      vertex 42 30.75 6
      vertex 42 41 67
      vertex 42 30.75 67
    endloop
  endfacet
  facet normal 1 0 0
    outer loop
      vertex 42 41 67
      vertex 42 30.75 6
      vertex 42 41 0
    endloop
  endfacet
  facet normal 1 0 0
    outer loop
      vertex 42 10.25 6
      vertex 42 41 0
      vertex 42 30.75 6
    endloop
  endfacet
  facet normal 1 0 0
    outer loop
      vertex 42 10.25 6
      vertex 42 0 0
      vertex 42 41 0
    endloop
  endfacet
  facet normal 1 0 0
    outer loop
      vertex 42 0 0
      vertex 42 10.25 6
      vertex 42 0 67
    endloop
  endfacet
  facet normal 0.661290186636757 0.7501301814071496 0
    outer loop
      vertex 41.684547424316406 41.72896957397461 0
      vertex 41.63742446899414 41.770511627197266 67
      vertex 41.684547424316406 41.72896957397461 67
    endloop
  endfacet
  facet normal 0.661290186636757 0.7501301814071496 0
    outer loop
      vertex 41.63742446899414 41.770511627197266 67
      vertex 41.684547424316406 41.72896957397461 0
      vertex 41.63742446899414 41.770511627197266 0
    endloop
  endfacet
  facet normal -0.9876862887487613 -0.15644741933857023 0
    outer loop
      vertex 29.76771354675293 39.312618255615234 6
      vertex 29.757884979248047 39.37466812133789 67
      vertex 29.757884979248047 39.37466812133789 6
    endloop
  endfacet
  facet normal -0.9876862887487613 -0.15644741933857023 0
    outer loop
      vertex 29.757884979248047 39.37466812133789 67
      vertex 29.76771354675293 39.312618255615234 6
      vertex 29.76771354675293 39.312618255615234 67
    endloop
  endfacet
  facet normal -0.0314546587566966 -0.9995051797977337 0
    outer loop
      vertex 30.687210083007812 38.501976013183594 6
      vertex 30.75 38.5 67
      vertex 30.687210083007812 38.501976013183594 67
    endloop
  endfacet
  facet normal -0.0314546587566966 -0.9995051797977337 0
    outer loop
      vertex 30.75 38.5 67
      vertex 30.687210083007812 38.501976013183594 6
      vertex 30.75 38.5 6
    endloop
  endfacet
  facet normal -0.0940611399039456 -0.9955664226760415 0
    outer loop
      vertex 30.62466812133789 38.50788497924805 6
      vertex 30.687210083007812 38.501976013183594 67
      vertex 30.62466812133789 38.50788497924805 67
    endloop
  endfacet
  facet normal -0.0940611399039456 -0.9955664226760415 0
    outer loop
      vertex 30.687210083007812 38.501976013183594 67
      vertex 30.62466812133789 38.50788497924805 6
      vertex 30.687210083007812 38.501976013183594 6
    endloop
  endfacet
  facet normal -0.8270845954832272 0.562077460777735 0
    outer loop
      vertex 29.90567398071289 41.53582763671875 6
      vertex 29.940982818603516 41.58778381347656 67
      vertex 29.940982818603516 41.58778381347656 6
    endloop
  endfacet
  facet normal -0.8270845954832272 0.562077460777735 0
    outer loop
      vertex 29.940982818603516 41.58778381347656 67
      vertex 29.90567398071289 41.53582763671875 6
      vertex 29.90567398071289 41.53582763671875 67
    endloop
  endfacet
  facet normal 0.33876247146161187 0.9408719296106247 0
    outer loop
      vertex 41.368125915527344 41.92977523803711 0
      vertex 41.309017181396484 41.95105743408203 67
      vertex 41.368125915527344 41.92977523803711 67
    endloop
  endfacet
  facet normal 0.33876247146161187 0.9408719296106247 0
    outer loop
      vertex 41.309017181396484 41.95105743408203 67
      vertex 41.368125915527344 41.92977523803711 0
      vertex 41.309017181396484 41.95105743408203 0
    endloop
  endfacet
  facet normal -0.2789610371501458 -0.9603024209862823 0
    outer loop
      vertex 30.440982818603516 38.54894256591797 6
      vertex 30.501310348510742 38.53141784667969 67
      vertex 30.440982818603516 38.54894256591797 67
    endloop
  endfacet
  facet normal -0.2789610371501458 -0.9603024209862823 0
    outer loop
      vertex 30.501310348510742 38.53141784667969 67
      vertex 30.440982818603516 38.54894256591797 6
      vertex 30.501310348510742 38.53141784667969 6
    endloop
  endfacet
  facet normal 0.7501301814071496 0.661290186636757 0
    outer loop
      vertex 41.770511627197266 41.63742446899414 67
      vertex 41.72896957397461 41.684547424316406 0
      vertex 41.72896957397461 41.684547424316406 67
    endloop
  endfacet
  facet normal 0.7501301814071496 0.661290186636757 0
    outer loop
      vertex 41.72896957397461 41.684547424316406 0
      vertex 41.770511627197266 41.63742446899414 67
      vertex 41.770511627197266 41.63742446899414 0
    endloop
  endfacet
  facet normal 0.39714895961358043 0.9177541630948075 0
    outer loop
      vertex 41.425777435302734 41.90482711791992 0
      vertex 41.368125915527344 41.92977523803711 67
      vertex 41.425777435302734 41.90482711791992 67
    endloop
  endfacet
  facet normal 0.39714895961358043 0.9177541630948075 0
    outer loop
      vertex 41.368125915527344 41.92977523803711 67
      vertex 41.425777435302734 41.90482711791992 0
      vertex 41.368125915527344 41.92977523803711 0
    endloop
  endfacet
  facet normal -0.9603047835888268 0.27895290393974514 0
    outer loop
      vertex 29.781417846679688 41.248687744140625 6
      vertex 29.79894256591797 41.309017181396484 67
      vertex 29.79894256591797 41.309017181396484 6
    endloop
  endfacet
  facet normal -0.9603047835888268 0.27895290393974514 0
    outer loop
      vertex 29.79894256591797 41.309017181396484 67
      vertex 29.781417846679688 41.248687744140625 6
      vertex 29.781417846679688 41.248687744140625 67
    endloop
  endfacet
  facet normal 0.9759205639553125 0.21812623145588217 0
    outer loop
      vertex 41.98228454589844 41.187381744384766 67
      vertex 41.96858215332031 41.248687744140625 0
      vertex 41.96858215332031 41.248687744140625 67
    endloop
  endfacet
  facet normal 0.9759205639553125 0.21812623145588217 0
    outer loop
      vertex 41.96858215332031 41.248687744140625 0
      vertex 41.98228454589844 41.187381744384766 67
      vertex 41.98228454589844 41.187381744384766 0
    endloop
  endfacet
  facet normal -0.9759141001264614 0.21815514931891686 0
    outer loop
      vertex 29.76771354675293 41.187381744384766 6
      vertex 29.781417846679688 41.248687744140625 67
      vertex 29.781417846679688 41.248687744140625 6
    endloop
  endfacet
  facet normal -0.9759141001264614 0.21815514931891686 0
    outer loop
      vertex 29.781417846679688 41.248687744140625 67
      vertex 29.76771354675293 41.187381744384766 6
      vertex 29.76771354675293 41.187381744384766 67
    endloop
  endfacet
  facet normal -0.7501301814071496 0.661290186636757 0
    outer loop
      vertex 29.979488372802734 41.63742446899414 6
      vertex 30.02103042602539 41.684547424316406 67
      vertex 30.02103042602539 41.684547424316406 6
    endloop
  endfacet
  facet normal -0.7501301814071496 0.661290186636757 0
    outer loop
      vertex 30.02103042602539 41.684547424316406 67
      vertex 29.979488372802734 41.63742446899414 6
      vertex 29.979488372802734 41.63742446899414 67
    endloop
  endfacet
  facet normal 0 0 1
    outer loop
      vertex 41 42 67
      vertex 42 41 67
      vertex 41.998023986816406 41.06278991699219 67
    endloop
  endfacet
  facet normal 0 0 1
    outer loop
      vertex 42 41 67
      vertex 38.5 38.5 67
      vertex 42 30.75 67
    endloop
  endfacet
  facet normal 0 0 1
    outer loop
      vertex 41 42 67
      vertex 41.998023986816406 41.06278991699219 67
      vertex 41.99211502075195 41.12533187866211 67
    endloop
  endfacet
  facet normal 0 0 1
    outer loop
      vertex 38.5 30.75 67
      vertex 42 30.75 67
      vertex 38.5 38.5 67
    endloop
  endfacet
  facet normal 0 0 1
    outer loop
      vertex 41 42 67
      vertex 41.99211502075195 41.12533187866211 67
      vertex 41.98228454589844 41.187381744384766 67
    endloop
  endfacet
  facet normal 0 0 1
    outer loop
      vertex 41 29.75 67
      vertex 42 30.75 67
      vertex 38.5 30.75 67
    endloop
  endfacet
  facet normal 0 0 1
    outer loop
      vertex 41 42 67
      vertex 41.98228454589844 41.187381744384766 67
      vertex 41.96858215332031 41.248687744140625 67
    endloop
  endfacet
  facet normal 0 0 1
    outer loop
      vertex 42 30.75 67
      vertex 41 29.75 67
      vertex 41.998023986816406 30.687210083007812 67
    endloop
  endfacet
  facet normal 0 0 1
    outer loop
      vertex 41 42 67
      vertex 41.96858215332031 41.248687744140625 67
      vertex 41.95105743408203 41.309017181396484 67
    endloop
  endfacet
  facet normal 0 0 1
    outer loop
      vertex 41.998023986816406 30.687210083007812 67
      vertex 41 29.75 67
      vertex 41.99211502075195 30.62466812133789 67
    endloop
  endfacet
  facet normal 0 0 1
    outer loop
      vertex 41 42 67
      vertex 41.95105743408203 41.309017181396484 67
      vertex 41.92977523803711 41.368125915527344 67
    endloop
  endfacet
  facet normal 0 0 1
    outer loop
      vertex 41.99211502075195 30.62466812133789 67
      vertex 41 29.75 67
      vertex 41.98228454589844 30.562618255615234 67
    endloop
  endfacet
  facet normal 0 0 1
    outer loop
      vertex 41 42 67
      vertex 41.92977523803711 41.368125915527344 67
      vertex 41.90482711791992 41.425777435302734 67
    endloop
  endfacet
  facet normal 0 0 1
    outer loop
      vertex 41.98228454589844 30.562618255615234 67
      vertex 41 29.75 67
      vertex 41.96858215332031 30.501310348510742 67
    endloop
  endfacet
  facet normal 0 0 1
    outer loop
      vertex 41 42 67
      vertex 41.90482711791992 41.425777435302734 67
      vertex 41.876304626464844 41.481754302978516 67
    endloop
  endfacet
  facet normal 0 0 1
    outer loop
      vertex 41.96858215332031 30.501310348510742 67
      vertex 41 29.75 67
      vertex 41.95105743408203 30.440982818603516 67
    endloop
  endfacet
  facet normal 0 0 1
    outer loop
      vertex 41 42 67
      vertex 41.876304626464844 41.481754302978516 67
      vertex 41.84432601928711 41.53582763671875 67
    endloop
  endfacet
  facet normal 0 0 1
    outer loop
      vertex 41.95105743408203 30.440982818603516 67
      vertex 41 29.75 67
      vertex 41.92977523803711 30.38187599182129 67
    endloop
  endfacet
  facet normal 0 0 1
    outer loop
      vertex 41 42 67
      vertex 41.84432601928711 41.53582763671875 67
      vertex 41.809017181396484 41.58778381347656 67
    endloop
  endfacet
  facet normal 0 0 1
    outer loop
      vertex 41.92977523803711 30.38187599182129 67
      vertex 41 29.75 67
      vertex 41.90482711791992 30.324222564697266 67
    endloop
  endfacet
  facet normal 0 0 1
    outer loop
      vertex 41 42 67
      vertex 41.809017181396484 41.58778381347656 67
      vertex 41.770511627197266 41.63742446899414 67
    endloop
  endfacet
  facet normal 0 0 1
    outer loop
      vertex 41.90482711791992 30.324222564697266 67
      vertex 41 29.75 67
      vertex 41.876304626464844 30.268245697021484 67
    endloop
  endfacet
  facet normal 0 0 1
    outer loop
      vertex 41 42 67
      vertex 41.770511627197266 41.63742446899414 67
      vertex 41.72896957397461 41.684547424316406 67
    endloop
  endfacet
  facet normal 0 0 1
    outer loop
      vertex 41.876304626464844 30.268245697021484 67
      vertex 41 29.75 67
      vertex 41.84432601928711 30.21417236328125 67
    endloop
  endfacet
  facet normal 0 0 1
    outer loop
      vertex 41 42 67
      vertex 41.72896957397461 41.684547424316406 67
      vertex 41.684547424316406 41.72896957397461 67
    endloop
  endfacet
  facet normal 0 0 1
    outer loop
      vertex 41.84432601928711 30.21417236328125 67
      vertex 41 29.75 67
      vertex 41.809017181396484 30.162216186523438 67
    endloop
  endfacet
  facet normal 0 0 1
    outer loop
      vertex 41 42 67
      vertex 41.684547424316406 41.72896957397461 67
      vertex 41.63742446899414 41.770511627197266 67
    endloop
  endfacet
  facet normal 0 0 1
    outer loop
      vertex 41.809017181396484 30.162216186523438 67
      vertex 41 29.75 67
      vertex 41.770511627197266 30.11257553100586 67
    endloop
  endfacet
  facet normal 0 0 1
    outer loop
      vertex 41 42 67
      vertex 41.63742446899414 41.770511627197266 67
      vertex 41.58778381347656 41.809017181396484 67
    endloop
  endfacet
  facet normal 0 0 1
    outer loop
      vertex 41.770511627197266 30.11257553100586 67
      vertex 41 29.75 67
      vertex 41.72896957397461 30.065452575683594 67
    endloop
  endfacet
  facet normal 0 0 1
    outer loop
      vertex 41 42 67
      vertex 41.58778381347656 41.809017181396484 67
      vertex 41.53582763671875 41.84432601928711 67
    endloop
  endfacet
  facet normal 0 0 1
    outer loop
      vertex 41.72896957397461 30.065452575683594 67
      vertex 41 29.75 67
      vertex 41.684547424316406 30.02103042602539 67
    endloop
  endfacet
  facet normal 0 0 1
    outer loop
      vertex 41 42 67
      vertex 41.53582763671875 41.84432601928711 67
      vertex 41.481754302978516 41.876304626464844 67
    endloop
  endfacet
  facet normal 0 0 1
    outer loop
      vertex 41.684547424316406 30.02103042602539 67
      vertex 41 29.75 67
      vertex 41.63742446899414 29.979488372802734 67
    endloop
  endfacet
  facet normal 0 0 1
    outer loop
      vertex 41 42 67
      vertex 41.481754302978516 41.876304626464844 67
      vertex 41.425777435302734 41.90482711791992 67
    endloop
  endfacet
  facet normal 0 0 1
    outer loop
      vertex 41.63742446899414 29.979488372802734 67
      vertex 41 29.75 67
      vertex 41.58778381347656 29.940982818603516 67
    endloop
  endfacet
  facet normal 0 0 1
    outer loop
      vertex 41 42 67
      vertex 41.425777435302734 41.90482711791992 67
      vertex 41.368125915527344 41.92977523803711 67
    endloop
  endfacet
  facet normal 0 0 1
    outer loop
      vertex 41.58778381347656 29.940982818603516 67
      vertex 41 29.75 67
      vertex 41.53582763671875 29.90567398071289 67
    endloop
  endfacet
  facet normal 0 0 1
    outer loop
      vertex 41 42 67
      vertex 41.368125915527344 41.92977523803711 67
      vertex 41.309017181396484 41.95105743408203 67
    endloop
  endfacet
  facet normal 0 0 1
    outer loop
      vertex 41.53582763671875 29.90567398071289 67
      vertex 41 29.75 67
      vertex 41.481754302978516 29.873693466186523 67
    endloop
  endfacet
  facet normal 0 0 1
    outer loop
      vertex 41 42 67
      vertex 41.309017181396484 41.95105743408203 67
      vertex 41.248687744140625 41.96858215332031 67
    endloop
  endfacet
  facet normal 0 0 1
    outer loop
      vertex 41.481754302978516 29.873693466186523 67
      vertex 41 29.75 67
      vertex 41.425777435302734 29.845172882080078 67
    endloop
  endfacet
  facet normal 0 0 1
    outer loop
      vertex 41 42 67
      vertex 41.248687744140625 41.96858215332031 67
      vertex 41.187381744384766 41.98228454589844 67
    endloop
  endfacet
  facet normal 0 0 1
    outer loop
      vertex 41.425777435302734 29.845172882080078 67
      vertex 41 29.75 67
      vertex 41.368125915527344 29.82022476196289 67
    endloop
  endfacet
  facet normal 0 0 1
    outer loop
      vertex 41 42 67
      vertex 41.187381744384766 41.98228454589844 67
      vertex 41.12533187866211 41.99211502075195 67
    endloop
  endfacet
  facet normal 0 0 1
    outer loop
      vertex 41.368125915527344 29.82022476196289 67
      vertex 41 29.75 67
      vertex 41.309017181396484 29.79894256591797 67
    endloop
  endfacet
  facet normal 0 0 1
    outer loop
      vertex 41 42 67
      vertex 41.12533187866211 41.99211502075195 67
      vertex 41.06278991699219 41.998023986816406 67
    endloop
  endfacet
  facet normal 0 0 1
    outer loop
      vertex 41.309017181396484 29.79894256591797 67
      vertex 41 29.75 67
      vertex 41.248687744140625 29.781417846679688 67
    endloop
  endfacet
  facet normal 0 0 1
    outer loop
      vertex 42 41 67
      vertex 41 42 67
      vertex 38.5 38.5 67
    endloop
  endfacet
  facet normal 0 0 1
    outer loop
      vertex 41.248687744140625 29.781417846679688 67
      vertex 41 29.75 67
      vertex 41.187381744384766 29.76771354675293 67
    endloop
  endfacet
  facet normal 0 0 1
    outer loop
      vertex 41.187381744384766 29.76771354675293 67
      vertex 41 29.75 67
      vertex 41.12533187866211 29.757884979248047 67
    endloop
  endfacet
  facet normal 0 0 1
    outer loop
      vertex 41.12533187866211 29.757884979248047 67
      vertex 41 29.75 67
      vertex 41.06278991699219 29.75197410583496 67
    endloop
  endfacet
  facet normal 0 0 1
    outer loop
      vertex 41 29.75 67
      vertex 38.5 30.75 67
      vertex 39.5 29.75 67
    endloop
  endfacet
  facet normal 0 0 1
    outer loop
      vertex 39.5 29.75 67
      vertex 38.5 30.75 67
      vertex 39.43721008300781 29.75197410583496 67
    endloop
  endfacet
  facet normal 0 0 1
    outer loop
      vertex 39.43721008300781 29.75197410583496 67
      vertex 38.5 30.75 67
      vertex 39.37466812133789 29.757884979248047 67
    endloop
  endfacet
  facet normal 0 0 1
    outer loop
      vertex 39.37466812133789 29.757884979248047 67
      vertex 38.5 30.75 67
      vertex 39.312618255615234 29.76771354675293 67
    endloop
  endfacet
  facet normal 0 0 1
    outer loop
      vertex 39.312618255615234 29.76771354675293 67
      vertex 38.5 30.75 67
      vertex 39.251312255859375 29.781417846679688 67
    endloop
  endfacet
  facet normal 0 0 1
    outer loop
      vertex 39.251312255859375 29.781417846679688 67
      vertex 38.5 30.75 67
      vertex 39.190982818603516 29.79894256591797 67
    endloop
  endfacet
  facet normal 0 0 1
    outer loop
      vertex 39.190982818603516 29.79894256591797 67
      vertex 38.5 30.75 67
      vertex 39.131874084472656 29.82022476196289 67
    endloop
  endfacet
  facet normal 0 0 1
    outer loop
      vertex 39.131874084472656 29.82022476196289 67
      vertex 38.5 30.75 67
      vertex 39.074222564697266 29.845172882080078 67
    endloop
  endfacet
  facet normal 0 0 1
    outer loop
      vertex 39.074222564697266 29.845172882080078 67
      vertex 38.5 30.75 67
      vertex 39.018245697021484 29.873693466186523 67
    endloop
  endfacet
  facet normal 0 0 1
    outer loop
      vertex 39.018245697021484 29.873693466186523 67
      vertex 38.5 30.75 67
      vertex 38.96417236328125 29.90567398071289 67
    endloop
  endfacet
  facet normal 0 0 1
    outer loop
      vertex 38.91221618652344 29.940982818603516 67
      vertex 38.5 30.75 67
      vertex 38.86257553100586 29.979488372802734 67
    endloop
  endfacet
  facet normal 0 0 1
    outer loop
      vertex 38.86257553100586 29.979488372802734 67
      vertex 38.5 30.75 67
      vertex 38.815452575683594 30.02103042602539 67
    endloop
  endfacet
  facet normal 0 0 1
    outer loop
      vertex 38.815452575683594 30.02103042602539 67
      vertex 38.5 30.75 67
      vertex 38.77103042602539 30.065452575683594 67
    endloop
  endfacet
  facet normal 0 0 1
    outer loop
      vertex 38.77103042602539 30.065452575683594 67
      vertex 38.5 30.75 67
      vertex 38.729488372802734 30.11257553100586 67
    endloop
  endfacet
  facet normal 0 0 1
    outer loop
      vertex 38.729488372802734 30.11257553100586 67
      vertex 38.5 30.75 67
      vertex 38.690982818603516 30.162216186523438 67
    endloop
  endfacet
  facet normal 0 0 1
    outer loop
      vertex 38.690982818603516 30.162216186523438 67
      vertex 38.5 30.75 67
      vertex 38.65567398071289 30.21417236328125 67
    endloop
  endfacet
  facet normal 0 0 1
    outer loop
      vertex 38.65567398071289 30.21417236328125 67
      vertex 38.5 30.75 67
      vertex 38.623695373535156 30.268245697021484 67
    endloop
  endfacet
  facet normal 0 0 1
    outer loop
      vertex 38.623695373535156 30.268245697021484 67
      vertex 38.5 30.75 67
      vertex 38.59517288208008 30.324222564697266 67
    endloop
  endfacet
  facet normal 0 0 1
    outer loop
      vertex 38.59517288208008 30.324222564697266 67
      vertex 38.5 30.75 67
      vertex 38.57022476196289 30.38187599182129 67
    endloop
  endfacet
  facet normal 0 0 1
    outer loop
      vertex 38.57022476196289 30.38187599182129 67
      vertex 38.5 30.75 67
      vertex 38.54894256591797 30.440982818603516 67
    endloop
  endfacet
  facet normal 0 0 1
    outer loop
      vertex 38.54894256591797 30.440982818603516 67
      vertex 38.5 30.75 67
      vertex 38.53141784667969 30.501310348510742 67
    endloop
  endfacet
  facet normal 0 0 1
    outer loop
      vertex 38.53141784667969 30.501310348510742 67
      vertex 38.5 30.75 67
      vertex 38.51771545410156 30.562618255615234 67
    endloop
  endfacet
  facet normal 0 0 1
    outer loop
      vertex 38.51771545410156 30.562618255615234 67
      vertex 38.5 30.75 67
      vertex 38.50788497924805 30.62466812133789 67
    endloop
  endfacet
  facet normal 0 0 1
    outer loop
      vertex 38.96417236328125 29.90567398071289 67
      vertex 38.5 30.75 67
      vertex 38.91221618652344 29.940982818603516 67
    endloop
  endfacet
  facet normal 0 0 1
    outer loop
      vertex 30.75 42 67
      vertex 38.5 38.5 67
      vertex 41 42 67
    endloop
  endfacet
  facet normal 0 0 1
    outer loop
      vertex 30.75 42 67
      vertex 30.75 38.5 67
      vertex 38.5 38.5 67
    endloop
  endfacet
  facet normal 0 0 1
    outer loop
      vertex 29.75 41 67
      vertex 30.75 42 67
      vertex 30.687210083007812 41.998023986816406 67
    endloop
  endfacet
  facet normal 0 0 1
    outer loop
      vertex 30.75 42 67
      vertex 29.75 41 67
      vertex 30.75 38.5 67
    endloop
  endfacet
  facet normal 0 0 1
    outer loop
      vertex 29.75 41 67
      vertex 30.687210083007812 41.998023986816406 67
      vertex 30.62466812133789 41.99211502075195 67
    endloop
  endfacet
  facet normal 0 0 1
    outer loop
      vertex 29.75 39.5 67
      vertex 30.75 38.5 67
      vertex 29.75 41 67
    endloop
  endfacet
  facet normal 0 0 1
    outer loop
      vertex 29.75 41 67
      vertex 30.62466812133789 41.99211502075195 67
      vertex 30.562618255615234 41.98228454589844 67
    endloop
  endfacet
  facet normal 0 0 1
    outer loop
      vertex 30.75 38.5 67
      vertex 29.75 39.5 67
      vertex 30.687210083007812 38.501976013183594 67
    endloop
  endfacet
  facet normal 0 0 1
    outer loop
      vertex 29.75 41 67
      vertex 30.562618255615234 41.98228454589844 67
      vertex 30.501310348510742 41.96858215332031 67
    endloop
  endfacet
  facet normal 0 0 1
    outer loop
      vertex 30.687210083007812 38.501976013183594 67
      vertex 29.75 39.5 67
      vertex 30.62466812133789 38.50788497924805 67
    endloop
  endfacet
  facet normal 0 0 1
    outer loop
      vertex 29.75 41 67
      vertex 30.501310348510742 41.96858215332031 67
      vertex 30.440982818603516 41.95105743408203 67
    endloop
  endfacet
  facet normal 0 0 1
    outer loop
      vertex 30.62466812133789 38.50788497924805 67
      vertex 29.75 39.5 67
      vertex 30.562618255615234 38.51771545410156 67
    endloop
  endfacet
  facet normal 0 0 1
    outer loop
      vertex 29.75 41 67
      vertex 30.440982818603516 41.95105743408203 67
      vertex 30.38187599182129 41.92977523803711 67
    endloop
  endfacet
  facet normal 0 0 1
    outer loop
      vertex 30.562618255615234 38.51771545410156 67
      vertex 29.75 39.5 67
      vertex 30.501310348510742 38.53141784667969 67
    endloop
  endfacet
  facet normal 0 0 1
    outer loop
      vertex 29.75 41 67
      vertex 30.38187599182129 41.92977523803711 67
      vertex 30.324222564697266 41.90482711791992 67
    endloop
  endfacet
  facet normal 0 0 1
    outer loop
      vertex 30.501310348510742 38.53141784667969 67
      vertex 29.75 39.5 67
      vertex 30.440982818603516 38.54894256591797 67
    endloop
  endfacet
  facet normal 0 0 1
    outer loop
      vertex 29.75 41 67
      vertex 30.324222564697266 41.90482711791992 67
      vertex 30.268245697021484 41.876304626464844 67
    endloop
  endfacet
  facet normal 0 0 1
    outer loop
      vertex 30.440982818603516 38.54894256591797 67
      vertex 29.75 39.5 67
      vertex 30.38187599182129 38.57022476196289 67
    endloop
  endfacet
  facet normal 0 0 1
    outer loop
      vertex 29.75 41 67
      vertex 30.268245697021484 41.876304626464844 67
      vertex 30.21417236328125 41.84432601928711 67
    endloop
  endfacet
  facet normal 0 0 1
    outer loop
      vertex 30.38187599182129 38.57022476196289 67
      vertex 29.75 39.5 67
      vertex 30.324222564697266 38.59517288208008 67
    endloop
  endfacet
  facet normal 0 0 1
    outer loop
      vertex 29.75 41 67
      vertex 30.21417236328125 41.84432601928711 67
      vertex 30.162216186523438 41.809017181396484 67
    endloop
  endfacet
  facet normal 0 0 1
    outer loop
      vertex 30.324222564697266 38.59517288208008 67
      vertex 29.75 39.5 67
      vertex 30.268245697021484 38.623695373535156 67
    endloop
  endfacet
  facet normal 0 0 1
    outer loop
      vertex 29.75 41 67
      vertex 30.162216186523438 41.809017181396484 67
      vertex 30.11257553100586 41.770511627197266 67
    endloop
  endfacet
  facet normal 0 0 1
    outer loop
      vertex 30.268245697021484 38.623695373535156 67
      vertex 29.75 39.5 67
      vertex 30.21417236328125 38.65567398071289 67
    endloop
  endfacet
  facet normal 0 0 1
    outer loop
      vertex 29.75 41 67
      vertex 30.11257553100586 41.770511627197266 67
      vertex 30.065452575683594 41.72896957397461 67
    endloop
  endfacet
  facet normal 0 0 1
    outer loop
      vertex 30.21417236328125 38.65567398071289 67
      vertex 29.75 39.5 67
      vertex 30.162216186523438 38.690982818603516 67
    endloop
  endfacet
  facet normal 0 0 1
    outer loop
      vertex 29.75 41 67
      vertex 30.065452575683594 41.72896957397461 67
      vertex 30.02103042602539 41.684547424316406 67
    endloop
  endfacet
  facet normal 0 0 1
    outer loop
      vertex 30.162216186523438 38.690982818603516 67
      vertex 29.75 39.5 67
      vertex 30.11257553100586 38.729488372802734 67
    endloop
  endfacet
  facet normal 0 0 1
    outer loop
      vertex 29.75 41 67
      vertex 30.02103042602539 41.684547424316406 67
      vertex 29.979488372802734 41.63742446899414 67
    endloop
  endfacet
  facet normal 0 0 1
    outer loop
      vertex 30.11257553100586 38.729488372802734 67
      vertex 29.75 39.5 67
      vertex 30.065452575683594 38.77103042602539 67
    endloop
  endfacet
  facet normal 0 0 1
    outer loop
      vertex 29.75 41 67
      vertex 29.979488372802734 41.63742446899414 67
      vertex 29.940982818603516 41.58778381347656 67
    endloop
  endfacet
  facet normal 0 0 1
    outer loop
      vertex 30.065452575683594 38.77103042602539 67
      vertex 29.75 39.5 67
      vertex 30.02103042602539 38.815452575683594 67
    endloop
  endfacet
  facet normal 0 0 1
    outer loop
      vertex 29.75 41 67
      vertex 29.940982818603516 41.58778381347656 67
      vertex 29.90567398071289 41.53582763671875 67
    endloop
  endfacet
  facet normal 0 0 1
    outer loop
      vertex 30.02103042602539 38.815452575683594 67
      vertex 29.75 39.5 67
      vertex 29.979488372802734 38.86257553100586 67
    endloop
  endfacet
  facet normal 0 0 1
    outer loop
      vertex 29.75 41 67
      vertex 29.90567398071289 41.53582763671875 67
      vertex 29.873693466186523 41.481754302978516 67
    endloop
  endfacet
  facet normal 0 0 1
    outer loop
      vertex 29.979488372802734 38.86257553100586 67
      vertex 29.75 39.5 67
      vertex 29.940982818603516 38.91221618652344 67
    endloop
  endfacet
  facet normal 0 0 1
    outer loop
      vertex 29.75 41 67
      vertex 29.873693466186523 41.481754302978516 67
      vertex 29.845172882080078 41.425777435302734 67
    endloop
  endfacet
  facet normal 0 0 1
    outer loop
      vertex 29.940982818603516 38.91221618652344 67
      vertex 29.75 39.5 67
      vertex 29.90567398071289 38.96417236328125 67
    endloop
  endfacet
  facet normal 0 0 1
    outer loop
      vertex 29.75 41 67
      vertex 29.845172882080078 41.425777435302734 67
      vertex 29.82022476196289 41.368125915527344 67
    endloop
  endfacet
  facet normal 0 0 1
    outer loop
      vertex 29.90567398071289 38.96417236328125 67
      vertex 29.75 39.5 67
      vertex 29.873693466186523 39.018245697021484 67
    endloop
  endfacet
  facet normal 0 0 1
    outer loop
      vertex 29.75 41 67
      vertex 29.82022476196289 41.368125915527344 67
      vertex 29.79894256591797 41.309017181396484 67
    endloop
  endfacet
  facet normal 0 0 1
    outer loop
      vertex 29.873693466186523 39.018245697021484 67
      vertex 29.75 39.5 67
      vertex 29.845172882080078 39.074222564697266 67
    endloop
  endfacet
  facet normal 0 0 1
    outer loop
      vertex 29.75 41 67
      vertex 29.79894256591797 41.309017181396484 67
      vertex 29.781417846679688 41.248687744140625 67
    endloop
  endfacet
  facet normal 0 0 1
    outer loop
      vertex 29.845172882080078 39.074222564697266 67
      vertex 29.75 39.5 67
      vertex 29.82022476196289 39.131874084472656 67
    endloop
  endfacet
  facet normal 0 0 1
    outer loop
      vertex 29.75 41 67
      vertex 29.781417846679688 41.248687744140625 67
      vertex 29.76771354675293 41.187381744384766 67
    endloop
  endfacet
  facet normal 0 0 1
    outer loop
      vertex 29.82022476196289 39.131874084472656 67
      vertex 29.75 39.5 67
      vertex 29.79894256591797 39.190982818603516 67
    endloop
  endfacet
  facet normal 0 0 1
    outer loop
      vertex 29.75 41 67
      vertex 29.76771354675293 41.187381744384766 67
      vertex 29.757884979248047 41.12533187866211 67
    endloop
  endfacet
  facet normal 0 0 1
    outer loop
      vertex 29.79894256591797 39.190982818603516 67
      vertex 29.75 39.5 67
      vertex 29.781417846679688 39.251312255859375 67
    endloop
  endfacet
  facet normal 0 0 1
    outer loop
      vertex 29.75 41 67
      vertex 29.757884979248047 41.12533187866211 67
      vertex 29.75197410583496 41.06278991699219 67
    endloop
  endfacet
  facet normal 0 0 1
    outer loop
      vertex 29.781417846679688 39.251312255859375 67
      vertex 29.75 39.5 67
      vertex 29.76771354675293 39.312618255615234 67
    endloop
  endfacet
  facet normal 0 0 1
    outer loop
      vertex 29.76771354675293 39.312618255615234 67
      vertex 29.75 39.5 67
      vertex 29.757884979248047 39.37466812133789 67
    endloop
  endfacet
  facet normal 0 0 1
    outer loop
      vertex 29.757884979248047 39.37466812133789 67
      vertex 29.75 39.5 67
      vertex 29.75197410583496 39.43721008300781 67
    endloop
  endfacet
  facet normal 0 0 1
    outer loop
      vertex 38.50788497924805 30.62466812133789 67
      vertex 38.5 30.75 67
      vertex 38.501976013183594 30.687210083007812 67
    endloop
  endfacet
  facet normal -0.7501301814071496 -0.661290186636757 0
    outer loop
      vertex 30.02103042602539 38.815452575683594 6
      vertex 29.979488372802734 38.86257553100586 67
      vertex 29.979488372802734 38.86257553100586 6
    endloop
  endfacet
  facet normal -0.7501301814071496 -0.661290186636757 0
    outer loop
      vertex 29.979488372802734 38.86257553100586 67
      vertex 30.02103042602539 38.815452575683594 6
      vertex 30.02103042602539 38.815452575683594 67
    endloop
  endfacet
  facet normal -0.6129101821154981 0.7901525856814916 0
    outer loop
      vertex 30.162216186523438 41.809017181396484 6
      vertex 30.11257553100586 41.770511627197266 67
      vertex 30.162216186523438 41.809017181396484 67
    endloop
  endfacet
  facet normal -0.6129101821154981 0.7901525856814916 0
    outer loop
      vertex 30.11257553100586 41.770511627197266 67
      vertex 30.162216186523438 41.809017181396484 6
      vertex 30.11257553100586 41.770511627197266 6
    endloop
  endfacet
  facet normal -0.21811976819939613 -0.9759220085235509 0
    outer loop
      vertex 30.501310348510742 38.53141784667969 6
      vertex 30.562618255615234 38.51771545410156 67
      vertex 30.501310348510742 38.53141784667969 67
    endloop
  endfacet
  facet normal -0.21811976819939613 -0.9759220085235509 0
    outer loop
      vertex 30.562618255615234 38.51771545410156 67
      vertex 30.501310348510742 38.53141784667969 6
      vertex 30.562618255615234 38.51771545410156 6
    endloop
  endfacet
  facet normal -0.5090381932057086 -0.8607439328034021 0
    outer loop
      vertex 30.21417236328125 38.65567398071289 6
      vertex 30.268245697021484 38.623695373535156 67
      vertex 30.21417236328125 38.65567398071289 67
    endloop
  endfacet
  facet normal -0.5090381932057086 -0.8607439328034021 0
    outer loop
      vertex 30.268245697021484 38.623695373535156 67
      vertex 30.21417236328125 38.65567398071289 6
      vertex 30.268245697021484 38.623695373535156 6
    endloop
  endfacet
  facet normal -0.4540012761170999 -0.891001033267664 0
    outer loop
      vertex 30.268245697021484 38.623695373535156 6
      vertex 30.324222564697266 38.59517288208008 67
      vertex 30.268245697021484 38.623695373535156 67
    endloop
  endfacet
  facet normal -0.4540012761170999 -0.891001033267664 0
    outer loop
      vertex 30.324222564697266 38.59517288208008 67
      vertex 30.268245697021484 38.623695373535156 6
      vertex 30.324222564697266 38.59517288208008 6
    endloop
  endfacet
  facet normal 0.6129101821154981 0.7901525856814916 0
    outer loop
      vertex 41.63742446899414 41.770511627197266 0
      vertex 41.58778381347656 41.809017181396484 67
      vertex 41.63742446899414 41.770511627197266 67
    endloop
  endfacet
  facet normal 0.6129101821154981 0.7901525856814916 0
    outer loop
      vertex 41.58778381347656 41.809017181396484 67
      vertex 41.63742446899414 41.770511627197266 0
      vertex 41.58778381347656 41.809017181396484 0
    endloop
  endfacet
  facet normal -0.9177541630948076 -0.3971489596135805 0
    outer loop
      vertex 29.845172882080078 39.074222564697266 6
      vertex 29.82022476196289 39.131874084472656 67
      vertex 29.82022476196289 39.131874084472656 6
    endloop
  endfacet
  facet normal -0.9177541630948076 -0.3971489596135805 0
    outer loop
      vertex 29.82022476196289 39.131874084472656 67
      vertex 29.845172882080078 39.074222564697266 6
      vertex 29.845172882080078 39.074222564697266 67
    endloop
  endfacet
  facet normal 0.9177541630948075 0.39714895961358043 0
    outer loop
      vertex 41.92977523803711 41.368125915527344 67
      vertex 41.90482711791992 41.425777435302734 0
      vertex 41.90482711791992 41.425777435302734 67
    endloop
  endfacet
  facet normal 0.9177541630948075 0.39714895961358043 0
    outer loop
      vertex 41.90482711791992 41.425777435302734 0
      vertex 41.92977523803711 41.368125915527344 67
      vertex 41.92977523803711 41.368125915527344 0
    endloop
  endfacet
  facet normal 0.8910010332676639 0.45400127611709984 0
    outer loop
      vertex 41.90482711791992 41.425777435302734 67
      vertex 41.876304626464844 41.481754302978516 0
      vertex 41.876304626464844 41.481754302978516 67
    endloop
  endfacet
  facet normal 0.8910010332676639 0.45400127611709984 0
    outer loop
      vertex 41.876304626464844 41.481754302978516 0
      vertex 41.90482711791992 41.425777435302734 67
      vertex 41.90482711791992 41.425777435302734 0
    endloop
  endfacet
  facet normal -0.8607306298481877 0.5090606867959282 0
    outer loop
      vertex 29.873693466186523 41.481754302978516 6
      vertex 29.90567398071289 41.53582763671875 67
      vertex 29.90567398071289 41.53582763671875 6
    endloop
  endfacet
  facet normal -0.8607306298481877 0.5090606867959282 0
    outer loop
      vertex 29.90567398071289 41.53582763671875 67
      vertex 29.873693466186523 41.481754302978516 6
      vertex 29.873693466186523 41.481754302978516 67
    endloop
  endfacet
  facet normal -0.7901525856814916 0.6129101821154981 0
    outer loop
      vertex 29.940982818603516 41.58778381347656 6
      vertex 29.979488372802734 41.63742446899414 67
      vertex 29.979488372802734 41.63742446899414 6
    endloop
  endfacet
  facet normal -0.7901525856814916 0.6129101821154981 0
    outer loop
      vertex 29.979488372802734 41.63742446899414 67
      vertex 29.940982818603516 41.58778381347656 6
      vertex 29.940982818603516 41.58778381347656 67
    endloop
  endfacet
  facet normal 0 -1 0
    outer loop
      vertex 10.25 31.75 0
      vertex 30.75 31.75 6
      vertex 10.25 31.75 6
    endloop
  endfacet
  facet normal 0 -1 0
    outer loop
      vertex 30.75 31.75 6
      vertex 10.25 31.75 0
      vertex 30.75 31.75 0
    endloop
  endfacet
  facet normal -0.15648172879457747 0.987680853592627 0
    outer loop
      vertex -0.12533283233642578 41.99211502075195 0
      vertex -0.18738079071044922 41.98228454589844 67
      vertex -0.12533283233642578 41.99211502075195 67
    endloop
  endfacet
  facet normal -0.15648172879457747 0.987680853592627 0
    outer loop
      vertex -0.18738079071044922 41.98228454589844 67
      vertex -0.12533283233642578 41.99211502075195 0
      vertex -0.18738079071044922 41.98228454589844 0
    endloop
  endfacet
  facet normal -0.2789651039256946 0.9603012396075132 0
    outer loop
      vertex -0.2486896514892578 41.96858215332031 0
      vertex -0.30901622772216797 41.95105743408203 67
      vertex -0.2486896514892578 41.96858215332031 67
    endloop
  endfacet
  facet normal -0.2789651039256946 0.9603012396075132 0
    outer loop
      vertex -0.30901622772216797 41.95105743408203 67
      vertex -0.2486896514892578 41.96858215332031 0
      vertex -0.30901622772216797 41.95105743408203 0
    endloop
  endfacet
  facet normal -0.21811653671119732 0.9759227307595172 0
    outer loop
      vertex -0.18738079071044922 41.98228454589844 0
      vertex -0.2486896514892578 41.96858215332031 67
      vertex -0.18738079071044922 41.98228454589844 67
    endloop
  endfacet
  facet normal -0.21811653671119732 0.9759227307595172 0
    outer loop
      vertex -0.2486896514892578 41.96858215332031 67
      vertex -0.18738079071044922 41.98228454589844 0
      vertex -0.2486896514892578 41.96858215332031 0
    endloop
  endfacet
  facet normal -0.9955621568524021 0.09410627951094909 0
    outer loop
      vertex -0.9980258941650391 41.06278991699219 0
      vertex -0.9921140670776367 41.12533187866211 67
      vertex -0.9921140670776367 41.12533187866211 0
    endloop
  endfacet
  facet normal -0.9955621568524021 0.09410627951094909 0
    outer loop
      vertex -0.9921140670776367 41.12533187866211 67
      vertex -0.9980258941650391 41.06278991699219 0
      vertex -0.9980258941650391 41.06278991699219 67
    endloop
  endfacet
  facet normal -0.9759173321372937 0.21814069045922427 0
    outer loop
      vertex -0.9822864532470703 41.187381744384766 0
      vertex -0.9685831069946289 41.248687744140625 67
      vertex -0.9685831069946289 41.248687744140625 0
    endloop
  endfacet
  facet normal -0.9759173321372937 0.21814069045922427 0
    outer loop
      vertex -0.9685831069946289 41.248687744140625 67
      vertex -0.9822864532470703 41.187381744384766 0
      vertex -0.9822864532470703 41.187381744384766 67
    endloop
  endfacet
  facet normal -1 0 0
    outer loop
      vertex -1 41 0
      vertex -1 30.75 6
      vertex -1 41 67
    endloop
  endfacet
  facet normal -1 0 0
    outer loop
      vertex -1 41 0
      vertex -1 10.25 6
      vertex -1 30.75 6
    endloop
  endfacet
  facet normal -1 0 0
    outer loop
      vertex -1 0 0
      vertex -1 10.25 6
      vertex -1 41 0
    endloop
  endfacet
  facet normal -1 0 0
    outer loop
      vertex -1 0 67
      vertex -1 10.25 6
      vertex -1 0 0
    endloop
  endfacet
  facet normal -1 0 0
    outer loop
      vertex -1 10.25 6
      vertex -1 0 67
      vertex -1 10.25 67
    endloop
  endfacet
  facet normal -1 0 0
    outer loop
      vertex -1 41 67
      vertex -1 30.75 6
      vertex -1 30.75 67
    endloop
  endfacet
  facet normal -0.3387673099593812 0.9408701874875643 0
    outer loop
      vertex -0.30901622772216797 41.95105743408203 0
      vertex -0.36812400817871094 41.92977523803711 67
      vertex -0.30901622772216797 41.95105743408203 67
    endloop
  endfacet
  facet normal -0.3387673099593812 0.9408701874875643 0
    outer loop
      vertex -0.36812400817871094 41.92977523803711 67
      vertex -0.30901622772216797 41.95105743408203 0
      vertex -0.36812400817871094 41.92977523803711 0
    endloop
  endfacet
  facet normal -0.8607372813478726 0.5090494401311854 0
    outer loop
      vertex -0.8763065338134766 41.481754302978516 0
      vertex -0.8443269729614258 41.53582763671875 67
      vertex -0.8443269729614258 41.53582763671875 0
    endloop
  endfacet
  facet normal -0.8607372813478726 0.5090494401311854 0
    outer loop
      vertex -0.8443269729614258 41.53582763671875 67
      vertex -0.8763065338134766 41.481754302978516 0
      vertex -0.8763065338134766 41.481754302978516 67
    endloop
  endfacet
  facet normal -0.8270704802017289 0.5620982305423864 0
    outer loop
      vertex -0.8443269729614258 41.53582763671875 0
      vertex -0.809016227722168 41.58778381347656 67
      vertex -0.809016227722168 41.58778381347656 0
    endloop
  endfacet
  facet normal -0.8270704802017289 0.5620982305423864 0
    outer loop
      vertex -0.809016227722168 41.58778381347656 67
      vertex -0.8443269729614258 41.53582763671875 0
      vertex -0.8443269729614258 41.53582763671875 67
    endloop
  endfacet
  facet normal -0.0940597183191418 0.9955665569863844 0
    outer loop
      vertex -0.0627899169921875 41.998023986816406 0
      vertex -0.12533283233642578 41.99211502075195 67
      vertex -0.0627899169921875 41.998023986816406 67
    endloop
  endfacet
  facet normal -0.0940597183191418 0.9955665569863844 0
    outer loop
      vertex -0.12533283233642578 41.99211502075195 67
      vertex -0.0627899169921875 41.998023986816406 0
      vertex -0.12533283233642578 41.99211502075195 0
    endloop
  endfacet
  facet normal -0.9995061338808694 0.03142432711320473 0
    outer loop
      vertex -1 41 0
      vertex -0.9980258941650391 41.06278991699219 67
      vertex -0.9980258941650391 41.06278991699219 0
    endloop
  endfacet
  facet normal -0.9995061338808694 0.03142432711320473 0
    outer loop
      vertex -0.9980258941650391 41.06278991699219 67
      vertex -1 41 0
      vertex -1 41 67
    endloop
  endfacet
  facet normal -0.0314546587566966 0.9995051797977337 0
    outer loop
      vertex 0 42 0
      vertex -0.0627899169921875 41.998023986816406 67
      vertex 0 42 67
    endloop
  endfacet
  facet normal -0.0314546587566966 0.9995051797977337 0
    outer loop
      vertex -0.0627899169921875 41.998023986816406 67
      vertex 0 42 0
      vertex -0.0627899169921875 41.998023986816406 0
    endloop
  endfacet
  facet normal -0.7501151201990178 0.6613072708271193 0
    outer loop
      vertex -0.770512580871582 41.63742446899414 0
      vertex -0.728968620300293 41.684547424316406 67
      vertex -0.728968620300293 41.684547424316406 0
    endloop
  endfacet
  facet normal -0.7501151201990178 0.6613072708271193 0
    outer loop
      vertex -0.728968620300293 41.684547424316406 67
      vertex -0.770512580871582 41.63742446899414 0
      vertex -0.770512580871582 41.63742446899414 67
    endloop
  endfacet
  facet normal -0.4540135574414568 0.8909947753266305 0
    outer loop
      vertex -0.4257783889770508 41.90482711791992 0
      vertex -0.4817533493041992 41.876304626464844 67
      vertex -0.4257783889770508 41.90482711791992 67
    endloop
  endfacet
  facet normal -0.4540135574414568 0.8909947753266305 0
    outer loop
      vertex -0.4817533493041992 41.876304626464844 67
      vertex -0.4257783889770508 41.90482711791992 0
      vertex -0.4817533493041992 41.876304626464844 0
    endloop
  endfacet
  facet normal -0.6129248855444054 0.7901411802205841 0
    outer loop
      vertex -0.5877847671508789 41.809017181396484 0
      vertex -0.6374235153198242 41.770511627197266 67
      vertex -0.5877847671508789 41.809017181396484 67
    endloop
  endfacet
  facet normal -0.6129248855444054 0.7901411802205841 0
    outer loop
      vertex -0.6374235153198242 41.770511627197266 67
      vertex -0.5877847671508789 41.809017181396484 0
      vertex -0.6374235153198242 41.770511627197266 0
    endloop
  endfacet
  facet normal -0.7901672889100261 0.6128912265129753 0
    outer loop
      vertex -0.809016227722168 41.58778381347656 0
      vertex -0.770512580871582 41.63742446899414 67
      vertex -0.770512580871582 41.63742446899414 0
    endloop
  endfacet
  facet normal -0.7901672889100261 0.6128912265129753 0
    outer loop
      vertex -0.770512580871582 41.63742446899414 67
      vertex -0.809016227722168 41.58778381347656 0
      vertex -0.809016227722168 41.58778381347656 67
    endloop
  endfacet
  facet normal -0.5090381932057086 0.8607439328034021 0
    outer loop
      vertex -0.4817533493041992 41.876304626464844 0
      vertex -0.5358266830444336 41.84432601928711 67
      vertex -0.4817533493041992 41.876304626464844 67
    endloop
  endfacet
  facet normal -0.5090381932057086 0.8607439328034021 0
    outer loop
      vertex -0.5358266830444336 41.84432601928711 67
      vertex -0.4817533493041992 41.876304626464844 0
      vertex -0.5358266830444336 41.84432601928711 0
    endloop
  endfacet
  facet normal -0.39713235991188495 0.9177613462719038 0
    outer loop
      vertex -0.36812400817871094 41.92977523803711 0
      vertex -0.4257783889770508 41.90482711791992 67
      vertex -0.36812400817871094 41.92977523803711 67
    endloop
  endfacet
  facet normal -0.39713235991188495 0.9177613462719038 0
    outer loop
      vertex -0.4257783889770508 41.90482711791992 67
      vertex -0.36812400817871094 41.92977523803711 0
      vertex -0.4257783889770508 41.90482711791992 0
    endloop
  endfacet
  facet normal -0.9876886343067298 0.15643261060695393 0
    outer loop
      vertex -0.9921140670776367 41.12533187866211 0
      vertex -0.9822864532470703 41.187381744384766 67
      vertex -0.9822864532470703 41.187381744384766 0
    endloop
  endfacet
  facet normal -0.9876886343067298 0.15643261060695393 0
    outer loop
      vertex -0.9822864532470703 41.187381744384766 67
      vertex -0.9921140670776367 41.12533187866211 0
      vertex -0.9921140670776367 41.12533187866211 67
    endloop
  endfacet
  facet normal 0 0 -1
    outer loop
      vertex 41 -1 0
      vertex 42 0 0
      vertex 41.998023986816406 -0.0627899169921875 0
    endloop
  endfacet
  facet normal 0 0 -1
    outer loop
      vertex 42 0 0
      vertex 31.75 10.25 0
      vertex 42 41 0
    endloop
  endfacet
  facet normal 0 0 -1
    outer loop
      vertex 41 -1 0
      vertex 41.998023986816406 -0.0627899169921875 0
      vertex 41.99211502075195 -0.12533283233642578 0
    endloop
  endfacet
  facet normal 0 0 -1
    outer loop
      vertex 31.75 30.75 0
      vertex 42 41 0
      vertex 31.75 10.25 0
    endloop
  endfacet
  facet normal 0 0 -1
    outer loop
      vertex 41 -1 0
      vertex 41.99211502075195 -0.12533283233642578 0
      vertex 41.98228454589844 -0.18738079071044922 0
    endloop
  endfacet
  facet normal 0 0 -1
    outer loop
      vertex 31.74802589416504 30.81279754638672 0
      vertex 42 41 0
      vertex 31.75 30.75 0
    endloop
  endfacet
  facet normal 0 0 -1
    outer loop
      vertex 41 -1 0
      vertex 41.98228454589844 -0.18738079071044922 0
      vertex 41.96858215332031 -0.2486896514892578 0
    endloop
  endfacet
  facet normal 0 0 -1
    outer loop
      vertex 31.742115020751953 30.87533187866211 0
      vertex 42 41 0
      vertex 31.74802589416504 30.81279754638672 0
    endloop
  endfacet
  facet normal 0 0 -1
    outer loop
      vertex 41 -1 0
      vertex 41.96858215332031 -0.2486896514892578 0
      vertex 41.95105743408203 -0.30901622772216797 0
    endloop
  endfacet
  facet normal 0 0 -1
    outer loop
      vertex 31.732288360595703 30.937374114990234 0
      vertex 42 41 0
      vertex 31.742115020751953 30.87533187866211 0
    endloop
  endfacet
  facet normal 0 0 -1
    outer loop
      vertex 41 -1 0
      vertex 41.95105743408203 -0.30901622772216797 0
      vertex 41.92977523803711 -0.36812400817871094 0
    endloop
  endfacet
  facet normal 0 0 -1
    outer loop
      vertex 31.718582153320312 30.998689651489258 0
      vertex 42 41 0
      vertex 31.732288360595703 30.937374114990234 0
    endloop
  endfacet
  facet normal 0 0 -1
    outer loop
      vertex 41 -1 0
      vertex 41.92977523803711 -0.36812400817871094 0
      vertex 41.90482711791992 -0.4257783889770508 0
    endloop
  endfacet
  facet normal 0 0 -1
    outer loop
      vertex 31.7010555267334 31.059019088745117 0
      vertex 42 41 0
      vertex 31.718582153320312 30.998689651489258 0
    endloop
  endfacet
  facet normal 0 0 -1
    outer loop
      vertex 41 -1 0
      vertex 41.90482711791992 -0.4257783889770508 0
      vertex 41.876304626464844 -0.4817533493041992 0
    endloop
  endfacet
  facet normal 0 0 -1
    outer loop
      vertex 31.67977523803711 31.118125915527344 0
      vertex 42 41 0
      vertex 31.7010555267334 31.059019088745117 0
    endloop
  endfacet
  facet normal 0 0 -1
    outer loop
      vertex 41 -1 0
      vertex 41.876304626464844 -0.4817533493041992 0
      vertex 41.84432601928711 -0.5358266830444336 0
    endloop
  endfacet
  facet normal 0 0 -1
    outer loop
      vertex 31.654827117919922 31.1757755279541 0
      vertex 42 41 0
      vertex 31.67977523803711 31.118125915527344 0
    endloop
  endfacet
  facet normal 0 0 -1
    outer loop
      vertex 41 -1 0
      vertex 41.84432601928711 -0.5358266830444336 0
      vertex 41.809017181396484 -0.5877847671508789 0
    endloop
  endfacet
  facet normal 0 0 -1
    outer loop
      vertex 31.626306533813477 31.231754302978516 0
      vertex 42 41 0
      vertex 31.654827117919922 31.1757755279541 0
    endloop
  endfacet
  facet normal 0 0 -1
    outer loop
      vertex 41 -1 0
      vertex 41.809017181396484 -0.5877847671508789 0
      vertex 41.770511627197266 -0.6374235153198242 0
    endloop
  endfacet
  facet normal 0 0 -1
    outer loop
      vertex 31.594324111938477 31.285831451416016 0
      vertex 42 41 0
      vertex 31.626306533813477 31.231754302978516 0
    endloop
  endfacet
  facet normal 0 0 -1
    outer loop
      vertex 41 -1 0
      vertex 41.770511627197266 -0.6374235153198242 0
      vertex 41.72896957397461 -0.6845464706420898 0
    endloop
  endfacet
  facet normal 0 0 -1
    outer loop
      vertex 31.559017181396484 31.337785720825195 0
      vertex 42 41 0
      vertex 31.594324111938477 31.285831451416016 0
    endloop
  endfacet
  facet normal 0 0 -1
    outer loop
      vertex 41 -1 0
      vertex 41.72896957397461 -0.6845464706420898 0
      vertex 41.684547424316406 -0.728968620300293 0
    endloop
  endfacet
  facet normal 0 0 -1
    outer loop
      vertex 31.5205135345459 31.387422561645508 0
      vertex 42 41 0
      vertex 31.559017181396484 31.337785720825195 0
    endloop
  endfacet
  facet normal 0 0 -1
    outer loop
      vertex 41 -1 0
      vertex 41.684547424316406 -0.728968620300293 0
      vertex 41.63742446899414 -0.770512580871582 0
    endloop
  endfacet
  facet normal 0 0 -1
    outer loop
      vertex 31.47896957397461 31.434547424316406 0
      vertex 42 41 0
      vertex 31.5205135345459 31.387422561645508 0
    endloop
  endfacet
  facet normal 0 0 -1
    outer loop
      vertex 41 -1 0
      vertex 41.63742446899414 -0.770512580871582 0
      vertex 41.58778381347656 -0.809016227722168 0
    endloop
  endfacet
  facet normal 0 0 -1
    outer loop
      vertex 41 42 0
      vertex 42 41 0
      vertex 31.47896957397461 31.434547424316406 0
    endloop
  endfacet
  facet normal 0 0 -1
    outer loop
      vertex 41 -1 0
      vertex 41.58778381347656 -0.809016227722168 0
      vertex 41.53582763671875 -0.8443269729614258 0
    endloop
  endfacet
  facet normal 0 0 -1
    outer loop
      vertex 42 41 0
      vertex 41 42 0
      vertex 41.998023986816406 41.06278991699219 0
    endloop
  endfacet
  facet normal 0 0 -1
    outer loop
      vertex 41 -1 0
      vertex 41.53582763671875 -0.8443269729614258 0
      vertex 41.481754302978516 -0.8763065338134766 0
    endloop
  endfacet
  facet normal 0 0 -1
    outer loop
      vertex 41.99211502075195 41.12533187866211 0
      vertex 41 42 0
      vertex 41.98228454589844 41.187381744384766 0
    endloop
  endfacet
  facet normal 0 0 -1
    outer loop
      vertex 41 -1 0
      vertex 41.481754302978516 -0.8763065338134766 0
      vertex 41.425777435302734 -0.9048261642456055 0
    endloop
  endfacet
  facet normal 0 0 -1
    outer loop
      vertex 41.96858215332031 41.248687744140625 0
      vertex 41 42 0
      vertex 41.95105743408203 41.309017181396484 0
    endloop
  endfacet
  facet normal 0 0 -1
    outer loop
      vertex 41 -1 0
      vertex 41.425777435302734 -0.9048261642456055 0
      vertex 41.368125915527344 -0.9297761917114258 0
    endloop
  endfacet
  facet normal 0 0 -1
    outer loop
      vertex 41.95105743408203 41.309017181396484 0
      vertex 41 42 0
      vertex 41.92977523803711 41.368125915527344 0
    endloop
  endfacet
  facet normal 0 0 -1
    outer loop
      vertex 41 -1 0
      vertex 41.368125915527344 -0.9297761917114258 0
      vertex 41.309017181396484 -0.9510564804077148 0
    endloop
  endfacet
  facet normal 0 0 -1
    outer loop
      vertex 41.90482711791992 41.425777435302734 0
      vertex 41 42 0
      vertex 41.876304626464844 41.481754302978516 0
    endloop
  endfacet
  facet normal 0 0 -1
    outer loop
      vertex 41 -1 0
      vertex 41.309017181396484 -0.9510564804077148 0
      vertex 41.248687744140625 -0.9685831069946289 0
    endloop
  endfacet
  facet normal 0 0 -1
    outer loop
      vertex 41.876304626464844 41.481754302978516 0
      vertex 41 42 0
      vertex 41.84432601928711 41.53582763671875 0
    endloop
  endfacet
  facet normal 0 0 -1
    outer loop
      vertex 41 -1 0
      vertex 41.248687744140625 -0.9685831069946289 0
      vertex 41.187381744384766 -0.9822864532470703 0
    endloop
  endfacet
  facet normal 0 0 -1
    outer loop
      vertex 41.809017181396484 41.58778381347656 0
      vertex 41 42 0
      vertex 41.770511627197266 41.63742446899414 0
    endloop
  endfacet
  facet normal 0 0 -1
    outer loop
      vertex 41 -1 0
      vertex 41.187381744384766 -0.9822864532470703 0
      vertex 41.12533187866211 -0.9921140670776367 0
    endloop
  endfacet
  facet normal 0 0 -1
    outer loop
      vertex 41.72896957397461 41.684547424316406 0
      vertex 41 42 0
      vertex 41.684547424316406 41.72896957397461 0
    endloop
  endfacet
  facet normal 0 0 -1
    outer loop
      vertex 41 -1 0
      vertex 41.12533187866211 -0.9921140670776367 0
      vertex 41.06278991699219 -0.9980258941650391 0
    endloop
  endfacet
  facet normal 0 0 -1
    outer loop
      vertex 41.684547424316406 41.72896957397461 0
      vertex 41 42 0
      vertex 41.63742446899414 41.770511627197266 0
    endloop
  endfacet
  facet normal 0 0 -1
    outer loop
      vertex 42 0 0
      vertex 41 -1 0
      vertex 31.47896957397461 9.565452575683594 0
    endloop
  endfacet
  facet normal 0 0 -1
    outer loop
      vertex 41.58778381347656 41.809017181396484 0
      vertex 41 42 0
      vertex 41.53582763671875 41.84432601928711 0
    endloop
  endfacet
  facet normal 0 0 -1
    outer loop
      vertex 41.481754302978516 41.876304626464844 0
      vertex 41 42 0
      vertex 41.425777435302734 41.90482711791992 0
    endloop
  endfacet
  facet normal 0 0 -1
    outer loop
      vertex 42 0 0
      vertex 31.74802589416504 10.187202453613281 0
      vertex 31.75 10.25 0
    endloop
  endfacet
  facet normal 0 0 -1
    outer loop
      vertex 42 0 0
      vertex 31.742115020751953 10.124667167663574 0
      vertex 31.74802589416504 10.187202453613281 0
    endloop
  endfacet
  facet normal 0 0 -1
    outer loop
      vertex 42 0 0
      vertex 31.732288360595703 10.062625885009766 0
      vertex 31.742115020751953 10.124667167663574 0
    endloop
  endfacet
  facet normal 0 0 -1
    outer loop
      vertex 42 0 0
      vertex 31.718582153320312 10.001310348510742 0
      vertex 31.732288360595703 10.062625885009766 0
    endloop
  endfacet
  facet normal 0 0 -1
    outer loop
      vertex 42 0 0
      vertex 31.7010555267334 9.940980911254883 0
      vertex 31.718582153320312 10.001310348510742 0
    endloop
  endfacet
  facet normal 0 0 -1
    outer loop
      vertex 42 0 0
      vertex 31.67977523803711 9.881875038146973 0
      vertex 31.7010555267334 9.940980911254883 0
    endloop
  endfacet
  facet normal 0 0 -1
    outer loop
      vertex 42 0 0
      vertex 31.654827117919922 9.824223518371582 0
      vertex 31.67977523803711 9.881875038146973 0
    endloop
  endfacet
  facet normal 0 0 -1
    outer loop
      vertex 42 0 0
      vertex 31.626306533813477 9.7682466506958 0
      vertex 31.654827117919922 9.824223518371582 0
    endloop
  endfacet
  facet normal 0 0 -1
    outer loop
      vertex 42 0 0
      vertex 31.594324111938477 9.714167594909668 0
      vertex 31.626306533813477 9.7682466506958 0
    endloop
  endfacet
  facet normal 0 0 -1
    outer loop
      vertex 42 0 0
      vertex 31.559017181396484 9.662214279174805 0
      vertex 31.594324111938477 9.714167594909668 0
    endloop
  endfacet
  facet normal 0 0 -1
    outer loop
      vertex 42 0 0
      vertex 31.5205135345459 9.612577438354492 0
      vertex 31.559017181396484 9.662214279174805 0
    endloop
  endfacet
  facet normal 0 0 -1
    outer loop
      vertex 42 0 0
      vertex 31.47896957397461 9.565452575683594 0
      vertex 31.5205135345459 9.612577438354492 0
    endloop
  endfacet
  facet normal 0 0 -1
    outer loop
      vertex 41 -1 0
      vertex 31.434547424316406 9.521031379699707 0
      vertex 31.47896957397461 9.565452575683594 0
    endloop
  endfacet
  facet normal 0 0 -1
    outer loop
      vertex 41 -1 0
      vertex 31.387422561645508 9.479486465454102 0
      vertex 31.434547424316406 9.521031379699707 0
    endloop
  endfacet
  facet normal 0 0 -1
    outer loop
      vertex 41 -1 0
      vertex 31.337785720825195 9.440982818603516 0
      vertex 31.387422561645508 9.479486465454102 0
    endloop
  endfacet
  facet normal 0 0 -1
    outer loop
      vertex 41 -1 0
      vertex 31.285831451416016 9.405675888061523 0
      vertex 31.337785720825195 9.440982818603516 0
    endloop
  endfacet
  facet normal 0 0 -1
    outer loop
      vertex 41 -1 0
      vertex 31.231754302978516 9.373693466186523 0
      vertex 31.285831451416016 9.405675888061523 0
    endloop
  endfacet
  facet normal 0 0 -1
    outer loop
      vertex 41 -1 0
      vertex 31.1757755279541 9.345171928405762 0
      vertex 31.231754302978516 9.373693466186523 0
    endloop
  endfacet
  facet normal 0 0 -1
    outer loop
      vertex 41 -1 0
      vertex 31.118125915527344 9.320223808288574 0
      vertex 31.1757755279541 9.345171928405762 0
    endloop
  endfacet
  facet normal 0 0 -1
    outer loop
      vertex 41 -1 0
      vertex 31.059019088745117 9.298944473266602 0
      vertex 31.118125915527344 9.320223808288574 0
    endloop
  endfacet
  facet normal 0 0 -1
    outer loop
      vertex 41 -1 0
      vertex 30.998689651489258 9.281416893005371 0
      vertex 31.059019088745117 9.298944473266602 0
    endloop
  endfacet
  facet normal 0 0 -1
    outer loop
      vertex 41 -1 0
      vertex 30.937374114990234 9.267711639404297 0
      vertex 30.998689651489258 9.281416893005371 0
    endloop
  endfacet
  facet normal 0 0 -1
    outer loop
      vertex 41 -1 0
      vertex 30.87533187866211 9.257884979248047 0
      vertex 30.937374114990234 9.267711639404297 0
    endloop
  endfacet
  facet normal 0 0 -1
    outer loop
      vertex 41 -1 0
      vertex 30.81279754638672 9.251974105834961 0
      vertex 30.87533187866211 9.257884979248047 0
    endloop
  endfacet
  facet normal 0 0 -1
    outer loop
      vertex 41 -1 0
      vertex 30.75 9.25 0
      vertex 30.81279754638672 9.251974105834961 0
    endloop
  endfacet
  facet normal 0 0 -1
    outer loop
      vertex 41 -1 0
      vertex 10.25 9.25 0
      vertex 30.75 9.25 0
    endloop
  endfacet
  facet normal 0 0 -1
    outer loop
      vertex 0 -1 0
      vertex 10.25 9.25 0
      vertex 41 -1 0
    endloop
  endfacet
  facet normal 0 0 -1
    outer loop
      vertex 10.25 9.25 0
      vertex 0 -1 0
      vertex 10.187202453613281 9.251974105834961 0
    endloop
  endfacet
  facet normal 0 0 -1
    outer loop
      vertex 10.187202453613281 9.251974105834961 0
      vertex 0 -1 0
      vertex 10.124667167663574 9.257884979248047 0
    endloop
  endfacet
  facet normal 0 0 -1
    outer loop
      vertex 10.124667167663574 9.257884979248047 0
      vertex 0 -1 0
      vertex 10.062625885009766 9.267711639404297 0
    endloop
  endfacet
  facet normal 0 0 -1
    outer loop
      vertex 10.062625885009766 9.267711639404297 0
      vertex 0 -1 0
      vertex 10.001310348510742 9.281416893005371 0
    endloop
  endfacet
  facet normal 0 0 -1
    outer loop
      vertex 9.251974105834961 10.187202453613281 0
      vertex -1 0 0
      vertex 9.25 10.25 0
    endloop
  endfacet
  facet normal 0 0 -1
    outer loop
      vertex 9.257884979248047 10.124667167663574 0
      vertex -1 0 0
      vertex 9.251974105834961 10.187202453613281 0
    endloop
  endfacet
  facet normal 0 0 -1
    outer loop
      vertex 9.267711639404297 10.062625885009766 0
      vertex -1 0 0
      vertex 9.257884979248047 10.124667167663574 0
    endloop
  endfacet
  facet normal 0 0 -1
    outer loop
      vertex 9.281416893005371 10.001310348510742 0
      vertex -1 0 0
      vertex 9.267711639404297 10.062625885009766 0
    endloop
  endfacet
  facet normal 0 0 -1
    outer loop
      vertex 9.298944473266602 9.940980911254883 0
      vertex -1 0 0
      vertex 9.281416893005371 10.001310348510742 0
    endloop
  endfacet
  facet normal 0 0 -1
    outer loop
      vertex 9.320223808288574 9.881875038146973 0
      vertex -1 0 0
      vertex 9.298944473266602 9.940980911254883 0
    endloop
  endfacet
  facet normal 0 0 -1
    outer loop
      vertex 9.345171928405762 9.824223518371582 0
      vertex -1 0 0
      vertex 9.320223808288574 9.881875038146973 0
    endloop
  endfacet
  facet normal 0 0 -1
    outer loop
      vertex 9.373693466186523 9.7682466506958 0
      vertex -1 0 0
      vertex 9.345171928405762 9.824223518371582 0
    endloop
  endfacet
  facet normal 0 0 -1
    outer loop
      vertex 9.405675888061523 9.714167594909668 0
      vertex -1 0 0
      vertex 9.373693466186523 9.7682466506958 0
    endloop
  endfacet
  facet normal 0 0 -1
    outer loop
      vertex 9.440982818603516 9.662214279174805 0
      vertex -1 0 0
      vertex 9.405675888061523 9.714167594909668 0
    endloop
  endfacet
  facet normal 0 0 -1
    outer loop
      vertex 9.479486465454102 9.612577438354492 0
      vertex -1 0 0
      vertex 9.440982818603516 9.662214279174805 0
    endloop
  endfacet
  facet normal 0 0 -1
    outer loop
      vertex 9.521031379699707 9.565452575683594 0
      vertex -1 0 0
      vertex 9.479486465454102 9.612577438354492 0
    endloop
  endfacet
  facet normal 0 0 -1
    outer loop
      vertex -1 0 0
      vertex 9.521031379699707 9.565452575683594 0
      vertex 0 -1 0
    endloop
  endfacet
  facet normal 0 0 -1
    outer loop
      vertex 9.565452575683594 9.521031379699707 0
      vertex 0 -1 0
      vertex 9.521031379699707 9.565452575683594 0
    endloop
  endfacet
  facet normal 0 0 -1
    outer loop
      vertex 9.612577438354492 9.479486465454102 0
      vertex 0 -1 0
      vertex 9.565452575683594 9.521031379699707 0
    endloop
  endfacet
  facet normal 0 0 -1
    outer loop
      vertex 9.662214279174805 9.440982818603516 0
      vertex 0 -1 0
      vertex 9.612577438354492 9.479486465454102 0
    endloop
  endfacet
  facet normal 0 0 -1
    outer loop
      vertex 9.714167594909668 9.405675888061523 0
      vertex 0 -1 0
      vertex 9.662214279174805 9.440982818603516 0
    endloop
  endfacet
  facet normal 0 0 -1
    outer loop
      vertex 9.7682466506958 9.373693466186523 0
      vertex 0 -1 0
      vertex 9.714167594909668 9.405675888061523 0
    endloop
  endfacet
  facet normal 0 0 -1
    outer loop
      vertex 9.824223518371582 9.345171928405762 0
      vertex 0 -1 0
      vertex 9.7682466506958 9.373693466186523 0
    endloop
  endfacet
  facet normal 0 0 -1
    outer loop
      vertex 9.881875038146973 9.320223808288574 0
      vertex 0 -1 0
      vertex 9.824223518371582 9.345171928405762 0
    endloop
  endfacet
  facet normal 0 0 -1
    outer loop
      vertex 9.940980911254883 9.298944473266602 0
      vertex 0 -1 0
      vertex 9.881875038146973 9.320223808288574 0
    endloop
  endfacet
  facet normal 0 0 -1
    outer loop
      vertex 10.001310348510742 9.281416893005371 0
      vertex 0 -1 0
      vertex 9.940980911254883 9.298944473266602 0
    endloop
  endfacet
  facet normal 0 0 -1
    outer loop
      vertex 41.425777435302734 41.90482711791992 0
      vertex 41 42 0
      vertex 41.368125915527344 41.92977523803711 0
    endloop
  endfacet
  facet normal 0 0 -1
    outer loop
      vertex 41.309017181396484 41.95105743408203 0
      vertex 41 42 0
      vertex 41.248687744140625 41.96858215332031 0
    endloop
  endfacet
  facet normal 0 0 -1
    outer loop
      vertex 41.187381744384766 41.98228454589844 0
      vertex 41 42 0
      vertex 41.12533187866211 41.99211502075195 0
    endloop
  endfacet
  facet normal 0 0 -1
    outer loop
      vertex 41.12533187866211 41.99211502075195 0
      vertex 41 42 0
      vertex 41.06278991699219 41.998023986816406 0
    endloop
  endfacet
  facet normal 0 0 -1
    outer loop
      vertex 41.248687744140625 41.96858215332031 0
      vertex 41 42 0
      vertex 41.187381744384766 41.98228454589844 0
    endloop
  endfacet
  facet normal 0 0 -1
    outer loop
      vertex 41.368125915527344 41.92977523803711 0
      vertex 41 42 0
      vertex 41.309017181396484 41.95105743408203 0
    endloop
  endfacet
  facet normal 0 0 -1
    outer loop
      vertex 41.53582763671875 41.84432601928711 0
      vertex 41 42 0
      vertex 41.481754302978516 41.876304626464844 0
    endloop
  endfacet
  facet normal 0 0 -1
    outer loop
      vertex 41.63742446899414 41.770511627197266 0
      vertex 41 42 0
      vertex 41.58778381347656 41.809017181396484 0
    endloop
  endfacet
  facet normal 0 0 -1
    outer loop
      vertex 41.770511627197266 41.63742446899414 0
      vertex 41 42 0
      vertex 41.72896957397461 41.684547424316406 0
    endloop
  endfacet
  facet normal 0 0 -1
    outer loop
      vertex 41.84432601928711 41.53582763671875 0
      vertex 41 42 0
      vertex 41.809017181396484 41.58778381347656 0
    endloop
  endfacet
  facet normal 0 0 -1
    outer loop
      vertex 41.92977523803711 41.368125915527344 0
      vertex 41 42 0
      vertex 41.90482711791992 41.425777435302734 0
    endloop
  endfacet
  facet normal 0 0 -1
    outer loop
      vertex 41.98228454589844 41.187381744384766 0
      vertex 41 42 0
      vertex 41.96858215332031 41.248687744140625 0
    endloop
  endfacet
  facet normal 0 0 -1
    outer loop
      vertex 41.998023986816406 41.06278991699219 0
      vertex 41 42 0
      vertex 41.99211502075195 41.12533187866211 0
    endloop
  endfacet
  facet normal 0 0 -1
    outer loop
      vertex 31.434547424316406 31.47896957397461 0
      vertex 41 42 0
      vertex 31.47896957397461 31.434547424316406 0
    endloop
  endfacet
  facet normal 0 0 -1
    outer loop
      vertex 31.387422561645508 31.5205135345459 0
      vertex 41 42 0
      vertex 31.434547424316406 31.47896957397461 0
    endloop
  endfacet
  facet normal 0 0 -1
    outer loop
      vertex 31.337785720825195 31.559017181396484 0
      vertex 41 42 0
      vertex 31.387422561645508 31.5205135345459 0
    endloop
  endfacet
  facet normal 0 0 -1
    outer loop
      vertex 31.285831451416016 31.594324111938477 0
      vertex 41 42 0
      vertex 31.337785720825195 31.559017181396484 0
    endloop
  endfacet
  facet normal 0 0 -1
    outer loop
      vertex 31.231754302978516 31.626306533813477 0
      vertex 41 42 0
      vertex 31.285831451416016 31.594324111938477 0
    endloop
  endfacet
  facet normal 0 0 -1
    outer loop
      vertex 31.1757755279541 31.654827117919922 0
      vertex 41 42 0
      vertex 31.231754302978516 31.626306533813477 0
    endloop
  endfacet
  facet normal 0 0 -1
    outer loop
      vertex 31.118125915527344 31.67977523803711 0
      vertex 41 42 0
      vertex 31.1757755279541 31.654827117919922 0
    endloop
  endfacet
  facet normal 0 0 -1
    outer loop
      vertex 31.059019088745117 31.7010555267334 0
      vertex 41 42 0
      vertex 31.118125915527344 31.67977523803711 0
    endloop
  endfacet
  facet normal 0 0 -1
    outer loop
      vertex 30.998689651489258 31.718582153320312 0
      vertex 41 42 0
      vertex 31.059019088745117 31.7010555267334 0
    endloop
  endfacet
  facet normal 0 0 -1
    outer loop
      vertex 30.937374114990234 31.732288360595703 0
      vertex 41 42 0
      vertex 30.998689651489258 31.718582153320312 0
    endloop
  endfacet
  facet normal 0 0 -1
    outer loop
      vertex 30.87533187866211 31.742115020751953 0
      vertex 41 42 0
      vertex 30.937374114990234 31.732288360595703 0
    endloop
  endfacet
  facet normal 0 0 -1
    outer loop
      vertex 30.81279754638672 31.74802589416504 0
      vertex 41 42 0
      vertex 30.87533187866211 31.742115020751953 0
    endloop
  endfacet
  facet normal 0 0 -1
    outer loop
      vertex 30.75 31.75 0
      vertex 41 42 0
      vertex 30.81279754638672 31.74802589416504 0
    endloop
  endfacet
  facet normal 0 0 -1
    outer loop
      vertex 10.25 31.75 0
      vertex 41 42 0
      vertex 30.75 31.75 0
    endloop
  endfacet
  facet normal 0 0 -1
    outer loop
      vertex 0 42 0
      vertex 10.25 31.75 0
      vertex 10.187202453613281 31.74802589416504 0
    endloop
  endfacet
  facet normal 0 0 -1
    outer loop
      vertex 0 42 0
      vertex 10.187202453613281 31.74802589416504 0
      vertex 10.124667167663574 31.742115020751953 0
    endloop
  endfacet
  facet normal 0 0 -1
    outer loop
      vertex 0 42 0
      vertex 10.124667167663574 31.742115020751953 0
      vertex 10.062625885009766 31.732288360595703 0
    endloop
  endfacet
  facet normal 0 0 -1
    outer loop
      vertex 0 42 0
      vertex 10.062625885009766 31.732288360595703 0
      vertex 10.001310348510742 31.718582153320312 0
    endloop
  endfacet
  facet normal 0 0 -1
    outer loop
      vertex 0 42 0
      vertex 10.001310348510742 31.718582153320312 0
      vertex 9.940980911254883 31.7010555267334 0
    endloop
  endfacet
  facet normal 0 0 -1
    outer loop
      vertex 9.25 10.25 0
      vertex -1 0 0
      vertex 9.25 30.75 0
    endloop
  endfacet
  facet normal 0 0 -1
    outer loop
      vertex -1 41 0
      vertex 9.25 30.75 0
      vertex -1 0 0
    endloop
  endfacet
  facet normal 0 0 -1
    outer loop
      vertex 9.25 30.75 0
      vertex -1 41 0
      vertex 9.251974105834961 30.81279754638672 0
    endloop
  endfacet
  facet normal 0 0 -1
    outer loop
      vertex 9.251974105834961 30.81279754638672 0
      vertex -1 41 0
      vertex 9.257884979248047 30.87533187866211 0
    endloop
  endfacet
  facet normal 0 0 -1
    outer loop
      vertex 10.25 31.75 0
      vertex 0 42 0
      vertex 41 42 0
    endloop
  endfacet
  facet normal 0 0 -1
    outer loop
      vertex 9.881875038146973 31.67977523803711 0
      vertex 0 42 0
      vertex 9.940980911254883 31.7010555267334 0
    endloop
  endfacet
  facet normal 0 0 -1
    outer loop
      vertex 9.824223518371582 31.654827117919922 0
      vertex 0 42 0
      vertex 9.881875038146973 31.67977523803711 0
    endloop
  endfacet
  facet normal 0 0 -1
    outer loop
      vertex 9.7682466506958 31.626306533813477 0
      vertex 0 42 0
      vertex 9.824223518371582 31.654827117919922 0
    endloop
  endfacet
  facet normal 0 0 -1
    outer loop
      vertex 9.714167594909668 31.594324111938477 0
      vertex 0 42 0
      vertex 9.7682466506958 31.626306533813477 0
    endloop
  endfacet
  facet normal 0 0 -1
    outer loop
      vertex 9.662214279174805 31.559017181396484 0
      vertex 0 42 0
      vertex 9.714167594909668 31.594324111938477 0
    endloop
  endfacet
  facet normal 0 0 -1
    outer loop
      vertex 9.612577438354492 31.5205135345459 0
      vertex 0 42 0
      vertex 9.662214279174805 31.559017181396484 0
    endloop
  endfacet
  facet normal 0 0 -1
    outer loop
      vertex 9.565452575683594 31.47896957397461 0
      vertex 0 42 0
      vertex 9.612577438354492 31.5205135345459 0
    endloop
  endfacet
  facet normal 0 0 -1
    outer loop
      vertex 9.521031379699707 31.434547424316406 0
      vertex 0 42 0
      vertex 9.565452575683594 31.47896957397461 0
    endloop
  endfacet
  facet normal 0 0 -1
    outer loop
      vertex -1 41 0
      vertex 9.521031379699707 31.434547424316406 0
      vertex 9.479486465454102 31.387422561645508 0
    endloop
  endfacet
  facet normal 0 0 -1
    outer loop
      vertex -1 41 0
      vertex 9.479486465454102 31.387422561645508 0
      vertex 9.440982818603516 31.337785720825195 0
    endloop
  endfacet
  facet normal 0 0 -1
    outer loop
      vertex -1 41 0
      vertex 9.440982818603516 31.337785720825195 0
      vertex 9.405675888061523 31.285831451416016 0
    endloop
  endfacet
  facet normal 0 0 -1
    outer loop
      vertex -1 41 0
      vertex 9.405675888061523 31.285831451416016 0
      vertex 9.373693466186523 31.231754302978516 0
    endloop
  endfacet
  facet normal 0 0 -1
    outer loop
      vertex -1 41 0
      vertex 9.373693466186523 31.231754302978516 0
      vertex 9.345171928405762 31.1757755279541 0
    endloop
  endfacet
  facet normal 0 0 -1
    outer loop
      vertex -1 41 0
      vertex 9.345171928405762 31.1757755279541 0
      vertex 9.320223808288574 31.118125915527344 0
    endloop
  endfacet
  facet normal 0 0 -1
    outer loop
      vertex -1 41 0
      vertex 9.320223808288574 31.118125915527344 0
      vertex 9.298944473266602 31.059019088745117 0
    endloop
  endfacet
  facet normal 0 0 -1
    outer loop
      vertex -1 41 0
      vertex 9.298944473266602 31.059019088745117 0
      vertex 9.281416893005371 30.998689651489258 0
    endloop
  endfacet
  facet normal 0 0 -1
    outer loop
      vertex 9.257884979248047 30.87533187866211 0
      vertex -1 41 0
      vertex 9.267711639404297 30.937374114990234 0
    endloop
  endfacet
  facet normal 0 0 -1
    outer loop
      vertex -1 0 0
      vertex 0 -1 0
      vertex -0.0627899169921875 -0.9980258941650391 0
    endloop
  endfacet
  facet normal 0 0 -1
    outer loop
      vertex 9.267711639404297 30.937374114990234 0
      vertex -1 41 0
      vertex 9.281416893005371 30.998689651489258 0
    endloop
  endfacet
  facet normal 0 0 -1
    outer loop
      vertex -1 0 0
      vertex -0.0627899169921875 -0.9980258941650391 0
      vertex -0.12533283233642578 -0.9921140670776367 0
    endloop
  endfacet
  facet normal 0 0 -1
    outer loop
      vertex 9.521031379699707 31.434547424316406 0
      vertex -1 41 0
      vertex 0 42 0
    endloop
  endfacet
  facet normal 0 0 -1
    outer loop
      vertex -1 0 0
      vertex -0.12533283233642578 -0.9921140670776367 0
      vertex -0.18738079071044922 -0.9822864532470703 0
    endloop
  endfacet
  facet normal 0 0 -1
    outer loop
      vertex 0 42 0
      vertex -1 41 0
      vertex -0.0627899169921875 41.998023986816406 0
    endloop
  endfacet
  facet normal 0 0 -1
    outer loop
      vertex -1 0 0
      vertex -0.18738079071044922 -0.9822864532470703 0
      vertex -0.2486896514892578 -0.9685831069946289 0
    endloop
  endfacet
  facet normal 0 0 -1
    outer loop
      vertex -0.0627899169921875 41.998023986816406 0
      vertex -1 41 0
      vertex -0.12533283233642578 41.99211502075195 0
    endloop
  endfacet
  facet normal 0 0 -1
    outer loop
      vertex -1 0 0
      vertex -0.2486896514892578 -0.9685831069946289 0
      vertex -0.30901622772216797 -0.9510564804077148 0
    endloop
  endfacet
  facet normal 0 0 -1
    outer loop
      vertex -0.12533283233642578 41.99211502075195 0
      vertex -1 41 0
      vertex -0.18738079071044922 41.98228454589844 0
    endloop
  endfacet
  facet normal 0 0 -1
    outer loop
      vertex -1 0 0
      vertex -0.30901622772216797 -0.9510564804077148 0
      vertex -0.36812400817871094 -0.9297761917114258 0
    endloop
  endfacet
  facet normal 0 0 -1
    outer loop
      vertex -0.18738079071044922 41.98228454589844 0
      vertex -1 41 0
      vertex -0.2486896514892578 41.96858215332031 0
    endloop
  endfacet
  facet normal 0 0 -1
    outer loop
      vertex -1 0 0
      vertex -0.36812400817871094 -0.9297761917114258 0
      vertex -0.4257783889770508 -0.9048261642456055 0
    endloop
  endfacet
  facet normal 0 0 -1
    outer loop
      vertex -0.2486896514892578 41.96858215332031 0
      vertex -1 41 0
      vertex -0.30901622772216797 41.95105743408203 0
    endloop
  endfacet
  facet normal 0 0 -1
    outer loop
      vertex -1 0 0
      vertex -0.4257783889770508 -0.9048261642456055 0
      vertex -0.4817533493041992 -0.8763065338134766 0
    endloop
  endfacet
  facet normal 0 0 -1
    outer loop
      vertex -0.30901622772216797 41.95105743408203 0
      vertex -1 41 0
      vertex -0.36812400817871094 41.92977523803711 0
    endloop
  endfacet
  facet normal 0 0 -1
    outer loop
      vertex -1 0 0
      vertex -0.4817533493041992 -0.8763065338134766 0
      vertex -0.5358266830444336 -0.8443269729614258 0
    endloop
  endfacet
  facet normal 0 0 -1
    outer loop
      vertex -0.36812400817871094 41.92977523803711 0
      vertex -1 41 0
      vertex -0.4257783889770508 41.90482711791992 0
    endloop
  endfacet
  facet normal 0 0 -1
    outer loop
      vertex -1 0 0
      vertex -0.5358266830444336 -0.8443269729614258 0
      vertex -0.5877847671508789 -0.809016227722168 0
    endloop
  endfacet
  facet normal 0 0 -1
    outer loop
      vertex -0.4257783889770508 41.90482711791992 0
      vertex -1 41 0
      vertex -0.4817533493041992 41.876304626464844 0
    endloop
  endfacet
  facet normal 0 0 -1
    outer loop
      vertex -1 0 0
      vertex -0.5877847671508789 -0.809016227722168 0
      vertex -0.6374235153198242 -0.770512580871582 0
    endloop
  endfacet
  facet normal 0 0 -1
    outer loop
      vertex -0.4817533493041992 41.876304626464844 0
      vertex -1 41 0
      vertex -0.5358266830444336 41.84432601928711 0
    endloop
  endfacet
  facet normal 0 0 -1
    outer loop
      vertex -1 0 0
      vertex -0.6374235153198242 -0.770512580871582 0
      vertex -0.6845464706420898 -0.728968620300293 0
    endloop
  endfacet
  facet normal 0 0 -1
    outer loop
      vertex -0.5358266830444336 41.84432601928711 0
      vertex -1 41 0
      vertex -0.5877847671508789 41.809017181396484 0
    endloop
  endfacet
  facet normal 0 0 -1
    outer loop
      vertex -1 0 0
      vertex -0.6845464706420898 -0.728968620300293 0
      vertex -0.728968620300293 -0.6845464706420898 0
    endloop
  endfacet
  facet normal 0 0 -1
    outer loop
      vertex -0.5877847671508789 41.809017181396484 0
      vertex -1 41 0
      vertex -0.6374235153198242 41.770511627197266 0
    endloop
  endfacet
  facet normal 0 0 -1
    outer loop
      vertex -1 0 0
      vertex -0.728968620300293 -0.6845464706420898 0
      vertex -0.770512580871582 -0.6374235153198242 0
    endloop
  endfacet
  facet normal 0 0 -1
    outer loop
      vertex -0.6374235153198242 41.770511627197266 0
      vertex -1 41 0
      vertex -0.6845464706420898 41.72896957397461 0
    endloop
  endfacet
  facet normal 0 0 -1
    outer loop
      vertex -1 0 0
      vertex -0.770512580871582 -0.6374235153198242 0
      vertex -0.809016227722168 -0.5877847671508789 0
    endloop
  endfacet
  facet normal 0 0 -1
    outer loop
      vertex -0.6845464706420898 41.72896957397461 0
      vertex -1 41 0
      vertex -0.728968620300293 41.684547424316406 0
    endloop
  endfacet
  facet normal 0 0 -1
    outer loop
      vertex -1 0 0
      vertex -0.809016227722168 -0.5877847671508789 0
      vertex -0.8443269729614258 -0.5358266830444336 0
    endloop
  endfacet
  facet normal 0 0 -1
    outer loop
      vertex -0.728968620300293 41.684547424316406 0
      vertex -1 41 0
      vertex -0.770512580871582 41.63742446899414 0
    endloop
  endfacet
  facet normal 0 0 -1
    outer loop
      vertex -1 0 0
      vertex -0.8443269729614258 -0.5358266830444336 0
      vertex -0.8763065338134766 -0.4817533493041992 0
    endloop
  endfacet
  facet normal 0 0 -1
    outer loop
      vertex -0.770512580871582 41.63742446899414 0
      vertex -1 41 0
      vertex -0.809016227722168 41.58778381347656 0
    endloop
  endfacet
  facet normal 0 0 -1
    outer loop
      vertex -1 0 0
      vertex -0.8763065338134766 -0.4817533493041992 0
      vertex -0.9048261642456055 -0.4257783889770508 0
    endloop
  endfacet
  facet normal 0 0 -1
    outer loop
      vertex -0.809016227722168 41.58778381347656 0
      vertex -1 41 0
      vertex -0.8443269729614258 41.53582763671875 0
    endloop
  endfacet
  facet normal 0 0 -1
    outer loop
      vertex -1 0 0
      vertex -0.9048261642456055 -0.4257783889770508 0
      vertex -0.9297761917114258 -0.36812400817871094 0
    endloop
  endfacet
  facet normal 0 0 -1
    outer loop
      vertex -0.8443269729614258 41.53582763671875 0
      vertex -1 41 0
      vertex -0.8763065338134766 41.481754302978516 0
    endloop
  endfacet
  facet normal 0 0 -1
    outer loop
      vertex -1 0 0
      vertex -0.9297761917114258 -0.36812400817871094 0
      vertex -0.9510564804077148 -0.30901622772216797 0
    endloop
  endfacet
  facet normal 0 0 -1
    outer loop
      vertex -0.8763065338134766 41.481754302978516 0
      vertex -1 41 0
      vertex -0.9048261642456055 41.425777435302734 0
    endloop
  endfacet
  facet normal 0 0 -1
    outer loop
      vertex -1 0 0
      vertex -0.9510564804077148 -0.30901622772216797 0
      vertex -0.9685831069946289 -0.2486896514892578 0
    endloop
  endfacet
  facet normal 0 0 -1
    outer loop
      vertex -0.9048261642456055 41.425777435302734 0
      vertex -1 41 0
      vertex -0.9297761917114258 41.368125915527344 0
    endloop
  endfacet
  facet normal 0 0 -1
    outer loop
      vertex -1 0 0
      vertex -0.9685831069946289 -0.2486896514892578 0
      vertex -0.9822864532470703 -0.18738079071044922 0
    endloop
  endfacet
  facet normal 0 0 -1
    outer loop
      vertex -0.9297761917114258 41.368125915527344 0
      vertex -1 41 0
      vertex -0.9510564804077148 41.309017181396484 0
    endloop
  endfacet
  facet normal 0 0 -1
    outer loop
      vertex -1 0 0
      vertex -0.9822864532470703 -0.18738079071044922 0
      vertex -0.9921140670776367 -0.12533283233642578 0
    endloop
  endfacet
  facet normal 0 0 -1
    outer loop
      vertex -0.9510564804077148 41.309017181396484 0
      vertex -1 41 0
      vertex -0.9685831069946289 41.248687744140625 0
    endloop
  endfacet
  facet normal 0 0 -1
    outer loop
      vertex -1 0 0
      vertex -0.9921140670776367 -0.12533283233642578 0
      vertex -0.9980258941650391 -0.0627899169921875 0
    endloop
  endfacet
  facet normal 0 0 -1
    outer loop
      vertex -0.9685831069946289 41.248687744140625 0
      vertex -1 41 0
      vertex -0.9822864532470703 41.187381744384766 0
    endloop
  endfacet
  facet normal 0 0 -1
    outer loop
      vertex -0.9822864532470703 41.187381744384766 0
      vertex -1 41 0
      vertex -0.9921140670776367 41.12533187866211 0
    endloop
  endfacet
  facet normal 0 0 -1
    outer loop
      vertex -0.9921140670776367 41.12533187866211 0
      vertex -1 41 0
      vertex -0.9980258941650391 41.06278991699219 0
    endloop
  endfacet
  facet normal -0.661290186636757 0.7501301814071496 0
    outer loop
      vertex -0.6374235153198242 41.770511627197266 0
      vertex -0.6845464706420898 41.72896957397461 67
      vertex -0.6374235153198242 41.770511627197266 67
    endloop
  endfacet
  facet normal -0.661290186636757 0.7501301814071496 0
    outer loop
      vertex -0.6845464706420898 41.72896957397461 67
      vertex -0.6374235153198242 41.770511627197266 0
      vertex -0.6845464706420898 41.72896957397461 0
    endloop
  endfacet
  facet normal -0.9602966502662902 0.2789809016533968 0
    outer loop
      vertex -0.9685831069946289 41.248687744140625 0
      vertex -0.9510564804077148 41.309017181396484 67
      vertex -0.9510564804077148 41.309017181396484 0
    endloop
  endfacet
  facet normal -0.9602966502662902 0.2789809016533968 0
    outer loop
      vertex -0.9510564804077148 41.309017181396484 67
      vertex -0.9685831069946289 41.248687744140625 0
      vertex -0.9685831069946289 41.248687744140625 67
    endloop
  endfacet
  facet normal -0.7071067811865476 0.7071067811865476 0
    outer loop
      vertex -0.728968620300293 41.684547424316406 0
      vertex -0.6845464706420898 41.72896957397461 67
      vertex -0.6845464706420898 41.72896957397461 0
    endloop
  endfacet
  facet normal -0.7071067811865476 0.7071067811865476 0
    outer loop
      vertex -0.6845464706420898 41.72896957397461 67
      vertex -0.728968620300293 41.684547424316406 0
      vertex -0.728968620300293 41.684547424316406 67
    endloop
  endfacet
  facet normal -0.940881606192559 0.33873559471734044 0
    outer loop
      vertex -0.9510564804077148 41.309017181396484 0
      vertex -0.9297761917114258 41.368125915527344 67
      vertex -0.9297761917114258 41.368125915527344 0
    endloop
  endfacet
  facet normal -0.940881606192559 0.33873559471734044 0
    outer loop
      vertex -0.9297761917114258 41.368125915527344 67
      vertex -0.9510564804077148 41.309017181396484 0
      vertex -0.9510564804077148 41.309017181396484 67
    endloop
  endfacet
  facet normal -0.5620633457887453 0.8270941876961544 0
    outer loop
      vertex -0.5358266830444336 41.84432601928711 0
      vertex -0.5877847671508789 41.809017181396484 67
      vertex -0.5358266830444336 41.84432601928711 67
    endloop
  endfacet
  facet normal -0.5620633457887453 0.8270941876961544 0
    outer loop
      vertex -0.5877847671508789 41.809017181396484 67
      vertex -0.5358266830444336 41.84432601928711 0
      vertex -0.5877847671508789 41.809017181396484 0
    endloop
  endfacet
  facet normal -0.9177430959848977 0.3971745331363213 0
    outer loop
      vertex -0.9297761917114258 41.368125915527344 0
      vertex -0.9048261642456055 41.425777435302734 67
      vertex -0.9048261642456055 41.425777435302734 0
    endloop
  endfacet
  facet normal -0.9177430959848977 0.3971745331363213 0
    outer loop
      vertex -0.9048261642456055 41.425777435302734 67
      vertex -0.9297761917114258 41.368125915527344 0
      vertex -0.9297761917114258 41.368125915527344 67
    endloop
  endfacet
  facet normal -0.8910194544679184 0.45396512174361286 0
    outer loop
      vertex -0.9048261642456055 41.425777435302734 0
      vertex -0.8763065338134766 41.481754302978516 67
      vertex -0.8763065338134766 41.481754302978516 0
    endloop
  endfacet
  facet normal -0.8910194544679184 0.45396512174361286 0
    outer loop
      vertex -0.8763065338134766 41.481754302978516 67
      vertex -0.9048261642456055 41.425777435302734 0
      vertex -0.9048261642456055 41.425777435302734 67
    endloop
  endfacet
  facet normal 0 0 1
    outer loop
      vertex 2.4822864532470703 30.562618255615234 6
      vertex 9.25 30.75 6
      vertex 2.4921140670776367 30.62466812133789 6
    endloop
  endfacet
  facet normal 0 0 1
    outer loop
      vertex 9.25 10.25 6
      vertex 2.498025894165039 10.312789916992188 6
      vertex 2.5 10.25 6
    endloop
  endfacet
  facet normal 0 0 1
    outer loop
      vertex 2.468583106994629 30.501310348510742 6
      vertex 9.25 30.75 6
      vertex 2.4822864532470703 30.562618255615234 6
    endloop
  endfacet
  facet normal 0 0 1
    outer loop
      vertex 9.25 10.25 6
      vertex 2.4921140670776367 10.375332832336426 6
      vertex 2.498025894165039 10.312789916992188 6
    endloop
  endfacet
  facet normal 0 0 1
    outer loop
      vertex 2.451056480407715 30.440982818603516 6
      vertex 9.25 30.75 6
      vertex 2.468583106994629 30.501310348510742 6
    endloop
  endfacet
  facet normal 0 0 1
    outer loop
      vertex 9.25 10.25 6
      vertex 2.4822864532470703 10.43738079071045 6
      vertex 2.4921140670776367 10.375332832336426 6
    endloop
  endfacet
  facet normal 0 0 1
    outer loop
      vertex 2.429776191711426 30.38187599182129 6
      vertex 9.25 30.75 6
      vertex 2.451056480407715 30.440982818603516 6
    endloop
  endfacet
  facet normal 0 0 1
    outer loop
      vertex 9.25 10.25 6
      vertex 2.468583106994629 10.498689651489258 6
      vertex 2.4822864532470703 10.43738079071045 6
    endloop
  endfacet
  facet normal 0 0 1
    outer loop
      vertex 2.4048261642456055 30.324222564697266 6
      vertex 9.25 30.75 6
      vertex 2.429776191711426 30.38187599182129 6
    endloop
  endfacet
  facet normal 0 0 1
    outer loop
      vertex 9.25 10.25 6
      vertex 2.451056480407715 10.559016227722168 6
      vertex 2.468583106994629 10.498689651489258 6
    endloop
  endfacet
  facet normal 0 0 1
    outer loop
      vertex 2.3763065338134766 30.268245697021484 6
      vertex 9.25 30.75 6
      vertex 2.4048261642456055 30.324222564697266 6
    endloop
  endfacet
  facet normal 0 0 1
    outer loop
      vertex 9.25 10.25 6
      vertex 2.429776191711426 10.618124008178711 6
      vertex 2.451056480407715 10.559016227722168 6
    endloop
  endfacet
  facet normal 0 0 1
    outer loop
      vertex 2.344326972961426 30.21417236328125 6
      vertex 9.25 30.75 6
      vertex 2.3763065338134766 30.268245697021484 6
    endloop
  endfacet
  facet normal 0 0 1
    outer loop
      vertex 9.25 10.25 6
      vertex 2.4048261642456055 10.67577838897705 6
      vertex 2.429776191711426 10.618124008178711 6
    endloop
  endfacet
  facet normal 0 0 1
    outer loop
      vertex 2.309016227722168 30.162216186523438 6
      vertex 9.25 30.75 6
      vertex 2.344326972961426 30.21417236328125 6
    endloop
  endfacet
  facet normal 0 0 1
    outer loop
      vertex 9.25 10.25 6
      vertex 2.3763065338134766 10.7317533493042 6
      vertex 2.4048261642456055 10.67577838897705 6
    endloop
  endfacet
  facet normal 0 0 1
    outer loop
      vertex 2.270512580871582 30.11257553100586 6
      vertex 9.25 30.75 6
      vertex 2.309016227722168 30.162216186523438 6
    endloop
  endfacet
  facet normal 0 0 1
    outer loop
      vertex 9.25 10.25 6
      vertex 2.344326972961426 10.785826683044434 6
      vertex 2.3763065338134766 10.7317533493042 6
    endloop
  endfacet
  facet normal 0 0 1
    outer loop
      vertex 2.228968620300293 30.065452575683594 6
      vertex 9.25 30.75 6
      vertex 2.270512580871582 30.11257553100586 6
    endloop
  endfacet
  facet normal 0 0 1
    outer loop
      vertex 9.25 10.25 6
      vertex 2.309016227722168 10.837784767150879 6
      vertex 2.344326972961426 10.785826683044434 6
    endloop
  endfacet
  facet normal 0 0 1
    outer loop
      vertex 2.18454647064209 30.02103042602539 6
      vertex 9.25 30.75 6
      vertex 2.228968620300293 30.065452575683594 6
    endloop
  endfacet
  facet normal 0 0 1
    outer loop
      vertex 9.25 10.25 6
      vertex 2.270512580871582 10.887423515319824 6
      vertex 2.309016227722168 10.837784767150879 6
    endloop
  endfacet
  facet normal 0 0 1
    outer loop
      vertex 2.137423515319824 29.979488372802734 6
      vertex 9.25 30.75 6
      vertex 2.18454647064209 30.02103042602539 6
    endloop
  endfacet
  facet normal 0 0 1
    outer loop
      vertex 9.25 10.25 6
      vertex 2.228968620300293 10.93454647064209 6
      vertex 2.270512580871582 10.887423515319824 6
    endloop
  endfacet
  facet normal 0 0 1
    outer loop
      vertex 2.087784767150879 29.940982818603516 6
      vertex 9.25 30.75 6
      vertex 2.137423515319824 29.979488372802734 6
    endloop
  endfacet
  facet normal 0 0 1
    outer loop
      vertex 9.25 10.25 6
      vertex 2.18454647064209 10.978968620300293 6
      vertex 2.228968620300293 10.93454647064209 6
    endloop
  endfacet
  facet normal 0 0 1
    outer loop
      vertex 2.0358266830444336 29.90567398071289 6
      vertex 9.25 30.75 6
      vertex 2.087784767150879 29.940982818603516 6
    endloop
  endfacet
  facet normal 0 0 1
    outer loop
      vertex 9.25 10.25 6
      vertex 2.137423515319824 11.020512580871582 6
      vertex 2.18454647064209 10.978968620300293 6
    endloop
  endfacet
  facet normal 0 0 1
    outer loop
      vertex 1.9817533493041992 29.873693466186523 6
      vertex 9.25 30.75 6
      vertex 2.0358266830444336 29.90567398071289 6
    endloop
  endfacet
  facet normal 0 0 1
    outer loop
      vertex 9.25 10.25 6
      vertex 2.087784767150879 11.059016227722168 6
      vertex 2.137423515319824 11.020512580871582 6
    endloop
  endfacet
  facet normal 0 0 1
    outer loop
      vertex 9.25 30.75 6
      vertex 1.9817533493041992 29.873693466186523 6
      vertex 9.25 10.25 6
    endloop
  endfacet
  facet normal 0 0 1
    outer loop
      vertex 9.25 10.25 6
      vertex 2.0358266830444336 11.094326972961426 6
      vertex 2.087784767150879 11.059016227722168 6
    endloop
  endfacet
  facet normal 0 0 1
    outer loop
      vertex 1.9817533493041992 11.126306533813477 6
      vertex 9.25 10.25 6
      vertex 1.9817533493041992 29.873693466186523 6
    endloop
  endfacet
  facet normal 0 0 1
    outer loop
      vertex 9.25 10.25 6
      vertex 1.9817533493041992 11.126306533813477 6
      vertex 2.0358266830444336 11.094326972961426 6
    endloop
  endfacet
  facet normal 0 0 1
    outer loop
      vertex 1.9257783889770508 29.845172882080078 6
      vertex 1.9817533493041992 11.126306533813477 6
      vertex 1.9817533493041992 29.873693466186523 6
    endloop
  endfacet
  facet normal 0 0 1
    outer loop
      vertex 1.9257783889770508 29.845172882080078 6
      vertex 1.9257783889770508 11.154826164245605 6
      vertex 1.9817533493041992 11.126306533813477 6
    endloop
  endfacet
  facet normal 0 0 1
    outer loop
      vertex 1.868124008178711 29.82022476196289 6
      vertex 1.9257783889770508 11.154826164245605 6
      vertex 1.9257783889770508 29.845172882080078 6
    endloop
  endfacet
  facet normal 0 0 1
    outer loop
      vertex 1.868124008178711 29.82022476196289 6
      vertex 1.868124008178711 11.179776191711426 6
      vertex 1.9257783889770508 11.154826164245605 6
    endloop
  endfacet
  facet normal 0 0 1
    outer loop
      vertex 1.809016227722168 29.79894256591797 6
      vertex 1.868124008178711 11.179776191711426 6
      vertex 1.868124008178711 29.82022476196289 6
    endloop
  endfacet
  facet normal 0 0 1
    outer loop
      vertex 1.809016227722168 29.79894256591797 6
      vertex 1.809016227722168 11.201056480407715 6
      vertex 1.868124008178711 11.179776191711426 6
    endloop
  endfacet
  facet normal 0 0 1
    outer loop
      vertex 1.7486896514892578 29.781417846679688 6
      vertex 1.809016227722168 11.201056480407715 6
      vertex 1.809016227722168 29.79894256591797 6
    endloop
  endfacet
  facet normal 0 0 1
    outer loop
      vertex 1.7486896514892578 29.781417846679688 6
      vertex 1.7486896514892578 11.218583106994629 6
      vertex 1.809016227722168 11.201056480407715 6
    endloop
  endfacet
  facet normal 0 0 1
    outer loop
      vertex 1.6873807907104492 29.76771354675293 6
      vertex 1.7486896514892578 11.218583106994629 6
      vertex 1.7486896514892578 29.781417846679688 6
    endloop
  endfacet
  facet normal 0 0 1
    outer loop
      vertex 1.6873807907104492 29.76771354675293 6
      vertex 1.6873807907104492 11.23228645324707 6
      vertex 1.7486896514892578 11.218583106994629 6
    endloop
  endfacet
  facet normal 0 0 1
    outer loop
      vertex 1.6253328323364258 29.757884979248047 6
      vertex 1.6873807907104492 11.23228645324707 6
      vertex 1.6873807907104492 29.76771354675293 6
    endloop
  endfacet
  facet normal 0 0 1
    outer loop
      vertex 1.6253328323364258 29.757884979248047 6
      vertex 1.6253328323364258 11.242114067077637 6
      vertex 1.6873807907104492 11.23228645324707 6
    endloop
  endfacet
  facet normal 0 0 1
    outer loop
      vertex 1.5627899169921875 29.75197410583496 6
      vertex 1.6253328323364258 11.242114067077637 6
      vertex 1.6253328323364258 29.757884979248047 6
    endloop
  endfacet
  facet normal 0 0 1
    outer loop
      vertex 1.5627899169921875 29.75197410583496 6
      vertex 1.5627899169921875 11.248025894165039 6
      vertex 1.6253328323364258 11.242114067077637 6
    endloop
  endfacet
  facet normal 0 0 1
    outer loop
      vertex 1.5 29.75 6
      vertex 1.5627899169921875 11.248025894165039 6
      vertex 1.5627899169921875 29.75197410583496 6
    endloop
  endfacet
  facet normal 0 0 1
    outer loop
      vertex 1.5 29.75 6
      vertex 1.5 11.25 6
      vertex 1.5627899169921875 11.248025894165039 6
    endloop
  endfacet
  facet normal 0 0 1
    outer loop
      vertex 0 29.75 6
      vertex 1.5 11.25 6
      vertex 1.5 29.75 6
    endloop
  endfacet
  facet normal 0 0 1
    outer loop
      vertex 0 29.75 6
      vertex 0 11.25 6
      vertex 1.5 11.25 6
    endloop
  endfacet
  facet normal 0 0 1
    outer loop
      vertex -0.0627899169921875 29.75197410583496 6
      vertex 0 11.25 6
      vertex 0 29.75 6
    endloop
  endfacet
  facet normal 0 0 1
    outer loop
      vertex -0.0627899169921875 29.75197410583496 6
      vertex -0.0627899169921875 11.248025894165039 6
      vertex 0 11.25 6
    endloop
  endfacet
  facet normal 0 0 1
    outer loop
      vertex -0.12533283233642578 29.757884979248047 6
      vertex -0.0627899169921875 11.248025894165039 6
      vertex -0.0627899169921875 29.75197410583496 6
    endloop
  endfacet
  facet normal 0 0 1
    outer loop
      vertex -0.12533283233642578 29.757884979248047 6
      vertex -0.12533283233642578 11.242114067077637 6
      vertex -0.0627899169921875 11.248025894165039 6
    endloop
  endfacet
  facet normal 0 0 1
    outer loop
      vertex -0.18738079071044922 29.76771354675293 6
      vertex -0.12533283233642578 11.242114067077637 6
      vertex -0.12533283233642578 29.757884979248047 6
    endloop
  endfacet
  facet normal 0 0 1
    outer loop
      vertex -0.18738079071044922 29.76771354675293 6
      vertex -0.18738079071044922 11.23228645324707 6
      vertex -0.12533283233642578 11.242114067077637 6
    endloop
  endfacet
  facet normal 0 0 1
    outer loop
      vertex -0.2486896514892578 29.781417846679688 6
      vertex -0.18738079071044922 11.23228645324707 6
      vertex -0.18738079071044922 29.76771354675293 6
    endloop
  endfacet
  facet normal 0 0 1
    outer loop
      vertex -0.2486896514892578 29.781417846679688 6
      vertex -0.2486896514892578 11.218583106994629 6
      vertex -0.18738079071044922 11.23228645324707 6
    endloop
  endfacet
  facet normal 0 0 1
    outer loop
      vertex -0.30901622772216797 29.79894256591797 6
      vertex -0.2486896514892578 11.218583106994629 6
      vertex -0.2486896514892578 29.781417846679688 6
    endloop
  endfacet
  facet normal 0 0 1
    outer loop
      vertex -0.30901622772216797 29.79894256591797 6
      vertex -0.30901622772216797 11.201056480407715 6
      vertex -0.2486896514892578 11.218583106994629 6
    endloop
  endfacet
  facet normal 0 0 1
    outer loop
      vertex -0.36812400817871094 29.82022476196289 6
      vertex -0.30901622772216797 11.201056480407715 6
      vertex -0.30901622772216797 29.79894256591797 6
    endloop
  endfacet
  facet normal 0 0 1
    outer loop
      vertex -0.36812400817871094 29.82022476196289 6
      vertex -0.36812400817871094 11.179776191711426 6
      vertex -0.30901622772216797 11.201056480407715 6
    endloop
  endfacet
  facet normal 0 0 1
    outer loop
      vertex -0.4257783889770508 29.845172882080078 6
      vertex -0.36812400817871094 11.179776191711426 6
      vertex -0.36812400817871094 29.82022476196289 6
    endloop
  endfacet
  facet normal 0 0 1
    outer loop
      vertex -0.4257783889770508 29.845172882080078 6
      vertex -0.4257783889770508 11.154826164245605 6
      vertex -0.36812400817871094 11.179776191711426 6
    endloop
  endfacet
  facet normal 0 0 1
    outer loop
      vertex -0.4817533493041992 29.873693466186523 6
      vertex -0.4257783889770508 11.154826164245605 6
      vertex -0.4257783889770508 29.845172882080078 6
    endloop
  endfacet
  facet normal 0 0 1
    outer loop
      vertex -0.4817533493041992 29.873693466186523 6
      vertex -0.4817533493041992 11.126306533813477 6
      vertex -0.4257783889770508 11.154826164245605 6
    endloop
  endfacet
  facet normal 0 0 1
    outer loop
      vertex -0.5358266830444336 29.90567398071289 6
      vertex -0.4817533493041992 11.126306533813477 6
      vertex -0.4817533493041992 29.873693466186523 6
    endloop
  endfacet
  facet normal 0 0 1
    outer loop
      vertex -0.5358266830444336 29.90567398071289 6
      vertex -0.5358266830444336 11.094326972961426 6
      vertex -0.4817533493041992 11.126306533813477 6
    endloop
  endfacet
  facet normal 0 0 1
    outer loop
      vertex -0.5877847671508789 29.940982818603516 6
      vertex -0.5358266830444336 11.094326972961426 6
      vertex -0.5358266830444336 29.90567398071289 6
    endloop
  endfacet
  facet normal 0 0 1
    outer loop
      vertex -0.5877847671508789 29.940982818603516 6
      vertex -0.5877847671508789 11.059016227722168 6
      vertex -0.5358266830444336 11.094326972961426 6
    endloop
  endfacet
  facet normal 0 0 1
    outer loop
      vertex -0.6374235153198242 29.979488372802734 6
      vertex -0.5877847671508789 11.059016227722168 6
      vertex -0.5877847671508789 29.940982818603516 6
    endloop
  endfacet
  facet normal 0 0 1
    outer loop
      vertex -0.6374235153198242 29.979488372802734 6
      vertex -0.6374235153198242 11.020512580871582 6
      vertex -0.5877847671508789 11.059016227722168 6
    endloop
  endfacet
  facet normal 0 0 1
    outer loop
      vertex -0.6845464706420898 30.02103042602539 6
      vertex -0.6374235153198242 11.020512580871582 6
      vertex -0.6374235153198242 29.979488372802734 6
    endloop
  endfacet
  facet normal 0 0 1
    outer loop
      vertex -0.6845464706420898 30.02103042602539 6
      vertex -0.6845464706420898 10.978968620300293 6
      vertex -0.6374235153198242 11.020512580871582 6
    endloop
  endfacet
  facet normal 0 0 1
    outer loop
      vertex -0.728968620300293 30.065452575683594 6
      vertex -0.6845464706420898 10.978968620300293 6
      vertex -0.6845464706420898 30.02103042602539 6
    endloop
  endfacet
  facet normal 0 0 1
    outer loop
      vertex -0.728968620300293 30.065452575683594 6
      vertex -0.728968620300293 10.93454647064209 6
      vertex -0.6845464706420898 10.978968620300293 6
    endloop
  endfacet
  facet normal 0 0 1
    outer loop
      vertex -0.770512580871582 30.11257553100586 6
      vertex -0.728968620300293 10.93454647064209 6
      vertex -0.728968620300293 30.065452575683594 6
    endloop
  endfacet
  facet normal 0 0 1
    outer loop
      vertex -0.770512580871582 30.11257553100586 6
      vertex -0.770512580871582 10.887423515319824 6
      vertex -0.728968620300293 10.93454647064209 6
    endloop
  endfacet
  facet normal 0 0 1
    outer loop
      vertex -0.809016227722168 30.162216186523438 6
      vertex -0.770512580871582 10.887423515319824 6
      vertex -0.770512580871582 30.11257553100586 6
    endloop
  endfacet
  facet normal 0 0 1
    outer loop
      vertex -0.809016227722168 30.162216186523438 6
      vertex -0.809016227722168 10.837784767150879 6
      vertex -0.770512580871582 10.887423515319824 6
    endloop
  endfacet
  facet normal 0 0 1
    outer loop
      vertex -0.8443269729614258 30.21417236328125 6
      vertex -0.809016227722168 10.837784767150879 6
      vertex -0.809016227722168 30.162216186523438 6
    endloop
  endfacet
  facet normal 0 0 1
    outer loop
      vertex -0.8443269729614258 30.21417236328125 6
      vertex -0.8443269729614258 10.785826683044434 6
      vertex -0.809016227722168 10.837784767150879 6
    endloop
  endfacet
  facet normal 0 0 1
    outer loop
      vertex -0.8763065338134766 30.268245697021484 6
      vertex -0.8443269729614258 10.785826683044434 6
      vertex -0.8443269729614258 30.21417236328125 6
    endloop
  endfacet
  facet normal 0 0 1
    outer loop
      vertex -0.8763065338134766 30.268245697021484 6
      vertex -0.8763065338134766 10.7317533493042 6
      vertex -0.8443269729614258 10.785826683044434 6
    endloop
  endfacet
  facet normal 0 0 1
    outer loop
      vertex -0.9048261642456055 30.324222564697266 6
      vertex -0.8763065338134766 10.7317533493042 6
      vertex -0.8763065338134766 30.268245697021484 6
    endloop
  endfacet
  facet normal 0 0 1
    outer loop
      vertex -0.9048261642456055 30.324222564697266 6
      vertex -0.9048261642456055 10.67577838897705 6
      vertex -0.8763065338134766 10.7317533493042 6
    endloop
  endfacet
  facet normal 0 0 1
    outer loop
      vertex -0.9297761917114258 30.38187599182129 6
      vertex -0.9048261642456055 10.67577838897705 6
      vertex -0.9048261642456055 30.324222564697266 6
    endloop
  endfacet
  facet normal 0 0 1
    outer loop
      vertex -0.9297761917114258 30.38187599182129 6
      vertex -0.9297761917114258 10.618124008178711 6
      vertex -0.9048261642456055 10.67577838897705 6
    endloop
  endfacet
  facet normal 0 0 1
    outer loop
      vertex -0.9510564804077148 30.440982818603516 6
      vertex -0.9297761917114258 10.618124008178711 6
      vertex -0.9297761917114258 30.38187599182129 6
    endloop
  endfacet
  facet normal 0 0 1
    outer loop
      vertex -0.9510564804077148 30.440982818603516 6
      vertex -0.9510564804077148 10.559016227722168 6
      vertex -0.9297761917114258 10.618124008178711 6
    endloop
  endfacet
  facet normal 0 0 1
    outer loop
      vertex -0.9685831069946289 30.501310348510742 6
      vertex -0.9510564804077148 10.559016227722168 6
      vertex -0.9510564804077148 30.440982818603516 6
    endloop
  endfacet
  facet normal 0 0 1
    outer loop
      vertex -0.9685831069946289 30.501310348510742 6
      vertex -0.9685831069946289 10.498689651489258 6
      vertex -0.9510564804077148 10.559016227722168 6
    endloop
  endfacet
  facet normal 0 0 1
    outer loop
      vertex -0.9822864532470703 30.562618255615234 6
      vertex -0.9685831069946289 10.498689651489258 6
      vertex -0.9685831069946289 30.501310348510742 6
    endloop
  endfacet
  facet normal 0 0 1
    outer loop
      vertex -0.9822864532470703 30.562618255615234 6
      vertex -0.9822864532470703 10.43738079071045 6
      vertex -0.9685831069946289 10.498689651489258 6
    endloop
  endfacet
  facet normal 0 0 1
    outer loop
      vertex -0.9921140670776367 30.62466812133789 6
      vertex -0.9822864532470703 10.43738079071045 6
      vertex -0.9822864532470703 30.562618255615234 6
    endloop
  endfacet
  facet normal 0 0 1
    outer loop
      vertex -0.9921140670776367 30.62466812133789 6
      vertex -0.9921140670776367 10.375332832336426 6
      vertex -0.9822864532470703 10.43738079071045 6
    endloop
  endfacet
  facet normal 0 0 1
    outer loop
      vertex -0.9980258941650391 30.687210083007812 6
      vertex -0.9921140670776367 10.375332832336426 6
      vertex -0.9921140670776367 30.62466812133789 6
    endloop
  endfacet
  facet normal 0 0 1
    outer loop
      vertex -0.9980258941650391 30.687210083007812 6
      vertex -0.9980258941650391 10.312789916992188 6
      vertex -0.9921140670776367 10.375332832336426 6
    endloop
  endfacet
  facet normal 0 0 1
    outer loop
      vertex -1 30.75 6
      vertex -0.9980258941650391 10.312789916992188 6
      vertex -0.9980258941650391 30.687210083007812 6
    endloop
  endfacet
  facet normal 0 0 1
    outer loop
      vertex -0.9980258941650391 10.312789916992188 6
      vertex -1 30.75 6
      vertex -1 10.25 6
    endloop
  endfacet
  facet normal 0 0 1
    outer loop
      vertex 29.75 41 6
      vertex 11.25 41 6
      vertex 29.75 39.5 6
    endloop
  endfacet
  facet normal 0 0 1
    outer loop
      vertex 29.75197410583496 41.06278991699219 6
      vertex 11.25 41 6
      vertex 29.75 41 6
    endloop
  endfacet
  facet normal 0 0 1
    outer loop
      vertex 11.248025894165039 41.06278991699219 6
      vertex 29.75197410583496 41.06278991699219 6
      vertex 29.757884979248047 41.12533187866211 6
    endloop
  endfacet
  facet normal 0 0 1
    outer loop
      vertex 11.242114067077637 41.12533187866211 6
      vertex 29.757884979248047 41.12533187866211 6
      vertex 29.76771354675293 41.187381744384766 6
    endloop
  endfacet
  facet normal 0 0 1
    outer loop
      vertex 11.23228645324707 41.187381744384766 6
      vertex 29.76771354675293 41.187381744384766 6
      vertex 29.781417846679688 41.248687744140625 6
    endloop
  endfacet
  facet normal 0 0 1
    outer loop
      vertex 11.218583106994629 41.248687744140625 6
      vertex 29.781417846679688 41.248687744140625 6
      vertex 29.79894256591797 41.309017181396484 6
    endloop
  endfacet
  facet normal 0 0 1
    outer loop
      vertex 11.201056480407715 41.309017181396484 6
      vertex 29.79894256591797 41.309017181396484 6
      vertex 29.82022476196289 41.368125915527344 6
    endloop
  endfacet
  facet normal 0 0 1
    outer loop
      vertex 11.179776191711426 41.368125915527344 6
      vertex 29.82022476196289 41.368125915527344 6
      vertex 29.845172882080078 41.425777435302734 6
    endloop
  endfacet
  facet normal 0 0 1
    outer loop
      vertex 11.154826164245605 41.425777435302734 6
      vertex 29.845172882080078 41.425777435302734 6
      vertex 29.873693466186523 41.481754302978516 6
    endloop
  endfacet
  facet normal 0 0 1
    outer loop
      vertex 11.126306533813477 41.481754302978516 6
      vertex 29.873693466186523 41.481754302978516 6
      vertex 29.90567398071289 41.53582763671875 6
    endloop
  endfacet
  facet normal 0 0 1
    outer loop
      vertex 11.094326972961426 41.53582763671875 6
      vertex 29.90567398071289 41.53582763671875 6
      vertex 29.940982818603516 41.58778381347656 6
    endloop
  endfacet
  facet normal 0 0 1
    outer loop
      vertex 11.059016227722168 41.58778381347656 6
      vertex 29.940982818603516 41.58778381347656 6
      vertex 29.979488372802734 41.63742446899414 6
    endloop
  endfacet
  facet normal 0 0 1
    outer loop
      vertex 11.020512580871582 41.63742446899414 6
      vertex 29.979488372802734 41.63742446899414 6
      vertex 30.02103042602539 41.684547424316406 6
    endloop
  endfacet
  facet normal 0 0 1
    outer loop
      vertex 10.978968620300293 41.684547424316406 6
      vertex 30.02103042602539 41.684547424316406 6
      vertex 30.065452575683594 41.72896957397461 6
    endloop
  endfacet
  facet normal 0 0 1
    outer loop
      vertex 10.93454647064209 41.72896957397461 6
      vertex 30.065452575683594 41.72896957397461 6
      vertex 30.11257553100586 41.770511627197266 6
    endloop
  endfacet
  facet normal 0 0 1
    outer loop
      vertex 10.887423515319824 41.770511627197266 6
      vertex 30.11257553100586 41.770511627197266 6
      vertex 30.162216186523438 41.809017181396484 6
    endloop
  endfacet
  facet normal 0 0 1
    outer loop
      vertex 10.837784767150879 41.809017181396484 6
      vertex 30.162216186523438 41.809017181396484 6
      vertex 30.21417236328125 41.84432601928711 6
    endloop
  endfacet
  facet normal 0 0 1
    outer loop
      vertex 10.785826683044434 41.84432601928711 6
      vertex 30.21417236328125 41.84432601928711 6
      vertex 30.268245697021484 41.876304626464844 6
    endloop
  endfacet
  facet normal 0 0 1
    outer loop
      vertex 10.7317533493042 41.876304626464844 6
      vertex 30.268245697021484 41.876304626464844 6
      vertex 30.324222564697266 41.90482711791992 6
    endloop
  endfacet
  facet normal 0 0 1
    outer loop
      vertex 10.67577838897705 41.90482711791992 6
      vertex 30.324222564697266 41.90482711791992 6
      vertex 30.38187599182129 41.92977523803711 6
    endloop
  endfacet
  facet normal 0 0 1
    outer loop
      vertex 10.618124008178711 41.92977523803711 6
      vertex 30.38187599182129 41.92977523803711 6
      vertex 30.440982818603516 41.95105743408203 6
    endloop
  endfacet
  facet normal 0 0 1
    outer loop
      vertex 10.559016227722168 41.95105743408203 6
      vertex 30.440982818603516 41.95105743408203 6
      vertex 30.501310348510742 41.96858215332031 6
    endloop
  endfacet
  facet normal 0 0 1
    outer loop
      vertex 10.498689651489258 41.96858215332031 6
      vertex 30.501310348510742 41.96858215332031 6
      vertex 30.562618255615234 41.98228454589844 6
    endloop
  endfacet
  facet normal 0 0 1
    outer loop
      vertex 10.43738079071045 41.98228454589844 6
      vertex 30.562618255615234 41.98228454589844 6
      vertex 30.62466812133789 41.99211502075195 6
    endloop
  endfacet
  facet normal 0 0 1
    outer loop
      vertex 10.375332832336426 41.99211502075195 6
      vertex 30.62466812133789 41.99211502075195 6
      vertex 30.687210083007812 41.998023986816406 6
    endloop
  endfacet
  facet normal 0 0 1
    outer loop
      vertex 29.75197410583496 41.06278991699219 6
      vertex 11.248025894165039 41.06278991699219 6
      vertex 11.25 41 6
    endloop
  endfacet
  facet normal 0 0 1
    outer loop
      vertex 29.757884979248047 41.12533187866211 6
      vertex 11.242114067077637 41.12533187866211 6
      vertex 11.248025894165039 41.06278991699219 6
    endloop
  endfacet
  facet normal 0 0 1
    outer loop
      vertex 29.76771354675293 41.187381744384766 6
      vertex 11.23228645324707 41.187381744384766 6
      vertex 11.242114067077637 41.12533187866211 6
    endloop
  endfacet
  facet normal 0 0 1
    outer loop
      vertex 29.781417846679688 41.248687744140625 6
      vertex 11.218583106994629 41.248687744140625 6
      vertex 11.23228645324707 41.187381744384766 6
    endloop
  endfacet
  facet normal 0 0 1
    outer loop
      vertex 29.79894256591797 41.309017181396484 6
      vertex 11.201056480407715 41.309017181396484 6
      vertex 11.218583106994629 41.248687744140625 6
    endloop
  endfacet
  facet normal 0 0 1
    outer loop
      vertex 29.82022476196289 41.368125915527344 6
      vertex 11.179776191711426 41.368125915527344 6
      vertex 11.201056480407715 41.309017181396484 6
    endloop
  endfacet
  facet normal 0 0 1
    outer loop
      vertex 29.845172882080078 41.425777435302734 6
      vertex 11.154826164245605 41.425777435302734 6
      vertex 11.179776191711426 41.368125915527344 6
    endloop
  endfacet
  facet normal 0 0 1
    outer loop
      vertex 10.312789916992188 41.998023986816406 6
      vertex 30.687210083007812 41.998023986816406 6
      vertex 30.75 42 6
    endloop
  endfacet
  facet normal 0 0 1
    outer loop
      vertex 29.873693466186523 41.481754302978516 6
      vertex 11.126306533813477 41.481754302978516 6
      vertex 11.154826164245605 41.425777435302734 6
    endloop
  endfacet
  facet normal 0 0 1
    outer loop
      vertex 29.90567398071289 41.53582763671875 6
      vertex 11.094326972961426 41.53582763671875 6
      vertex 11.126306533813477 41.481754302978516 6
    endloop
  endfacet
  facet normal 0 0 1
    outer loop
      vertex 29.940982818603516 41.58778381347656 6
      vertex 11.059016227722168 41.58778381347656 6
      vertex 11.094326972961426 41.53582763671875 6
    endloop
  endfacet
  facet normal 0 0 1
    outer loop
      vertex 29.979488372802734 41.63742446899414 6
      vertex 11.020512580871582 41.63742446899414 6
      vertex 11.059016227722168 41.58778381347656 6
    endloop
  endfacet
  facet normal 0 0 1
    outer loop
      vertex 30.02103042602539 41.684547424316406 6
      vertex 10.978968620300293 41.684547424316406 6
      vertex 11.020512580871582 41.63742446899414 6
    endloop
  endfacet
  facet normal 0 0 1
    outer loop
      vertex 30.065452575683594 41.72896957397461 6
      vertex 10.93454647064209 41.72896957397461 6
      vertex 10.978968620300293 41.684547424316406 6
    endloop
  endfacet
  facet normal 0 0 1
    outer loop
      vertex 30.11257553100586 41.770511627197266 6
      vertex 10.887423515319824 41.770511627197266 6
      vertex 10.93454647064209 41.72896957397461 6
    endloop
  endfacet
  facet normal 0 0 1
    outer loop
      vertex 30.162216186523438 41.809017181396484 6
      vertex 10.837784767150879 41.809017181396484 6
      vertex 10.887423515319824 41.770511627197266 6
    endloop
  endfacet
  facet normal 0 0 1
    outer loop
      vertex 30.21417236328125 41.84432601928711 6
      vertex 10.785826683044434 41.84432601928711 6
      vertex 10.837784767150879 41.809017181396484 6
    endloop
  endfacet
  facet normal 0 0 1
    outer loop
      vertex 30.268245697021484 41.876304626464844 6
      vertex 10.7317533493042 41.876304626464844 6
      vertex 10.785826683044434 41.84432601928711 6
    endloop
  endfacet
  facet normal 0 0 1
    outer loop
      vertex 30.324222564697266 41.90482711791992 6
      vertex 10.67577838897705 41.90482711791992 6
      vertex 10.7317533493042 41.876304626464844 6
    endloop
  endfacet
  facet normal 0 0 1
    outer loop
      vertex 30.38187599182129 41.92977523803711 6
      vertex 10.618124008178711 41.92977523803711 6
      vertex 10.67577838897705 41.90482711791992 6
    endloop
  endfacet
  facet normal 0 0 1
    outer loop
      vertex 30.440982818603516 41.95105743408203 6
      vertex 10.559016227722168 41.95105743408203 6
      vertex 10.618124008178711 41.92977523803711 6
    endloop
  endfacet
  facet normal 0 0 1
    outer loop
      vertex 30.501310348510742 41.96858215332031 6
      vertex 10.498689651489258 41.96858215332031 6
      vertex 10.559016227722168 41.95105743408203 6
    endloop
  endfacet
  facet normal 0 0 1
    outer loop
      vertex 30.562618255615234 41.98228454589844 6
      vertex 10.43738079071045 41.98228454589844 6
      vertex 10.498689651489258 41.96858215332031 6
    endloop
  endfacet
  facet normal 0 0 1
    outer loop
      vertex 30.62466812133789 41.99211502075195 6
      vertex 10.375332832336426 41.99211502075195 6
      vertex 10.43738079071045 41.98228454589844 6
    endloop
  endfacet
  facet normal 0 0 1
    outer loop
      vertex 30.687210083007812 41.998023986816406 6
      vertex 10.312789916992188 41.998023986816406 6
      vertex 10.375332832336426 41.99211502075195 6
    endloop
  endfacet
  facet normal 0 0 1
    outer loop
      vertex 10.312789916992188 41.998023986816406 6
      vertex 30.75 42 6
      vertex 10.25 42 6
    endloop
  endfacet
  facet normal 0 0 1
    outer loop
      vertex 31.5205135345459 31.387422561645508 6
      vertex 38.5 30.75 6
      vertex 38.5 38.5 6
    endloop
  endfacet
  facet normal 0 0 1
    outer loop
      vertex 38.5 30.75 6
      vertex 31.75 30.75 6
      vertex 38.5 10.25 6
    endloop
  endfacet
  facet normal 0 0 1
    outer loop
      vertex 31.75 10.25 6
      vertex 38.5 10.25 6
      vertex 31.75 30.75 6
    endloop
  endfacet
  facet normal 0 0 1
    outer loop
      vertex 38.5 30.75 6
      vertex 31.74802589416504 30.81279754638672 6
      vertex 31.75 30.75 6
    endloop
  endfacet
  facet normal 0 0 1
    outer loop
      vertex 38.5 30.75 6
      vertex 31.742115020751953 30.87533187866211 6
      vertex 31.74802589416504 30.81279754638672 6
    endloop
  endfacet
  facet normal 0 0 1
    outer loop
      vertex 38.5 30.75 6
      vertex 31.732288360595703 30.937374114990234 6
      vertex 31.742115020751953 30.87533187866211 6
    endloop
  endfacet
  facet normal 0 0 1
    outer loop
      vertex 38.5 30.75 6
      vertex 31.718582153320312 30.998689651489258 6
      vertex 31.732288360595703 30.937374114990234 6
    endloop
  endfacet
  facet normal 0 0 1
    outer loop
      vertex 38.5 30.75 6
      vertex 31.7010555267334 31.059019088745117 6
      vertex 31.718582153320312 30.998689651489258 6
    endloop
  endfacet
  facet normal 0 0 1
    outer loop
      vertex 38.5 30.75 6
      vertex 31.67977523803711 31.118125915527344 6
      vertex 31.7010555267334 31.059019088745117 6
    endloop
  endfacet
  facet normal 0 0 1
    outer loop
      vertex 38.5 30.75 6
      vertex 31.654827117919922 31.1757755279541 6
      vertex 31.67977523803711 31.118125915527344 6
    endloop
  endfacet
  facet normal 0 0 1
    outer loop
      vertex 38.5 30.75 6
      vertex 31.626306533813477 31.231754302978516 6
      vertex 31.654827117919922 31.1757755279541 6
    endloop
  endfacet
  facet normal 0 0 1
    outer loop
      vertex 38.5 30.75 6
      vertex 31.594324111938477 31.285831451416016 6
      vertex 31.626306533813477 31.231754302978516 6
    endloop
  endfacet
  facet normal 0 0 1
    outer loop
      vertex 38.5 30.75 6
      vertex 31.559017181396484 31.337785720825195 6
      vertex 31.594324111938477 31.285831451416016 6
    endloop
  endfacet
  facet normal 0 0 1
    outer loop
      vertex 38.5 30.75 6
      vertex 31.5205135345459 31.387422561645508 6
      vertex 31.559017181396484 31.337785720825195 6
    endloop
  endfacet
  facet normal 0 0 1
    outer loop
      vertex 38.5 38.5 6
      vertex 31.47896957397461 31.434547424316406 6
      vertex 31.5205135345459 31.387422561645508 6
    endloop
  endfacet
  facet normal 0 0 1
    outer loop
      vertex 38.5 38.5 6
      vertex 31.434547424316406 31.47896957397461 6
      vertex 31.47896957397461 31.434547424316406 6
    endloop
  endfacet
  facet normal 0 0 1
    outer loop
      vertex 38.5 38.5 6
      vertex 31.387422561645508 31.5205135345459 6
      vertex 31.434547424316406 31.47896957397461 6
    endloop
  endfacet
  facet normal 0 0 1
    outer loop
      vertex 30.75 38.5 6
      vertex 31.387422561645508 31.5205135345459 6
      vertex 38.5 38.5 6
    endloop
  endfacet
  facet normal 0 0 1
    outer loop
      vertex 31.387422561645508 31.5205135345459 6
      vertex 30.75 38.5 6
      vertex 31.337785720825195 31.559017181396484 6
    endloop
  endfacet
  facet normal 0 0 1
    outer loop
      vertex 31.337785720825195 31.559017181396484 6
      vertex 30.75 38.5 6
      vertex 31.285831451416016 31.594324111938477 6
    endloop
  endfacet
  facet normal 0 0 1
    outer loop
      vertex 31.285831451416016 31.594324111938477 6
      vertex 30.75 38.5 6
      vertex 31.231754302978516 31.626306533813477 6
    endloop
  endfacet
  facet normal 0 0 1
    outer loop
      vertex 31.231754302978516 31.626306533813477 6
      vertex 30.75 38.5 6
      vertex 31.1757755279541 31.654827117919922 6
    endloop
  endfacet
  facet normal 0 0 1
    outer loop
      vertex 31.1757755279541 31.654827117919922 6
      vertex 30.75 38.5 6
      vertex 31.118125915527344 31.67977523803711 6
    endloop
  endfacet
  facet normal 0 0 1
    outer loop
      vertex 31.118125915527344 31.67977523803711 6
      vertex 30.75 38.5 6
      vertex 31.059019088745117 31.7010555267334 6
    endloop
  endfacet
  facet normal 0 0 1
    outer loop
      vertex 31.059019088745117 31.7010555267334 6
      vertex 30.75 38.5 6
      vertex 30.998689651489258 31.718582153320312 6
    endloop
  endfacet
  facet normal 0 0 1
    outer loop
      vertex 30.998689651489258 31.718582153320312 6
      vertex 30.75 38.5 6
      vertex 30.937374114990234 31.732288360595703 6
    endloop
  endfacet
  facet normal 0 0 1
    outer loop
      vertex 30.937374114990234 31.732288360595703 6
      vertex 30.75 38.5 6
      vertex 30.87533187866211 31.742115020751953 6
    endloop
  endfacet
  facet normal 0 0 1
    outer loop
      vertex 30.87533187866211 31.742115020751953 6
      vertex 30.75 38.5 6
      vertex 30.81279754638672 31.74802589416504 6
    endloop
  endfacet
  facet normal 0 0 1
    outer loop
      vertex 30.75 38.5 6
      vertex 30.75 31.75 6
      vertex 30.81279754638672 31.74802589416504 6
    endloop
  endfacet
  facet normal 0 0 1
    outer loop
      vertex 30.687210083007812 38.501976013183594 6
      vertex 30.75 31.75 6
      vertex 30.75 38.5 6
    endloop
  endfacet
  facet normal 0 0 1
    outer loop
      vertex 30.62466812133789 38.50788497924805 6
      vertex 30.75 31.75 6
      vertex 30.687210083007812 38.501976013183594 6
    endloop
  endfacet
  facet normal 0 0 1
    outer loop
      vertex 30.562618255615234 38.51771545410156 6
      vertex 30.75 31.75 6
      vertex 30.62466812133789 38.50788497924805 6
    endloop
  endfacet
  facet normal 0 0 1
    outer loop
      vertex 30.501310348510742 38.53141784667969 6
      vertex 30.75 31.75 6
      vertex 30.562618255615234 38.51771545410156 6
    endloop
  endfacet
  facet normal 0 0 1
    outer loop
      vertex 30.440982818603516 38.54894256591797 6
      vertex 30.75 31.75 6
      vertex 30.501310348510742 38.53141784667969 6
    endloop
  endfacet
  facet normal 0 0 1
    outer loop
      vertex 30.38187599182129 38.57022476196289 6
      vertex 30.75 31.75 6
      vertex 30.440982818603516 38.54894256591797 6
    endloop
  endfacet
  facet normal 0 0 1
    outer loop
      vertex 30.324222564697266 38.59517288208008 6
      vertex 30.75 31.75 6
      vertex 30.38187599182129 38.57022476196289 6
    endloop
  endfacet
  facet normal 0 0 1
    outer loop
      vertex 30.268245697021484 38.623695373535156 6
      vertex 30.75 31.75 6
      vertex 30.324222564697266 38.59517288208008 6
    endloop
  endfacet
  facet normal 0 0 1
    outer loop
      vertex 30.21417236328125 38.65567398071289 6
      vertex 30.75 31.75 6
      vertex 30.268245697021484 38.623695373535156 6
    endloop
  endfacet
  facet normal 0 0 1
    outer loop
      vertex 30.162216186523438 38.690982818603516 6
      vertex 30.75 31.75 6
      vertex 30.21417236328125 38.65567398071289 6
    endloop
  endfacet
  facet normal 0 0 1
    outer loop
      vertex 30.11257553100586 38.729488372802734 6
      vertex 30.75 31.75 6
      vertex 30.162216186523438 38.690982818603516 6
    endloop
  endfacet
  facet normal 0 0 1
    outer loop
      vertex 30.065452575683594 38.77103042602539 6
      vertex 30.75 31.75 6
      vertex 30.11257553100586 38.729488372802734 6
    endloop
  endfacet
  facet normal 0 0 1
    outer loop
      vertex 30.02103042602539 38.815452575683594 6
      vertex 30.75 31.75 6
      vertex 30.065452575683594 38.77103042602539 6
    endloop
  endfacet
  facet normal 0 0 1
    outer loop
      vertex 29.979488372802734 38.86257553100586 6
      vertex 30.75 31.75 6
      vertex 30.02103042602539 38.815452575683594 6
    endloop
  endfacet
  facet normal 0 0 1
    outer loop
      vertex 29.940982818603516 38.91221618652344 6
      vertex 30.75 31.75 6
      vertex 29.979488372802734 38.86257553100586 6
    endloop
  endfacet
  facet normal 0 0 1
    outer loop
      vertex 29.90567398071289 38.96417236328125 6
      vertex 30.75 31.75 6
      vertex 29.940982818603516 38.91221618652344 6
    endloop
  endfacet
  facet normal 0 0 1
    outer loop
      vertex 29.873693466186523 39.018245697021484 6
      vertex 30.75 31.75 6
      vertex 29.90567398071289 38.96417236328125 6
    endloop
  endfacet
  facet normal 0 0 1
    outer loop
      vertex 29.845172882080078 39.074222564697266 6
      vertex 30.75 31.75 6
      vertex 29.873693466186523 39.018245697021484 6
    endloop
  endfacet
  facet normal 0 0 1
    outer loop
      vertex 11.154826164245605 39.074222564697266 6
      vertex 29.845172882080078 39.074222564697266 6
      vertex 29.82022476196289 39.131874084472656 6
    endloop
  endfacet
  facet normal 0 0 1
    outer loop
      vertex 11.179776191711426 39.131874084472656 6
      vertex 29.82022476196289 39.131874084472656 6
      vertex 29.79894256591797 39.190982818603516 6
    endloop
  endfacet
  facet normal 0 0 1
    outer loop
      vertex 11.201056480407715 39.190982818603516 6
      vertex 29.79894256591797 39.190982818603516 6
      vertex 29.781417846679688 39.251312255859375 6
    endloop
  endfacet
  facet normal 0 0 1
    outer loop
      vertex 11.218583106994629 39.251312255859375 6
      vertex 29.781417846679688 39.251312255859375 6
      vertex 29.76771354675293 39.312618255615234 6
    endloop
  endfacet
  facet normal 0 0 1
    outer loop
      vertex 11.23228645324707 39.312618255615234 6
      vertex 29.76771354675293 39.312618255615234 6
      vertex 29.757884979248047 39.37466812133789 6
    endloop
  endfacet
  facet normal 0 0 1
    outer loop
      vertex 11.25 39.5 6
      vertex 29.75 39.5 6
      vertex 11.25 41 6
    endloop
  endfacet
  facet normal 0 0 1
    outer loop
      vertex 29.75 39.5 6
      vertex 11.25 39.5 6
      vertex 29.75197410583496 39.43721008300781 6
    endloop
  endfacet
  facet normal 0 0 1
    outer loop
      vertex 11.248025894165039 39.43721008300781 6
      vertex 29.75197410583496 39.43721008300781 6
      vertex 11.25 39.5 6
    endloop
  endfacet
  facet normal 0 0 1
    outer loop
      vertex 29.75197410583496 39.43721008300781 6
      vertex 11.248025894165039 39.43721008300781 6
      vertex 29.757884979248047 39.37466812133789 6
    endloop
  endfacet
  facet normal 0 0 1
    outer loop
      vertex 11.242114067077637 39.37466812133789 6
      vertex 29.757884979248047 39.37466812133789 6
      vertex 11.248025894165039 39.43721008300781 6
    endloop
  endfacet
  facet normal 0 0 1
    outer loop
      vertex 11.23228645324707 39.312618255615234 6
      vertex 29.757884979248047 39.37466812133789 6
      vertex 11.242114067077637 39.37466812133789 6
    endloop
  endfacet
  facet normal 0 0 1
    outer loop
      vertex 29.76771354675293 39.312618255615234 6
      vertex 11.23228645324707 39.312618255615234 6
      vertex 11.218583106994629 39.251312255859375 6
    endloop
  endfacet
  facet normal 0 0 1
    outer loop
      vertex 29.781417846679688 39.251312255859375 6
      vertex 11.218583106994629 39.251312255859375 6
      vertex 11.201056480407715 39.190982818603516 6
    endloop
  endfacet
  facet normal 0 0 1
    outer loop
      vertex 29.79894256591797 39.190982818603516 6
      vertex 11.201056480407715 39.190982818603516 6
      vertex 11.179776191711426 39.131874084472656 6
    endloop
  endfacet
  facet normal 0 0 1
    outer loop
      vertex 29.82022476196289 39.131874084472656 6
      vertex 11.179776191711426 39.131874084472656 6
      vertex 11.154826164245605 39.074222564697266 6
    endloop
  endfacet
  facet normal 0 0 1
    outer loop
      vertex 29.845172882080078 39.074222564697266 6
      vertex 11.154826164245605 39.074222564697266 6
      vertex 30.75 31.75 6
    endloop
  endfacet
  facet normal 0 0 1
    outer loop
      vertex 11.126306533813477 39.018245697021484 6
      vertex 30.75 31.75 6
      vertex 11.154826164245605 39.074222564697266 6
    endloop
  endfacet
  facet normal 0 0 1
    outer loop
      vertex 10.25 31.75 6
      vertex 11.126306533813477 39.018245697021484 6
      vertex 11.094326972961426 38.96417236328125 6
    endloop
  endfacet
  facet normal 0 0 1
    outer loop
      vertex 10.25 31.75 6
      vertex 11.094326972961426 38.96417236328125 6
      vertex 11.059016227722168 38.91221618652344 6
    endloop
  endfacet
  facet normal 0 0 1
    outer loop
      vertex 10.25 31.75 6
      vertex 11.059016227722168 38.91221618652344 6
      vertex 11.020512580871582 38.86257553100586 6
    endloop
  endfacet
  facet normal 0 0 1
    outer loop
      vertex 10.25 31.75 6
      vertex 11.020512580871582 38.86257553100586 6
      vertex 10.978968620300293 38.815452575683594 6
    endloop
  endfacet
  facet normal 0 0 1
    outer loop
      vertex 10.25 31.75 6
      vertex 10.978968620300293 38.815452575683594 6
      vertex 10.93454647064209 38.77103042602539 6
    endloop
  endfacet
  facet normal 0 0 1
    outer loop
      vertex 10.25 31.75 6
      vertex 10.93454647064209 38.77103042602539 6
      vertex 10.887423515319824 38.729488372802734 6
    endloop
  endfacet
  facet normal 0 0 1
    outer loop
      vertex 10.25 31.75 6
      vertex 10.887423515319824 38.729488372802734 6
      vertex 10.837784767150879 38.690982818603516 6
    endloop
  endfacet
  facet normal 0 0 1
    outer loop
      vertex 10.25 31.75 6
      vertex 10.837784767150879 38.690982818603516 6
      vertex 10.785826683044434 38.65567398071289 6
    endloop
  endfacet
  facet normal 0 0 1
    outer loop
      vertex 10.25 31.75 6
      vertex 10.785826683044434 38.65567398071289 6
      vertex 10.7317533493042 38.623695373535156 6
    endloop
  endfacet
  facet normal 0 0 1
    outer loop
      vertex 10.25 31.75 6
      vertex 10.7317533493042 38.623695373535156 6
      vertex 10.67577838897705 38.59517288208008 6
    endloop
  endfacet
  facet normal 0 0 1
    outer loop
      vertex 10.25 31.75 6
      vertex 10.67577838897705 38.59517288208008 6
      vertex 10.618124008178711 38.57022476196289 6
    endloop
  endfacet
  facet normal 0 0 1
    outer loop
      vertex 10.25 31.75 6
      vertex 10.618124008178711 38.57022476196289 6
      vertex 10.559016227722168 38.54894256591797 6
    endloop
  endfacet
  facet normal 0 0 1
    outer loop
      vertex 10.25 31.75 6
      vertex 10.559016227722168 38.54894256591797 6
      vertex 10.498689651489258 38.53141784667969 6
    endloop
  endfacet
  facet normal 0 0 1
    outer loop
      vertex 10.25 31.75 6
      vertex 10.498689651489258 38.53141784667969 6
      vertex 10.43738079071045 38.51771545410156 6
    endloop
  endfacet
  facet normal 0 0 1
    outer loop
      vertex 10.25 31.75 6
      vertex 10.43738079071045 38.51771545410156 6
      vertex 10.375332832336426 38.50788497924805 6
    endloop
  endfacet
  facet normal 0 0 1
    outer loop
      vertex 10.25 31.75 6
      vertex 10.375332832336426 38.50788497924805 6
      vertex 10.312789916992188 38.501976013183594 6
    endloop
  endfacet
  facet normal 0 0 1
    outer loop
      vertex 10.25 31.75 6
      vertex 10.312789916992188 38.501976013183594 6
      vertex 10.25 38.5 6
    endloop
  endfacet
  facet normal 0 0 1
    outer loop
      vertex 11.126306533813477 39.018245697021484 6
      vertex 10.25 31.75 6
      vertex 30.75 31.75 6
    endloop
  endfacet
  facet normal 0 0 1
    outer loop
      vertex 10.25 38.5 6
      vertex 10.187202453613281 31.74802589416504 6
      vertex 10.25 31.75 6
    endloop
  endfacet
  facet normal 0 0 1
    outer loop
      vertex 10.25 38.5 6
      vertex 10.124667167663574 31.742115020751953 6
      vertex 10.187202453613281 31.74802589416504 6
    endloop
  endfacet
  facet normal 0 0 1
    outer loop
      vertex 10.25 38.5 6
      vertex 10.062625885009766 31.732288360595703 6
      vertex 10.124667167663574 31.742115020751953 6
    endloop
  endfacet
  facet normal 0 0 1
    outer loop
      vertex 10.25 38.5 6
      vertex 10.001310348510742 31.718582153320312 6
      vertex 10.062625885009766 31.732288360595703 6
    endloop
  endfacet
  facet normal 0 0 1
    outer loop
      vertex 10.25 38.5 6
      vertex 9.940980911254883 31.7010555267334 6
      vertex 10.001310348510742 31.718582153320312 6
    endloop
  endfacet
  facet normal 0 0 1
    outer loop
      vertex 10.25 38.5 6
      vertex 9.881875038146973 31.67977523803711 6
      vertex 9.940980911254883 31.7010555267334 6
    endloop
  endfacet
  facet normal 0 0 1
    outer loop
      vertex 10.25 38.5 6
      vertex 9.824223518371582 31.654827117919922 6
      vertex 9.881875038146973 31.67977523803711 6
    endloop
  endfacet
  facet normal 0 0 1
    outer loop
      vertex 10.25 38.5 6
      vertex 9.7682466506958 31.626306533813477 6
      vertex 9.824223518371582 31.654827117919922 6
    endloop
  endfacet
  facet normal 0 0 1
    outer loop
      vertex 10.25 38.5 6
      vertex 9.714167594909668 31.594324111938477 6
      vertex 9.7682466506958 31.626306533813477 6
    endloop
  endfacet
  facet normal 0 0 1
    outer loop
      vertex 10.25 38.5 6
      vertex 9.662214279174805 31.559017181396484 6
      vertex 9.714167594909668 31.594324111938477 6
    endloop
  endfacet
  facet normal 0 0 1
    outer loop
      vertex 10.25 38.5 6
      vertex 9.612577438354492 31.5205135345459 6
      vertex 9.662214279174805 31.559017181396484 6
    endloop
  endfacet
  facet normal 0 0 1
    outer loop
      vertex 2.5 38.5 6
      vertex 9.612577438354492 31.5205135345459 6
      vertex 10.25 38.5 6
    endloop
  endfacet
  facet normal 0 0 1
    outer loop
      vertex 9.612577438354492 31.5205135345459 6
      vertex 2.5 38.5 6
      vertex 9.565452575683594 31.47896957397461 6
    endloop
  endfacet
  facet normal 0 0 1
    outer loop
      vertex 9.565452575683594 31.47896957397461 6
      vertex 2.5 38.5 6
      vertex 9.521031379699707 31.434547424316406 6
    endloop
  endfacet
  facet normal 0 0 1
    outer loop
      vertex 9.521031379699707 31.434547424316406 6
      vertex 2.5 38.5 6
      vertex 9.479486465454102 31.387422561645508 6
    endloop
  endfacet
  facet normal 0 0 1
    outer loop
      vertex 2.5 30.75 6
      vertex 9.479486465454102 31.387422561645508 6
      vertex 2.5 38.5 6
    endloop
  endfacet
  facet normal 0 0 1
    outer loop
      vertex 9.479486465454102 31.387422561645508 6
      vertex 2.5 30.75 6
      vertex 9.440982818603516 31.337785720825195 6
    endloop
  endfacet
  facet normal 0 0 1
    outer loop
      vertex 9.440982818603516 31.337785720825195 6
      vertex 2.5 30.75 6
      vertex 9.405675888061523 31.285831451416016 6
    endloop
  endfacet
  facet normal 0 0 1
    outer loop
      vertex 9.405675888061523 31.285831451416016 6
      vertex 2.5 30.75 6
      vertex 9.373693466186523 31.231754302978516 6
    endloop
  endfacet
  facet normal 0 0 1
    outer loop
      vertex 9.373693466186523 31.231754302978516 6
      vertex 2.5 30.75 6
      vertex 9.345171928405762 31.1757755279541 6
    endloop
  endfacet
  facet normal 0 0 1
    outer loop
      vertex 9.345171928405762 31.1757755279541 6
      vertex 2.5 30.75 6
      vertex 9.320223808288574 31.118125915527344 6
    endloop
  endfacet
  facet normal 0 0 1
    outer loop
      vertex 9.320223808288574 31.118125915527344 6
      vertex 2.5 30.75 6
      vertex 9.298944473266602 31.059019088745117 6
    endloop
  endfacet
  facet normal 0 0 1
    outer loop
      vertex 9.298944473266602 31.059019088745117 6
      vertex 2.5 30.75 6
      vertex 9.281416893005371 30.998689651489258 6
    endloop
  endfacet
  facet normal 0 0 1
    outer loop
      vertex 9.251974105834961 30.81279754638672 6
      vertex 2.5 30.75 6
      vertex 9.25 30.75 6
    endloop
  endfacet
  facet normal 0 0 1
    outer loop
      vertex 9.257884979248047 30.87533187866211 6
      vertex 2.5 30.75 6
      vertex 9.251974105834961 30.81279754638672 6
    endloop
  endfacet
  facet normal 0 0 1
    outer loop
      vertex 9.267711639404297 30.937374114990234 6
      vertex 2.5 30.75 6
      vertex 9.257884979248047 30.87533187866211 6
    endloop
  endfacet
  facet normal 0 0 1
    outer loop
      vertex 9.281416893005371 30.998689651489258 6
      vertex 2.5 30.75 6
      vertex 9.267711639404297 30.937374114990234 6
    endloop
  endfacet
  facet normal 0 0 1
    outer loop
      vertex 41.998023986816406 30.687210083007812 6
      vertex 42 10.25 6
      vertex 42 30.75 6
    endloop
  endfacet
  facet normal 0 0 1
    outer loop
      vertex 41.998023986816406 30.687210083007812 6
      vertex 41.998023986816406 10.312789916992188 6
      vertex 42 10.25 6
    endloop
  endfacet
  facet normal 0 0 1
    outer loop
      vertex 41.99211502075195 30.62466812133789 6
      vertex 41.998023986816406 10.312789916992188 6
      vertex 41.998023986816406 30.687210083007812 6
    endloop
  endfacet
  facet normal 0 0 1
    outer loop
      vertex 41.99211502075195 30.62466812133789 6
      vertex 41.99211502075195 10.375332832336426 6
      vertex 41.998023986816406 10.312789916992188 6
    endloop
  endfacet
  facet normal 0 0 1
    outer loop
      vertex 41.98228454589844 30.562618255615234 6
      vertex 41.99211502075195 10.375332832336426 6
      vertex 41.99211502075195 30.62466812133789 6
    endloop
  endfacet
  facet normal 0 0 1
    outer loop
      vertex 41.98228454589844 30.562618255615234 6
      vertex 41.98228454589844 10.43738079071045 6
      vertex 41.99211502075195 10.375332832336426 6
    endloop
  endfacet
  facet normal 0 0 1
    outer loop
      vertex 41.96858215332031 30.501310348510742 6
      vertex 41.98228454589844 10.43738079071045 6
      vertex 41.98228454589844 30.562618255615234 6
    endloop
  endfacet
  facet normal 0 0 1
    outer loop
      vertex 41.96858215332031 30.501310348510742 6
      vertex 41.96858215332031 10.498689651489258 6
      vertex 41.98228454589844 10.43738079071045 6
    endloop
  endfacet
  facet normal 0 0 1
    outer loop
      vertex 41.95105743408203 30.440982818603516 6
      vertex 41.96858215332031 10.498689651489258 6
      vertex 41.96858215332031 30.501310348510742 6
    endloop
  endfacet
  facet normal 0 0 1
    outer loop
      vertex 41.95105743408203 30.440982818603516 6
      vertex 41.95105743408203 10.559016227722168 6
      vertex 41.96858215332031 10.498689651489258 6
    endloop
  endfacet
  facet normal 0 0 1
    outer loop
      vertex 41.92977523803711 30.38187599182129 6
      vertex 41.95105743408203 10.559016227722168 6
      vertex 41.95105743408203 30.440982818603516 6
    endloop
  endfacet
  facet normal 0 0 1
    outer loop
      vertex 41.92977523803711 30.38187599182129 6
      vertex 41.92977523803711 10.618124008178711 6
      vertex 41.95105743408203 10.559016227722168 6
    endloop
  endfacet
  facet normal 0 0 1
    outer loop
      vertex 41.90482711791992 30.324222564697266 6
      vertex 41.92977523803711 10.618124008178711 6
      vertex 41.92977523803711 30.38187599182129 6
    endloop
  endfacet
  facet normal 0 0 1
    outer loop
      vertex 41.90482711791992 30.324222564697266 6
      vertex 41.90482711791992 10.67577838897705 6
      vertex 41.92977523803711 10.618124008178711 6
    endloop
  endfacet
  facet normal 0 0 1
    outer loop
      vertex 41.876304626464844 30.268245697021484 6
      vertex 41.90482711791992 10.67577838897705 6
      vertex 41.90482711791992 30.324222564697266 6
    endloop
  endfacet
  facet normal 0 0 1
    outer loop
      vertex 41.876304626464844 30.268245697021484 6
      vertex 41.876304626464844 10.7317533493042 6
      vertex 41.90482711791992 10.67577838897705 6
    endloop
  endfacet
  facet normal 0 0 1
    outer loop
      vertex 41.84432601928711 30.21417236328125 6
      vertex 41.876304626464844 10.7317533493042 6
      vertex 41.876304626464844 30.268245697021484 6
    endloop
  endfacet
  facet normal 0 0 1
    outer loop
      vertex 41.84432601928711 30.21417236328125 6
      vertex 41.84432601928711 10.785826683044434 6
      vertex 41.876304626464844 10.7317533493042 6
    endloop
  endfacet
  facet normal 0 0 1
    outer loop
      vertex 41.809017181396484 30.162216186523438 6
      vertex 41.84432601928711 10.785826683044434 6
      vertex 41.84432601928711 30.21417236328125 6
    endloop
  endfacet
  facet normal 0 0 1
    outer loop
      vertex 41.809017181396484 30.162216186523438 6
      vertex 41.809017181396484 10.837784767150879 6
      vertex 41.84432601928711 10.785826683044434 6
    endloop
  endfacet
  facet normal 0 0 1
    outer loop
      vertex 41.770511627197266 30.11257553100586 6
      vertex 41.809017181396484 10.837784767150879 6
      vertex 41.809017181396484 30.162216186523438 6
    endloop
  endfacet
  facet normal 0 0 1
    outer loop
      vertex 41.770511627197266 30.11257553100586 6
      vertex 41.770511627197266 10.887423515319824 6
      vertex 41.809017181396484 10.837784767150879 6
    endloop
  endfacet
  facet normal 0 0 1
    outer loop
      vertex 41.72896957397461 30.065452575683594 6
      vertex 41.770511627197266 10.887423515319824 6
      vertex 41.770511627197266 30.11257553100586 6
    endloop
  endfacet
  facet normal 0 0 1
    outer loop
      vertex 41.72896957397461 30.065452575683594 6
      vertex 41.72896957397461 10.93454647064209 6
      vertex 41.770511627197266 10.887423515319824 6
    endloop
  endfacet
  facet normal 0 0 1
    outer loop
      vertex 41.684547424316406 30.02103042602539 6
      vertex 41.72896957397461 10.93454647064209 6
      vertex 41.72896957397461 30.065452575683594 6
    endloop
  endfacet
  facet normal 0 0 1
    outer loop
      vertex 41.684547424316406 30.02103042602539 6
      vertex 41.684547424316406 10.978968620300293 6
      vertex 41.72896957397461 10.93454647064209 6
    endloop
  endfacet
  facet normal 0 0 1
    outer loop
      vertex 41.63742446899414 29.979488372802734 6
      vertex 41.684547424316406 10.978968620300293 6
      vertex 41.684547424316406 30.02103042602539 6
    endloop
  endfacet
  facet normal 0 0 1
    outer loop
      vertex 41.63742446899414 29.979488372802734 6
      vertex 41.63742446899414 11.020512580871582 6
      vertex 41.684547424316406 10.978968620300293 6
    endloop
  endfacet
  facet normal 0 0 1
    outer loop
      vertex 41.58778381347656 29.940982818603516 6
      vertex 41.63742446899414 11.020512580871582 6
      vertex 41.63742446899414 29.979488372802734 6
    endloop
  endfacet
  facet normal 0 0 1
    outer loop
      vertex 41.58778381347656 29.940982818603516 6
      vertex 41.58778381347656 11.059016227722168 6
      vertex 41.63742446899414 11.020512580871582 6
    endloop
  endfacet
  facet normal 0 0 1
    outer loop
      vertex 41.53582763671875 29.90567398071289 6
      vertex 41.58778381347656 11.059016227722168 6
      vertex 41.58778381347656 29.940982818603516 6
    endloop
  endfacet
  facet normal 0 0 1
    outer loop
      vertex 41.53582763671875 29.90567398071289 6
      vertex 41.53582763671875 11.094326972961426 6
      vertex 41.58778381347656 11.059016227722168 6
    endloop
  endfacet
  facet normal 0 0 1
    outer loop
      vertex 41.481754302978516 29.873693466186523 6
      vertex 41.53582763671875 11.094326972961426 6
      vertex 41.53582763671875 29.90567398071289 6
    endloop
  endfacet
  facet normal 0 0 1
    outer loop
      vertex 41.481754302978516 29.873693466186523 6
      vertex 41.481754302978516 11.126306533813477 6
      vertex 41.53582763671875 11.094326972961426 6
    endloop
  endfacet
  facet normal 0 0 1
    outer loop
      vertex 41.425777435302734 29.845172882080078 6
      vertex 41.481754302978516 11.126306533813477 6
      vertex 41.481754302978516 29.873693466186523 6
    endloop
  endfacet
  facet normal 0 0 1
    outer loop
      vertex 41.425777435302734 29.845172882080078 6
      vertex 41.425777435302734 11.154826164245605 6
      vertex 41.481754302978516 11.126306533813477 6
    endloop
  endfacet
  facet normal 0 0 1
    outer loop
      vertex 41.368125915527344 29.82022476196289 6
      vertex 41.425777435302734 11.154826164245605 6
      vertex 41.425777435302734 29.845172882080078 6
    endloop
  endfacet
  facet normal 0 0 1
    outer loop
      vertex 41.368125915527344 29.82022476196289 6
      vertex 41.368125915527344 11.179776191711426 6
      vertex 41.425777435302734 11.154826164245605 6
    endloop
  endfacet
  facet normal 0 0 1
    outer loop
      vertex 41.309017181396484 29.79894256591797 6
      vertex 41.368125915527344 11.179776191711426 6
      vertex 41.368125915527344 29.82022476196289 6
    endloop
  endfacet
  facet normal 0 0 1
    outer loop
      vertex 41.309017181396484 29.79894256591797 6
      vertex 41.309017181396484 11.201056480407715 6
      vertex 41.368125915527344 11.179776191711426 6
    endloop
  endfacet
  facet normal 0 0 1
    outer loop
      vertex 41.248687744140625 29.781417846679688 6
      vertex 41.309017181396484 11.201056480407715 6
      vertex 41.309017181396484 29.79894256591797 6
    endloop
  endfacet
  facet normal 0 0 1
    outer loop
      vertex 41.248687744140625 29.781417846679688 6
      vertex 41.248687744140625 11.218583106994629 6
      vertex 41.309017181396484 11.201056480407715 6
    endloop
  endfacet
  facet normal 0 0 1
    outer loop
      vertex 41.187381744384766 29.76771354675293 6
      vertex 41.248687744140625 11.218583106994629 6
      vertex 41.248687744140625 29.781417846679688 6
    endloop
  endfacet
  facet normal 0 0 1
    outer loop
      vertex 41.187381744384766 29.76771354675293 6
      vertex 41.187381744384766 11.23228645324707 6
      vertex 41.248687744140625 11.218583106994629 6
    endloop
  endfacet
  facet normal 0 0 1
    outer loop
      vertex 41.12533187866211 29.757884979248047 6
      vertex 41.187381744384766 11.23228645324707 6
      vertex 41.187381744384766 29.76771354675293 6
    endloop
  endfacet
  facet normal 0 0 1
    outer loop
      vertex 41.12533187866211 29.757884979248047 6
      vertex 41.12533187866211 11.242114067077637 6
      vertex 41.187381744384766 11.23228645324707 6
    endloop
  endfacet
  facet normal 0 0 1
    outer loop
      vertex 41.06278991699219 29.75197410583496 6
      vertex 41.12533187866211 11.242114067077637 6
      vertex 41.12533187866211 29.757884979248047 6
    endloop
  endfacet
  facet normal 0 0 1
    outer loop
      vertex 41.06278991699219 29.75197410583496 6
      vertex 41.06278991699219 11.248025894165039 6
      vertex 41.12533187866211 11.242114067077637 6
    endloop
  endfacet
  facet normal 0 0 1
    outer loop
      vertex 41 29.75 6
      vertex 41.06278991699219 11.248025894165039 6
      vertex 41.06278991699219 29.75197410583496 6
    endloop
  endfacet
  facet normal 0 0 1
    outer loop
      vertex 41 29.75 6
      vertex 41 11.25 6
      vertex 41.06278991699219 11.248025894165039 6
    endloop
  endfacet
  facet normal 0 0 1
    outer loop
      vertex 39.5 29.75 6
      vertex 41 11.25 6
      vertex 41 29.75 6
    endloop
  endfacet
  facet normal 0 0 1
    outer loop
      vertex 39.5 29.75 6
      vertex 39.5 11.25 6
      vertex 41 11.25 6
    endloop
  endfacet
  facet normal 0 0 1
    outer loop
      vertex 39.43721008300781 29.75197410583496 6
      vertex 39.5 11.25 6
      vertex 39.5 29.75 6
    endloop
  endfacet
  facet normal 0 0 1
    outer loop
      vertex 39.43721008300781 29.75197410583496 6
      vertex 39.43721008300781 11.248025894165039 6
      vertex 39.5 11.25 6
    endloop
  endfacet
  facet normal 0 0 1
    outer loop
      vertex 39.37466812133789 29.757884979248047 6
      vertex 39.43721008300781 11.248025894165039 6
      vertex 39.43721008300781 29.75197410583496 6
    endloop
  endfacet
  facet normal 0 0 1
    outer loop
      vertex 39.37466812133789 29.757884979248047 6
      vertex 39.37466812133789 11.242114067077637 6
      vertex 39.43721008300781 11.248025894165039 6
    endloop
  endfacet
  facet normal 0 0 1
    outer loop
      vertex 39.312618255615234 29.76771354675293 6
      vertex 39.37466812133789 11.242114067077637 6
      vertex 39.37466812133789 29.757884979248047 6
    endloop
  endfacet
  facet normal 0 0 1
    outer loop
      vertex 39.312618255615234 29.76771354675293 6
      vertex 39.312618255615234 11.23228645324707 6
      vertex 39.37466812133789 11.242114067077637 6
    endloop
  endfacet
  facet normal 0 0 1
    outer loop
      vertex 39.251312255859375 29.781417846679688 6
      vertex 39.312618255615234 11.23228645324707 6
      vertex 39.312618255615234 29.76771354675293 6
    endloop
  endfacet
  facet normal 0 0 1
    outer loop
      vertex 39.251312255859375 29.781417846679688 6
      vertex 39.251312255859375 11.218583106994629 6
      vertex 39.312618255615234 11.23228645324707 6
    endloop
  endfacet
  facet normal 0 0 1
    outer loop
      vertex 39.190982818603516 29.79894256591797 6
      vertex 39.251312255859375 11.218583106994629 6
      vertex 39.251312255859375 29.781417846679688 6
    endloop
  endfacet
  facet normal 0 0 1
    outer loop
      vertex 39.190982818603516 29.79894256591797 6
      vertex 39.190982818603516 11.201056480407715 6
      vertex 39.251312255859375 11.218583106994629 6
    endloop
  endfacet
  facet normal 0 0 1
    outer loop
      vertex 39.131874084472656 29.82022476196289 6
      vertex 39.190982818603516 11.201056480407715 6
      vertex 39.190982818603516 29.79894256591797 6
    endloop
  endfacet
  facet normal 0 0 1
    outer loop
      vertex 39.131874084472656 29.82022476196289 6
      vertex 39.131874084472656 11.179776191711426 6
      vertex 39.190982818603516 11.201056480407715 6
    endloop
  endfacet
  facet normal 0 0 1
    outer loop
      vertex 39.074222564697266 29.845172882080078 6
      vertex 39.131874084472656 11.179776191711426 6
      vertex 39.131874084472656 29.82022476196289 6
    endloop
  endfacet
  facet normal 0 0 1
    outer loop
      vertex 39.074222564697266 29.845172882080078 6
      vertex 39.074222564697266 11.154826164245605 6
      vertex 39.131874084472656 11.179776191711426 6
    endloop
  endfacet
  facet normal 0 0 1
    outer loop
      vertex 39.018245697021484 29.873693466186523 6
      vertex 39.074222564697266 11.154826164245605 6
      vertex 39.074222564697266 29.845172882080078 6
    endloop
  endfacet
  facet normal 0 0 1
    outer loop
      vertex 39.018245697021484 29.873693466186523 6
      vertex 39.018245697021484 11.126306533813477 6
      vertex 39.074222564697266 11.154826164245605 6
    endloop
  endfacet
  facet normal 0 0 1
    outer loop
      vertex 38.96417236328125 29.90567398071289 6
      vertex 39.018245697021484 11.126306533813477 6
      vertex 39.018245697021484 29.873693466186523 6
    endloop
  endfacet
  facet normal 0 0 1
    outer loop
      vertex 38.96417236328125 29.90567398071289 6
      vertex 38.96417236328125 11.094326972961426 6
      vertex 39.018245697021484 11.126306533813477 6
    endloop
  endfacet
  facet normal 0 0 1
    outer loop
      vertex 38.91221618652344 29.940982818603516 6
      vertex 38.96417236328125 11.094326972961426 6
      vertex 38.96417236328125 29.90567398071289 6
    endloop
  endfacet
  facet normal 0 0 1
    outer loop
      vertex 38.91221618652344 29.940982818603516 6
      vertex 38.91221618652344 11.059016227722168 6
      vertex 38.96417236328125 11.094326972961426 6
    endloop
  endfacet
  facet normal 0 0 1
    outer loop
      vertex 38.86257553100586 29.979488372802734 6
      vertex 38.91221618652344 11.059016227722168 6
      vertex 38.91221618652344 29.940982818603516 6
    endloop
  endfacet
  facet normal 0 0 1
    outer loop
      vertex 38.86257553100586 29.979488372802734 6
      vertex 38.86257553100586 11.020512580871582 6
      vertex 38.91221618652344 11.059016227722168 6
    endloop
  endfacet
  facet normal 0 0 1
    outer loop
      vertex 38.815452575683594 30.02103042602539 6
      vertex 38.86257553100586 11.020512580871582 6
      vertex 38.86257553100586 29.979488372802734 6
    endloop
  endfacet
  facet normal 0 0 1
    outer loop
      vertex 38.815452575683594 30.02103042602539 6
      vertex 38.815452575683594 10.978968620300293 6
      vertex 38.86257553100586 11.020512580871582 6
    endloop
  endfacet
  facet normal 0 0 1
    outer loop
      vertex 38.77103042602539 30.065452575683594 6
      vertex 38.815452575683594 10.978968620300293 6
      vertex 38.815452575683594 30.02103042602539 6
    endloop
  endfacet
  facet normal 0 0 1
    outer loop
      vertex 38.77103042602539 30.065452575683594 6
      vertex 38.77103042602539 10.93454647064209 6
      vertex 38.815452575683594 10.978968620300293 6
    endloop
  endfacet
  facet normal 0 0 1
    outer loop
      vertex 38.729488372802734 30.11257553100586 6
      vertex 38.77103042602539 10.93454647064209 6
      vertex 38.77103042602539 30.065452575683594 6
    endloop
  endfacet
  facet normal 0 0 1
    outer loop
      vertex 38.729488372802734 30.11257553100586 6
      vertex 38.729488372802734 10.887423515319824 6
      vertex 38.77103042602539 10.93454647064209 6
    endloop
  endfacet
  facet normal 0 0 1
    outer loop
      vertex 38.690982818603516 30.162216186523438 6
      vertex 38.729488372802734 10.887423515319824 6
      vertex 38.729488372802734 30.11257553100586 6
    endloop
  endfacet
  facet normal 0 0 1
    outer loop
      vertex 38.690982818603516 30.162216186523438 6
      vertex 38.690982818603516 10.837784767150879 6
      vertex 38.729488372802734 10.887423515319824 6
    endloop
  endfacet
  facet normal 0 0 1
    outer loop
      vertex 38.65567398071289 30.21417236328125 6
      vertex 38.690982818603516 10.837784767150879 6
      vertex 38.690982818603516 30.162216186523438 6
    endloop
  endfacet
  facet normal 0 0 1
    outer loop
      vertex 38.65567398071289 30.21417236328125 6
      vertex 38.65567398071289 10.785826683044434 6
      vertex 38.690982818603516 10.837784767150879 6
    endloop
  endfacet
  facet normal 0 0 1
    outer loop
      vertex 38.623695373535156 30.268245697021484 6
      vertex 38.65567398071289 10.785826683044434 6
      vertex 38.65567398071289 30.21417236328125 6
    endloop
  endfacet
  facet normal 0 0 1
    outer loop
      vertex 38.623695373535156 30.268245697021484 6
      vertex 38.623695373535156 10.7317533493042 6
      vertex 38.65567398071289 10.785826683044434 6
    endloop
  endfacet
  facet normal 0 0 1
    outer loop
      vertex 38.59517288208008 30.324222564697266 6
      vertex 38.623695373535156 10.7317533493042 6
      vertex 38.623695373535156 30.268245697021484 6
    endloop
  endfacet
  facet normal 0 0 1
    outer loop
      vertex 38.59517288208008 30.324222564697266 6
      vertex 38.59517288208008 10.67577838897705 6
      vertex 38.623695373535156 10.7317533493042 6
    endloop
  endfacet
  facet normal 0 0 1
    outer loop
      vertex 38.57022476196289 30.38187599182129 6
      vertex 38.59517288208008 10.67577838897705 6
      vertex 38.59517288208008 30.324222564697266 6
    endloop
  endfacet
  facet normal 0 0 1
    outer loop
      vertex 38.57022476196289 30.38187599182129 6
      vertex 38.57022476196289 10.618124008178711 6
      vertex 38.59517288208008 10.67577838897705 6
    endloop
  endfacet
  facet normal 0 0 1
    outer loop
      vertex 38.54894256591797 30.440982818603516 6
      vertex 38.57022476196289 10.618124008178711 6
      vertex 38.57022476196289 30.38187599182129 6
    endloop
  endfacet
  facet normal 0 0 1
    outer loop
      vertex 38.54894256591797 30.440982818603516 6
      vertex 38.54894256591797 10.559016227722168 6
      vertex 38.57022476196289 10.618124008178711 6
    endloop
  endfacet
  facet normal 0 0 1
    outer loop
      vertex 38.53141784667969 30.501310348510742 6
      vertex 38.54894256591797 10.559016227722168 6
      vertex 38.54894256591797 30.440982818603516 6
    endloop
  endfacet
  facet normal 0 0 1
    outer loop
      vertex 38.53141784667969 30.501310348510742 6
      vertex 38.53141784667969 10.498689651489258 6
      vertex 38.54894256591797 10.559016227722168 6
    endloop
  endfacet
  facet normal 0 0 1
    outer loop
      vertex 38.51771545410156 30.562618255615234 6
      vertex 38.53141784667969 10.498689651489258 6
      vertex 38.53141784667969 30.501310348510742 6
    endloop
  endfacet
  facet normal 0 0 1
    outer loop
      vertex 38.51771545410156 30.562618255615234 6
      vertex 38.51771545410156 10.43738079071045 6
      vertex 38.53141784667969 10.498689651489258 6
    endloop
  endfacet
  facet normal 0 0 1
    outer loop
      vertex 38.50788497924805 30.62466812133789 6
      vertex 38.51771545410156 10.43738079071045 6
      vertex 38.51771545410156 30.562618255615234 6
    endloop
  endfacet
  facet normal 0 0 1
    outer loop
      vertex 38.50788497924805 30.62466812133789 6
      vertex 38.50788497924805 10.375332832336426 6
      vertex 38.51771545410156 10.43738079071045 6
    endloop
  endfacet
  facet normal 0 0 1
    outer loop
      vertex 38.501976013183594 30.687210083007812 6
      vertex 38.50788497924805 10.375332832336426 6
      vertex 38.50788497924805 30.62466812133789 6
    endloop
  endfacet
  facet normal 0 0 1
    outer loop
      vertex 38.501976013183594 30.687210083007812 6
      vertex 38.501976013183594 10.312789916992188 6
      vertex 38.50788497924805 10.375332832336426 6
    endloop
  endfacet
  facet normal 0 0 1
    outer loop
      vertex 38.5 30.75 6
      vertex 38.501976013183594 10.312789916992188 6
      vertex 38.501976013183594 30.687210083007812 6
    endloop
  endfacet
  facet normal 0 0 1
    outer loop
      vertex 38.501976013183594 10.312789916992188 6
      vertex 38.5 30.75 6
      vertex 38.5 10.25 6
    endloop
  endfacet
  facet normal 0 0 1
    outer loop
      vertex 31.74802589416504 10.187202453613281 6
      vertex 38.5 10.25 6
      vertex 31.75 10.25 6
    endloop
  endfacet
  facet normal 0 0 1
    outer loop
      vertex 31.742115020751953 10.124667167663574 6
      vertex 38.5 10.25 6
      vertex 31.74802589416504 10.187202453613281 6
    endloop
  endfacet
  facet normal 0 0 1
    outer loop
      vertex 31.732288360595703 10.062625885009766 6
      vertex 38.5 10.25 6
      vertex 31.742115020751953 10.124667167663574 6
    endloop
  endfacet
  facet normal 0 0 1
    outer loop
      vertex 31.718582153320312 10.001310348510742 6
      vertex 38.5 10.25 6
      vertex 31.732288360595703 10.062625885009766 6
    endloop
  endfacet
  facet normal 0 0 1
    outer loop
      vertex 31.7010555267334 9.940980911254883 6
      vertex 38.5 10.25 6
      vertex 31.718582153320312 10.001310348510742 6
    endloop
  endfacet
  facet normal 0 0 1
    outer loop
      vertex 31.67977523803711 9.881875038146973 6
      vertex 38.5 10.25 6
      vertex 31.7010555267334 9.940980911254883 6
    endloop
  endfacet
  facet normal 0 0 1
    outer loop
      vertex 31.654827117919922 9.824223518371582 6
      vertex 38.5 10.25 6
      vertex 31.67977523803711 9.881875038146973 6
    endloop
  endfacet
  facet normal 0 0 1
    outer loop
      vertex 31.626306533813477 9.7682466506958 6
      vertex 38.5 10.25 6
      vertex 31.654827117919922 9.824223518371582 6
    endloop
  endfacet
  facet normal 0 0 1
    outer loop
      vertex 31.594324111938477 9.714167594909668 6
      vertex 38.5 10.25 6
      vertex 31.626306533813477 9.7682466506958 6
    endloop
  endfacet
  facet normal 0 0 1
    outer loop
      vertex 31.559017181396484 9.662214279174805 6
      vertex 38.5 10.25 6
      vertex 31.594324111938477 9.714167594909668 6
    endloop
  endfacet
  facet normal 0 0 1
    outer loop
      vertex 31.5205135345459 9.612577438354492 6
      vertex 38.5 10.25 6
      vertex 31.559017181396484 9.662214279174805 6
    endloop
  endfacet
  facet normal 0 0 1
    outer loop
      vertex 38.5 10.25 6
      vertex 31.5205135345459 9.612577438354492 6
      vertex 38.5 2.5 6
    endloop
  endfacet
  facet normal 0 0 1
    outer loop
      vertex 31.47896957397461 9.565452575683594 6
      vertex 38.5 2.5 6
      vertex 31.5205135345459 9.612577438354492 6
    endloop
  endfacet
  facet normal 0 0 1
    outer loop
      vertex 31.434547424316406 9.521031379699707 6
      vertex 38.5 2.5 6
      vertex 31.47896957397461 9.565452575683594 6
    endloop
  endfacet
  facet normal 0 0 1
    outer loop
      vertex 31.387422561645508 9.479486465454102 6
      vertex 38.5 2.5 6
      vertex 31.434547424316406 9.521031379699707 6
    endloop
  endfacet
  facet normal 0 0 1
    outer loop
      vertex 30.75 2.5 6
      vertex 31.387422561645508 9.479486465454102 6
      vertex 31.337785720825195 9.440982818603516 6
    endloop
  endfacet
  facet normal 0 0 1
    outer loop
      vertex 30.75 2.5 6
      vertex 31.337785720825195 9.440982818603516 6
      vertex 31.285831451416016 9.405675888061523 6
    endloop
  endfacet
  facet normal 0 0 1
    outer loop
      vertex 30.75 2.5 6
      vertex 31.285831451416016 9.405675888061523 6
      vertex 31.231754302978516 9.373693466186523 6
    endloop
  endfacet
  facet normal 0 0 1
    outer loop
      vertex 30.75 2.5 6
      vertex 31.231754302978516 9.373693466186523 6
      vertex 31.1757755279541 9.345171928405762 6
    endloop
  endfacet
  facet normal 0 0 1
    outer loop
      vertex 30.75 2.5 6
      vertex 31.1757755279541 9.345171928405762 6
      vertex 31.118125915527344 9.320223808288574 6
    endloop
  endfacet
  facet normal 0 0 1
    outer loop
      vertex 30.75 2.5 6
      vertex 31.118125915527344 9.320223808288574 6
      vertex 31.059019088745117 9.298944473266602 6
    endloop
  endfacet
  facet normal 0 0 1
    outer loop
      vertex 30.75 2.5 6
      vertex 31.059019088745117 9.298944473266602 6
      vertex 30.998689651489258 9.281416893005371 6
    endloop
  endfacet
  facet normal 0 0 1
    outer loop
      vertex 30.75 2.5 6
      vertex 30.998689651489258 9.281416893005371 6
      vertex 30.937374114990234 9.267711639404297 6
    endloop
  endfacet
  facet normal 0 0 1
    outer loop
      vertex 30.75 2.5 6
      vertex 30.937374114990234 9.267711639404297 6
      vertex 30.87533187866211 9.257884979248047 6
    endloop
  endfacet
  facet normal 0 0 1
    outer loop
      vertex 30.75 2.5 6
      vertex 30.87533187866211 9.257884979248047 6
      vertex 30.81279754638672 9.251974105834961 6
    endloop
  endfacet
  facet normal 0 0 1
    outer loop
      vertex 30.75 2.5 6
      vertex 30.81279754638672 9.251974105834961 6
      vertex 30.75 9.25 6
    endloop
  endfacet
  facet normal 0 0 1
    outer loop
      vertex 31.387422561645508 9.479486465454102 6
      vertex 30.75 2.5 6
      vertex 38.5 2.5 6
    endloop
  endfacet
  facet normal 0 0 1
    outer loop
      vertex 30.75 9.25 6
      vertex 30.687210083007812 2.498025894165039 6
      vertex 30.75 2.5 6
    endloop
  endfacet
  facet normal 0 0 1
    outer loop
      vertex 30.75 9.25 6
      vertex 30.62466812133789 2.4921140670776367 6
      vertex 30.687210083007812 2.498025894165039 6
    endloop
  endfacet
  facet normal 0 0 1
    outer loop
      vertex 30.75 9.25 6
      vertex 30.562618255615234 2.4822864532470703 6
      vertex 30.62466812133789 2.4921140670776367 6
    endloop
  endfacet
  facet normal 0 0 1
    outer loop
      vertex 30.75 9.25 6
      vertex 30.501310348510742 2.468583106994629 6
      vertex 30.562618255615234 2.4822864532470703 6
    endloop
  endfacet
  facet normal 0 0 1
    outer loop
      vertex 30.75 9.25 6
      vertex 30.440982818603516 2.451056480407715 6
      vertex 30.501310348510742 2.468583106994629 6
    endloop
  endfacet
  facet normal 0 0 1
    outer loop
      vertex 30.75 9.25 6
      vertex 30.38187599182129 2.429776191711426 6
      vertex 30.440982818603516 2.451056480407715 6
    endloop
  endfacet
  facet normal 0 0 1
    outer loop
      vertex 30.75 9.25 6
      vertex 30.324222564697266 2.4048261642456055 6
      vertex 30.38187599182129 2.429776191711426 6
    endloop
  endfacet
  facet normal 0 0 1
    outer loop
      vertex 30.75 9.25 6
      vertex 30.268245697021484 2.3763065338134766 6
      vertex 30.324222564697266 2.4048261642456055 6
    endloop
  endfacet
  facet normal 0 0 1
    outer loop
      vertex 30.75 9.25 6
      vertex 30.21417236328125 2.344326972961426 6
      vertex 30.268245697021484 2.3763065338134766 6
    endloop
  endfacet
  facet normal 0 0 1
    outer loop
      vertex 30.75 9.25 6
      vertex 30.162216186523438 2.309016227722168 6
      vertex 30.21417236328125 2.344326972961426 6
    endloop
  endfacet
  facet normal 0 0 1
    outer loop
      vertex 30.75 9.25 6
      vertex 30.11257553100586 2.270512580871582 6
      vertex 30.162216186523438 2.309016227722168 6
    endloop
  endfacet
  facet normal 0 0 1
    outer loop
      vertex 30.75 9.25 6
      vertex 30.065452575683594 2.228968620300293 6
      vertex 30.11257553100586 2.270512580871582 6
    endloop
  endfacet
  facet normal 0 0 1
    outer loop
      vertex 30.75 9.25 6
      vertex 30.02103042602539 2.18454647064209 6
      vertex 30.065452575683594 2.228968620300293 6
    endloop
  endfacet
  facet normal 0 0 1
    outer loop
      vertex 30.75 9.25 6
      vertex 29.979488372802734 2.137423515319824 6
      vertex 30.02103042602539 2.18454647064209 6
    endloop
  endfacet
  facet normal 0 0 1
    outer loop
      vertex 30.75 9.25 6
      vertex 29.940982818603516 2.087784767150879 6
      vertex 29.979488372802734 2.137423515319824 6
    endloop
  endfacet
  facet normal 0 0 1
    outer loop
      vertex 30.75 9.25 6
      vertex 29.90567398071289 2.0358266830444336 6
      vertex 29.940982818603516 2.087784767150879 6
    endloop
  endfacet
  facet normal 0 0 1
    outer loop
      vertex 30.75 9.25 6
      vertex 29.873693466186523 1.9817533493041992 6
      vertex 29.90567398071289 2.0358266830444336 6
    endloop
  endfacet
  facet normal 0 0 1
    outer loop
      vertex 30.75 9.25 6
      vertex 29.845172882080078 1.9257783889770508 6
      vertex 29.873693466186523 1.9817533493041992 6
    endloop
  endfacet
  facet normal 0 0 1
    outer loop
      vertex 11.154826164245605 1.9257783889770508 6
      vertex 29.845172882080078 1.9257783889770508 6
      vertex 30.75 9.25 6
    endloop
  endfacet
  facet normal 0 0 1
    outer loop
      vertex 29.845172882080078 1.9257783889770508 6
      vertex 11.154826164245605 1.9257783889770508 6
      vertex 29.82022476196289 1.868124008178711 6
    endloop
  endfacet
  facet normal 0 0 1
    outer loop
      vertex 11.179776191711426 1.868124008178711 6
      vertex 29.82022476196289 1.868124008178711 6
      vertex 11.154826164245605 1.9257783889770508 6
    endloop
  endfacet
  facet normal 0 0 1
    outer loop
      vertex 29.82022476196289 1.868124008178711 6
      vertex 11.179776191711426 1.868124008178711 6
      vertex 29.79894256591797 1.809016227722168 6
    endloop
  endfacet
  facet normal 0 0 1
    outer loop
      vertex 11.201056480407715 1.809016227722168 6
      vertex 29.79894256591797 1.809016227722168 6
      vertex 11.179776191711426 1.868124008178711 6
    endloop
  endfacet
  facet normal 0 0 1
    outer loop
      vertex 29.75 1.5 6
      vertex 11.25 1.5 6
      vertex 29.75 0 6
    endloop
  endfacet
  facet normal 0 0 1
    outer loop
      vertex 29.75197410583496 1.5627899169921875 6
      vertex 11.25 1.5 6
      vertex 29.75 1.5 6
    endloop
  endfacet
  facet normal 0 0 1
    outer loop
      vertex 11.248025894165039 1.5627899169921875 6
      vertex 29.75197410583496 1.5627899169921875 6
      vertex 29.757884979248047 1.6253328323364258 6
    endloop
  endfacet
  facet normal 0 0 1
    outer loop
      vertex 29.79894256591797 1.809016227722168 6
      vertex 11.201056480407715 1.809016227722168 6
      vertex 29.781417846679688 1.7486896514892578 6
    endloop
  endfacet
  facet normal 0 0 1
    outer loop
      vertex 29.75197410583496 1.5627899169921875 6
      vertex 11.248025894165039 1.5627899169921875 6
      vertex 11.25 1.5 6
    endloop
  endfacet
  facet normal 0 0 1
    outer loop
      vertex 29.757884979248047 1.6253328323364258 6
      vertex 11.242114067077637 1.6253328323364258 6
      vertex 11.248025894165039 1.5627899169921875 6
    endloop
  endfacet
  facet normal 0 0 1
    outer loop
      vertex 29.757884979248047 1.6253328323364258 6
      vertex 11.23228645324707 1.6873807907104492 6
      vertex 11.242114067077637 1.6253328323364258 6
    endloop
  endfacet
  facet normal 0 0 1
    outer loop
      vertex 29.76771354675293 1.6873807907104492 6
      vertex 11.23228645324707 1.6873807907104492 6
      vertex 29.757884979248047 1.6253328323364258 6
    endloop
  endfacet
  facet normal 0 0 1
    outer loop
      vertex 11.23228645324707 1.6873807907104492 6
      vertex 29.76771354675293 1.6873807907104492 6
      vertex 11.218583106994629 1.7486896514892578 6
    endloop
  endfacet
  facet normal 0 0 1
    outer loop
      vertex 29.781417846679688 1.7486896514892578 6
      vertex 11.218583106994629 1.7486896514892578 6
      vertex 29.76771354675293 1.6873807907104492 6
    endloop
  endfacet
  facet normal 0 0 1
    outer loop
      vertex 11.218583106994629 1.7486896514892578 6
      vertex 29.781417846679688 1.7486896514892578 6
      vertex 11.201056480407715 1.809016227722168 6
    endloop
  endfacet
  facet normal 0 0 1
    outer loop
      vertex 30.75 9.25 6
      vertex 11.126306533813477 1.9817533493041992 6
      vertex 11.154826164245605 1.9257783889770508 6
    endloop
  endfacet
  facet normal 0 0 1
    outer loop
      vertex 10.25 9.25 6
      vertex 11.126306533813477 1.9817533493041992 6
      vertex 30.75 9.25 6
    endloop
  endfacet
  facet normal 0 0 1
    outer loop
      vertex 11.126306533813477 1.9817533493041992 6
      vertex 10.25 9.25 6
      vertex 11.094326972961426 2.0358266830444336 6
    endloop
  endfacet
  facet normal 0 0 1
    outer loop
      vertex 11.094326972961426 2.0358266830444336 6
      vertex 10.25 9.25 6
      vertex 11.059016227722168 2.087784767150879 6
    endloop
  endfacet
  facet normal 0 0 1
    outer loop
      vertex 11.059016227722168 2.087784767150879 6
      vertex 10.25 9.25 6
      vertex 11.020512580871582 2.137423515319824 6
    endloop
  endfacet
  facet normal 0 0 1
    outer loop
      vertex 11.020512580871582 2.137423515319824 6
      vertex 10.25 9.25 6
      vertex 10.978968620300293 2.18454647064209 6
    endloop
  endfacet
  facet normal 0 0 1
    outer loop
      vertex 10.978968620300293 2.18454647064209 6
      vertex 10.25 9.25 6
      vertex 10.93454647064209 2.228968620300293 6
    endloop
  endfacet
  facet normal 0 0 1
    outer loop
      vertex 10.93454647064209 2.228968620300293 6
      vertex 10.25 9.25 6
      vertex 10.887423515319824 2.270512580871582 6
    endloop
  endfacet
  facet normal 0 0 1
    outer loop
      vertex 10.887423515319824 2.270512580871582 6
      vertex 10.25 9.25 6
      vertex 10.837784767150879 2.309016227722168 6
    endloop
  endfacet
  facet normal 0 0 1
    outer loop
      vertex 10.837784767150879 2.309016227722168 6
      vertex 10.25 9.25 6
      vertex 10.785826683044434 2.344326972961426 6
    endloop
  endfacet
  facet normal 0 0 1
    outer loop
      vertex 10.785826683044434 2.344326972961426 6
      vertex 10.25 9.25 6
      vertex 10.7317533493042 2.3763065338134766 6
    endloop
  endfacet
  facet normal 0 0 1
    outer loop
      vertex 10.7317533493042 2.3763065338134766 6
      vertex 10.25 9.25 6
      vertex 10.67577838897705 2.4048261642456055 6
    endloop
  endfacet
  facet normal 0 0 1
    outer loop
      vertex 10.67577838897705 2.4048261642456055 6
      vertex 10.25 9.25 6
      vertex 10.618124008178711 2.429776191711426 6
    endloop
  endfacet
  facet normal 0 0 1
    outer loop
      vertex 10.618124008178711 2.429776191711426 6
      vertex 10.25 9.25 6
      vertex 10.559016227722168 2.451056480407715 6
    endloop
  endfacet
  facet normal 0 0 1
    outer loop
      vertex 10.559016227722168 2.451056480407715 6
      vertex 10.25 9.25 6
      vertex 10.498689651489258 2.468583106994629 6
    endloop
  endfacet
  facet normal 0 0 1
    outer loop
      vertex 10.498689651489258 2.468583106994629 6
      vertex 10.25 9.25 6
      vertex 10.43738079071045 2.4822864532470703 6
    endloop
  endfacet
  facet normal 0 0 1
    outer loop
      vertex 10.43738079071045 2.4822864532470703 6
      vertex 10.25 9.25 6
      vertex 10.375332832336426 2.4921140670776367 6
    endloop
  endfacet
  facet normal 0 0 1
    outer loop
      vertex 10.375332832336426 2.4921140670776367 6
      vertex 10.25 9.25 6
      vertex 10.312789916992188 2.498025894165039 6
    endloop
  endfacet
  facet normal 0 0 1
    outer loop
      vertex 10.25 9.25 6
      vertex 10.25 2.5 6
      vertex 10.312789916992188 2.498025894165039 6
    endloop
  endfacet
  facet normal 0 0 1
    outer loop
      vertex 10.187202453613281 9.251974105834961 6
      vertex 10.25 2.5 6
      vertex 10.25 9.25 6
    endloop
  endfacet
  facet normal 0 0 1
    outer loop
      vertex 10.124667167663574 9.257884979248047 6
      vertex 10.25 2.5 6
      vertex 10.187202453613281 9.251974105834961 6
    endloop
  endfacet
  facet normal 0 0 1
    outer loop
      vertex 10.062625885009766 9.267711639404297 6
      vertex 10.25 2.5 6
      vertex 10.124667167663574 9.257884979248047 6
    endloop
  endfacet
  facet normal 0 0 1
    outer loop
      vertex 10.001310348510742 9.281416893005371 6
      vertex 10.25 2.5 6
      vertex 10.062625885009766 9.267711639404297 6
    endloop
  endfacet
  facet normal 0 0 1
    outer loop
      vertex 9.940980911254883 9.298944473266602 6
      vertex 10.25 2.5 6
      vertex 10.001310348510742 9.281416893005371 6
    endloop
  endfacet
  facet normal 0 0 1
    outer loop
      vertex 9.881875038146973 9.320223808288574 6
      vertex 10.25 2.5 6
      vertex 9.940980911254883 9.298944473266602 6
    endloop
  endfacet
  facet normal 0 0 1
    outer loop
      vertex 9.824223518371582 9.345171928405762 6
      vertex 10.25 2.5 6
      vertex 9.881875038146973 9.320223808288574 6
    endloop
  endfacet
  facet normal 0 0 1
    outer loop
      vertex 9.7682466506958 9.373693466186523 6
      vertex 10.25 2.5 6
      vertex 9.824223518371582 9.345171928405762 6
    endloop
  endfacet
  facet normal 0 0 1
    outer loop
      vertex 9.714167594909668 9.405675888061523 6
      vertex 10.25 2.5 6
      vertex 9.7682466506958 9.373693466186523 6
    endloop
  endfacet
  facet normal 0 0 1
    outer loop
      vertex 9.662214279174805 9.440982818603516 6
      vertex 10.25 2.5 6
      vertex 9.714167594909668 9.405675888061523 6
    endloop
  endfacet
  facet normal 0 0 1
    outer loop
      vertex 9.612577438354492 9.479486465454102 6
      vertex 10.25 2.5 6
      vertex 9.662214279174805 9.440982818603516 6
    endloop
  endfacet
  facet normal 0 0 1
    outer loop
      vertex 2.5 2.5 6
      vertex 9.612577438354492 9.479486465454102 6
      vertex 9.565452575683594 9.521031379699707 6
    endloop
  endfacet
  facet normal 0 0 1
    outer loop
      vertex 2.5 2.5 6
      vertex 9.565452575683594 9.521031379699707 6
      vertex 9.521031379699707 9.565452575683594 6
    endloop
  endfacet
  facet normal 0 0 1
    outer loop
      vertex 2.5 2.5 6
      vertex 9.521031379699707 9.565452575683594 6
      vertex 9.479486465454102 9.612577438354492 6
    endloop
  endfacet
  facet normal 0 0 1
    outer loop
      vertex 2.5 10.25 6
      vertex 9.479486465454102 9.612577438354492 6
      vertex 9.440982818603516 9.662214279174805 6
    endloop
  endfacet
  facet normal 0 0 1
    outer loop
      vertex 2.5 10.25 6
      vertex 9.440982818603516 9.662214279174805 6
      vertex 9.405675888061523 9.714167594909668 6
    endloop
  endfacet
  facet normal 0 0 1
    outer loop
      vertex 2.5 10.25 6
      vertex 9.405675888061523 9.714167594909668 6
      vertex 9.373693466186523 9.7682466506958 6
    endloop
  endfacet
  facet normal 0 0 1
    outer loop
      vertex 2.5 10.25 6
      vertex 9.373693466186523 9.7682466506958 6
      vertex 9.345171928405762 9.824223518371582 6
    endloop
  endfacet
  facet normal 0 0 1
    outer loop
      vertex 2.5 10.25 6
      vertex 9.345171928405762 9.824223518371582 6
      vertex 9.320223808288574 9.881875038146973 6
    endloop
  endfacet
  facet normal 0 0 1
    outer loop
      vertex 2.5 10.25 6
      vertex 9.320223808288574 9.881875038146973 6
      vertex 9.298944473266602 9.940980911254883 6
    endloop
  endfacet
  facet normal 0 0 1
    outer loop
      vertex 2.5 10.25 6
      vertex 9.298944473266602 9.940980911254883 6
      vertex 9.281416893005371 10.001310348510742 6
    endloop
  endfacet
  facet normal 0 0 1
    outer loop
      vertex 2.5 10.25 6
      vertex 9.281416893005371 10.001310348510742 6
      vertex 9.267711639404297 10.062625885009766 6
    endloop
  endfacet
  facet normal 0 0 1
    outer loop
      vertex 2.5 10.25 6
      vertex 9.267711639404297 10.062625885009766 6
      vertex 9.257884979248047 10.124667167663574 6
    endloop
  endfacet
  facet normal 0 0 1
    outer loop
      vertex 2.498025894165039 30.687210083007812 6
      vertex 9.25 30.75 6
      vertex 2.5 30.75 6
    endloop
  endfacet
  facet normal 0 0 1
    outer loop
      vertex 2.4921140670776367 30.62466812133789 6
      vertex 9.25 30.75 6
      vertex 2.498025894165039 30.687210083007812 6
    endloop
  endfacet
  facet normal 0 0 1
    outer loop
      vertex 9.25 10.25 6
      vertex 2.5 10.25 6
      vertex 9.251974105834961 10.187202453613281 6
    endloop
  endfacet
  facet normal 0 0 1
    outer loop
      vertex 9.251974105834961 10.187202453613281 6
      vertex 2.5 10.25 6
      vertex 9.257884979248047 10.124667167663574 6
    endloop
  endfacet
  facet normal 0 0 1
    outer loop
      vertex 9.479486465454102 9.612577438354492 6
      vertex 2.5 10.25 6
      vertex 2.5 2.5 6
    endloop
  endfacet
  facet normal 0 0 1
    outer loop
      vertex 9.612577438354492 9.479486465454102 6
      vertex 2.5 2.5 6
      vertex 10.25 2.5 6
    endloop
  endfacet
  facet normal 0 0 1
    outer loop
      vertex 11.25 0 6
      vertex 29.75 0 6
      vertex 11.25 1.5 6
    endloop
  endfacet
  facet normal 0 0 1
    outer loop
      vertex 29.75 0 6
      vertex 11.25 0 6
      vertex 29.75197410583496 -0.0627899169921875 6
    endloop
  endfacet
  facet normal 0 0 1
    outer loop
      vertex 11.248025894165039 -0.0627899169921875 6
      vertex 29.75197410583496 -0.0627899169921875 6
      vertex 11.25 0 6
    endloop
  endfacet
  facet normal 0 0 1
    outer loop
      vertex 29.75197410583496 -0.0627899169921875 6
      vertex 11.248025894165039 -0.0627899169921875 6
      vertex 29.757884979248047 -0.12533283233642578 6
    endloop
  endfacet
  facet normal 0 0 1
    outer loop
      vertex 11.242114067077637 -0.12533283233642578 6
      vertex 29.757884979248047 -0.12533283233642578 6
      vertex 11.248025894165039 -0.0627899169921875 6
    endloop
  endfacet
  facet normal 0 0 1
    outer loop
      vertex 29.757884979248047 -0.12533283233642578 6
      vertex 11.242114067077637 -0.12533283233642578 6
      vertex 29.76771354675293 -0.18738079071044922 6
    endloop
  endfacet
  facet normal 0 0 1
    outer loop
      vertex 11.23228645324707 -0.18738079071044922 6
      vertex 29.76771354675293 -0.18738079071044922 6
      vertex 11.242114067077637 -0.12533283233642578 6
    endloop
  endfacet
  facet normal 0 0 1
    outer loop
      vertex 29.76771354675293 -0.18738079071044922 6
      vertex 11.23228645324707 -0.18738079071044922 6
      vertex 29.781417846679688 -0.2486896514892578 6
    endloop
  endfacet
  facet normal 0 0 1
    outer loop
      vertex 11.218583106994629 -0.2486896514892578 6
      vertex 29.781417846679688 -0.2486896514892578 6
      vertex 11.23228645324707 -0.18738079071044922 6
    endloop
  endfacet
  facet normal 0 0 1
    outer loop
      vertex 29.781417846679688 -0.2486896514892578 6
      vertex 11.218583106994629 -0.2486896514892578 6
      vertex 29.79894256591797 -0.30901622772216797 6
    endloop
  endfacet
  facet normal 0 0 1
    outer loop
      vertex 11.201056480407715 -0.30901622772216797 6
      vertex 29.79894256591797 -0.30901622772216797 6
      vertex 11.218583106994629 -0.2486896514892578 6
    endloop
  endfacet
  facet normal 0 0 1
    outer loop
      vertex 29.79894256591797 -0.30901622772216797 6
      vertex 11.201056480407715 -0.30901622772216797 6
      vertex 29.82022476196289 -0.36812400817871094 6
    endloop
  endfacet
  facet normal 0 0 1
    outer loop
      vertex 11.179776191711426 -0.36812400817871094 6
      vertex 29.82022476196289 -0.36812400817871094 6
      vertex 11.201056480407715 -0.30901622772216797 6
    endloop
  endfacet
  facet normal 0 0 1
    outer loop
      vertex 29.82022476196289 -0.36812400817871094 6
      vertex 11.179776191711426 -0.36812400817871094 6
      vertex 29.845172882080078 -0.4257783889770508 6
    endloop
  endfacet
  facet normal 0 0 1
    outer loop
      vertex 11.154826164245605 -0.4257783889770508 6
      vertex 29.845172882080078 -0.4257783889770508 6
      vertex 11.179776191711426 -0.36812400817871094 6
    endloop
  endfacet
  facet normal 0 0 1
    outer loop
      vertex 29.845172882080078 -0.4257783889770508 6
      vertex 11.154826164245605 -0.4257783889770508 6
      vertex 29.873693466186523 -0.4817533493041992 6
    endloop
  endfacet
  facet normal 0 0 1
    outer loop
      vertex 11.126306533813477 -0.4817533493041992 6
      vertex 29.873693466186523 -0.4817533493041992 6
      vertex 11.154826164245605 -0.4257783889770508 6
    endloop
  endfacet
  facet normal 0 0 1
    outer loop
      vertex 29.873693466186523 -0.4817533493041992 6
      vertex 11.126306533813477 -0.4817533493041992 6
      vertex 29.90567398071289 -0.5358266830444336 6
    endloop
  endfacet
  facet normal 0 0 1
    outer loop
      vertex 11.094326972961426 -0.5358266830444336 6
      vertex 29.90567398071289 -0.5358266830444336 6
      vertex 11.126306533813477 -0.4817533493041992 6
    endloop
  endfacet
  facet normal 0 0 1
    outer loop
      vertex 29.90567398071289 -0.5358266830444336 6
      vertex 11.094326972961426 -0.5358266830444336 6
      vertex 29.940982818603516 -0.5877847671508789 6
    endloop
  endfacet
  facet normal 0 0 1
    outer loop
      vertex 11.059016227722168 -0.5877847671508789 6
      vertex 29.940982818603516 -0.5877847671508789 6
      vertex 11.094326972961426 -0.5358266830444336 6
    endloop
  endfacet
  facet normal 0 0 1
    outer loop
      vertex 29.940982818603516 -0.5877847671508789 6
      vertex 11.059016227722168 -0.5877847671508789 6
      vertex 29.979488372802734 -0.6374235153198242 6
    endloop
  endfacet
  facet normal 0 0 1
    outer loop
      vertex 11.020512580871582 -0.6374235153198242 6
      vertex 29.979488372802734 -0.6374235153198242 6
      vertex 11.059016227722168 -0.5877847671508789 6
    endloop
  endfacet
  facet normal 0 0 1
    outer loop
      vertex 29.979488372802734 -0.6374235153198242 6
      vertex 11.020512580871582 -0.6374235153198242 6
      vertex 30.02103042602539 -0.6845464706420898 6
    endloop
  endfacet
  facet normal 0 0 1
    outer loop
      vertex 10.978968620300293 -0.6845464706420898 6
      vertex 30.02103042602539 -0.6845464706420898 6
      vertex 11.020512580871582 -0.6374235153198242 6
    endloop
  endfacet
  facet normal 0 0 1
    outer loop
      vertex 30.02103042602539 -0.6845464706420898 6
      vertex 10.978968620300293 -0.6845464706420898 6
      vertex 30.065452575683594 -0.728968620300293 6
    endloop
  endfacet
  facet normal 0 0 1
    outer loop
      vertex 10.93454647064209 -0.728968620300293 6
      vertex 30.065452575683594 -0.728968620300293 6
      vertex 10.978968620300293 -0.6845464706420898 6
    endloop
  endfacet
  facet normal 0 0 1
    outer loop
      vertex 30.065452575683594 -0.728968620300293 6
      vertex 10.93454647064209 -0.728968620300293 6
      vertex 30.11257553100586 -0.770512580871582 6
    endloop
  endfacet
  facet normal 0 0 1
    outer loop
      vertex 10.887423515319824 -0.770512580871582 6
      vertex 30.11257553100586 -0.770512580871582 6
      vertex 10.93454647064209 -0.728968620300293 6
    endloop
  endfacet
  facet normal 0 0 1
    outer loop
      vertex 30.11257553100586 -0.770512580871582 6
      vertex 10.887423515319824 -0.770512580871582 6
      vertex 30.162216186523438 -0.809016227722168 6
    endloop
  endfacet
  facet normal 0 0 1
    outer loop
      vertex 10.837784767150879 -0.809016227722168 6
      vertex 30.162216186523438 -0.809016227722168 6
      vertex 10.887423515319824 -0.770512580871582 6
    endloop
  endfacet
  facet normal 0 0 1
    outer loop
      vertex 30.162216186523438 -0.809016227722168 6
      vertex 10.837784767150879 -0.809016227722168 6
      vertex 30.21417236328125 -0.8443269729614258 6
    endloop
  endfacet
  facet normal 0 0 1
    outer loop
      vertex 10.785826683044434 -0.8443269729614258 6
      vertex 30.21417236328125 -0.8443269729614258 6
      vertex 10.837784767150879 -0.809016227722168 6
    endloop
  endfacet
  facet normal 0 0 1
    outer loop
      vertex 30.21417236328125 -0.8443269729614258 6
      vertex 10.785826683044434 -0.8443269729614258 6
      vertex 30.268245697021484 -0.8763065338134766 6
    endloop
  endfacet
  facet normal 0 0 1
    outer loop
      vertex 10.7317533493042 -0.8763065338134766 6
      vertex 30.268245697021484 -0.8763065338134766 6
      vertex 10.785826683044434 -0.8443269729614258 6
    endloop
  endfacet
  facet normal 0 0 1
    outer loop
      vertex 30.268245697021484 -0.8763065338134766 6
      vertex 10.7317533493042 -0.8763065338134766 6
      vertex 30.324222564697266 -0.9048261642456055 6
    endloop
  endfacet
  facet normal 0 0 1
    outer loop
      vertex 10.67577838897705 -0.9048261642456055 6
      vertex 30.324222564697266 -0.9048261642456055 6
      vertex 10.7317533493042 -0.8763065338134766 6
    endloop
  endfacet
  facet normal 0 0 1
    outer loop
      vertex 30.324222564697266 -0.9048261642456055 6
      vertex 10.67577838897705 -0.9048261642456055 6
      vertex 30.38187599182129 -0.9297761917114258 6
    endloop
  endfacet
  facet normal 0 0 1
    outer loop
      vertex 10.618124008178711 -0.9297761917114258 6
      vertex 30.38187599182129 -0.9297761917114258 6
      vertex 10.67577838897705 -0.9048261642456055 6
    endloop
  endfacet
  facet normal 0 0 1
    outer loop
      vertex 30.38187599182129 -0.9297761917114258 6
      vertex 10.618124008178711 -0.9297761917114258 6
      vertex 30.440982818603516 -0.9510564804077148 6
    endloop
  endfacet
  facet normal 0 0 1
    outer loop
      vertex 10.559016227722168 -0.9510564804077148 6
      vertex 30.440982818603516 -0.9510564804077148 6
      vertex 10.618124008178711 -0.9297761917114258 6
    endloop
  endfacet
  facet normal 0 0 1
    outer loop
      vertex 30.440982818603516 -0.9510564804077148 6
      vertex 10.559016227722168 -0.9510564804077148 6
      vertex 30.501310348510742 -0.9685831069946289 6
    endloop
  endfacet
  facet normal 0 0 1
    outer loop
      vertex 10.498689651489258 -0.9685831069946289 6
      vertex 30.501310348510742 -0.9685831069946289 6
      vertex 10.559016227722168 -0.9510564804077148 6
    endloop
  endfacet
  facet normal 0 0 1
    outer loop
      vertex 30.501310348510742 -0.9685831069946289 6
      vertex 10.498689651489258 -0.9685831069946289 6
      vertex 30.562618255615234 -0.9822864532470703 6
    endloop
  endfacet
  facet normal 0 0 1
    outer loop
      vertex 10.43738079071045 -0.9822864532470703 6
      vertex 30.562618255615234 -0.9822864532470703 6
      vertex 10.498689651489258 -0.9685831069946289 6
    endloop
  endfacet
  facet normal 0 0 1
    outer loop
      vertex 30.562618255615234 -0.9822864532470703 6
      vertex 10.43738079071045 -0.9822864532470703 6
      vertex 30.62466812133789 -0.9921140670776367 6
    endloop
  endfacet
  facet normal 0 0 1
    outer loop
      vertex 10.375332832336426 -0.9921140670776367 6
      vertex 30.62466812133789 -0.9921140670776367 6
      vertex 10.43738079071045 -0.9822864532470703 6
    endloop
  endfacet
  facet normal 0 0 1
    outer loop
      vertex 30.62466812133789 -0.9921140670776367 6
      vertex 10.375332832336426 -0.9921140670776367 6
      vertex 30.687210083007812 -0.9980258941650391 6
    endloop
  endfacet
  facet normal 0 0 1
    outer loop
      vertex 10.312789916992188 -0.9980258941650391 6
      vertex 30.687210083007812 -0.9980258941650391 6
      vertex 10.375332832336426 -0.9921140670776367 6
    endloop
  endfacet
  facet normal 0 0 1
    outer loop
      vertex 30.687210083007812 -0.9980258941650391 6
      vertex 10.312789916992188 -0.9980258941650391 6
      vertex 30.75 -1 6
    endloop
  endfacet
  facet normal 0 0 1
    outer loop
      vertex 30.75 -1 6
      vertex 10.312789916992188 -0.9980258941650391 6
      vertex 10.25 -1 6
    endloop
  endfacet
  facet normal 0.6129248855444055 -0.7901411802205841 0
    outer loop
      vertex 10.837784767150879 38.690982818603516 6
      vertex 10.887423515319824 38.729488372802734 67
      vertex 10.837784767150879 38.690982818603516 67
    endloop
  endfacet
  facet normal 0.6129248855444055 -0.7901411802205841 0
    outer loop
      vertex 10.887423515319824 38.729488372802734 67
      vertex 10.837784767150879 38.690982818603516 6
      vertex 10.887423515319824 38.729488372802734 6
    endloop
  endfacet
  facet normal 0.09405971831914178 0.9955665569863844 0
    outer loop
      vertex 10.375332832336426 41.99211502075195 6
      vertex 10.312789916992188 41.998023986816406 67
      vertex 10.375332832336426 41.99211502075195 67
    endloop
  endfacet
  facet normal 0.09405971831914178 0.9955665569863844 0
    outer loop
      vertex 10.312789916992188 41.998023986816406 67
      vertex 10.375332832336426 41.99211502075195 6
      vertex 10.312789916992188 41.998023986816406 6
    endloop
  endfacet
  facet normal 0.5090381932057086 -0.8607439328034021 0
    outer loop
      vertex 10.7317533493042 38.623695373535156 6
      vertex 10.785826683044434 38.65567398071289 67
      vertex 10.7317533493042 38.623695373535156 67
    endloop
  endfacet
  facet normal 0.5090381932057086 -0.8607439328034021 0
    outer loop
      vertex 10.785826683044434 38.65567398071289 67
      vertex 10.7317533493042 38.623695373535156 6
      vertex 10.785826683044434 38.65567398071289 6
    endloop
  endfacet
  facet normal 0.15648172879457747 0.987680853592627 0
    outer loop
      vertex 10.43738079071045 41.98228454589844 6
      vertex 10.375332832336426 41.99211502075195 67
      vertex 10.43738079071045 41.98228454589844 67
    endloop
  endfacet
  facet normal 0.15648172879457747 0.987680853592627 0
    outer loop
      vertex 10.375332832336426 41.99211502075195 67
      vertex 10.43738079071045 41.98228454589844 6
      vertex 10.375332832336426 41.99211502075195 6
    endloop
  endfacet
  facet normal 0.9876886343067298 0.15643261060695393 0
    outer loop
      vertex 11.242114067077637 41.12533187866211 67
      vertex 11.23228645324707 41.187381744384766 6
      vertex 11.23228645324707 41.187381744384766 67
    endloop
  endfacet
  facet normal 0.9876886343067298 0.15643261060695393 0
    outer loop
      vertex 11.23228645324707 41.187381744384766 6
      vertex 11.242114067077637 41.12533187866211 67
      vertex 11.242114067077637 41.12533187866211 6
    endloop
  endfacet
  facet normal 0.8607372813478725 0.5090494401311854 0
    outer loop
      vertex 11.126306533813477 41.481754302978516 67
      vertex 11.094326972961426 41.53582763671875 6
      vertex 11.094326972961426 41.53582763671875 67
    endloop
  endfacet
  facet normal 0.8607372813478725 0.5090494401311854 0
    outer loop
      vertex 11.094326972961426 41.53582763671875 6
      vertex 11.126306533813477 41.481754302978516 67
      vertex 11.126306533813477 41.481754302978516 6
    endloop
  endfacet
  facet normal 0.2181165367111973 -0.9759227307595171 0
    outer loop
      vertex 10.43738079071045 38.51771545410156 6
      vertex 10.498689651489258 38.53141784667969 67
      vertex 10.43738079071045 38.51771545410156 67
    endloop
  endfacet
  facet normal 0.2181165367111973 -0.9759227307595171 0
    outer loop
      vertex 10.498689651489258 38.53141784667969 67
      vertex 10.43738079071045 38.51771545410156 6
      vertex 10.498689651489258 38.53141784667969 6
    endloop
  endfacet
  facet normal 0.4540135574414569 0.8909947753266306 0
    outer loop
      vertex 10.7317533493042 41.876304626464844 6
      vertex 10.67577838897705 41.90482711791992 67
      vertex 10.7317533493042 41.876304626464844 67
    endloop
  endfacet
  facet normal 0.4540135574414569 0.8909947753266306 0
    outer loop
      vertex 10.67577838897705 41.90482711791992 67
      vertex 10.7317533493042 41.876304626464844 6
      vertex 10.67577838897705 41.90482711791992 6
    endloop
  endfacet
  facet normal 0.940881606192559 -0.33873559471734044 0
    outer loop
      vertex 11.179776191711426 39.131874084472656 67
      vertex 11.201056480407715 39.190982818603516 6
      vertex 11.201056480407715 39.190982818603516 67
    endloop
  endfacet
  facet normal 0.940881606192559 -0.33873559471734044 0
    outer loop
      vertex 11.201056480407715 39.190982818603516 6
      vertex 11.179776191711426 39.131874084472656 67
      vertex 11.179776191711426 39.131874084472656 6
    endloop
  endfacet
  facet normal 0 -1 0
    outer loop
      vertex 2.5 38.5 6
      vertex 10.25 38.5 67
      vertex 2.5 38.5 67
    endloop
  endfacet
  facet normal 0 -1 0
    outer loop
      vertex 10.25 38.5 67
      vertex 2.5 38.5 6
      vertex 10.25 38.5 6
    endloop
  endfacet
  facet normal 0.5090381932057086 0.8607439328034021 0
    outer loop
      vertex 10.785826683044434 41.84432601928711 6
      vertex 10.7317533493042 41.876304626464844 67
      vertex 10.785826683044434 41.84432601928711 67
    endloop
  endfacet
  facet normal 0.5090381932057086 0.8607439328034021 0
    outer loop
      vertex 10.7317533493042 41.876304626464844 67
      vertex 10.785826683044434 41.84432601928711 6
      vertex 10.7317533493042 41.876304626464844 6
    endloop
  endfacet
  facet normal 0.0314546587566966 0.9995051797977337 0
    outer loop
      vertex 10.312789916992188 41.998023986816406 6
      vertex 10.25 42 67
      vertex 10.312789916992188 41.998023986816406 67
    endloop
  endfacet
  facet normal 0.0314546587566966 0.9995051797977337 0
    outer loop
      vertex 10.25 42 67
      vertex 10.312789916992188 41.998023986816406 6
      vertex 10.25 42 6
    endloop
  endfacet
  facet normal 0.9602966502662903 -0.27898090165339684 0
    outer loop
      vertex 11.201056480407715 39.190982818603516 67
      vertex 11.218583106994629 39.251312255859375 6
      vertex 11.218583106994629 39.251312255859375 67
    endloop
  endfacet
  facet normal 0.9602966502662903 -0.27898090165339684 0
    outer loop
      vertex 11.218583106994629 39.251312255859375 6
      vertex 11.201056480407715 39.190982818603516 67
      vertex 11.201056480407715 39.190982818603516 6
    endloop
  endfacet
  facet normal 0.9602966502662903 0.27898090165339684 0
    outer loop
      vertex 11.218583106994629 41.248687744140625 67
      vertex 11.201056480407715 41.309017181396484 6
      vertex 11.201056480407715 41.309017181396484 67
    endloop
  endfacet
  facet normal 0.9602966502662903 0.27898090165339684 0
    outer loop
      vertex 11.201056480407715 41.309017181396484 6
      vertex 11.218583106994629 41.248687744140625 67
      vertex 11.218583106994629 41.248687744140625 6
    endloop
  endfacet
  facet normal 0.9759173321372937 -0.21814069045922427 0
    outer loop
      vertex 11.218583106994629 39.251312255859375 67
      vertex 11.23228645324707 39.312618255615234 6
      vertex 11.23228645324707 39.312618255615234 67
    endloop
  endfacet
  facet normal 0.9759173321372937 -0.21814069045922427 0
    outer loop
      vertex 11.23228645324707 39.312618255615234 6
      vertex 11.218583106994629 39.251312255859375 67
      vertex 11.218583106994629 39.251312255859375 6
    endloop
  endfacet
  facet normal 0.9995061338808694 -0.03142432711320473 0
    outer loop
      vertex 11.248025894165039 39.43721008300781 67
      vertex 11.25 39.5 6
      vertex 11.25 39.5 67
    endloop
  endfacet
  facet normal 0.9995061338808694 -0.03142432711320473 0
    outer loop
      vertex 11.25 39.5 6
      vertex 11.248025894165039 39.43721008300781 67
      vertex 11.248025894165039 39.43721008300781 6
    endloop
  endfacet
  facet normal 0.7501151201990178 0.6613072708271193 0
    outer loop
      vertex 11.020512580871582 41.63742446899414 67
      vertex 10.978968620300293 41.684547424316406 6
      vertex 10.978968620300293 41.684547424316406 67
    endloop
  endfacet
  facet normal 0.7501151201990178 0.6613072708271193 0
    outer loop
      vertex 10.978968620300293 41.684547424316406 6
      vertex 11.020512580871582 41.63742446899414 67
      vertex 11.020512580871582 41.63742446899414 6
    endloop
  endfacet
  facet normal 0.9995061338808694 0.03142432711320473 0
    outer loop
      vertex 11.25 41 67
      vertex 11.248025894165039 41.06278991699219 6
      vertex 11.248025894165039 41.06278991699219 67
    endloop
  endfacet
  facet normal 0.9995061338808694 0.03142432711320473 0
    outer loop
      vertex 11.248025894165039 41.06278991699219 6
      vertex 11.25 41 67
      vertex 11.25 41 6
    endloop
  endfacet
  facet normal 0.27896510392569457 -0.9603012396075132 0
    outer loop
      vertex 10.498689651489258 38.53141784667969 6
      vertex 10.559016227722168 38.54894256591797 67
      vertex 10.498689651489258 38.53141784667969 67
    endloop
  endfacet
  facet normal 0.27896510392569457 -0.9603012396075132 0
    outer loop
      vertex 10.559016227722168 38.54894256591797 67
      vertex 10.498689651489258 38.53141784667969 6
      vertex 10.559016227722168 38.54894256591797 6
    endloop
  endfacet
  facet normal 1 0 0
    outer loop
      vertex 11.25 39.5 67
      vertex 11.25 41 6
      vertex 11.25 41 67
    endloop
  endfacet
  facet normal 1 0 0
    outer loop
      vertex 11.25 41 6
      vertex 11.25 39.5 67
      vertex 11.25 39.5 6
    endloop
  endfacet
  facet normal 0.3387673099593812 0.9408701874875643 0
    outer loop
      vertex 10.618124008178711 41.92977523803711 6
      vertex 10.559016227722168 41.95105743408203 67
      vertex 10.618124008178711 41.92977523803711 67
    endloop
  endfacet
  facet normal 0.3387673099593812 0.9408701874875643 0
    outer loop
      vertex 10.559016227722168 41.95105743408203 67
      vertex 10.618124008178711 41.92977523803711 6
      vertex 10.559016227722168 41.95105743408203 6
    endloop
  endfacet
  facet normal 0.9955621568524021 0.09410627951094909 0
    outer loop
      vertex 11.248025894165039 41.06278991699219 67
      vertex 11.242114067077637 41.12533187866211 6
      vertex 11.242114067077637 41.12533187866211 67
    endloop
  endfacet
  facet normal 0.9955621568524021 0.09410627951094909 0
    outer loop
      vertex 11.242114067077637 41.12533187866211 6
      vertex 11.248025894165039 41.06278991699219 67
      vertex 11.248025894165039 41.06278991699219 6
    endloop
  endfacet
  facet normal 0.8270704802017288 -0.5620982305423864 0
    outer loop
      vertex 11.059016227722168 38.91221618652344 67
      vertex 11.094326972961426 38.96417236328125 6
      vertex 11.094326972961426 38.96417236328125 67
    endloop
  endfacet
  facet normal 0.8270704802017288 -0.5620982305423864 0
    outer loop
      vertex 11.094326972961426 38.96417236328125 6
      vertex 11.059016227722168 38.91221618652344 67
      vertex 11.059016227722168 38.91221618652344 6
    endloop
  endfacet
  facet normal 0.0314546587566966 -0.9995051797977337 0
    outer loop
      vertex 10.25 38.5 6
      vertex 10.312789916992188 38.501976013183594 67
      vertex 10.25 38.5 67
    endloop
  endfacet
  facet normal 0.0314546587566966 -0.9995051797977337 0
    outer loop
      vertex 10.312789916992188 38.501976013183594 67
      vertex 10.25 38.5 6
      vertex 10.312789916992188 38.501976013183594 6
    endloop
  endfacet
  facet normal 0.7901672889100261 -0.6128912265129753 0
    outer loop
      vertex 11.020512580871582 38.86257553100586 67
      vertex 11.059016227722168 38.91221618652344 6
      vertex 11.059016227722168 38.91221618652344 67
    endloop
  endfacet
  facet normal 0.7901672889100261 -0.6128912265129753 0
    outer loop
      vertex 11.059016227722168 38.91221618652344 6
      vertex 11.020512580871582 38.86257553100586 67
      vertex 11.020512580871582 38.86257553100586 6
    endloop
  endfacet
  facet normal 0.5620633457887453 0.8270941876961543 0
    outer loop
      vertex 10.837784767150879 41.809017181396484 6
      vertex 10.785826683044434 41.84432601928711 67
      vertex 10.837784767150879 41.809017181396484 67
    endloop
  endfacet
  facet normal 0.5620633457887453 0.8270941876961543 0
    outer loop
      vertex 10.785826683044434 41.84432601928711 67
      vertex 10.837784767150879 41.809017181396484 6
      vertex 10.785826683044434 41.84432601928711 6
    endloop
  endfacet
  facet normal 0.7901672889100261 0.6128912265129753 0
    outer loop
      vertex 11.059016227722168 41.58778381347656 67
      vertex 11.020512580871582 41.63742446899414 6
      vertex 11.020512580871582 41.63742446899414 67
    endloop
  endfacet
  facet normal 0.7901672889100261 0.6128912265129753 0
    outer loop
      vertex 11.020512580871582 41.63742446899414 6
      vertex 11.059016227722168 41.58778381347656 67
      vertex 11.059016227722168 41.58778381347656 6
    endloop
  endfacet
  facet normal 0.661290186636757 0.7501301814071496 0
    outer loop
      vertex 10.93454647064209 41.72896957397461 6
      vertex 10.887423515319824 41.770511627197266 67
      vertex 10.93454647064209 41.72896957397461 67
    endloop
  endfacet
  facet normal 0.661290186636757 0.7501301814071496 0
    outer loop
      vertex 10.887423515319824 41.770511627197266 67
      vertex 10.93454647064209 41.72896957397461 6
      vertex 10.887423515319824 41.770511627197266 6
    endloop
  endfacet
  facet normal 0.09405971831914178 -0.9955665569863844 0
    outer loop
      vertex 10.312789916992188 38.501976013183594 6
      vertex 10.375332832336426 38.50788497924805 67
      vertex 10.312789916992188 38.501976013183594 67
    endloop
  endfacet
  facet normal 0.09405971831914178 -0.9955665569863844 0
    outer loop
      vertex 10.375332832336426 38.50788497924805 67
      vertex 10.312789916992188 38.501976013183594 6
      vertex 10.375332832336426 38.50788497924805 6
    endloop
  endfacet
  facet normal 0.9759173321372937 0.21814069045922427 0
    outer loop
      vertex 11.23228645324707 41.187381744384766 67
      vertex 11.218583106994629 41.248687744140625 6
      vertex 11.218583106994629 41.248687744140625 67
    endloop
  endfacet
  facet normal 0.9759173321372937 0.21814069045922427 0
    outer loop
      vertex 11.218583106994629 41.248687744140625 6
      vertex 11.23228645324707 41.187381744384766 67
      vertex 11.23228645324707 41.187381744384766 6
    endloop
  endfacet
  facet normal 0.5620633457887453 -0.8270941876961543 0
    outer loop
      vertex 10.785826683044434 38.65567398071289 6
      vertex 10.837784767150879 38.690982818603516 67
      vertex 10.785826683044434 38.65567398071289 67
    endloop
  endfacet
  facet normal 0.5620633457887453 -0.8270941876961543 0
    outer loop
      vertex 10.837784767150879 38.690982818603516 67
      vertex 10.785826683044434 38.65567398071289 6
      vertex 10.837784767150879 38.690982818603516 6
    endloop
  endfacet
  facet normal 0.15648172879457747 -0.987680853592627 0
    outer loop
      vertex 10.375332832336426 38.50788497924805 6
      vertex 10.43738079071045 38.51771545410156 67
      vertex 10.375332832336426 38.50788497924805 67
    endloop
  endfacet
  facet normal 0.15648172879457747 -0.987680853592627 0
    outer loop
      vertex 10.43738079071045 38.51771545410156 67
      vertex 10.375332832336426 38.50788497924805 6
      vertex 10.43738079071045 38.51771545410156 6
    endloop
  endfacet
  facet normal 0.6129248855444055 0.7901411802205841 0
    outer loop
      vertex 10.887423515319824 41.770511627197266 6
      vertex 10.837784767150879 41.809017181396484 67
      vertex 10.887423515319824 41.770511627197266 67
    endloop
  endfacet
  facet normal 0.6129248855444055 0.7901411802205841 0
    outer loop
      vertex 10.837784767150879 41.809017181396484 67
      vertex 10.887423515319824 41.770511627197266 6
      vertex 10.837784767150879 41.809017181396484 6
    endloop
  endfacet
  facet normal 0.661290186636757 -0.7501301814071496 0
    outer loop
      vertex 10.887423515319824 38.729488372802734 6
      vertex 10.93454647064209 38.77103042602539 67
      vertex 10.887423515319824 38.729488372802734 67
    endloop
  endfacet
  facet normal 0.661290186636757 -0.7501301814071496 0
    outer loop
      vertex 10.93454647064209 38.77103042602539 67
      vertex 10.887423515319824 38.729488372802734 6
      vertex 10.93454647064209 38.77103042602539 6
    endloop
  endfacet
  facet normal 0.8910194544679184 0.45396512174361286 0
    outer loop
      vertex 11.154826164245605 41.425777435302734 67
      vertex 11.126306533813477 41.481754302978516 6
      vertex 11.126306533813477 41.481754302978516 67
    endloop
  endfacet
  facet normal 0.8910194544679184 0.45396512174361286 0
    outer loop
      vertex 11.126306533813477 41.481754302978516 6
      vertex 11.154826164245605 41.425777435302734 67
      vertex 11.154826164245605 41.425777435302734 6
    endloop
  endfacet
  facet normal 0.27896510392569457 0.9603012396075132 0
    outer loop
      vertex 10.559016227722168 41.95105743408203 6
      vertex 10.498689651489258 41.96858215332031 67
      vertex 10.559016227722168 41.95105743408203 67
    endloop
  endfacet
  facet normal 0.27896510392569457 0.9603012396075132 0
    outer loop
      vertex 10.498689651489258 41.96858215332031 67
      vertex 10.559016227722168 41.95105743408203 6
      vertex 10.498689651489258 41.96858215332031 6
    endloop
  endfacet
  facet normal 0.3387673099593812 -0.9408701874875643 0
    outer loop
      vertex 10.559016227722168 38.54894256591797 6
      vertex 10.618124008178711 38.57022476196289 67
      vertex 10.559016227722168 38.54894256591797 67
    endloop
  endfacet
  facet normal 0.3387673099593812 -0.9408701874875643 0
    outer loop
      vertex 10.618124008178711 38.57022476196289 67
      vertex 10.559016227722168 38.54894256591797 6
      vertex 10.618124008178711 38.57022476196289 6
    endloop
  endfacet
  facet normal 0.9955621568524021 -0.09410627951094909 0
    outer loop
      vertex 11.242114067077637 39.37466812133789 67
      vertex 11.248025894165039 39.43721008300781 6
      vertex 11.248025894165039 39.43721008300781 67
    endloop
  endfacet
  facet normal 0.9955621568524021 -0.09410627951094909 0
    outer loop
      vertex 11.248025894165039 39.43721008300781 6
      vertex 11.242114067077637 39.37466812133789 67
      vertex 11.242114067077637 39.37466812133789 6
    endloop
  endfacet
  facet normal 0.7501151201990178 -0.6613072708271193 0
    outer loop
      vertex 10.978968620300293 38.815452575683594 67
      vertex 11.020512580871582 38.86257553100586 6
      vertex 11.020512580871582 38.86257553100586 67
    endloop
  endfacet
  facet normal 0.7501151201990178 -0.6613072708271193 0
    outer loop
      vertex 11.020512580871582 38.86257553100586 6
      vertex 10.978968620300293 38.815452575683594 67
      vertex 10.978968620300293 38.815452575683594 6
    endloop
  endfacet
  facet normal 0.9876886343067298 -0.15643261060695393 0
    outer loop
      vertex 11.23228645324707 39.312618255615234 67
      vertex 11.242114067077637 39.37466812133789 6
      vertex 11.242114067077637 39.37466812133789 67
    endloop
  endfacet
  facet normal 0.9876886343067298 -0.15643261060695393 0
    outer loop
      vertex 11.242114067077637 39.37466812133789 6
      vertex 11.23228645324707 39.312618255615234 67
      vertex 11.23228645324707 39.312618255615234 6
    endloop
  endfacet
  facet normal 0.3971323599118849 -0.9177613462719038 0
    outer loop
      vertex 10.618124008178711 38.57022476196289 6
      vertex 10.67577838897705 38.59517288208008 67
      vertex 10.618124008178711 38.57022476196289 67
    endloop
  endfacet
  facet normal 0.3971323599118849 -0.9177613462719038 0
    outer loop
      vertex 10.67577838897705 38.59517288208008 67
      vertex 10.618124008178711 38.57022476196289 6
      vertex 10.67577838897705 38.59517288208008 6
    endloop
  endfacet
  facet normal 0.2181165367111973 0.9759227307595171 0
    outer loop
      vertex 10.498689651489258 41.96858215332031 6
      vertex 10.43738079071045 41.98228454589844 67
      vertex 10.498689651489258 41.96858215332031 67
    endloop
  endfacet
  facet normal 0.2181165367111973 0.9759227307595171 0
    outer loop
      vertex 10.43738079071045 41.98228454589844 67
      vertex 10.498689651489258 41.96858215332031 6
      vertex 10.43738079071045 41.98228454589844 6
    endloop
  endfacet
  facet normal 0.9177430959848978 0.3971745331363213 0
    outer loop
      vertex 11.179776191711426 41.368125915527344 67
      vertex 11.154826164245605 41.425777435302734 6
      vertex 11.154826164245605 41.425777435302734 67
    endloop
  endfacet
  facet normal 0.9177430959848978 0.3971745331363213 0
    outer loop
      vertex 11.154826164245605 41.425777435302734 6
      vertex 11.179776191711426 41.368125915527344 67
      vertex 11.179776191711426 41.368125915527344 6
    endloop
  endfacet
  facet normal 0.940881606192559 0.33873559471734044 0
    outer loop
      vertex 11.201056480407715 41.309017181396484 67
      vertex 11.179776191711426 41.368125915527344 6
      vertex 11.179776191711426 41.368125915527344 67
    endloop
  endfacet
  facet normal 0.940881606192559 0.33873559471734044 0
    outer loop
      vertex 11.179776191711426 41.368125915527344 6
      vertex 11.201056480407715 41.309017181396484 67
      vertex 11.201056480407715 41.309017181396484 6
    endloop
  endfacet
  facet normal 0.4540135574414569 -0.8909947753266306 0
    outer loop
      vertex 10.67577838897705 38.59517288208008 6
      vertex 10.7317533493042 38.623695373535156 67
      vertex 10.67577838897705 38.59517288208008 67
    endloop
  endfacet
  facet normal 0.4540135574414569 -0.8909947753266306 0
    outer loop
      vertex 10.7317533493042 38.623695373535156 67
      vertex 10.67577838897705 38.59517288208008 6
      vertex 10.7317533493042 38.623695373535156 6
    endloop
  endfacet
  facet normal 0.7071067811865476 -0.7071067811865476 0
    outer loop
      vertex 10.93454647064209 38.77103042602539 67
      vertex 10.978968620300293 38.815452575683594 6
      vertex 10.978968620300293 38.815452575683594 67
    endloop
  endfacet
  facet normal 0.7071067811865476 -0.7071067811865476 0
    outer loop
      vertex 10.978968620300293 38.815452575683594 6
      vertex 10.93454647064209 38.77103042602539 67
      vertex 10.93454647064209 38.77103042602539 6
    endloop
  endfacet
  facet normal 0 0 1
    outer loop
      vertex 10.25 42 67
      vertex 11.25 41 67
      vertex 11.248025894165039 41.06278991699219 67
    endloop
  endfacet
  facet normal 0 0 1
    outer loop
      vertex 11.25 41 67
      vertex 10.25 42 67
      vertex 11.25 39.5 67
    endloop
  endfacet
  facet normal 0 0 1
    outer loop
      vertex 10.25 42 67
      vertex 11.248025894165039 41.06278991699219 67
      vertex 11.242114067077637 41.12533187866211 67
    endloop
  endfacet
  facet normal 0 0 1
    outer loop
      vertex 10.25 38.5 67
      vertex 11.25 39.5 67
      vertex 10.25 42 67
    endloop
  endfacet
  facet normal 0 0 1
    outer loop
      vertex 10.25 42 67
      vertex 11.242114067077637 41.12533187866211 67
      vertex 11.23228645324707 41.187381744384766 67
    endloop
  endfacet
  facet normal 0 0 1
    outer loop
      vertex 11.25 39.5 67
      vertex 10.25 38.5 67
      vertex 11.248025894165039 39.43721008300781 67
    endloop
  endfacet
  facet normal 0 0 1
    outer loop
      vertex 10.25 42 67
      vertex 11.23228645324707 41.187381744384766 67
      vertex 11.218583106994629 41.248687744140625 67
    endloop
  endfacet
  facet normal 0 0 1
    outer loop
      vertex 11.248025894165039 39.43721008300781 67
      vertex 10.25 38.5 67
      vertex 11.242114067077637 39.37466812133789 67
    endloop
  endfacet
  facet normal 0 0 1
    outer loop
      vertex 10.25 42 67
      vertex 11.218583106994629 41.248687744140625 67
      vertex 11.201056480407715 41.309017181396484 67
    endloop
  endfacet
  facet normal 0 0 1
    outer loop
      vertex 11.242114067077637 39.37466812133789 67
      vertex 10.25 38.5 67
      vertex 11.23228645324707 39.312618255615234 67
    endloop
  endfacet
  facet normal 0 0 1
    outer loop
      vertex 10.25 42 67
      vertex 11.201056480407715 41.309017181396484 67
      vertex 11.179776191711426 41.368125915527344 67
    endloop
  endfacet
  facet normal 0 0 1
    outer loop
      vertex 11.23228645324707 39.312618255615234 67
      vertex 10.25 38.5 67
      vertex 11.218583106994629 39.251312255859375 67
    endloop
  endfacet
  facet normal 0 0 1
    outer loop
      vertex 10.25 42 67
      vertex 11.179776191711426 41.368125915527344 67
      vertex 11.154826164245605 41.425777435302734 67
    endloop
  endfacet
  facet normal 0 0 1
    outer loop
      vertex 11.218583106994629 39.251312255859375 67
      vertex 10.25 38.5 67
      vertex 11.201056480407715 39.190982818603516 67
    endloop
  endfacet
  facet normal 0 0 1
    outer loop
      vertex 10.25 42 67
      vertex 11.154826164245605 41.425777435302734 67
      vertex 11.126306533813477 41.481754302978516 67
    endloop
  endfacet
  facet normal 0 0 1
    outer loop
      vertex 11.201056480407715 39.190982818603516 67
      vertex 10.25 38.5 67
      vertex 11.179776191711426 39.131874084472656 67
    endloop
  endfacet
  facet normal 0 0 1
    outer loop
      vertex 10.25 42 67
      vertex 11.126306533813477 41.481754302978516 67
      vertex 11.094326972961426 41.53582763671875 67
    endloop
  endfacet
  facet normal 0 0 1
    outer loop
      vertex 11.179776191711426 39.131874084472656 67
      vertex 10.25 38.5 67
      vertex 11.154826164245605 39.074222564697266 67
    endloop
  endfacet
  facet normal 0 0 1
    outer loop
      vertex 10.25 42 67
      vertex 11.094326972961426 41.53582763671875 67
      vertex 11.059016227722168 41.58778381347656 67
    endloop
  endfacet
  facet normal 0 0 1
    outer loop
      vertex 11.154826164245605 39.074222564697266 67
      vertex 10.25 38.5 67
      vertex 11.126306533813477 39.018245697021484 67
    endloop
  endfacet
  facet normal 0 0 1
    outer loop
      vertex 10.25 42 67
      vertex 11.059016227722168 41.58778381347656 67
      vertex 11.020512580871582 41.63742446899414 67
    endloop
  endfacet
  facet normal 0 0 1
    outer loop
      vertex 11.126306533813477 39.018245697021484 67
      vertex 10.25 38.5 67
      vertex 11.094326972961426 38.96417236328125 67
    endloop
  endfacet
  facet normal 0 0 1
    outer loop
      vertex 10.25 42 67
      vertex 11.020512580871582 41.63742446899414 67
      vertex 10.978968620300293 41.684547424316406 67
    endloop
  endfacet
  facet normal 0 0 1
    outer loop
      vertex 11.094326972961426 38.96417236328125 67
      vertex 10.25 38.5 67
      vertex 11.059016227722168 38.91221618652344 67
    endloop
  endfacet
  facet normal 0 0 1
    outer loop
      vertex 10.25 42 67
      vertex 10.978968620300293 41.684547424316406 67
      vertex 10.93454647064209 41.72896957397461 67
    endloop
  endfacet
  facet normal 0 0 1
    outer loop
      vertex 11.059016227722168 38.91221618652344 67
      vertex 10.25 38.5 67
      vertex 11.020512580871582 38.86257553100586 67
    endloop
  endfacet
  facet normal 0 0 1
    outer loop
      vertex 10.25 42 67
      vertex 10.93454647064209 41.72896957397461 67
      vertex 10.887423515319824 41.770511627197266 67
    endloop
  endfacet
  facet normal 0 0 1
    outer loop
      vertex 11.020512580871582 38.86257553100586 67
      vertex 10.25 38.5 67
      vertex 10.978968620300293 38.815452575683594 67
    endloop
  endfacet
  facet normal 0 0 1
    outer loop
      vertex 10.25 42 67
      vertex 10.887423515319824 41.770511627197266 67
      vertex 10.837784767150879 41.809017181396484 67
    endloop
  endfacet
  facet normal 0 0 1
    outer loop
      vertex 10.978968620300293 38.815452575683594 67
      vertex 10.25 38.5 67
      vertex 10.93454647064209 38.77103042602539 67
    endloop
  endfacet
  facet normal 0 0 1
    outer loop
      vertex 10.25 42 67
      vertex 10.837784767150879 41.809017181396484 67
      vertex 10.785826683044434 41.84432601928711 67
    endloop
  endfacet
  facet normal 0 0 1
    outer loop
      vertex 10.93454647064209 38.77103042602539 67
      vertex 10.25 38.5 67
      vertex 10.887423515319824 38.729488372802734 67
    endloop
  endfacet
  facet normal 0 0 1
    outer loop
      vertex 10.25 42 67
      vertex 10.785826683044434 41.84432601928711 67
      vertex 10.7317533493042 41.876304626464844 67
    endloop
  endfacet
  facet normal 0 0 1
    outer loop
      vertex 10.887423515319824 38.729488372802734 67
      vertex 10.25 38.5 67
      vertex 10.837784767150879 38.690982818603516 67
    endloop
  endfacet
  facet normal 0 0 1
    outer loop
      vertex 10.25 42 67
      vertex 10.7317533493042 41.876304626464844 67
      vertex 10.67577838897705 41.90482711791992 67
    endloop
  endfacet
  facet normal 0 0 1
    outer loop
      vertex 10.837784767150879 38.690982818603516 67
      vertex 10.25 38.5 67
      vertex 10.785826683044434 38.65567398071289 67
    endloop
  endfacet
  facet normal 0 0 1
    outer loop
      vertex 10.25 42 67
      vertex 10.67577838897705 41.90482711791992 67
      vertex 10.618124008178711 41.92977523803711 67
    endloop
  endfacet
  facet normal 0 0 1
    outer loop
      vertex 10.785826683044434 38.65567398071289 67
      vertex 10.25 38.5 67
      vertex 10.7317533493042 38.623695373535156 67
    endloop
  endfacet
  facet normal 0 0 1
    outer loop
      vertex 10.25 42 67
      vertex 10.618124008178711 41.92977523803711 67
      vertex 10.559016227722168 41.95105743408203 67
    endloop
  endfacet
  facet normal 0 0 1
    outer loop
      vertex 10.7317533493042 38.623695373535156 67
      vertex 10.25 38.5 67
      vertex 10.67577838897705 38.59517288208008 67
    endloop
  endfacet
  facet normal 0 0 1
    outer loop
      vertex 10.25 42 67
      vertex 10.559016227722168 41.95105743408203 67
      vertex 10.498689651489258 41.96858215332031 67
    endloop
  endfacet
  facet normal 0 0 1
    outer loop
      vertex 10.67577838897705 38.59517288208008 67
      vertex 10.25 38.5 67
      vertex 10.618124008178711 38.57022476196289 67
    endloop
  endfacet
  facet normal 0 0 1
    outer loop
      vertex 10.25 42 67
      vertex 10.498689651489258 41.96858215332031 67
      vertex 10.43738079071045 41.98228454589844 67
    endloop
  endfacet
  facet normal 0 0 1
    outer loop
      vertex 10.618124008178711 38.57022476196289 67
      vertex 10.25 38.5 67
      vertex 10.559016227722168 38.54894256591797 67
    endloop
  endfacet
  facet normal 0 0 1
    outer loop
      vertex 10.25 42 67
      vertex 10.43738079071045 41.98228454589844 67
      vertex 10.375332832336426 41.99211502075195 67
    endloop
  endfacet
  facet normal 0 0 1
    outer loop
      vertex 10.559016227722168 38.54894256591797 67
      vertex 10.25 38.5 67
      vertex 10.498689651489258 38.53141784667969 67
    endloop
  endfacet
  facet normal 0 0 1
    outer loop
      vertex 10.25 42 67
      vertex 10.375332832336426 41.99211502075195 67
      vertex 10.312789916992188 41.998023986816406 67
    endloop
  endfacet
  facet normal 0 0 1
    outer loop
      vertex 10.498689651489258 38.53141784667969 67
      vertex 10.25 38.5 67
      vertex 10.43738079071045 38.51771545410156 67
    endloop
  endfacet
  facet normal 0 0 1
    outer loop
      vertex 10.43738079071045 38.51771545410156 67
      vertex 10.25 38.5 67
      vertex 10.375332832336426 38.50788497924805 67
    endloop
  endfacet
  facet normal 0 0 1
    outer loop
      vertex 10.375332832336426 38.50788497924805 67
      vertex 10.25 38.5 67
      vertex 10.312789916992188 38.501976013183594 67
    endloop
  endfacet
  facet normal 0 0 1
    outer loop
      vertex 10.25 42 67
      vertex 2.5 38.5 67
      vertex 10.25 38.5 67
    endloop
  endfacet
  facet normal 0 0 1
    outer loop
      vertex -1 30.75 67
      vertex 2.5 30.75 67
      vertex 2.5 38.5 67
    endloop
  endfacet
  facet normal 0 0 1
    outer loop
      vertex 1.5 29.75 67
      vertex 2.5 30.75 67
      vertex -1 30.75 67
    endloop
  endfacet
  facet normal 0 0 1
    outer loop
      vertex 2.5 30.75 67
      vertex 1.5 29.75 67
      vertex 2.498025894165039 30.687210083007812 67
    endloop
  endfacet
  facet normal 0 0 1
    outer loop
      vertex 2.498025894165039 30.687210083007812 67
      vertex 1.5 29.75 67
      vertex 2.4921140670776367 30.62466812133789 67
    endloop
  endfacet
  facet normal 0 0 1
    outer loop
      vertex 2.4921140670776367 30.62466812133789 67
      vertex 1.5 29.75 67
      vertex 2.4822864532470703 30.562618255615234 67
    endloop
  endfacet
  facet normal 0 0 1
    outer loop
      vertex 2.4822864532470703 30.562618255615234 67
      vertex 1.5 29.75 67
      vertex 2.468583106994629 30.501310348510742 67
    endloop
  endfacet
  facet normal 0 0 1
    outer loop
      vertex 2.468583106994629 30.501310348510742 67
      vertex 1.5 29.75 67
      vertex 2.451056480407715 30.440982818603516 67
    endloop
  endfacet
  facet normal 0 0 1
    outer loop
      vertex 2.451056480407715 30.440982818603516 67
      vertex 1.5 29.75 67
      vertex 2.429776191711426 30.38187599182129 67
    endloop
  endfacet
  facet normal 0 0 1
    outer loop
      vertex 2.429776191711426 30.38187599182129 67
      vertex 1.5 29.75 67
      vertex 2.4048261642456055 30.324222564697266 67
    endloop
  endfacet
  facet normal 0 0 1
    outer loop
      vertex 2.4048261642456055 30.324222564697266 67
      vertex 1.5 29.75 67
      vertex 2.3763065338134766 30.268245697021484 67
    endloop
  endfacet
  facet normal 0 0 1
    outer loop
      vertex 2.3763065338134766 30.268245697021484 67
      vertex 1.5 29.75 67
      vertex 2.344326972961426 30.21417236328125 67
    endloop
  endfacet
  facet normal 0 0 1
    outer loop
      vertex 2.344326972961426 30.21417236328125 67
      vertex 1.5 29.75 67
      vertex 2.309016227722168 30.162216186523438 67
    endloop
  endfacet
  facet normal 0 0 1
    outer loop
      vertex 2.309016227722168 30.162216186523438 67
      vertex 1.5 29.75 67
      vertex 2.270512580871582 30.11257553100586 67
    endloop
  endfacet
  facet normal 0 0 1
    outer loop
      vertex 2.270512580871582 30.11257553100586 67
      vertex 1.5 29.75 67
      vertex 2.228968620300293 30.065452575683594 67
    endloop
  endfacet
  facet normal 0 0 1
    outer loop
      vertex 2.228968620300293 30.065452575683594 67
      vertex 1.5 29.75 67
      vertex 2.18454647064209 30.02103042602539 67
    endloop
  endfacet
  facet normal 0 0 1
    outer loop
      vertex 2.18454647064209 30.02103042602539 67
      vertex 1.5 29.75 67
      vertex 2.137423515319824 29.979488372802734 67
    endloop
  endfacet
  facet normal 0 0 1
    outer loop
      vertex 2.137423515319824 29.979488372802734 67
      vertex 1.5 29.75 67
      vertex 2.087784767150879 29.940982818603516 67
    endloop
  endfacet
  facet normal 0 0 1
    outer loop
      vertex 2.087784767150879 29.940982818603516 67
      vertex 1.5 29.75 67
      vertex 2.0358266830444336 29.90567398071289 67
    endloop
  endfacet
  facet normal 0 0 1
    outer loop
      vertex 2.0358266830444336 29.90567398071289 67
      vertex 1.5 29.75 67
      vertex 1.9817533493041992 29.873693466186523 67
    endloop
  endfacet
  facet normal 0 0 1
    outer loop
      vertex 1.9817533493041992 29.873693466186523 67
      vertex 1.5 29.75 67
      vertex 1.9257783889770508 29.845172882080078 67
    endloop
  endfacet
  facet normal 0 0 1
    outer loop
      vertex 1.9257783889770508 29.845172882080078 67
      vertex 1.5 29.75 67
      vertex 1.868124008178711 29.82022476196289 67
    endloop
  endfacet
  facet normal 0 0 1
    outer loop
      vertex 1.868124008178711 29.82022476196289 67
      vertex 1.5 29.75 67
      vertex 1.809016227722168 29.79894256591797 67
    endloop
  endfacet
  facet normal 0 0 1
    outer loop
      vertex 1.809016227722168 29.79894256591797 67
      vertex 1.5 29.75 67
      vertex 1.7486896514892578 29.781417846679688 67
    endloop
  endfacet
  facet normal 0 0 1
    outer loop
      vertex 1.7486896514892578 29.781417846679688 67
      vertex 1.5 29.75 67
      vertex 1.6873807907104492 29.76771354675293 67
    endloop
  endfacet
  facet normal 0 0 1
    outer loop
      vertex 1.6873807907104492 29.76771354675293 67
      vertex 1.5 29.75 67
      vertex 1.6253328323364258 29.757884979248047 67
    endloop
  endfacet
  facet normal 0 0 1
    outer loop
      vertex 0 42 67
      vertex 2.5 38.5 67
      vertex 10.25 42 67
    endloop
  endfacet
  facet normal 0 0 1
    outer loop
      vertex -1 41 67
      vertex 2.5 38.5 67
      vertex 0 42 67
    endloop
  endfacet
  facet normal 0 0 1
    outer loop
      vertex -1 30.75 67
      vertex 2.5 38.5 67
      vertex -1 41 67
    endloop
  endfacet
  facet normal 0 0 1
    outer loop
      vertex -1 41 67
      vertex 0 42 67
      vertex -0.0627899169921875 41.998023986816406 67
    endloop
  endfacet
  facet normal 0 0 1
    outer loop
      vertex 1.6253328323364258 29.757884979248047 67
      vertex 1.5 29.75 67
      vertex 1.5627899169921875 29.75197410583496 67
    endloop
  endfacet
  facet normal 0 0 1
    outer loop
      vertex -1 41 67
      vertex -0.0627899169921875 41.998023986816406 67
      vertex -0.12533283233642578 41.99211502075195 67
    endloop
  endfacet
  facet normal 0 0 1
    outer loop
      vertex 1.5 29.75 67
      vertex -1 30.75 67
      vertex 0 29.75 67
    endloop
  endfacet
  facet normal 0 0 1
    outer loop
      vertex -1 41 67
      vertex -0.12533283233642578 41.99211502075195 67
      vertex -0.18738079071044922 41.98228454589844 67
    endloop
  endfacet
  facet normal 0 0 1
    outer loop
      vertex 0 29.75 67
      vertex -1 30.75 67
      vertex -0.0627899169921875 29.75197410583496 67
    endloop
  endfacet
  facet normal 0 0 1
    outer loop
      vertex -1 41 67
      vertex -0.18738079071044922 41.98228454589844 67
      vertex -0.2486896514892578 41.96858215332031 67
    endloop
  endfacet
  facet normal 0 0 1
    outer loop
      vertex -0.0627899169921875 29.75197410583496 67
      vertex -1 30.75 67
      vertex -0.12533283233642578 29.757884979248047 67
    endloop
  endfacet
  facet normal 0 0 1
    outer loop
      vertex -1 41 67
      vertex -0.2486896514892578 41.96858215332031 67
      vertex -0.30901622772216797 41.95105743408203 67
    endloop
  endfacet
  facet normal 0 0 1
    outer loop
      vertex -0.12533283233642578 29.757884979248047 67
      vertex -1 30.75 67
      vertex -0.18738079071044922 29.76771354675293 67
    endloop
  endfacet
  facet normal 0 0 1
    outer loop
      vertex -1 41 67
      vertex -0.30901622772216797 41.95105743408203 67
      vertex -0.36812400817871094 41.92977523803711 67
    endloop
  endfacet
  facet normal 0 0 1
    outer loop
      vertex -0.18738079071044922 29.76771354675293 67
      vertex -1 30.75 67
      vertex -0.2486896514892578 29.781417846679688 67
    endloop
  endfacet
  facet normal 0 0 1
    outer loop
      vertex -1 41 67
      vertex -0.36812400817871094 41.92977523803711 67
      vertex -0.4257783889770508 41.90482711791992 67
    endloop
  endfacet
  facet normal 0 0 1
    outer loop
      vertex -0.2486896514892578 29.781417846679688 67
      vertex -1 30.75 67
      vertex -0.30901622772216797 29.79894256591797 67
    endloop
  endfacet
  facet normal 0 0 1
    outer loop
      vertex -1 41 67
      vertex -0.4257783889770508 41.90482711791992 67
      vertex -0.4817533493041992 41.876304626464844 67
    endloop
  endfacet
  facet normal 0 0 1
    outer loop
      vertex -0.30901622772216797 29.79894256591797 67
      vertex -1 30.75 67
      vertex -0.36812400817871094 29.82022476196289 67
    endloop
  endfacet
  facet normal 0 0 1
    outer loop
      vertex -1 41 67
      vertex -0.4817533493041992 41.876304626464844 67
      vertex -0.5358266830444336 41.84432601928711 67
    endloop
  endfacet
  facet normal 0 0 1
    outer loop
      vertex -0.36812400817871094 29.82022476196289 67
      vertex -1 30.75 67
      vertex -0.4257783889770508 29.845172882080078 67
    endloop
  endfacet
  facet normal 0 0 1
    outer loop
      vertex -1 41 67
      vertex -0.5358266830444336 41.84432601928711 67
      vertex -0.5877847671508789 41.809017181396484 67
    endloop
  endfacet
  facet normal 0 0 1
    outer loop
      vertex -0.4257783889770508 29.845172882080078 67
      vertex -1 30.75 67
      vertex -0.4817533493041992 29.873693466186523 67
    endloop
  endfacet
  facet normal 0 0 1
    outer loop
      vertex -1 41 67
      vertex -0.5877847671508789 41.809017181396484 67
      vertex -0.6374235153198242 41.770511627197266 67
    endloop
  endfacet
  facet normal 0 0 1
    outer loop
      vertex -0.4817533493041992 29.873693466186523 67
      vertex -1 30.75 67
      vertex -0.5358266830444336 29.90567398071289 67
    endloop
  endfacet
  facet normal 0 0 1
    outer loop
      vertex -1 41 67
      vertex -0.6374235153198242 41.770511627197266 67
      vertex -0.6845464706420898 41.72896957397461 67
    endloop
  endfacet
  facet normal 0 0 1
    outer loop
      vertex -0.5358266830444336 29.90567398071289 67
      vertex -1 30.75 67
      vertex -0.5877847671508789 29.940982818603516 67
    endloop
  endfacet
  facet normal 0 0 1
    outer loop
      vertex -1 41 67
      vertex -0.6845464706420898 41.72896957397461 67
      vertex -0.728968620300293 41.684547424316406 67
    endloop
  endfacet
  facet normal 0 0 1
    outer loop
      vertex -0.5877847671508789 29.940982818603516 67
      vertex -1 30.75 67
      vertex -0.6374235153198242 29.979488372802734 67
    endloop
  endfacet
  facet normal 0 0 1
    outer loop
      vertex -1 41 67
      vertex -0.728968620300293 41.684547424316406 67
      vertex -0.770512580871582 41.63742446899414 67
    endloop
  endfacet
  facet normal 0 0 1
    outer loop
      vertex -0.6374235153198242 29.979488372802734 67
      vertex -1 30.75 67
      vertex -0.6845464706420898 30.02103042602539 67
    endloop
  endfacet
  facet normal 0 0 1
    outer loop
      vertex -1 41 67
      vertex -0.770512580871582 41.63742446899414 67
      vertex -0.809016227722168 41.58778381347656 67
    endloop
  endfacet
  facet normal 0 0 1
    outer loop
      vertex -0.6845464706420898 30.02103042602539 67
      vertex -1 30.75 67
      vertex -0.728968620300293 30.065452575683594 67
    endloop
  endfacet
  facet normal 0 0 1
    outer loop
      vertex -1 41 67
      vertex -0.809016227722168 41.58778381347656 67
      vertex -0.8443269729614258 41.53582763671875 67
    endloop
  endfacet
  facet normal 0 0 1
    outer loop
      vertex -0.728968620300293 30.065452575683594 67
      vertex -1 30.75 67
      vertex -0.770512580871582 30.11257553100586 67
    endloop
  endfacet
  facet normal 0 0 1
    outer loop
      vertex -1 41 67
      vertex -0.8443269729614258 41.53582763671875 67
      vertex -0.8763065338134766 41.481754302978516 67
    endloop
  endfacet
  facet normal 0 0 1
    outer loop
      vertex -0.770512580871582 30.11257553100586 67
      vertex -1 30.75 67
      vertex -0.809016227722168 30.162216186523438 67
    endloop
  endfacet
  facet normal 0 0 1
    outer loop
      vertex -1 41 67
      vertex -0.8763065338134766 41.481754302978516 67
      vertex -0.9048261642456055 41.425777435302734 67
    endloop
  endfacet
  facet normal 0 0 1
    outer loop
      vertex -0.809016227722168 30.162216186523438 67
      vertex -1 30.75 67
      vertex -0.8443269729614258 30.21417236328125 67
    endloop
  endfacet
  facet normal 0 0 1
    outer loop
      vertex -1 41 67
      vertex -0.9048261642456055 41.425777435302734 67
      vertex -0.9297761917114258 41.368125915527344 67
    endloop
  endfacet
  facet normal 0 0 1
    outer loop
      vertex -0.8443269729614258 30.21417236328125 67
      vertex -1 30.75 67
      vertex -0.8763065338134766 30.268245697021484 67
    endloop
  endfacet
  facet normal 0 0 1
    outer loop
      vertex -1 41 67
      vertex -0.9297761917114258 41.368125915527344 67
      vertex -0.9510564804077148 41.309017181396484 67
    endloop
  endfacet
  facet normal 0 0 1
    outer loop
      vertex -0.8763065338134766 30.268245697021484 67
      vertex -1 30.75 67
      vertex -0.9048261642456055 30.324222564697266 67
    endloop
  endfacet
  facet normal 0 0 1
    outer loop
      vertex -1 41 67
      vertex -0.9510564804077148 41.309017181396484 67
      vertex -0.9685831069946289 41.248687744140625 67
    endloop
  endfacet
  facet normal 0 0 1
    outer loop
      vertex -0.9048261642456055 30.324222564697266 67
      vertex -1 30.75 67
      vertex -0.9297761917114258 30.38187599182129 67
    endloop
  endfacet
  facet normal 0 0 1
    outer loop
      vertex -1 41 67
      vertex -0.9685831069946289 41.248687744140625 67
      vertex -0.9822864532470703 41.187381744384766 67
    endloop
  endfacet
  facet normal 0 0 1
    outer loop
      vertex -0.9297761917114258 30.38187599182129 67
      vertex -1 30.75 67
      vertex -0.9510564804077148 30.440982818603516 67
    endloop
  endfacet
  facet normal 0 0 1
    outer loop
      vertex -1 41 67
      vertex -0.9822864532470703 41.187381744384766 67
      vertex -0.9921140670776367 41.12533187866211 67
    endloop
  endfacet
  facet normal 0 0 1
    outer loop
      vertex -0.9510564804077148 30.440982818603516 67
      vertex -1 30.75 67
      vertex -0.9685831069946289 30.501310348510742 67
    endloop
  endfacet
  facet normal 0 0 1
    outer loop
      vertex -1 41 67
      vertex -0.9921140670776367 41.12533187866211 67
      vertex -0.9980258941650391 41.06278991699219 67
    endloop
  endfacet
  facet normal 0 0 1
    outer loop
      vertex -0.9685831069946289 30.501310348510742 67
      vertex -1 30.75 67
      vertex -0.9822864532470703 30.562618255615234 67
    endloop
  endfacet
  facet normal 0 0 1
    outer loop
      vertex -0.9822864532470703 30.562618255615234 67
      vertex -1 30.75 67
      vertex -0.9921140670776367 30.62466812133789 67
    endloop
  endfacet
  facet normal 0 0 1
    outer loop
      vertex -0.9921140670776367 30.62466812133789 67
      vertex -1 30.75 67
      vertex -0.9980258941650391 30.687210083007812 67
    endloop
  endfacet
  facet normal 0.7071067811865476 0.7071067811865476 0
    outer loop
      vertex 10.978968620300293 41.684547424316406 67
      vertex 10.93454647064209 41.72896957397461 6
      vertex 10.93454647064209 41.72896957397461 67
    endloop
  endfacet
  facet normal 0.7071067811865476 0.7071067811865476 0
    outer loop
      vertex 10.93454647064209 41.72896957397461 6
      vertex 10.978968620300293 41.684547424316406 67
      vertex 10.978968620300293 41.684547424316406 6
    endloop
  endfacet
  facet normal 0.8607372813478725 -0.5090494401311854 0
    outer loop
      vertex 11.094326972961426 38.96417236328125 67
      vertex 11.126306533813477 39.018245697021484 6
      vertex 11.126306533813477 39.018245697021484 67
    endloop
  endfacet
  facet normal 0.8607372813478725 -0.5090494401311854 0
    outer loop
      vertex 11.126306533813477 39.018245697021484 6
      vertex 11.094326972961426 38.96417236328125 67
      vertex 11.094326972961426 38.96417236328125 6
    endloop
  endfacet
  facet normal 0.8270704802017288 0.5620982305423864 0
    outer loop
      vertex 11.094326972961426 41.53582763671875 67
      vertex 11.059016227722168 41.58778381347656 6
      vertex 11.059016227722168 41.58778381347656 67
    endloop
  endfacet
  facet normal 0.8270704802017288 0.5620982305423864 0
    outer loop
      vertex 11.059016227722168 41.58778381347656 6
      vertex 11.094326972961426 41.53582763671875 67
      vertex 11.094326972961426 41.53582763671875 6
    endloop
  endfacet
  facet normal 0.3971323599118849 0.9177613462719038 0
    outer loop
      vertex 10.67577838897705 41.90482711791992 6
      vertex 10.618124008178711 41.92977523803711 67
      vertex 10.67577838897705 41.90482711791992 67
    endloop
  endfacet
  facet normal 0.3971323599118849 0.9177613462719038 0
    outer loop
      vertex 10.618124008178711 41.92977523803711 67
      vertex 10.67577838897705 41.90482711791992 6
      vertex 10.618124008178711 41.92977523803711 6
    endloop
  endfacet
  facet normal 0.9177430959848978 -0.3971745331363213 0
    outer loop
      vertex 11.154826164245605 39.074222564697266 67
      vertex 11.179776191711426 39.131874084472656 6
      vertex 11.179776191711426 39.131874084472656 67
    endloop
  endfacet
  facet normal 0.9177430959848978 -0.3971745331363213 0
    outer loop
      vertex 11.179776191711426 39.131874084472656 6
      vertex 11.154826164245605 39.074222564697266 67
      vertex 11.154826164245605 39.074222564697266 6
    endloop
  endfacet
  facet normal 0.8910194544679184 -0.45396512174361286 0
    outer loop
      vertex 11.126306533813477 39.018245697021484 67
      vertex 11.154826164245605 39.074222564697266 6
      vertex 11.154826164245605 39.074222564697266 67
    endloop
  endfacet
  facet normal 0.8910194544679184 -0.45396512174361286 0
    outer loop
      vertex 11.154826164245605 39.074222564697266 6
      vertex 11.126306533813477 39.018245697021484 67
      vertex 11.126306533813477 39.018245697021484 6
    endloop
  endfacet
  facet normal 0.9876878913159685 -0.15643730165090305 0
    outer loop
      vertex 11.23228645324707 -0.18738079071044922 67
      vertex 11.242114067077637 -0.12533283233642578 6
      vertex 11.242114067077637 -0.12533283233642578 67
    endloop
  endfacet
  facet normal 0.9876878913159685 -0.15643730165090305 0
    outer loop
      vertex 11.242114067077637 -0.12533283233642578 6
      vertex 11.23228645324707 -0.18738079071044922 67
      vertex 11.23228645324707 -0.18738079071044922 6
    endloop
  endfacet
  facet normal 0.5620841155135996 0.8270800729598643 0
    outer loop
      vertex 10.837784767150879 2.309016227722168 6
      vertex 10.785826683044434 2.344326972961426 67
      vertex 10.837784767150879 2.309016227722168 67
    endloop
  endfacet
  facet normal 0.5620841155135996 0.8270800729598643 0
    outer loop
      vertex 10.785826683044434 2.344326972961426 67
      vertex 10.837784767150879 2.309016227722168 6
      vertex 10.785826683044434 2.344326972961426 6
    endloop
  endfacet
  facet normal -0.6613072708271193 -0.7501151201990178 0
    outer loop
      vertex -0.6845464706420898 -0.728968620300293 0
      vertex -0.6374235153198242 -0.770512580871582 67
      vertex -0.6845464706420898 -0.728968620300293 67
    endloop
  endfacet
  facet normal -0.6613072708271193 -0.7501151201990178 0
    outer loop
      vertex -0.6374235153198242 -0.770512580871582 67
      vertex -0.6845464706420898 -0.728968620300293 0
      vertex -0.6374235153198242 -0.770512580871582 0
    endloop
  endfacet
  facet normal 0.8607372813478725 -0.5090494401311854 0
    outer loop
      vertex 11.094326972961426 -0.5358266830444336 67
      vertex 11.126306533813477 -0.4817533493041992 6
      vertex 11.126306533813477 -0.4817533493041992 67
    endloop
  endfacet
  facet normal 0.8607372813478725 -0.5090494401311854 0
    outer loop
      vertex 11.126306533813477 -0.4817533493041992 6
      vertex 11.094326972961426 -0.5358266830444336 67
      vertex 11.094326972961426 -0.5358266830444336 6
    endloop
  endfacet
  facet normal 0.61290593003436 0.7901558839423499 0
    outer loop
      vertex 10.887423515319824 2.270512580871582 6
      vertex 10.837784767150879 2.309016227722168 67
      vertex 10.887423515319824 2.270512580871582 67
    endloop
  endfacet
  facet normal 0.61290593003436 0.7901558839423499 0
    outer loop
      vertex 10.837784767150879 2.309016227722168 67
      vertex 10.887423515319824 2.270512580871582 6
      vertex 10.837784767150879 2.309016227722168 6
    endloop
  endfacet
  facet normal 0 -1 0
    outer loop
      vertex 0 -1 67
      vertex 10.25 -1 6
      vertex 10.25 -1 67
    endloop
  endfacet
  facet normal 0 -1 0
    outer loop
      vertex 10.25 -1 6
      vertex 0 -1 0
      vertex 30.75 -1 6
    endloop
  endfacet
  facet normal 0 -1 0
    outer loop
      vertex 0 -1 0
      vertex 10.25 -1 6
      vertex 0 -1 67
    endloop
  endfacet
  facet normal 0 -1 0
    outer loop
      vertex 30.75 -1 6
      vertex 41 -1 67
      vertex 30.75 -1 67
    endloop
  endfacet
  facet normal 0 -1 0
    outer loop
      vertex 30.75 -1 6
      vertex 41 -1 0
      vertex 41 -1 67
    endloop
  endfacet
  facet normal 0 -1 0
    outer loop
      vertex 41 -1 0
      vertex 30.75 -1 6
      vertex 0 -1 0
    endloop
  endfacet
  facet normal 0.9177502800004915 -0.3971579327660716 0
    outer loop
      vertex 11.154826164245605 -0.4257783889770508 67
      vertex 11.179776191711426 -0.36812400817871094 6
      vertex 11.179776191711426 -0.36812400817871094 67
    endloop
  endfacet
  facet normal 0.9177502800004915 -0.3971579327660716 0
    outer loop
      vertex 11.179776191711426 -0.36812400817871094 6
      vertex 11.154826164245605 -0.4257783889770508 67
      vertex 11.154826164245605 -0.4257783889770508 6
    endloop
  endfacet
  facet normal -0.09410485725611979 -0.9955622912911102 0
    outer loop
      vertex -0.12533283233642578 -0.9921140670776367 0
      vertex -0.0627899169921875 -0.9980258941650391 67
      vertex -0.12533283233642578 -0.9921140670776367 67
    endloop
  endfacet
  facet normal -0.09410485725611979 -0.9955622912911102 0
    outer loop
      vertex -0.0627899169921875 -0.9980258941650391 67
      vertex -0.12533283233642578 -0.9921140670776367 0
      vertex -0.0627899169921875 -0.9980258941650391 0
    endloop
  endfacet
  facet normal 0 1 0
    outer loop
      vertex 10.25 2.5 6
      vertex 2.5 2.5 67
      vertex 10.25 2.5 67
    endloop
  endfacet
  facet normal 0 1 0
    outer loop
      vertex 2.5 2.5 67
      vertex 10.25 2.5 6
      vertex 2.5 2.5 6
    endloop
  endfacet
  facet normal 0.21813099513611012 -0.9759194992215958 0
    outer loop
      vertex 10.43738079071045 -0.9822864532470703 6
      vertex 10.498689651489258 -0.9685831069946289 67
      vertex 10.43738079071045 -0.9822864532470703 67
    endloop
  endfacet
  facet normal 0.21813099513611012 -0.9759194992215958 0
    outer loop
      vertex 10.498689651489258 -0.9685831069946289 67
      vertex 10.43738079071045 -0.9822864532470703 6
      vertex 10.498689651489258 -0.9685831069946289 6
    endloop
  endfacet
  facet normal 0.5620841155135996 -0.8270800729598643 0
    outer loop
      vertex 10.785826683044434 -0.8443269729614258 6
      vertex 10.837784767150879 -0.809016227722168 67
      vertex 10.785826683044434 -0.8443269729614258 67
    endloop
  endfacet
  facet normal 0.5620841155135996 -0.8270800729598643 0
    outer loop
      vertex 10.837784767150879 -0.809016227722168 67
      vertex 10.785826683044434 -0.8443269729614258 6
      vertex 10.837784767150879 -0.809016227722168 6
    endloop
  endfacet
  facet normal 0.7501151201990178 0.6613072708271193 0
    outer loop
      vertex 11.020512580871582 2.137423515319824 67
      vertex 10.978968620300293 2.18454647064209 6
      vertex 10.978968620300293 2.18454647064209 67
    endloop
  endfacet
  facet normal 0.7501151201990178 0.6613072708271193 0
    outer loop
      vertex 10.978968620300293 2.18454647064209 6
      vertex 11.020512580871582 2.137423515319824 67
      vertex 11.020512580871582 2.137423515319824 6
    endloop
  endfacet
  facet normal 0.2789931026571348 -0.9602931056035681 0
    outer loop
      vertex 10.498689651489258 -0.9685831069946289 6
      vertex 10.559016227722168 -0.9510564804077148 67
      vertex 10.498689651489258 -0.9685831069946289 67
    endloop
  endfacet
  facet normal 0.2789931026571348 -0.9602931056035681 0
    outer loop
      vertex 10.559016227722168 -0.9510564804077148 67
      vertex 10.498689651489258 -0.9685831069946289 6
      vertex 10.559016227722168 -0.9510564804077148 6
    endloop
  endfacet
  facet normal -0.2789931026571348 -0.9602931056035681 0
    outer loop
      vertex -0.30901622772216797 -0.9510564804077148 0
      vertex -0.2486896514892578 -0.9685831069946289 67
      vertex -0.30901622772216797 -0.9510564804077148 67
    endloop
  endfacet
  facet normal -0.2789931026571348 -0.9602931056035681 0
    outer loop
      vertex -0.2486896514892578 -0.9685831069946289 67
      vertex -0.30901622772216797 -0.9510564804077148 0
      vertex -0.2486896514892578 -0.9685831069946289 0
    endloop
  endfacet
  facet normal 0.7901558839423499 0.61290593003436 0
    outer loop
      vertex 11.059016227722168 2.087784767150879 67
      vertex 11.020512580871582 2.137423515319824 6
      vertex 11.020512580871582 2.137423515319824 67
    endloop
  endfacet
  facet normal 0.7901558839423499 0.61290593003436 0
    outer loop
      vertex 11.020512580871582 2.137423515319824 6
      vertex 11.059016227722168 2.087784767150879 67
      vertex 11.059016227722168 2.087784767150879 6
    endloop
  endfacet
  facet normal 1 0 0
    outer loop
      vertex 11.25 0 67
      vertex 11.25 1.5 6
      vertex 11.25 1.5 67
    endloop
  endfacet
  facet normal 1 0 0
    outer loop
      vertex 11.25 1.5 6
      vertex 11.25 0 67
      vertex 11.25 0 6
    endloop
  endfacet
  facet normal -0.5620841155135996 -0.8270800729598643 0
    outer loop
      vertex -0.5877847671508789 -0.809016227722168 0
      vertex -0.5358266830444336 -0.8443269729614258 67
      vertex -0.5877847671508789 -0.809016227722168 67
    endloop
  endfacet
  facet normal -0.5620841155135996 -0.8270800729598643 0
    outer loop
      vertex -0.5358266830444336 -0.8443269729614258 67
      vertex -0.5877847671508789 -0.809016227722168 0
      vertex -0.5358266830444336 -0.8443269729614258 0
    endloop
  endfacet
  facet normal 0.15643730165090305 -0.9876878913159685 0
    outer loop
      vertex 10.375332832336426 -0.9921140670776367 6
      vertex 10.43738079071045 -0.9822864532470703 67
      vertex 10.375332832336426 -0.9921140670776367 67
    endloop
  endfacet
  facet normal 0.15643730165090305 -0.9876878913159685 0
    outer loop
      vertex 10.43738079071045 -0.9822864532470703 67
      vertex 10.375332832336426 -0.9921140670776367 6
      vertex 10.43738079071045 -0.9822864532470703 6
    endloop
  endfacet
  facet normal 0.8607372813478725 0.5090494401311854 0
    outer loop
      vertex 11.126306533813477 1.9817533493041992 67
      vertex 11.094326972961426 2.0358266830444336 6
      vertex 11.094326972961426 2.0358266830444336 67
    endloop
  endfacet
  facet normal 0.8607372813478725 0.5090494401311854 0
    outer loop
      vertex 11.094326972961426 2.0358266830444336 6
      vertex 11.126306533813477 1.9817533493041992 67
      vertex 11.126306533813477 1.9817533493041992 6
    endloop
  endfacet
  facet normal -0.3387404329307526 -0.9408798643280056 0
    outer loop
      vertex -0.36812400817871094 -0.9297761917114258 0
      vertex -0.30901622772216797 -0.9510564804077148 67
      vertex -0.36812400817871094 -0.9297761917114258 67
    endloop
  endfacet
  facet normal -0.3387404329307526 -0.9408798643280056 0
    outer loop
      vertex -0.30901622772216797 -0.9510564804077148 67
      vertex -0.36812400817871094 -0.9297761917114258 0
      vertex -0.30901622772216797 -0.9510564804077148 0
    endloop
  endfacet
  facet normal -0.9177502800004914 -0.3971579327660716 0
    outer loop
      vertex -0.9048261642456055 -0.4257783889770508 0
      vertex -0.9297761917114258 -0.36812400817871094 67
      vertex -0.9297761917114258 -0.36812400817871094 0
    endloop
  endfacet
  facet normal -0.9177502800004914 -0.3971579327660716 0
    outer loop
      vertex -0.9297761917114258 -0.36812400817871094 67
      vertex -0.9048261642456055 -0.4257783889770508 0
      vertex -0.9048261642456055 -0.4257783889770508 67
    endloop
  endfacet
  facet normal 0.9759194992215958 -0.21813099513611012 0
    outer loop
      vertex 11.218583106994629 -0.2486896514892578 67
      vertex 11.23228645324707 -0.18738079071044922 6
      vertex 11.23228645324707 -0.18738079071044922 67
    endloop
  endfacet
  facet normal 0.9759194992215958 -0.21813099513611012 0
    outer loop
      vertex 11.23228645324707 -0.18738079071044922 6
      vertex 11.218583106994629 -0.2486896514892578 67
      vertex 11.218583106994629 -0.2486896514892578 6
    endloop
  endfacet
  facet normal 0.9995061338808694 0.03142432711320473 0
    outer loop
      vertex 11.25 1.5 67
      vertex 11.248025894165039 1.5627899169921875 6
      vertex 11.248025894165039 1.5627899169921875 67
    endloop
  endfacet
  facet normal 0.9995061338808694 0.03142432711320473 0
    outer loop
      vertex 11.248025894165039 1.5627899169921875 6
      vertex 11.25 1.5 67
      vertex 11.25 1.5 6
    endloop
  endfacet
  facet normal -0.9995061338808694 -0.03142432711320473 0
    outer loop
      vertex -0.9980258941650391 -0.0627899169921875 0
      vertex -1 0 67
      vertex -1 0 0
    endloop
  endfacet
  facet normal -0.9995061338808694 -0.03142432711320473 0
    outer loop
      vertex -1 0 67
      vertex -0.9980258941650391 -0.0627899169921875 0
      vertex -0.9980258941650391 -0.0627899169921875 67
    endloop
  endfacet
  facet normal 0.8270800729598643 0.5620841155135996 0
    outer loop
      vertex 11.094326972961426 2.0358266830444336 67
      vertex 11.059016227722168 2.087784767150879 6
      vertex 11.059016227722168 2.087784767150879 67
    endloop
  endfacet
  facet normal 0.8270800729598643 0.5620841155135996 0
    outer loop
      vertex 11.059016227722168 2.087784767150879 6
      vertex 11.094326972961426 2.0358266830444336 67
      vertex 11.094326972961426 2.0358266830444336 6
    endloop
  endfacet
  facet normal 0.9408798643280056 0.3387404329307526 0
    outer loop
      vertex 11.201056480407715 1.809016227722168 67
      vertex 11.179776191711426 1.868124008178711 6
      vertex 11.179776191711426 1.868124008178711 67
    endloop
  endfacet
  facet normal 0.9408798643280056 0.3387404329307526 0
    outer loop
      vertex 11.179776191711426 1.868124008178711 6
      vertex 11.201056480407715 1.809016227722168 67
      vertex 11.201056480407715 1.809016227722168 6
    endloop
  endfacet
  facet normal -0.9602931056035681 -0.2789931026571348 0
    outer loop
      vertex -0.9510564804077148 -0.30901622772216797 0
      vertex -0.9685831069946289 -0.2486896514892578 67
      vertex -0.9685831069946289 -0.2486896514892578 0
    endloop
  endfacet
  facet normal -0.9602931056035681 -0.2789931026571348 0
    outer loop
      vertex -0.9685831069946289 -0.2486896514892578 67
      vertex -0.9510564804077148 -0.30901622772216797 0
      vertex -0.9510564804077148 -0.30901622772216797 67
    endloop
  endfacet
  facet normal 0.9955622912911102 0.09410485725611979 0
    outer loop
      vertex 11.248025894165039 1.5627899169921875 67
      vertex 11.242114067077637 1.6253328323364258 6
      vertex 11.242114067077637 1.6253328323364258 67
    endloop
  endfacet
  facet normal 0.9955622912911102 0.09410485725611979 0
    outer loop
      vertex 11.242114067077637 1.6253328323364258 6
      vertex 11.248025894165039 1.5627899169921875 67
      vertex 11.248025894165039 1.5627899169921875 6
    endloop
  endfacet
  facet normal -0.3971579327660716 -0.9177502800004914 0
    outer loop
      vertex -0.4257783889770508 -0.9048261642456055 0
      vertex -0.36812400817871094 -0.9297761917114258 67
      vertex -0.4257783889770508 -0.9048261642456055 67
    endloop
  endfacet
  facet normal -0.3971579327660716 -0.9177502800004914 0
    outer loop
      vertex -0.36812400817871094 -0.9297761917114258 67
      vertex -0.4257783889770508 -0.9048261642456055 0
      vertex -0.36812400817871094 -0.9297761917114258 0
    endloop
  endfacet
  facet normal 0.03142432711320473 -0.9995061338808694 0
    outer loop
      vertex 10.25 -1 6
      vertex 10.312789916992188 -0.9980258941650391 67
      vertex 10.25 -1 67
    endloop
  endfacet
  facet normal 0.03142432711320473 -0.9995061338808694 0
    outer loop
      vertex 10.312789916992188 -0.9980258941650391 67
      vertex 10.25 -1 6
      vertex 10.312789916992188 -0.9980258941650391 6
    endloop
  endfacet
  facet normal -0.8270800729598643 -0.5620841155135996 0
    outer loop
      vertex -0.809016227722168 -0.5877847671508789 0
      vertex -0.8443269729614258 -0.5358266830444336 67
      vertex -0.8443269729614258 -0.5358266830444336 0
    endloop
  endfacet
  facet normal -0.8270800729598643 -0.5620841155135996 0
    outer loop
      vertex -0.8443269729614258 -0.5358266830444336 67
      vertex -0.809016227722168 -0.5877847671508789 0
      vertex -0.809016227722168 -0.5877847671508789 67
    endloop
  endfacet
  facet normal 0.2789931026571348 0.9602931056035681 0
    outer loop
      vertex 10.559016227722168 2.451056480407715 6
      vertex 10.498689651489258 2.468583106994629 67
      vertex 10.559016227722168 2.451056480407715 67
    endloop
  endfacet
  facet normal 0.2789931026571348 0.9602931056035681 0
    outer loop
      vertex 10.498689651489258 2.468583106994629 67
      vertex 10.559016227722168 2.451056480407715 6
      vertex 10.498689651489258 2.468583106994629 6
    endloop
  endfacet
  facet normal 0.9177502800004915 0.3971579327660716 0
    outer loop
      vertex 11.179776191711426 1.868124008178711 67
      vertex 11.154826164245605 1.9257783889770508 6
      vertex 11.154826164245605 1.9257783889770508 67
    endloop
  endfacet
  facet normal 0.9177502800004915 0.3971579327660716 0
    outer loop
      vertex 11.154826164245605 1.9257783889770508 6
      vertex 11.179776191711426 1.868124008178711 67
      vertex 11.179776191711426 1.868124008178711 6
    endloop
  endfacet
  facet normal 0.15643730165090305 0.9876878913159685 0
    outer loop
      vertex 10.43738079071045 2.4822864532470703 6
      vertex 10.375332832336426 2.4921140670776367 67
      vertex 10.43738079071045 2.4822864532470703 67
    endloop
  endfacet
  facet normal 0.15643730165090305 0.9876878913159685 0
    outer loop
      vertex 10.375332832336426 2.4921140670776367 67
      vertex 10.43738079071045 2.4822864532470703 6
      vertex 10.375332832336426 2.4921140670776367 6
    endloop
  endfacet
  facet normal 0.09410485725611979 0.9955622912911102 0
    outer loop
      vertex 10.375332832336426 2.4921140670776367 6
      vertex 10.312789916992188 2.498025894165039 67
      vertex 10.375332832336426 2.4921140670776367 67
    endloop
  endfacet
  facet normal 0.09410485725611979 0.9955622912911102 0
    outer loop
      vertex 10.312789916992188 2.498025894165039 67
      vertex 10.375332832336426 2.4921140670776367 6
      vertex 10.312789916992188 2.498025894165039 6
    endloop
  endfacet
  facet normal -0.03142432711320473 -0.9995061338808694 0
    outer loop
      vertex -0.0627899169921875 -0.9980258941650391 0
      vertex 0 -1 67
      vertex -0.0627899169921875 -0.9980258941650391 67
    endloop
  endfacet
  facet normal -0.03142432711320473 -0.9995061338808694 0
    outer loop
      vertex 0 -1 67
      vertex -0.0627899169921875 -0.9980258941650391 0
      vertex 0 -1 0
    endloop
  endfacet
  facet normal -0.5090494401311854 -0.8607372813478726 0
    outer loop
      vertex -0.5358266830444336 -0.8443269729614258 0
      vertex -0.4817533493041992 -0.8763065338134766 67
      vertex -0.5358266830444336 -0.8443269729614258 67
    endloop
  endfacet
  facet normal -0.5090494401311854 -0.8607372813478726 0
    outer loop
      vertex -0.4817533493041992 -0.8763065338134766 67
      vertex -0.5358266830444336 -0.8443269729614258 0
      vertex -0.4817533493041992 -0.8763065338134766 0
    endloop
  endfacet
  facet normal 0.3387404329307526 0.9408798643280056 0
    outer loop
      vertex 10.618124008178711 2.429776191711426 6
      vertex 10.559016227722168 2.451056480407715 67
      vertex 10.618124008178711 2.429776191711426 67
    endloop
  endfacet
  facet normal 0.3387404329307526 0.9408798643280056 0
    outer loop
      vertex 10.559016227722168 2.451056480407715 67
      vertex 10.618124008178711 2.429776191711426 6
      vertex 10.559016227722168 2.451056480407715 6
    endloop
  endfacet
  facet normal 0.03142432711320473 0.9995061338808694 0
    outer loop
      vertex 10.312789916992188 2.498025894165039 6
      vertex 10.25 2.5 67
      vertex 10.312789916992188 2.498025894165039 67
    endloop
  endfacet
  facet normal 0.03142432711320473 0.9995061338808694 0
    outer loop
      vertex 10.25 2.5 67
      vertex 10.312789916992188 2.498025894165039 6
      vertex 10.25 2.5 6
    endloop
  endfacet
  facet normal 0.8270800729598643 -0.5620841155135996 0
    outer loop
      vertex 11.059016227722168 -0.5877847671508789 67
      vertex 11.094326972961426 -0.5358266830444336 6
      vertex 11.094326972961426 -0.5358266830444336 67
    endloop
  endfacet
  facet normal 0.8270800729598643 -0.5620841155135996 0
    outer loop
      vertex 11.094326972961426 -0.5358266830444336 6
      vertex 11.059016227722168 -0.5877847671508789 67
      vertex 11.059016227722168 -0.5877847671508789 6
    endloop
  endfacet
  facet normal 0.21813099513611012 0.9759194992215958 0
    outer loop
      vertex 10.498689651489258 2.468583106994629 6
      vertex 10.43738079071045 2.4822864532470703 67
      vertex 10.498689651489258 2.468583106994629 67
    endloop
  endfacet
  facet normal 0.21813099513611012 0.9759194992215958 0
    outer loop
      vertex 10.43738079071045 2.4822864532470703 67
      vertex 10.498689651489258 2.468583106994629 6
      vertex 10.43738079071045 2.4822864532470703 6
    endloop
  endfacet
  facet normal 0.6613072708271193 -0.7501151201990178 0
    outer loop
      vertex 10.887423515319824 -0.770512580871582 6
      vertex 10.93454647064209 -0.728968620300293 67
      vertex 10.887423515319824 -0.770512580871582 67
    endloop
  endfacet
  facet normal 0.6613072708271193 -0.7501151201990178 0
    outer loop
      vertex 10.93454647064209 -0.728968620300293 67
      vertex 10.887423515319824 -0.770512580871582 6
      vertex 10.93454647064209 -0.728968620300293 6
    endloop
  endfacet
  facet normal -0.7071067811865476 -0.7071067811865476 0
    outer loop
      vertex -0.6845464706420898 -0.728968620300293 0
      vertex -0.728968620300293 -0.6845464706420898 67
      vertex -0.728968620300293 -0.6845464706420898 0
    endloop
  endfacet
  facet normal -0.7071067811865476 -0.7071067811865476 0
    outer loop
      vertex -0.728968620300293 -0.6845464706420898 67
      vertex -0.6845464706420898 -0.728968620300293 0
      vertex -0.6845464706420898 -0.728968620300293 67
    endloop
  endfacet
  facet normal 0.3971579327660716 0.9177502800004915 0
    outer loop
      vertex 10.67577838897705 2.4048261642456055 6
      vertex 10.618124008178711 2.429776191711426 67
      vertex 10.67577838897705 2.4048261642456055 67
    endloop
  endfacet
  facet normal 0.3971579327660716 0.9177502800004915 0
    outer loop
      vertex 10.618124008178711 2.429776191711426 67
      vertex 10.67577838897705 2.4048261642456055 6
      vertex 10.618124008178711 2.429776191711426 6
    endloop
  endfacet
  facet normal -0.2181309951361101 -0.9759194992215958 0
    outer loop
      vertex -0.2486896514892578 -0.9685831069946289 0
      vertex -0.18738079071044922 -0.9822864532470703 67
      vertex -0.2486896514892578 -0.9685831069946289 67
    endloop
  endfacet
  facet normal -0.2181309951361101 -0.9759194992215958 0
    outer loop
      vertex -0.18738079071044922 -0.9822864532470703 67
      vertex -0.2486896514892578 -0.9685831069946289 0
      vertex -0.18738079071044922 -0.9822864532470703 0
    endloop
  endfacet
  facet normal 0.9995061338808694 -0.03142432711320473 0
    outer loop
      vertex 11.248025894165039 -0.0627899169921875 67
      vertex 11.25 0 6
      vertex 11.25 0 67
    endloop
  endfacet
  facet normal 0.9995061338808694 -0.03142432711320473 0
    outer loop
      vertex 11.25 0 6
      vertex 11.248025894165039 -0.0627899169921875 67
      vertex 11.248025894165039 -0.0627899169921875 6
    endloop
  endfacet
  facet normal 0.9955622912911102 -0.09410485725611979 0
    outer loop
      vertex 11.242114067077637 -0.12533283233642578 67
      vertex 11.248025894165039 -0.0627899169921875 6
      vertex 11.248025894165039 -0.0627899169921875 67
    endloop
  endfacet
  facet normal 0.9955622912911102 -0.09410485725611979 0
    outer loop
      vertex 11.248025894165039 -0.0627899169921875 6
      vertex 11.242114067077637 -0.12533283233642578 67
      vertex 11.242114067077637 -0.12533283233642578 6
    endloop
  endfacet
  facet normal -0.9955622912911102 -0.09410485725611979 0
    outer loop
      vertex -0.9921140670776367 -0.12533283233642578 0
      vertex -0.9980258941650391 -0.0627899169921875 67
      vertex -0.9980258941650391 -0.0627899169921875 0
    endloop
  endfacet
  facet normal -0.9955622912911102 -0.09410485725611979 0
    outer loop
      vertex -0.9980258941650391 -0.0627899169921875 67
      vertex -0.9921140670776367 -0.12533283233642578 0
      vertex -0.9921140670776367 -0.12533283233642578 67
    endloop
  endfacet
  facet normal 0.4539774025977584 0.891013197394176 0
    outer loop
      vertex 10.7317533493042 2.3763065338134766 6
      vertex 10.67577838897705 2.4048261642456055 67
      vertex 10.7317533493042 2.3763065338134766 67
    endloop
  endfacet
  facet normal 0.4539774025977584 0.891013197394176 0
    outer loop
      vertex 10.67577838897705 2.4048261642456055 67
      vertex 10.7317533493042 2.3763065338134766 6
      vertex 10.67577838897705 2.4048261642456055 6
    endloop
  endfacet
  facet normal 0.4539774025977584 -0.891013197394176 0
    outer loop
      vertex 10.67577838897705 -0.9048261642456055 6
      vertex 10.7317533493042 -0.8763065338134766 67
      vertex 10.67577838897705 -0.9048261642456055 67
    endloop
  endfacet
  facet normal 0.4539774025977584 -0.891013197394176 0
    outer loop
      vertex 10.7317533493042 -0.8763065338134766 67
      vertex 10.67577838897705 -0.9048261642456055 6
      vertex 10.7317533493042 -0.8763065338134766 6
    endloop
  endfacet
  facet normal 0.7501151201990178 -0.6613072708271193 0
    outer loop
      vertex 10.978968620300293 -0.6845464706420898 67
      vertex 11.020512580871582 -0.6374235153198242 6
      vertex 11.020512580871582 -0.6374235153198242 67
    endloop
  endfacet
  facet normal 0.7501151201990178 -0.6613072708271193 0
    outer loop
      vertex 11.020512580871582 -0.6374235153198242 6
      vertex 10.978968620300293 -0.6845464706420898 67
      vertex 10.978968620300293 -0.6845464706420898 6
    endloop
  endfacet
  facet normal 0.9408798643280056 -0.3387404329307526 0
    outer loop
      vertex 11.179776191711426 -0.36812400817871094 67
      vertex 11.201056480407715 -0.30901622772216797 6
      vertex 11.201056480407715 -0.30901622772216797 67
    endloop
  endfacet
  facet normal 0.9408798643280056 -0.3387404329307526 0
    outer loop
      vertex 11.201056480407715 -0.30901622772216797 6
      vertex 11.179776191711426 -0.36812400817871094 67
      vertex 11.179776191711426 -0.36812400817871094 6
    endloop
  endfacet
  facet normal 0.9602931056035681 -0.2789931026571348 0
    outer loop
      vertex 11.201056480407715 -0.30901622772216797 67
      vertex 11.218583106994629 -0.2486896514892578 6
      vertex 11.218583106994629 -0.2486896514892578 67
    endloop
  endfacet
  facet normal 0.9602931056035681 -0.2789931026571348 0
    outer loop
      vertex 11.218583106994629 -0.2486896514892578 6
      vertex 11.201056480407715 -0.30901622772216797 67
      vertex 11.201056480407715 -0.30901622772216797 6
    endloop
  endfacet
  facet normal -0.15643730165090305 -0.9876878913159683 0
    outer loop
      vertex -0.18738079071044922 -0.9822864532470703 0
      vertex -0.12533283233642578 -0.9921140670776367 67
      vertex -0.18738079071044922 -0.9822864532470703 67
    endloop
  endfacet
  facet normal -0.15643730165090305 -0.9876878913159683 0
    outer loop
      vertex -0.12533283233642578 -0.9921140670776367 67
      vertex -0.18738079071044922 -0.9822864532470703 0
      vertex -0.12533283233642578 -0.9921140670776367 0
    endloop
  endfacet
  facet normal 0.7901558839423499 -0.61290593003436 0
    outer loop
      vertex 11.020512580871582 -0.6374235153198242 67
      vertex 11.059016227722168 -0.5877847671508789 6
      vertex 11.059016227722168 -0.5877847671508789 67
    endloop
  endfacet
  facet normal 0.7901558839423499 -0.61290593003436 0
    outer loop
      vertex 11.059016227722168 -0.5877847671508789 6
      vertex 11.020512580871582 -0.6374235153198242 67
      vertex 11.020512580871582 -0.6374235153198242 6
    endloop
  endfacet
  facet normal 0.891013197394176 0.4539774025977584 0
    outer loop
      vertex 11.154826164245605 1.9257783889770508 67
      vertex 11.126306533813477 1.9817533493041992 6
      vertex 11.126306533813477 1.9817533493041992 67
    endloop
  endfacet
  facet normal 0.891013197394176 0.4539774025977584 0
    outer loop
      vertex 11.126306533813477 1.9817533493041992 6
      vertex 11.154826164245605 1.9257783889770508 67
      vertex 11.154826164245605 1.9257783889770508 6
    endloop
  endfacet
  facet normal 0.61290593003436 -0.7901558839423499 0
    outer loop
      vertex 10.837784767150879 -0.809016227722168 6
      vertex 10.887423515319824 -0.770512580871582 67
      vertex 10.837784767150879 -0.809016227722168 67
    endloop
  endfacet
  facet normal 0.61290593003436 -0.7901558839423499 0
    outer loop
      vertex 10.887423515319824 -0.770512580871582 67
      vertex 10.837784767150879 -0.809016227722168 6
      vertex 10.887423515319824 -0.770512580871582 6
    endloop
  endfacet
  facet normal 0.9759194992215958 0.21813099513611012 0
    outer loop
      vertex 11.23228645324707 1.6873807907104492 67
      vertex 11.218583106994629 1.7486896514892578 6
      vertex 11.218583106994629 1.7486896514892578 67
    endloop
  endfacet
  facet normal 0.9759194992215958 0.21813099513611012 0
    outer loop
      vertex 11.218583106994629 1.7486896514892578 6
      vertex 11.23228645324707 1.6873807907104492 67
      vertex 11.23228645324707 1.6873807907104492 6
    endloop
  endfacet
  facet normal 0.5090494401311854 -0.8607372813478725 0
    outer loop
      vertex 10.7317533493042 -0.8763065338134766 6
      vertex 10.785826683044434 -0.8443269729614258 67
      vertex 10.7317533493042 -0.8763065338134766 67
    endloop
  endfacet
  facet normal 0.5090494401311854 -0.8607372813478725 0
    outer loop
      vertex 10.785826683044434 -0.8443269729614258 67
      vertex 10.7317533493042 -0.8763065338134766 6
      vertex 10.785826683044434 -0.8443269729614258 6
    endloop
  endfacet
  facet normal 0.3971579327660716 -0.9177502800004915 0
    outer loop
      vertex 10.618124008178711 -0.9297761917114258 6
      vertex 10.67577838897705 -0.9048261642456055 67
      vertex 10.618124008178711 -0.9297761917114258 67
    endloop
  endfacet
  facet normal 0.3971579327660716 -0.9177502800004915 0
    outer loop
      vertex 10.67577838897705 -0.9048261642456055 67
      vertex 10.618124008178711 -0.9297761917114258 6
      vertex 10.67577838897705 -0.9048261642456055 6
    endloop
  endfacet
  facet normal -0.9759194992215958 -0.2181309951361101 0
    outer loop
      vertex -0.9685831069946289 -0.2486896514892578 0
      vertex -0.9822864532470703 -0.18738079071044922 67
      vertex -0.9822864532470703 -0.18738079071044922 0
    endloop
  endfacet
  facet normal -0.9759194992215958 -0.2181309951361101 0
    outer loop
      vertex -0.9822864532470703 -0.18738079071044922 67
      vertex -0.9685831069946289 -0.2486896514892578 0
      vertex -0.9685831069946289 -0.2486896514892578 67
    endloop
  endfacet
  facet normal 0.9876878913159685 0.15643730165090305 0
    outer loop
      vertex 11.242114067077637 1.6253328323364258 67
      vertex 11.23228645324707 1.6873807907104492 6
      vertex 11.23228645324707 1.6873807907104492 67
    endloop
  endfacet
  facet normal 0.9876878913159685 0.15643730165090305 0
    outer loop
      vertex 11.23228645324707 1.6873807907104492 6
      vertex 11.242114067077637 1.6253328323364258 67
      vertex 11.242114067077637 1.6253328323364258 6
    endloop
  endfacet
  facet normal 0.5090494401311854 0.8607372813478725 0
    outer loop
      vertex 10.785826683044434 2.344326972961426 6
      vertex 10.7317533493042 2.3763065338134766 67
      vertex 10.785826683044434 2.344326972961426 67
    endloop
  endfacet
  facet normal 0.5090494401311854 0.8607372813478725 0
    outer loop
      vertex 10.7317533493042 2.3763065338134766 67
      vertex 10.785826683044434 2.344326972961426 6
      vertex 10.7317533493042 2.3763065338134766 6
    endloop
  endfacet
  facet normal 0.09410485725611979 -0.9955622912911102 0
    outer loop
      vertex 10.312789916992188 -0.9980258941650391 6
      vertex 10.375332832336426 -0.9921140670776367 67
      vertex 10.312789916992188 -0.9980258941650391 67
    endloop
  endfacet
  facet normal 0.09410485725611979 -0.9955622912911102 0
    outer loop
      vertex 10.375332832336426 -0.9921140670776367 67
      vertex 10.312789916992188 -0.9980258941650391 6
      vertex 10.375332832336426 -0.9921140670776367 6
    endloop
  endfacet
  facet normal 0.891013197394176 -0.4539774025977584 0
    outer loop
      vertex 11.126306533813477 -0.4817533493041992 67
      vertex 11.154826164245605 -0.4257783889770508 6
      vertex 11.154826164245605 -0.4257783889770508 67
    endloop
  endfacet
  facet normal 0.891013197394176 -0.4539774025977584 0
    outer loop
      vertex 11.154826164245605 -0.4257783889770508 6
      vertex 11.126306533813477 -0.4817533493041992 67
      vertex 11.126306533813477 -0.4817533493041992 6
    endloop
  endfacet
  facet normal -0.4539774025977584 -0.891013197394176 0
    outer loop
      vertex -0.4817533493041992 -0.8763065338134766 0
      vertex -0.4257783889770508 -0.9048261642456055 67
      vertex -0.4817533493041992 -0.8763065338134766 67
    endloop
  endfacet
  facet normal -0.4539774025977584 -0.891013197394176 0
    outer loop
      vertex -0.4257783889770508 -0.9048261642456055 67
      vertex -0.4817533493041992 -0.8763065338134766 0
      vertex -0.4257783889770508 -0.9048261642456055 0
    endloop
  endfacet
  facet normal 0.3387404329307526 -0.9408798643280056 0
    outer loop
      vertex 10.559016227722168 -0.9510564804077148 6
      vertex 10.618124008178711 -0.9297761917114258 67
      vertex 10.559016227722168 -0.9510564804077148 67
    endloop
  endfacet
  facet normal 0.3387404329307526 -0.9408798643280056 0
    outer loop
      vertex 10.618124008178711 -0.9297761917114258 67
      vertex 10.559016227722168 -0.9510564804077148 6
      vertex 10.618124008178711 -0.9297761917114258 6
    endloop
  endfacet
  facet normal 0.7071067811865476 -0.7071067811865476 0
    outer loop
      vertex 10.93454647064209 -0.728968620300293 67
      vertex 10.978968620300293 -0.6845464706420898 6
      vertex 10.978968620300293 -0.6845464706420898 67
    endloop
  endfacet
  facet normal 0.7071067811865476 -0.7071067811865476 0
    outer loop
      vertex 10.978968620300293 -0.6845464706420898 6
      vertex 10.93454647064209 -0.728968620300293 67
      vertex 10.93454647064209 -0.728968620300293 6
    endloop
  endfacet
  facet normal 0.6613072708271193 0.7501151201990178 0
    outer loop
      vertex 10.93454647064209 2.228968620300293 6
      vertex 10.887423515319824 2.270512580871582 67
      vertex 10.93454647064209 2.228968620300293 67
    endloop
  endfacet
  facet normal 0.6613072708271193 0.7501151201990178 0
    outer loop
      vertex 10.887423515319824 2.270512580871582 67
      vertex 10.93454647064209 2.228968620300293 6
      vertex 10.887423515319824 2.270512580871582 6
    endloop
  endfacet
  facet normal -0.7501151201990178 -0.6613072708271193 0
    outer loop
      vertex -0.728968620300293 -0.6845464706420898 0
      vertex -0.770512580871582 -0.6374235153198242 67
      vertex -0.770512580871582 -0.6374235153198242 0
    endloop
  endfacet
  facet normal -0.7501151201990178 -0.6613072708271193 0
    outer loop
      vertex -0.770512580871582 -0.6374235153198242 67
      vertex -0.728968620300293 -0.6845464706420898 0
      vertex -0.728968620300293 -0.6845464706420898 67
    endloop
  endfacet
  facet normal 0 0 1
    outer loop
      vertex 1.5 11.25 67
      vertex 2.5 10.25 67
      vertex 2.498025894165039 10.312789916992188 67
    endloop
  endfacet
  facet normal 0 0 1
    outer loop
      vertex 10.25 2.5 67
      vertex 11.25 1.5 67
      vertex 11.248025894165039 1.5627899169921875 67
    endloop
  endfacet
  facet normal 0 0 1
    outer loop
      vertex 11.25 1.5 67
      vertex 10.25 2.5 67
      vertex 11.25 0 67
    endloop
  endfacet
  facet normal 0 0 1
    outer loop
      vertex 10.25 2.5 67
      vertex 11.248025894165039 1.5627899169921875 67
      vertex 11.242114067077637 1.6253328323364258 67
    endloop
  endfacet
  facet normal 0 0 1
    outer loop
      vertex 10.25 -1 67
      vertex 11.25 0 67
      vertex 10.25 2.5 67
    endloop
  endfacet
  facet normal 0 0 1
    outer loop
      vertex 10.25 2.5 67
      vertex 11.242114067077637 1.6253328323364258 67
      vertex 11.23228645324707 1.6873807907104492 67
    endloop
  endfacet
  facet normal 0 0 1
    outer loop
      vertex 11.25 0 67
      vertex 10.25 -1 67
      vertex 11.248025894165039 -0.0627899169921875 67
    endloop
  endfacet
  facet normal 0 0 1
    outer loop
      vertex 10.25 2.5 67
      vertex 11.23228645324707 1.6873807907104492 67
      vertex 11.218583106994629 1.7486896514892578 67
    endloop
  endfacet
  facet normal 0 0 1
    outer loop
      vertex 11.248025894165039 -0.0627899169921875 67
      vertex 10.25 -1 67
      vertex 11.242114067077637 -0.12533283233642578 67
    endloop
  endfacet
  facet normal 0 0 1
    outer loop
      vertex 10.25 2.5 67
      vertex 11.218583106994629 1.7486896514892578 67
      vertex 11.201056480407715 1.809016227722168 67
    endloop
  endfacet
  facet normal 0 0 1
    outer loop
      vertex 11.242114067077637 -0.12533283233642578 67
      vertex 10.25 -1 67
      vertex 11.23228645324707 -0.18738079071044922 67
    endloop
  endfacet
  facet normal 0 0 1
    outer loop
      vertex 10.25 2.5 67
      vertex 11.201056480407715 1.809016227722168 67
      vertex 11.179776191711426 1.868124008178711 67
    endloop
  endfacet
  facet normal 0 0 1
    outer loop
      vertex 11.23228645324707 -0.18738079071044922 67
      vertex 10.25 -1 67
      vertex 11.218583106994629 -0.2486896514892578 67
    endloop
  endfacet
  facet normal 0 0 1
    outer loop
      vertex 10.25 2.5 67
      vertex 11.179776191711426 1.868124008178711 67
      vertex 11.154826164245605 1.9257783889770508 67
    endloop
  endfacet
  facet normal 0 0 1
    outer loop
      vertex 11.218583106994629 -0.2486896514892578 67
      vertex 10.25 -1 67
      vertex 11.201056480407715 -0.30901622772216797 67
    endloop
  endfacet
  facet normal 0 0 1
    outer loop
      vertex 10.25 2.5 67
      vertex 11.154826164245605 1.9257783889770508 67
      vertex 11.126306533813477 1.9817533493041992 67
    endloop
  endfacet
  facet normal 0 0 1
    outer loop
      vertex 11.201056480407715 -0.30901622772216797 67
      vertex 10.25 -1 67
      vertex 11.179776191711426 -0.36812400817871094 67
    endloop
  endfacet
  facet normal 0 0 1
    outer loop
      vertex 10.25 2.5 67
      vertex 11.126306533813477 1.9817533493041992 67
      vertex 11.094326972961426 2.0358266830444336 67
    endloop
  endfacet
  facet normal 0 0 1
    outer loop
      vertex 11.179776191711426 -0.36812400817871094 67
      vertex 10.25 -1 67
      vertex 11.154826164245605 -0.4257783889770508 67
    endloop
  endfacet
  facet normal 0 0 1
    outer loop
      vertex 10.25 2.5 67
      vertex 11.094326972961426 2.0358266830444336 67
      vertex 11.059016227722168 2.087784767150879 67
    endloop
  endfacet
  facet normal 0 0 1
    outer loop
      vertex 11.154826164245605 -0.4257783889770508 67
      vertex 10.25 -1 67
      vertex 11.126306533813477 -0.4817533493041992 67
    endloop
  endfacet
  facet normal 0 0 1
    outer loop
      vertex 10.25 2.5 67
      vertex 11.059016227722168 2.087784767150879 67
      vertex 11.020512580871582 2.137423515319824 67
    endloop
  endfacet
  facet normal 0 0 1
    outer loop
      vertex 11.126306533813477 -0.4817533493041992 67
      vertex 10.25 -1 67
      vertex 11.094326972961426 -0.5358266830444336 67
    endloop
  endfacet
  facet normal 0 0 1
    outer loop
      vertex 10.25 2.5 67
      vertex 11.020512580871582 2.137423515319824 67
      vertex 10.978968620300293 2.18454647064209 67
    endloop
  endfacet
  facet normal 0 0 1
    outer loop
      vertex 11.094326972961426 -0.5358266830444336 67
      vertex 10.25 -1 67
      vertex 11.059016227722168 -0.5877847671508789 67
    endloop
  endfacet
  facet normal 0 0 1
    outer loop
      vertex 10.25 2.5 67
      vertex 10.978968620300293 2.18454647064209 67
      vertex 10.93454647064209 2.228968620300293 67
    endloop
  endfacet
  facet normal 0 0 1
    outer loop
      vertex 11.059016227722168 -0.5877847671508789 67
      vertex 10.25 -1 67
      vertex 11.020512580871582 -0.6374235153198242 67
    endloop
  endfacet
  facet normal 0 0 1
    outer loop
      vertex 10.25 2.5 67
      vertex 10.93454647064209 2.228968620300293 67
      vertex 10.887423515319824 2.270512580871582 67
    endloop
  endfacet
  facet normal 0 0 1
    outer loop
      vertex 11.020512580871582 -0.6374235153198242 67
      vertex 10.25 -1 67
      vertex 10.978968620300293 -0.6845464706420898 67
    endloop
  endfacet
  facet normal 0 0 1
    outer loop
      vertex 10.25 2.5 67
      vertex 10.887423515319824 2.270512580871582 67
      vertex 10.837784767150879 2.309016227722168 67
    endloop
  endfacet
  facet normal 0 0 1
    outer loop
      vertex 10.978968620300293 -0.6845464706420898 67
      vertex 10.25 -1 67
      vertex 10.93454647064209 -0.728968620300293 67
    endloop
  endfacet
  facet normal 0 0 1
    outer loop
      vertex 10.25 2.5 67
      vertex 10.837784767150879 2.309016227722168 67
      vertex 10.785826683044434 2.344326972961426 67
    endloop
  endfacet
  facet normal 0 0 1
    outer loop
      vertex 10.93454647064209 -0.728968620300293 67
      vertex 10.25 -1 67
      vertex 10.887423515319824 -0.770512580871582 67
    endloop
  endfacet
  facet normal 0 0 1
    outer loop
      vertex 10.25 2.5 67
      vertex 10.785826683044434 2.344326972961426 67
      vertex 10.7317533493042 2.3763065338134766 67
    endloop
  endfacet
  facet normal 0 0 1
    outer loop
      vertex 10.887423515319824 -0.770512580871582 67
      vertex 10.25 -1 67
      vertex 10.837784767150879 -0.809016227722168 67
    endloop
  endfacet
  facet normal 0 0 1
    outer loop
      vertex 10.25 2.5 67
      vertex 10.7317533493042 2.3763065338134766 67
      vertex 10.67577838897705 2.4048261642456055 67
    endloop
  endfacet
  facet normal 0 0 1
    outer loop
      vertex 10.837784767150879 -0.809016227722168 67
      vertex 10.25 -1 67
      vertex 10.785826683044434 -0.8443269729614258 67
    endloop
  endfacet
  facet normal 0 0 1
    outer loop
      vertex 10.25 2.5 67
      vertex 10.67577838897705 2.4048261642456055 67
      vertex 10.618124008178711 2.429776191711426 67
    endloop
  endfacet
  facet normal 0 0 1
    outer loop
      vertex 10.785826683044434 -0.8443269729614258 67
      vertex 10.25 -1 67
      vertex 10.7317533493042 -0.8763065338134766 67
    endloop
  endfacet
  facet normal 0 0 1
    outer loop
      vertex 10.25 2.5 67
      vertex 10.618124008178711 2.429776191711426 67
      vertex 10.559016227722168 2.451056480407715 67
    endloop
  endfacet
  facet normal 0 0 1
    outer loop
      vertex 10.7317533493042 -0.8763065338134766 67
      vertex 10.25 -1 67
      vertex 10.67577838897705 -0.9048261642456055 67
    endloop
  endfacet
  facet normal 0 0 1
    outer loop
      vertex 10.25 2.5 67
      vertex 10.559016227722168 2.451056480407715 67
      vertex 10.498689651489258 2.468583106994629 67
    endloop
  endfacet
  facet normal 0 0 1
    outer loop
      vertex 10.67577838897705 -0.9048261642456055 67
      vertex 10.25 -1 67
      vertex 10.618124008178711 -0.9297761917114258 67
    endloop
  endfacet
  facet normal 0 0 1
    outer loop
      vertex 10.25 2.5 67
      vertex 10.498689651489258 2.468583106994629 67
      vertex 10.43738079071045 2.4822864532470703 67
    endloop
  endfacet
  facet normal 0 0 1
    outer loop
      vertex 10.618124008178711 -0.9297761917114258 67
      vertex 10.25 -1 67
      vertex 10.559016227722168 -0.9510564804077148 67
    endloop
  endfacet
  facet normal 0 0 1
    outer loop
      vertex 10.25 2.5 67
      vertex 10.43738079071045 2.4822864532470703 67
      vertex 10.375332832336426 2.4921140670776367 67
    endloop
  endfacet
  facet normal 0 0 1
    outer loop
      vertex 10.559016227722168 -0.9510564804077148 67
      vertex 10.25 -1 67
      vertex 10.498689651489258 -0.9685831069946289 67
    endloop
  endfacet
  facet normal 0 0 1
    outer loop
      vertex 10.25 2.5 67
      vertex 10.375332832336426 2.4921140670776367 67
      vertex 10.312789916992188 2.498025894165039 67
    endloop
  endfacet
  facet normal 0 0 1
    outer loop
      vertex 10.498689651489258 -0.9685831069946289 67
      vertex 10.25 -1 67
      vertex 10.43738079071045 -0.9822864532470703 67
    endloop
  endfacet
  facet normal 0 0 1
    outer loop
      vertex 10.43738079071045 -0.9822864532470703 67
      vertex 10.25 -1 67
      vertex 10.375332832336426 -0.9921140670776367 67
    endloop
  endfacet
  facet normal 0 0 1
    outer loop
      vertex 10.375332832336426 -0.9921140670776367 67
      vertex 10.25 -1 67
      vertex 10.312789916992188 -0.9980258941650391 67
    endloop
  endfacet
  facet normal 0 0 1
    outer loop
      vertex 2.5 2.5 67
      vertex 10.25 -1 67
      vertex 10.25 2.5 67
    endloop
  endfacet
  facet normal 0 0 1
    outer loop
      vertex 1.5 11.25 67
      vertex 2.498025894165039 10.312789916992188 67
      vertex 2.4921140670776367 10.375332832336426 67
    endloop
  endfacet
  facet normal 0 0 1
    outer loop
      vertex 1.5 11.25 67
      vertex 2.4921140670776367 10.375332832336426 67
      vertex 2.4822864532470703 10.43738079071045 67
    endloop
  endfacet
  facet normal 0 0 1
    outer loop
      vertex 1.5 11.25 67
      vertex 2.4822864532470703 10.43738079071045 67
      vertex 2.468583106994629 10.498689651489258 67
    endloop
  endfacet
  facet normal 0 0 1
    outer loop
      vertex 1.5 11.25 67
      vertex 2.468583106994629 10.498689651489258 67
      vertex 2.451056480407715 10.559016227722168 67
    endloop
  endfacet
  facet normal 0 0 1
    outer loop
      vertex 1.5 11.25 67
      vertex 2.451056480407715 10.559016227722168 67
      vertex 2.429776191711426 10.618124008178711 67
    endloop
  endfacet
  facet normal 0 0 1
    outer loop
      vertex 1.5 11.25 67
      vertex 2.429776191711426 10.618124008178711 67
      vertex 2.4048261642456055 10.67577838897705 67
    endloop
  endfacet
  facet normal 0 0 1
    outer loop
      vertex 1.5 11.25 67
      vertex 2.4048261642456055 10.67577838897705 67
      vertex 2.3763065338134766 10.7317533493042 67
    endloop
  endfacet
  facet normal 0 0 1
    outer loop
      vertex 1.5 11.25 67
      vertex 2.3763065338134766 10.7317533493042 67
      vertex 2.344326972961426 10.785826683044434 67
    endloop
  endfacet
  facet normal 0 0 1
    outer loop
      vertex 1.5 11.25 67
      vertex 2.344326972961426 10.785826683044434 67
      vertex 2.309016227722168 10.837784767150879 67
    endloop
  endfacet
  facet normal 0 0 1
    outer loop
      vertex 1.5 11.25 67
      vertex 2.309016227722168 10.837784767150879 67
      vertex 2.270512580871582 10.887423515319824 67
    endloop
  endfacet
  facet normal 0 0 1
    outer loop
      vertex 1.5 11.25 67
      vertex 2.270512580871582 10.887423515319824 67
      vertex 2.228968620300293 10.93454647064209 67
    endloop
  endfacet
  facet normal 0 0 1
    outer loop
      vertex 1.5 11.25 67
      vertex 2.228968620300293 10.93454647064209 67
      vertex 2.18454647064209 10.978968620300293 67
    endloop
  endfacet
  facet normal 0 0 1
    outer loop
      vertex 1.5 11.25 67
      vertex 2.18454647064209 10.978968620300293 67
      vertex 2.137423515319824 11.020512580871582 67
    endloop
  endfacet
  facet normal 0 0 1
    outer loop
      vertex 1.5 11.25 67
      vertex 2.137423515319824 11.020512580871582 67
      vertex 2.087784767150879 11.059016227722168 67
    endloop
  endfacet
  facet normal 0 0 1
    outer loop
      vertex 1.5 11.25 67
      vertex 2.087784767150879 11.059016227722168 67
      vertex 2.0358266830444336 11.094326972961426 67
    endloop
  endfacet
  facet normal 0 0 1
    outer loop
      vertex 1.5 11.25 67
      vertex 2.0358266830444336 11.094326972961426 67
      vertex 1.9817533493041992 11.126306533813477 67
    endloop
  endfacet
  facet normal 0 0 1
    outer loop
      vertex 1.5 11.25 67
      vertex 1.9817533493041992 11.126306533813477 67
      vertex 1.9257783889770508 11.154826164245605 67
    endloop
  endfacet
  facet normal 0 0 1
    outer loop
      vertex 1.5 11.25 67
      vertex 1.9257783889770508 11.154826164245605 67
      vertex 1.868124008178711 11.179776191711426 67
    endloop
  endfacet
  facet normal 0 0 1
    outer loop
      vertex 1.5 11.25 67
      vertex 1.868124008178711 11.179776191711426 67
      vertex 1.809016227722168 11.201056480407715 67
    endloop
  endfacet
  facet normal 0 0 1
    outer loop
      vertex 1.5 11.25 67
      vertex 1.809016227722168 11.201056480407715 67
      vertex 1.7486896514892578 11.218583106994629 67
    endloop
  endfacet
  facet normal 0 0 1
    outer loop
      vertex 1.5 11.25 67
      vertex 1.7486896514892578 11.218583106994629 67
      vertex 1.6873807907104492 11.23228645324707 67
    endloop
  endfacet
  facet normal 0 0 1
    outer loop
      vertex 1.5 11.25 67
      vertex 1.6873807907104492 11.23228645324707 67
      vertex 1.6253328323364258 11.242114067077637 67
    endloop
  endfacet
  facet normal 0 0 1
    outer loop
      vertex 1.5 11.25 67
      vertex 1.6253328323364258 11.242114067077637 67
      vertex 1.5627899169921875 11.248025894165039 67
    endloop
  endfacet
  facet normal 0 0 1
    outer loop
      vertex 2.5 10.25 67
      vertex 1.5 11.25 67
      vertex -1 10.25 67
    endloop
  endfacet
  facet normal 0 0 1
    outer loop
      vertex -1 10.25 67
      vertex 1.5 11.25 67
      vertex 0 11.25 67
    endloop
  endfacet
  facet normal 0 0 1
    outer loop
      vertex 2.5 2.5 67
      vertex 0 -1 67
      vertex 10.25 -1 67
    endloop
  endfacet
  facet normal 0 0 1
    outer loop
      vertex 2.5 10.25 67
      vertex -1 10.25 67
      vertex 2.5 2.5 67
    endloop
  endfacet
  facet normal 0 0 1
    outer loop
      vertex -1 10.25 67
      vertex 0 11.25 67
      vertex -0.0627899169921875 11.248025894165039 67
    endloop
  endfacet
  facet normal 0 0 1
    outer loop
      vertex -1 0 67
      vertex 2.5 2.5 67
      vertex -1 10.25 67
    endloop
  endfacet
  facet normal 0 0 1
    outer loop
      vertex -1 10.25 67
      vertex -0.0627899169921875 11.248025894165039 67
      vertex -0.12533283233642578 11.242114067077637 67
    endloop
  endfacet
  facet normal 0 0 1
    outer loop
      vertex 2.5 2.5 67
      vertex -1 0 67
      vertex 0 -1 67
    endloop
  endfacet
  facet normal 0 0 1
    outer loop
      vertex -1 10.25 67
      vertex -0.12533283233642578 11.242114067077637 67
      vertex -0.18738079071044922 11.23228645324707 67
    endloop
  endfacet
  facet normal 0 0 1
    outer loop
      vertex 0 -1 67
      vertex -1 0 67
      vertex -0.0627899169921875 -0.9980258941650391 67
    endloop
  endfacet
  facet normal 0 0 1
    outer loop
      vertex -1 10.25 67
      vertex -0.18738079071044922 11.23228645324707 67
      vertex -0.2486896514892578 11.218583106994629 67
    endloop
  endfacet
  facet normal 0 0 1
    outer loop
      vertex -0.0627899169921875 -0.9980258941650391 67
      vertex -1 0 67
      vertex -0.12533283233642578 -0.9921140670776367 67
    endloop
  endfacet
  facet normal 0 0 1
    outer loop
      vertex -1 10.25 67
      vertex -0.2486896514892578 11.218583106994629 67
      vertex -0.30901622772216797 11.201056480407715 67
    endloop
  endfacet
  facet normal 0 0 1
    outer loop
      vertex -0.12533283233642578 -0.9921140670776367 67
      vertex -1 0 67
      vertex -0.18738079071044922 -0.9822864532470703 67
    endloop
  endfacet
  facet normal 0 0 1
    outer loop
      vertex -1 10.25 67
      vertex -0.30901622772216797 11.201056480407715 67
      vertex -0.36812400817871094 11.179776191711426 67
    endloop
  endfacet
  facet normal 0 0 1
    outer loop
      vertex -0.18738079071044922 -0.9822864532470703 67
      vertex -1 0 67
      vertex -0.2486896514892578 -0.9685831069946289 67
    endloop
  endfacet
  facet normal 0 0 1
    outer loop
      vertex -1 10.25 67
      vertex -0.36812400817871094 11.179776191711426 67
      vertex -0.4257783889770508 11.154826164245605 67
    endloop
  endfacet
  facet normal 0 0 1
    outer loop
      vertex -0.2486896514892578 -0.9685831069946289 67
      vertex -1 0 67
      vertex -0.30901622772216797 -0.9510564804077148 67
    endloop
  endfacet
  facet normal 0 0 1
    outer loop
      vertex -1 10.25 67
      vertex -0.4257783889770508 11.154826164245605 67
      vertex -0.4817533493041992 11.126306533813477 67
    endloop
  endfacet
  facet normal 0 0 1
    outer loop
      vertex -0.30901622772216797 -0.9510564804077148 67
      vertex -1 0 67
      vertex -0.36812400817871094 -0.9297761917114258 67
    endloop
  endfacet
  facet normal 0 0 1
    outer loop
      vertex -1 10.25 67
      vertex -0.4817533493041992 11.126306533813477 67
      vertex -0.5358266830444336 11.094326972961426 67
    endloop
  endfacet
  facet normal 0 0 1
    outer loop
      vertex -0.36812400817871094 -0.9297761917114258 67
      vertex -1 0 67
      vertex -0.4257783889770508 -0.9048261642456055 67
    endloop
  endfacet
  facet normal 0 0 1
    outer loop
      vertex -1 10.25 67
      vertex -0.5358266830444336 11.094326972961426 67
      vertex -0.5877847671508789 11.059016227722168 67
    endloop
  endfacet
  facet normal 0 0 1
    outer loop
      vertex -0.4257783889770508 -0.9048261642456055 67
      vertex -1 0 67
      vertex -0.4817533493041992 -0.8763065338134766 67
    endloop
  endfacet
  facet normal 0 0 1
    outer loop
      vertex -1 10.25 67
      vertex -0.5877847671508789 11.059016227722168 67
      vertex -0.6374235153198242 11.020512580871582 67
    endloop
  endfacet
  facet normal 0 0 1
    outer loop
      vertex -0.4817533493041992 -0.8763065338134766 67
      vertex -1 0 67
      vertex -0.5358266830444336 -0.8443269729614258 67
    endloop
  endfacet
  facet normal 0 0 1
    outer loop
      vertex -1 10.25 67
      vertex -0.6374235153198242 11.020512580871582 67
      vertex -0.6845464706420898 10.978968620300293 67
    endloop
  endfacet
  facet normal 0 0 1
    outer loop
      vertex -0.5358266830444336 -0.8443269729614258 67
      vertex -1 0 67
      vertex -0.5877847671508789 -0.809016227722168 67
    endloop
  endfacet
  facet normal 0 0 1
    outer loop
      vertex -1 10.25 67
      vertex -0.6845464706420898 10.978968620300293 67
      vertex -0.728968620300293 10.93454647064209 67
    endloop
  endfacet
  facet normal 0 0 1
    outer loop
      vertex -0.5877847671508789 -0.809016227722168 67
      vertex -1 0 67
      vertex -0.6374235153198242 -0.770512580871582 67
    endloop
  endfacet
  facet normal 0 0 1
    outer loop
      vertex -1 10.25 67
      vertex -0.728968620300293 10.93454647064209 67
      vertex -0.770512580871582 10.887423515319824 67
    endloop
  endfacet
  facet normal 0 0 1
    outer loop
      vertex -0.6374235153198242 -0.770512580871582 67
      vertex -1 0 67
      vertex -0.6845464706420898 -0.728968620300293 67
    endloop
  endfacet
  facet normal 0 0 1
    outer loop
      vertex -1 10.25 67
      vertex -0.770512580871582 10.887423515319824 67
      vertex -0.809016227722168 10.837784767150879 67
    endloop
  endfacet
  facet normal 0 0 1
    outer loop
      vertex -0.6845464706420898 -0.728968620300293 67
      vertex -1 0 67
      vertex -0.728968620300293 -0.6845464706420898 67
    endloop
  endfacet
  facet normal 0 0 1
    outer loop
      vertex -1 10.25 67
      vertex -0.809016227722168 10.837784767150879 67
      vertex -0.8443269729614258 10.785826683044434 67
    endloop
  endfacet
  facet normal 0 0 1
    outer loop
      vertex -0.728968620300293 -0.6845464706420898 67
      vertex -1 0 67
      vertex -0.770512580871582 -0.6374235153198242 67
    endloop
  endfacet
  facet normal 0 0 1
    outer loop
      vertex -1 10.25 67
      vertex -0.8443269729614258 10.785826683044434 67
      vertex -0.8763065338134766 10.7317533493042 67
    endloop
  endfacet
  facet normal 0 0 1
    outer loop
      vertex -0.770512580871582 -0.6374235153198242 67
      vertex -1 0 67
      vertex -0.809016227722168 -0.5877847671508789 67
    endloop
  endfacet
  facet normal 0 0 1
    outer loop
      vertex -1 10.25 67
      vertex -0.8763065338134766 10.7317533493042 67
      vertex -0.9048261642456055 10.67577838897705 67
    endloop
  endfacet
  facet normal 0 0 1
    outer loop
      vertex -0.809016227722168 -0.5877847671508789 67
      vertex -1 0 67
      vertex -0.8443269729614258 -0.5358266830444336 67
    endloop
  endfacet
  facet normal 0 0 1
    outer loop
      vertex -1 10.25 67
      vertex -0.9048261642456055 10.67577838897705 67
      vertex -0.9297761917114258 10.618124008178711 67
    endloop
  endfacet
  facet normal 0 0 1
    outer loop
      vertex -0.8443269729614258 -0.5358266830444336 67
      vertex -1 0 67
      vertex -0.8763065338134766 -0.4817533493041992 67
    endloop
  endfacet
  facet normal 0 0 1
    outer loop
      vertex -1 10.25 67
      vertex -0.9297761917114258 10.618124008178711 67
      vertex -0.9510564804077148 10.559016227722168 67
    endloop
  endfacet
  facet normal 0 0 1
    outer loop
      vertex -0.8763065338134766 -0.4817533493041992 67
      vertex -1 0 67
      vertex -0.9048261642456055 -0.4257783889770508 67
    endloop
  endfacet
  facet normal 0 0 1
    outer loop
      vertex -1 10.25 67
      vertex -0.9510564804077148 10.559016227722168 67
      vertex -0.9685831069946289 10.498689651489258 67
    endloop
  endfacet
  facet normal 0 0 1
    outer loop
      vertex -0.9048261642456055 -0.4257783889770508 67
      vertex -1 0 67
      vertex -0.9297761917114258 -0.36812400817871094 67
    endloop
  endfacet
  facet normal 0 0 1
    outer loop
      vertex -1 10.25 67
      vertex -0.9685831069946289 10.498689651489258 67
      vertex -0.9822864532470703 10.43738079071045 67
    endloop
  endfacet
  facet normal 0 0 1
    outer loop
      vertex -0.9297761917114258 -0.36812400817871094 67
      vertex -1 0 67
      vertex -0.9510564804077148 -0.30901622772216797 67
    endloop
  endfacet
  facet normal 0 0 1
    outer loop
      vertex -1 10.25 67
      vertex -0.9822864532470703 10.43738079071045 67
      vertex -0.9921140670776367 10.375332832336426 67
    endloop
  endfacet
  facet normal 0 0 1
    outer loop
      vertex -0.9510564804077148 -0.30901622772216797 67
      vertex -1 0 67
      vertex -0.9685831069946289 -0.2486896514892578 67
    endloop
  endfacet
  facet normal 0 0 1
    outer loop
      vertex -1 10.25 67
      vertex -0.9921140670776367 10.375332832336426 67
      vertex -0.9980258941650391 10.312789916992188 67
    endloop
  endfacet
  facet normal 0 0 1
    outer loop
      vertex -0.9685831069946289 -0.2486896514892578 67
      vertex -1 0 67
      vertex -0.9822864532470703 -0.18738079071044922 67
    endloop
  endfacet
  facet normal 0 0 1
    outer loop
      vertex -0.9822864532470703 -0.18738079071044922 67
      vertex -1 0 67
      vertex -0.9921140670776367 -0.12533283233642578 67
    endloop
  endfacet
  facet normal 0 0 1
    outer loop
      vertex -0.9921140670776367 -0.12533283233642578 67
      vertex -1 0 67
      vertex -0.9980258941650391 -0.0627899169921875 67
    endloop
  endfacet
  facet normal 0.9602931056035681 0.2789931026571348 0
    outer loop
      vertex 11.218583106994629 1.7486896514892578 67
      vertex 11.201056480407715 1.809016227722168 6
      vertex 11.201056480407715 1.809016227722168 67
    endloop
  endfacet
  facet normal 0.9602931056035681 0.2789931026571348 0
    outer loop
      vertex 11.201056480407715 1.809016227722168 6
      vertex 11.218583106994629 1.7486896514892578 67
      vertex 11.218583106994629 1.7486896514892578 6
    endloop
  endfacet
  facet normal -0.9876878913159683 -0.15643730165090305 0
    outer loop
      vertex -0.9822864532470703 -0.18738079071044922 0
      vertex -0.9921140670776367 -0.12533283233642578 67
      vertex -0.9921140670776367 -0.12533283233642578 0
    endloop
  endfacet
  facet normal -0.9876878913159683 -0.15643730165090305 0
    outer loop
      vertex -0.9921140670776367 -0.12533283233642578 67
      vertex -0.9822864532470703 -0.18738079071044922 0
      vertex -0.9822864532470703 -0.18738079071044922 67
    endloop
  endfacet
  facet normal 0.7071067811865476 0.7071067811865476 0
    outer loop
      vertex 10.978968620300293 2.18454647064209 67
      vertex 10.93454647064209 2.228968620300293 6
      vertex 10.93454647064209 2.228968620300293 67
    endloop
  endfacet
  facet normal 0.7071067811865476 0.7071067811865476 0
    outer loop
      vertex 10.93454647064209 2.228968620300293 6
      vertex 10.978968620300293 2.18454647064209 67
      vertex 10.978968620300293 2.18454647064209 6
    endloop
  endfacet
  facet normal -0.8607372813478726 -0.5090494401311854 0
    outer loop
      vertex -0.8443269729614258 -0.5358266830444336 0
      vertex -0.8763065338134766 -0.4817533493041992 67
      vertex -0.8763065338134766 -0.4817533493041992 0
    endloop
  endfacet
  facet normal -0.8607372813478726 -0.5090494401311854 0
    outer loop
      vertex -0.8763065338134766 -0.4817533493041992 67
      vertex -0.8443269729614258 -0.5358266830444336 0
      vertex -0.8443269729614258 -0.5358266830444336 67
    endloop
  endfacet
  facet normal -0.9408798643280056 -0.3387404329307526 0
    outer loop
      vertex -0.9297761917114258 -0.36812400817871094 0
      vertex -0.9510564804077148 -0.30901622772216797 67
      vertex -0.9510564804077148 -0.30901622772216797 0
    endloop
  endfacet
  facet normal -0.9408798643280056 -0.3387404329307526 0
    outer loop
      vertex -0.9510564804077148 -0.30901622772216797 67
      vertex -0.9297761917114258 -0.36812400817871094 0
      vertex -0.9297761917114258 -0.36812400817871094 67
    endloop
  endfacet
  facet normal -0.891013197394176 -0.4539774025977584 0
    outer loop
      vertex -0.8763065338134766 -0.4817533493041992 0
      vertex -0.9048261642456055 -0.4257783889770508 67
      vertex -0.9048261642456055 -0.4257783889770508 0
    endloop
  endfacet
  facet normal -0.891013197394176 -0.4539774025977584 0
    outer loop
      vertex -0.9048261642456055 -0.4257783889770508 67
      vertex -0.8763065338134766 -0.4817533493041992 0
      vertex -0.8763065338134766 -0.4817533493041992 67
    endloop
  endfacet
  facet normal -0.7901558839423499 -0.61290593003436 0
    outer loop
      vertex -0.770512580871582 -0.6374235153198242 0
      vertex -0.809016227722168 -0.5877847671508789 67
      vertex -0.809016227722168 -0.5877847671508789 0
    endloop
  endfacet
  facet normal -0.7901558839423499 -0.61290593003436 0
    outer loop
      vertex -0.809016227722168 -0.5877847671508789 67
      vertex -0.770512580871582 -0.6374235153198242 0
      vertex -0.770512580871582 -0.6374235153198242 67
    endloop
  endfacet
  facet normal -0.61290593003436 -0.7901558839423499 0
    outer loop
      vertex -0.6374235153198242 -0.770512580871582 0
      vertex -0.5877847671508789 -0.809016227722168 67
      vertex -0.6374235153198242 -0.770512580871582 67
    endloop
  endfacet
  facet normal -0.61290593003436 -0.7901558839423499 0
    outer loop
      vertex -0.5877847671508789 -0.809016227722168 67
      vertex -0.6374235153198242 -0.770512580871582 0
      vertex -0.5877847671508789 -0.809016227722168 0
    endloop
  endfacet
  facet normal 0.8607439328034021 -0.5090381932057086 0
    outer loop
      vertex 41.84432601928711 -0.5358266830444336 67
      vertex 41.876304626464844 -0.4817533493041992 0
      vertex 41.876304626464844 -0.4817533493041992 67
    endloop
  endfacet
  facet normal 0.8607439328034021 -0.5090381932057086 0
    outer loop
      vertex 41.876304626464844 -0.4817533493041992 0
      vertex 41.84432601928711 -0.5358266830444336 67
      vertex 41.84432601928711 -0.5358266830444336 0
    endloop
  endfacet
  facet normal 0.03142432711320473 -0.9995061338808694 0
    outer loop
      vertex 41 -1 0
      vertex 41.06278991699219 -0.9980258941650391 67
      vertex 41 -1 67
    endloop
  endfacet
  facet normal 0.03142432711320473 -0.9995061338808694 0
    outer loop
      vertex 41.06278991699219 -0.9980258941650391 67
      vertex 41 -1 0
      vertex 41.06278991699219 -0.9980258941650391 0
    endloop
  endfacet
  facet normal 0.6128912265129753 -0.7901672889100261 0
    outer loop
      vertex 41.58778381347656 -0.809016227722168 0
      vertex 41.63742446899414 -0.770512580871582 67
      vertex 41.58778381347656 -0.809016227722168 67
    endloop
  endfacet
  facet normal 0.6128912265129753 -0.7901672889100261 0
    outer loop
      vertex 41.63742446899414 -0.770512580871582 67
      vertex 41.58778381347656 -0.809016227722168 0
      vertex 41.63742446899414 -0.770512580871582 0
    endloop
  endfacet
  facet normal 0 1 0
    outer loop
      vertex 30.75 9.25 0
      vertex 10.25 9.25 6
      vertex 30.75 9.25 6
    endloop
  endfacet
  facet normal 0 1 0
    outer loop
      vertex 10.25 9.25 6
      vertex 30.75 9.25 0
      vertex 10.25 9.25 0
    endloop
  endfacet
  facet normal 0.987680853592627 -0.15648172879457747 0
    outer loop
      vertex 41.98228454589844 -0.18738079071044922 67
      vertex 41.99211502075195 -0.12533283233642578 0
      vertex 41.99211502075195 -0.12533283233642578 67
    endloop
  endfacet
  facet normal 0.987680853592627 -0.15648172879457747 0
    outer loop
      vertex 41.99211502075195 -0.12533283233642578 0
      vertex 41.98228454589844 -0.18738079071044922 67
      vertex 41.98228454589844 -0.18738079071044922 0
    endloop
  endfacet
  facet normal 0.9995051797977337 -0.0314546587566966 0
    outer loop
      vertex 41.998023986816406 -0.0627899169921875 67
      vertex 42 0 0
      vertex 42 0 67
    endloop
  endfacet
  facet normal 0.9995051797977337 -0.0314546587566966 0
    outer loop
      vertex 42 0 0
      vertex 41.998023986816406 -0.0627899169921875 67
      vertex 41.998023986816406 -0.0627899169921875 0
    endloop
  endfacet
  facet normal 0.21814069045922427 -0.9759173321372937 0
    outer loop
      vertex 41.187381744384766 -0.9822864532470703 0
      vertex 41.248687744140625 -0.9685831069946289 67
      vertex 41.187381744384766 -0.9822864532470703 67
    endloop
  endfacet
  facet normal 0.21814069045922427 -0.9759173321372937 0
    outer loop
      vertex 41.248687744140625 -0.9685831069946289 67
      vertex 41.187381744384766 -0.9822864532470703 0
      vertex 41.248687744140625 -0.9685831069946289 0
    endloop
  endfacet
  facet normal 0.7501301814071496 -0.661290186636757 0
    outer loop
      vertex 41.72896957397461 -0.6845464706420898 67
      vertex 41.770511627197266 -0.6374235153198242 0
      vertex 41.770511627197266 -0.6374235153198242 67
    endloop
  endfacet
  facet normal 0.7501301814071496 -0.661290186636757 0
    outer loop
      vertex 41.770511627197266 -0.6374235153198242 0
      vertex 41.72896957397461 -0.6845464706420898 67
      vertex 41.72896957397461 -0.6845464706420898 0
    endloop
  endfacet
  facet normal 0.15643261060695393 -0.9876886343067298 0
    outer loop
      vertex 41.12533187866211 -0.9921140670776367 0
      vertex 41.187381744384766 -0.9822864532470703 67
      vertex 41.12533187866211 -0.9921140670776367 67
    endloop
  endfacet
  facet normal 0.15643261060695393 -0.9876886343067298 0
    outer loop
      vertex 41.187381744384766 -0.9822864532470703 67
      vertex 41.12533187866211 -0.9921140670776367 0
      vertex 41.187381744384766 -0.9822864532470703 0
    endloop
  endfacet
  facet normal 0.09410627951094909 -0.9955621568524021 0
    outer loop
      vertex 41.06278991699219 -0.9980258941650391 0
      vertex 41.12533187866211 -0.9921140670776367 67
      vertex 41.06278991699219 -0.9980258941650391 67
    endloop
  endfacet
  facet normal 0.09410627951094909 -0.9955621568524021 0
    outer loop
      vertex 41.12533187866211 -0.9921140670776367 67
      vertex 41.06278991699219 -0.9980258941650391 0
      vertex 41.12533187866211 -0.9921140670776367 0
    endloop
  endfacet
  facet normal 0.6613072708271193 -0.7501151201990178 0
    outer loop
      vertex 41.63742446899414 -0.770512580871582 0
      vertex 41.684547424316406 -0.728968620300293 67
      vertex 41.63742446899414 -0.770512580871582 67
    endloop
  endfacet
  facet normal 0.6613072708271193 -0.7501151201990178 0
    outer loop
      vertex 41.684547424316406 -0.728968620300293 67
      vertex 41.63742446899414 -0.770512580871582 0
      vertex 41.684547424316406 -0.728968620300293 0
    endloop
  endfacet
  facet normal 0.3971745331363213 -0.9177430959848977 0
    outer loop
      vertex 41.368125915527344 -0.9297761917114258 0
      vertex 41.425777435302734 -0.9048261642456055 67
      vertex 41.368125915527344 -0.9297761917114258 67
    endloop
  endfacet
  facet normal 0.3971745331363213 -0.9177430959848977 0
    outer loop
      vertex 41.425777435302734 -0.9048261642456055 67
      vertex 41.368125915527344 -0.9297761917114258 0
      vertex 41.425777435302734 -0.9048261642456055 0
    endloop
  endfacet
  facet normal 0.2789809016533968 -0.9602966502662902 0
    outer loop
      vertex 41.248687744140625 -0.9685831069946289 0
      vertex 41.309017181396484 -0.9510564804077148 67
      vertex 41.248687744140625 -0.9685831069946289 67
    endloop
  endfacet
  facet normal 0.2789809016533968 -0.9602966502662902 0
    outer loop
      vertex 41.309017181396484 -0.9510564804077148 67
      vertex 41.248687744140625 -0.9685831069946289 0
      vertex 41.309017181396484 -0.9510564804077148 0
    endloop
  endfacet
  facet normal 0.5620982305423864 -0.8270704802017289 0
    outer loop
      vertex 41.53582763671875 -0.8443269729614258 0
      vertex 41.58778381347656 -0.809016227722168 67
      vertex 41.53582763671875 -0.8443269729614258 67
    endloop
  endfacet
  facet normal 0.5620982305423864 -0.8270704802017289 0
    outer loop
      vertex 41.58778381347656 -0.809016227722168 67
      vertex 41.53582763671875 -0.8443269729614258 0
      vertex 41.58778381347656 -0.809016227722168 0
    endloop
  endfacet
  facet normal 0.45396512174361286 -0.8910194544679184 0
    outer loop
      vertex 41.425777435302734 -0.9048261642456055 0
      vertex 41.481754302978516 -0.8763065338134766 67
      vertex 41.425777435302734 -0.9048261642456055 67
    endloop
  endfacet
  facet normal 0.45396512174361286 -0.8910194544679184 0
    outer loop
      vertex 41.481754302978516 -0.8763065338134766 67
      vertex 41.425777435302734 -0.9048261642456055 0
      vertex 41.481754302978516 -0.8763065338134766 0
    endloop
  endfacet
  facet normal 0.8909947753266305 -0.4540135574414568 0
    outer loop
      vertex 41.876304626464844 -0.4817533493041992 67
      vertex 41.90482711791992 -0.4257783889770508 0
      vertex 41.90482711791992 -0.4257783889770508 67
    endloop
  endfacet
  facet normal 0.8909947753266305 -0.4540135574414568 0
    outer loop
      vertex 41.90482711791992 -0.4257783889770508 0
      vertex 41.876304626464844 -0.4817533493041992 67
      vertex 41.876304626464844 -0.4817533493041992 0
    endloop
  endfacet
  facet normal 0.9408701874875643 -0.3387673099593812 0
    outer loop
      vertex 41.92977523803711 -0.36812400817871094 67
      vertex 41.95105743408203 -0.30901622772216797 0
      vertex 41.95105743408203 -0.30901622772216797 67
    endloop
  endfacet
  facet normal 0.9408701874875643 -0.3387673099593812 0
    outer loop
      vertex 41.95105743408203 -0.30901622772216797 0
      vertex 41.92977523803711 -0.36812400817871094 67
      vertex 41.92977523803711 -0.36812400817871094 0
    endloop
  endfacet
  facet normal 0.33873559471734044 -0.940881606192559 0
    outer loop
      vertex 41.309017181396484 -0.9510564804077148 0
      vertex 41.368125915527344 -0.9297761917114258 67
      vertex 41.309017181396484 -0.9510564804077148 67
    endloop
  endfacet
  facet normal 0.33873559471734044 -0.940881606192559 0
    outer loop
      vertex 41.368125915527344 -0.9297761917114258 67
      vertex 41.309017181396484 -0.9510564804077148 0
      vertex 41.368125915527344 -0.9297761917114258 0
    endloop
  endfacet
  facet normal 0.7071067811865476 -0.7071067811865476 0
    outer loop
      vertex 41.684547424316406 -0.728968620300293 67
      vertex 41.72896957397461 -0.6845464706420898 0
      vertex 41.72896957397461 -0.6845464706420898 67
    endloop
  endfacet
  facet normal 0.7071067811865476 -0.7071067811865476 0
    outer loop
      vertex 41.72896957397461 -0.6845464706420898 0
      vertex 41.684547424316406 -0.728968620300293 67
      vertex 41.684547424316406 -0.728968620300293 0
    endloop
  endfacet
  facet normal 0.9759227307595172 -0.21811653671119732 0
    outer loop
      vertex 41.96858215332031 -0.2486896514892578 67
      vertex 41.98228454589844 -0.18738079071044922 0
      vertex 41.98228454589844 -0.18738079071044922 67
    endloop
  endfacet
  facet normal 0.9759227307595172 -0.21811653671119732 0
    outer loop
      vertex 41.98228454589844 -0.18738079071044922 0
      vertex 41.96858215332031 -0.2486896514892578 67
      vertex 41.96858215332031 -0.2486896514892578 0
    endloop
  endfacet
  facet normal 0.9603012396075132 -0.2789651039256946 0
    outer loop
      vertex 41.95105743408203 -0.30901622772216797 67
      vertex 41.96858215332031 -0.2486896514892578 0
      vertex 41.96858215332031 -0.2486896514892578 67
    endloop
  endfacet
  facet normal 0.9603012396075132 -0.2789651039256946 0
    outer loop
      vertex 41.96858215332031 -0.2486896514892578 0
      vertex 41.95105743408203 -0.30901622772216797 67
      vertex 41.95105743408203 -0.30901622772216797 0
    endloop
  endfacet
  facet normal 0.5090494401311854 -0.8607372813478726 0
    outer loop
      vertex 41.481754302978516 -0.8763065338134766 0
      vertex 41.53582763671875 -0.8443269729614258 67
      vertex 41.481754302978516 -0.8763065338134766 67
    endloop
  endfacet
  facet normal 0.5090494401311854 -0.8607372813478726 0
    outer loop
      vertex 41.53582763671875 -0.8443269729614258 67
      vertex 41.481754302978516 -0.8763065338134766 0
      vertex 41.53582763671875 -0.8443269729614258 0
    endloop
  endfacet
  facet normal 0.7901411802205841 -0.6129248855444054 0
    outer loop
      vertex 41.770511627197266 -0.6374235153198242 67
      vertex 41.809017181396484 -0.5877847671508789 0
      vertex 41.809017181396484 -0.5877847671508789 67
    endloop
  endfacet
  facet normal 0.7901411802205841 -0.6129248855444054 0
    outer loop
      vertex 41.809017181396484 -0.5877847671508789 0
      vertex 41.770511627197266 -0.6374235153198242 67
      vertex 41.770511627197266 -0.6374235153198242 0
    endloop
  endfacet
  facet normal 0.9955665569863844 -0.0940597183191418 0
    outer loop
      vertex 41.99211502075195 -0.12533283233642578 67
      vertex 41.998023986816406 -0.0627899169921875 0
      vertex 41.998023986816406 -0.0627899169921875 67
    endloop
  endfacet
  facet normal 0.9955665569863844 -0.0940597183191418 0
    outer loop
      vertex 41.998023986816406 -0.0627899169921875 0
      vertex 41.99211502075195 -0.12533283233642578 67
      vertex 41.99211502075195 -0.12533283233642578 0
    endloop
  endfacet
  facet normal 0.9177613462719038 -0.39713235991188495 0
    outer loop
      vertex 41.90482711791992 -0.4257783889770508 67
      vertex 41.92977523803711 -0.36812400817871094 0
      vertex 41.92977523803711 -0.36812400817871094 67
    endloop
  endfacet
  facet normal 0.9177613462719038 -0.39713235991188495 0
    outer loop
      vertex 41.92977523803711 -0.36812400817871094 0
      vertex 41.90482711791992 -0.4257783889770508 67
      vertex 41.90482711791992 -0.4257783889770508 0
    endloop
  endfacet
  facet normal 0.8270941876961544 -0.5620633457887453 0
    outer loop
      vertex 41.809017181396484 -0.5877847671508789 67
      vertex 41.84432601928711 -0.5358266830444336 0
      vertex 41.84432601928711 -0.5358266830444336 67
    endloop
  endfacet
  facet normal 0.8270941876961544 -0.5620633457887453 0
    outer loop
      vertex 41.84432601928711 -0.5358266830444336 0
      vertex 41.809017181396484 -0.5877847671508789 67
      vertex 41.809017181396484 -0.5877847671508789 0
    endloop
  endfacet
  facet normal -0.995563713412873 -0.09408981100826438 0
    outer loop
      vertex 29.757884979248047 -0.12533283233642578 6
      vertex 29.75197410583496 -0.0627899169921875 67
      vertex 29.75197410583496 -0.0627899169921875 6
    endloop
  endfacet
  facet normal -0.995563713412873 -0.09408981100826438 0
    outer loop
      vertex 29.75197410583496 -0.0627899169921875 67
      vertex 29.757884979248047 -0.12533283233642578 6
      vertex 29.757884979248047 -0.12533283233642578 67
    endloop
  endfacet
  facet normal -0.6128912265129753 0.7901672889100261 0
    outer loop
      vertex 30.162216186523438 2.309016227722168 6
      vertex 30.11257553100586 2.270512580871582 67
      vertex 30.162216186523438 2.309016227722168 67
    endloop
  endfacet
  facet normal -0.6128912265129753 0.7901672889100261 0
    outer loop
      vertex 30.11257553100586 2.270512580871582 67
      vertex 30.162216186523438 2.309016227722168 6
      vertex 30.11257553100586 2.270512580871582 6
    endloop
  endfacet
  facet normal -0.03142432711320473 0.9995061338808694 0
    outer loop
      vertex 30.75 2.5 6
      vertex 30.687210083007812 2.498025894165039 67
      vertex 30.75 2.5 67
    endloop
  endfacet
  facet normal -0.03142432711320473 0.9995061338808694 0
    outer loop
      vertex 30.687210083007812 2.498025894165039 67
      vertex 30.75 2.5 6
      vertex 30.687210083007812 2.498025894165039 6
    endloop
  endfacet
  facet normal -0.9603012396075132 -0.27896510392569457 0
    outer loop
      vertex 29.79894256591797 -0.30901622772216797 6
      vertex 29.781417846679688 -0.2486896514892578 67
      vertex 29.781417846679688 -0.2486896514892578 6
    endloop
  endfacet
  facet normal -0.9603012396075132 -0.27896510392569457 0
    outer loop
      vertex 29.781417846679688 -0.2486896514892578 67
      vertex 29.79894256591797 -0.30901622772216797 6
      vertex 29.79894256591797 -0.30901622772216797 67
    endloop
  endfacet
  facet normal 0 1 0
    outer loop
      vertex 38.5 2.5 6
      vertex 30.75 2.5 67
      vertex 38.5 2.5 67
    endloop
  endfacet
  facet normal 0 1 0
    outer loop
      vertex 30.75 2.5 67
      vertex 38.5 2.5 6
      vertex 30.75 2.5 6
    endloop
  endfacet
  facet normal -0.21813422681711409 0.9759187768922678 0
    outer loop
      vertex 30.562618255615234 2.4822864532470703 6
      vertex 30.501310348510742 2.468583106994629 67
      vertex 30.562618255615234 2.4822864532470703 67
    endloop
  endfacet
  facet normal -0.21813422681711409 0.9759187768922678 0
    outer loop
      vertex 30.501310348510742 2.468583106994629 67
      vertex 30.562618255615234 2.4822864532470703 6
      vertex 30.501310348510742 2.468583106994629 6
    endloop
  endfacet
  facet normal -0.6613072708271193 0.7501151201990178 0
    outer loop
      vertex 30.11257553100586 2.270512580871582 6
      vertex 30.065452575683594 2.228968620300293 67
      vertex 30.11257553100586 2.270512580871582 67
    endloop
  endfacet
  facet normal -0.6613072708271193 0.7501151201990178 0
    outer loop
      vertex 30.065452575683594 2.228968620300293 67
      vertex 30.11257553100586 2.270512580871582 6
      vertex 30.065452575683594 2.228968620300293 6
    endloop
  endfacet
  facet normal -0.09410627951094909 0.9955621568524021 0
    outer loop
      vertex 30.687210083007812 2.498025894165039 6
      vertex 30.62466812133789 2.4921140670776367 67
      vertex 30.687210083007812 2.498025894165039 67
    endloop
  endfacet
  facet normal -0.09410627951094909 0.9955621568524021 0
    outer loop
      vertex 30.62466812133789 2.4921140670776367 67
      vertex 30.687210083007812 2.498025894165039 6
      vertex 30.62466812133789 2.4921140670776367 6
    endloop
  endfacet
  facet normal -0.5090494401311854 0.8607372813478725 0
    outer loop
      vertex 30.268245697021484 2.3763065338134766 6
      vertex 30.21417236328125 2.344326972961426 67
      vertex 30.268245697021484 2.3763065338134766 67
    endloop
  endfacet
  facet normal -0.5090494401311854 0.8607372813478725 0
    outer loop
      vertex 30.21417236328125 2.344326972961426 67
      vertex 30.268245697021484 2.3763065338134766 6
      vertex 30.21417236328125 2.344326972961426 6
    endloop
  endfacet
  facet normal -0.8910070567833624 -0.4539894544614993 0
    outer loop
      vertex 29.873693466186523 -0.4817533493041992 6
      vertex 29.845172882080078 -0.4257783889770508 67
      vertex 29.845172882080078 -0.4257783889770508 6
    endloop
  endfacet
  facet normal -0.8910070567833624 -0.4539894544614993 0
    outer loop
      vertex 29.845172882080078 -0.4257783889770508 67
      vertex 29.873693466186523 -0.4817533493041992 6
      vertex 29.873693466186523 -0.4817533493041992 67
    endloop
  endfacet
  facet normal -0.9177613462719038 0.3971323599118849 0
    outer loop
      vertex 29.82022476196289 1.868124008178711 6
      vertex 29.845172882080078 1.9257783889770508 67
      vertex 29.845172882080078 1.9257783889770508 6
    endloop
  endfacet
  facet normal -0.9177613462719038 0.3971323599118849 0
    outer loop
      vertex 29.845172882080078 1.9257783889770508 67
      vertex 29.82022476196289 1.868124008178711 6
      vertex 29.82022476196289 1.868124008178711 67
    endloop
  endfacet
  facet normal -0.7501301814071496 0.661290186636757 0
    outer loop
      vertex 29.979488372802734 2.137423515319824 6
      vertex 30.02103042602539 2.18454647064209 67
      vertex 30.02103042602539 2.18454647064209 6
    endloop
  endfacet
  facet normal -0.7501301814071496 0.661290186636757 0
    outer loop
      vertex 30.02103042602539 2.18454647064209 67
      vertex 29.979488372802734 2.137423515319824 6
      vertex 29.979488372802734 2.137423515319824 67
    endloop
  endfacet
  facet normal -0.9177613462719038 -0.3971323599118849 0
    outer loop
      vertex 29.845172882080078 -0.4257783889770508 6
      vertex 29.82022476196289 -0.36812400817871094 67
      vertex 29.82022476196289 -0.36812400817871094 6
    endloop
  endfacet
  facet normal -0.9177613462719038 -0.3971323599118849 0
    outer loop
      vertex 29.82022476196289 -0.36812400817871094 67
      vertex 29.845172882080078 -0.4257783889770508 6
      vertex 29.845172882080078 -0.4257783889770508 67
    endloop
  endfacet
  facet normal -0.09410627951094909 -0.9955621568524021 0
    outer loop
      vertex 30.62466812133789 -0.9921140670776367 6
      vertex 30.687210083007812 -0.9980258941650391 67
      vertex 30.62466812133789 -0.9921140670776367 67
    endloop
  endfacet
  facet normal -0.09410627951094909 -0.9955621568524021 0
    outer loop
      vertex 30.687210083007812 -0.9980258941650391 67
      vertex 30.62466812133789 -0.9921140670776367 6
      vertex 30.687210083007812 -0.9980258941650391 6
    endloop
  endfacet
  facet normal -0.2789890355423167 0.9602942872094824 0
    outer loop
      vertex 30.501310348510742 2.468583106994629 6
      vertex 30.440982818603516 2.451056480407715 67
      vertex 30.501310348510742 2.468583106994629 67
    endloop
  endfacet
  facet normal -0.2789890355423167 0.9602942872094824 0
    outer loop
      vertex 30.440982818603516 2.451056480407715 67
      vertex 30.501310348510742 2.468583106994629 6
      vertex 30.440982818603516 2.451056480407715 6
    endloop
  endfacet
  facet normal -0.15643261060695393 0.9876886343067298 0
    outer loop
      vertex 30.62466812133789 2.4921140670776367 6
      vertex 30.562618255615234 2.4822864532470703 67
      vertex 30.62466812133789 2.4921140670776367 67
    endloop
  endfacet
  facet normal -0.15643261060695393 0.9876886343067298 0
    outer loop
      vertex 30.562618255615234 2.4822864532470703 67
      vertex 30.62466812133789 2.4921140670776367 6
      vertex 30.562618255615234 2.4822864532470703 6
    endloop
  endfacet
  facet normal -0.8607306298481877 -0.5090606867959282 0
    outer loop
      vertex 29.90567398071289 -0.5358266830444336 6
      vertex 29.873693466186523 -0.4817533493041992 67
      vertex 29.873693466186523 -0.4817533493041992 6
    endloop
  endfacet
  facet normal -0.8607306298481877 -0.5090606867959282 0
    outer loop
      vertex 29.873693466186523 -0.4817533493041992 67
      vertex 29.90567398071289 -0.5358266830444336 6
      vertex 29.90567398071289 -0.5358266830444336 67
    endloop
  endfacet
  facet normal -0.3387452712734191 0.9408781223888127 0
    outer loop
      vertex 30.440982818603516 2.451056480407715 6
      vertex 30.38187599182129 2.429776191711426 67
      vertex 30.440982818603516 2.451056480407715 67
    endloop
  endfacet
  facet normal -0.3387452712734191 0.9408781223888127 0
    outer loop
      vertex 30.38187599182129 2.429776191711426 67
      vertex 30.440982818603516 2.451056480407715 6
      vertex 30.38187599182129 2.429776191711426 6
    endloop
  endfacet
  facet normal -0.5090494401311854 -0.8607372813478725 0
    outer loop
      vertex 30.21417236328125 -0.8443269729614258 6
      vertex 30.268245697021484 -0.8763065338134766 67
      vertex 30.21417236328125 -0.8443269729614258 67
    endloop
  endfacet
  facet normal -0.5090494401311854 -0.8607372813478725 0
    outer loop
      vertex 30.268245697021484 -0.8763065338134766 67
      vertex 30.21417236328125 -0.8443269729614258 6
      vertex 30.268245697021484 -0.8763065338134766 6
    endloop
  endfacet
  facet normal -0.7071067811865476 0.7071067811865476 0
    outer loop
      vertex 30.02103042602539 2.18454647064209 6
      vertex 30.065452575683594 2.228968620300293 67
      vertex 30.065452575683594 2.228968620300293 6
    endloop
  endfacet
  facet normal -0.7071067811865476 0.7071067811865476 0
    outer loop
      vertex 30.065452575683594 2.228968620300293 67
      vertex 30.02103042602539 2.18454647064209 6
      vertex 30.02103042602539 2.18454647064209 67
    endloop
  endfacet
  facet normal -1 0 0
    outer loop
      vertex 29.75 0 6
      vertex 29.75 1.5 67
      vertex 29.75 1.5 6
    endloop
  endfacet
  facet normal -1 0 0
    outer loop
      vertex 29.75 1.5 67
      vertex 29.75 0 6
      vertex 29.75 0 67
    endloop
  endfacet
  facet normal -0.6128912265129753 -0.7901672889100261 0
    outer loop
      vertex 30.11257553100586 -0.770512580871582 6
      vertex 30.162216186523438 -0.809016227722168 67
      vertex 30.11257553100586 -0.770512580871582 67
    endloop
  endfacet
  facet normal -0.6128912265129753 -0.7901672889100261 0
    outer loop
      vertex 30.162216186523438 -0.809016227722168 67
      vertex 30.11257553100586 -0.770512580871582 6
      vertex 30.162216186523438 -0.809016227722168 6
    endloop
  endfacet
  facet normal -0.03142432711320473 -0.9995061338808694 0
    outer loop
      vertex 30.687210083007812 -0.9980258941650391 6
      vertex 30.75 -1 67
      vertex 30.687210083007812 -0.9980258941650391 67
    endloop
  endfacet
  facet normal -0.03142432711320473 -0.9995061338808694 0
    outer loop
      vertex 30.75 -1 67
      vertex 30.687210083007812 -0.9980258941650391 6
      vertex 30.75 -1 6
    endloop
  endfacet
  facet normal -0.45396512174361286 0.8910194544679184 0
    outer loop
      vertex 30.324222564697266 2.4048261642456055 6
      vertex 30.268245697021484 2.3763065338134766 67
      vertex 30.324222564697266 2.4048261642456055 67
    endloop
  endfacet
  facet normal -0.45396512174361286 0.8910194544679184 0
    outer loop
      vertex 30.268245697021484 2.3763065338134766 67
      vertex 30.324222564697266 2.4048261642456055 6
      vertex 30.268245697021484 2.3763065338134766 6
    endloop
  endfacet
  facet normal -0.7901411802205841 -0.6129248855444055 0
    outer loop
      vertex 29.979488372802734 -0.6374235153198242 6
      vertex 29.940982818603516 -0.5877847671508789 67
      vertex 29.940982818603516 -0.5877847671508789 6
    endloop
  endfacet
  facet normal -0.7901411802205841 -0.6129248855444055 0
    outer loop
      vertex 29.940982818603516 -0.5877847671508789 67
      vertex 29.979488372802734 -0.6374235153198242 6
      vertex 29.979488372802734 -0.6374235153198242 67
    endloop
  endfacet
  facet normal -0.8270941876961543 -0.5620633457887453 0
    outer loop
      vertex 29.940982818603516 -0.5877847671508789 6
      vertex 29.90567398071289 -0.5358266830444336 67
      vertex 29.90567398071289 -0.5358266830444336 6
    endloop
  endfacet
  facet normal -0.8270941876961543 -0.5620633457887453 0
    outer loop
      vertex 29.90567398071289 -0.5358266830444336 67
      vertex 29.940982818603516 -0.5877847671508789 6
      vertex 29.940982818603516 -0.5877847671508789 67
    endloop
  endfacet
  facet normal -0.9759162674908747 0.21814545341739183 0
    outer loop
      vertex 29.76771354675293 1.6873807907104492 6
      vertex 29.781417846679688 1.7486896514892578 67
      vertex 29.781417846679688 1.7486896514892578 6
    endloop
  endfacet
  facet normal -0.9759162674908747 0.21814545341739183 0
    outer loop
      vertex 29.781417846679688 1.7486896514892578 67
      vertex 29.76771354675293 1.6873807907104492 6
      vertex 29.76771354675293 1.6873807907104492 67
    endloop
  endfacet
  facet normal -0.45396512174361286 -0.8910194544679184 0
    outer loop
      vertex 30.268245697021484 -0.8763065338134766 6
      vertex 30.324222564697266 -0.9048261642456055 67
      vertex 30.268245697021484 -0.8763065338134766 67
    endloop
  endfacet
  facet normal -0.45396512174361286 -0.8910194544679184 0
    outer loop
      vertex 30.324222564697266 -0.9048261642456055 67
      vertex 30.268245697021484 -0.8763065338134766 6
      vertex 30.324222564697266 -0.9048261642456055 6
    endloop
  endfacet
  facet normal -0.15643261060695393 -0.9876886343067298 0
    outer loop
      vertex 30.562618255615234 -0.9822864532470703 6
      vertex 30.62466812133789 -0.9921140670776367 67
      vertex 30.562618255615234 -0.9822864532470703 67
    endloop
  endfacet
  facet normal -0.15643261060695393 -0.9876886343067298 0
    outer loop
      vertex 30.62466812133789 -0.9921140670776367 67
      vertex 30.562618255615234 -0.9822864532470703 6
      vertex 30.62466812133789 -0.9921140670776367 6
    endloop
  endfacet
  facet normal -0.9408701874875643 0.3387673099593812 0
    outer loop
      vertex 29.79894256591797 1.809016227722168 6
      vertex 29.82022476196289 1.868124008178711 67
      vertex 29.82022476196289 1.868124008178711 6
    endloop
  endfacet
  facet normal -0.9408701874875643 0.3387673099593812 0
    outer loop
      vertex 29.82022476196289 1.868124008178711 67
      vertex 29.79894256591797 1.809016227722168 6
      vertex 29.79894256591797 1.809016227722168 67
    endloop
  endfacet
  facet normal -0.5620982305423864 0.8270704802017288 0
    outer loop
      vertex 30.21417236328125 2.344326972961426 6
      vertex 30.162216186523438 2.309016227722168 67
      vertex 30.21417236328125 2.344326972961426 67
    endloop
  endfacet
  facet normal -0.5620982305423864 0.8270704802017288 0
    outer loop
      vertex 30.162216186523438 2.309016227722168 67
      vertex 30.21417236328125 2.344326972961426 6
      vertex 30.162216186523438 2.309016227722168 6
    endloop
  endfacet
  facet normal -0.3971634660830726 -0.9177478854287162 0
    outer loop
      vertex 30.324222564697266 -0.9048261642456055 6
      vertex 30.38187599182129 -0.9297761917114258 67
      vertex 30.324222564697266 -0.9048261642456055 67
    endloop
  endfacet
  facet normal -0.3971634660830726 -0.9177478854287162 0
    outer loop
      vertex 30.38187599182129 -0.9297761917114258 67
      vertex 30.324222564697266 -0.9048261642456055 6
      vertex 30.38187599182129 -0.9297761917114258 6
    endloop
  endfacet
  facet normal -0.3387452712734191 -0.9408781223888127 0
    outer loop
      vertex 30.38187599182129 -0.9297761917114258 6
      vertex 30.440982818603516 -0.9510564804077148 67
      vertex 30.38187599182129 -0.9297761917114258 67
    endloop
  endfacet
  facet normal -0.3387452712734191 -0.9408781223888127 0
    outer loop
      vertex 30.440982818603516 -0.9510564804077148 67
      vertex 30.38187599182129 -0.9297761917114258 6
      vertex 30.440982818603516 -0.9510564804077148 6
    endloop
  endfacet
  facet normal -0.5620982305423864 -0.8270704802017288 0
    outer loop
      vertex 30.162216186523438 -0.809016227722168 6
      vertex 30.21417236328125 -0.8443269729614258 67
      vertex 30.162216186523438 -0.809016227722168 67
    endloop
  endfacet
  facet normal -0.5620982305423864 -0.8270704802017288 0
    outer loop
      vertex 30.21417236328125 -0.8443269729614258 67
      vertex 30.162216186523438 -0.809016227722168 6
      vertex 30.21417236328125 -0.8443269729614258 6
    endloop
  endfacet
  facet normal -0.9759162674908747 -0.21814545341739183 0
    outer loop
      vertex 29.781417846679688 -0.2486896514892578 6
      vertex 29.76771354675293 -0.18738079071044922 67
      vertex 29.76771354675293 -0.18738079071044922 6
    endloop
  endfacet
  facet normal -0.9759162674908747 -0.21814545341739183 0
    outer loop
      vertex 29.76771354675293 -0.18738079071044922 67
      vertex 29.781417846679688 -0.2486896514892578 6
      vertex 29.781417846679688 -0.2486896514892578 67
    endloop
  endfacet
  facet normal -0.9995061338808694 -0.03142432711320473 0
    outer loop
      vertex 29.75197410583496 -0.0627899169921875 6
      vertex 29.75 0 67
      vertex 29.75 0 6
    endloop
  endfacet
  facet normal -0.9995061338808694 -0.03142432711320473 0
    outer loop
      vertex 29.75 0 67
      vertex 29.75197410583496 -0.0627899169921875 6
      vertex 29.75197410583496 -0.0627899169921875 67
    endloop
  endfacet
  facet normal -0.9408701874875643 -0.3387673099593812 0
    outer loop
      vertex 29.82022476196289 -0.36812400817871094 6
      vertex 29.79894256591797 -0.30901622772216797 67
      vertex 29.79894256591797 -0.30901622772216797 6
    endloop
  endfacet
  facet normal -0.9408701874875643 -0.3387673099593812 0
    outer loop
      vertex 29.79894256591797 -0.30901622772216797 67
      vertex 29.82022476196289 -0.36812400817871094 6
      vertex 29.82022476196289 -0.36812400817871094 67
    endloop
  endfacet
  facet normal -0.9876855456190874 -0.15645211080431456 0
    outer loop
      vertex 29.76771354675293 -0.18738079071044922 6
      vertex 29.757884979248047 -0.12533283233642578 67
      vertex 29.757884979248047 -0.12533283233642578 6
    endloop
  endfacet
  facet normal -0.9876855456190874 -0.15645211080431456 0
    outer loop
      vertex 29.757884979248047 -0.12533283233642578 67
      vertex 29.76771354675293 -0.18738079071044922 6
      vertex 29.76771354675293 -0.18738079071044922 67
    endloop
  endfacet
  facet normal -0.7071067811865476 -0.7071067811865476 0
    outer loop
      vertex 30.065452575683594 -0.728968620300293 6
      vertex 30.02103042602539 -0.6845464706420898 67
      vertex 30.02103042602539 -0.6845464706420898 6
    endloop
  endfacet
  facet normal -0.7071067811865476 -0.7071067811865476 0
    outer loop
      vertex 30.02103042602539 -0.6845464706420898 67
      vertex 30.065452575683594 -0.728968620300293 6
      vertex 30.065452575683594 -0.728968620300293 67
    endloop
  endfacet
  facet normal -0.3971634660830726 0.9177478854287162 0
    outer loop
      vertex 30.38187599182129 2.429776191711426 6
      vertex 30.324222564697266 2.4048261642456055 67
      vertex 30.38187599182129 2.429776191711426 67
    endloop
  endfacet
  facet normal -0.3971634660830726 0.9177478854287162 0
    outer loop
      vertex 30.324222564697266 2.4048261642456055 67
      vertex 30.38187599182129 2.429776191711426 6
      vertex 30.324222564697266 2.4048261642456055 6
    endloop
  endfacet
  facet normal -0.8270941876961543 0.5620633457887453 0
    outer loop
      vertex 29.90567398071289 2.0358266830444336 6
      vertex 29.940982818603516 2.087784767150879 67
      vertex 29.940982818603516 2.087784767150879 6
    endloop
  endfacet
  facet normal -0.8270941876961543 0.5620633457887453 0
    outer loop
      vertex 29.940982818603516 2.087784767150879 67
      vertex 29.90567398071289 2.0358266830444336 6
      vertex 29.90567398071289 2.0358266830444336 67
    endloop
  endfacet
  facet normal -0.7501301814071496 -0.661290186636757 0
    outer loop
      vertex 30.02103042602539 -0.6845464706420898 6
      vertex 29.979488372802734 -0.6374235153198242 67
      vertex 29.979488372802734 -0.6374235153198242 6
    endloop
  endfacet
  facet normal -0.7501301814071496 -0.661290186636757 0
    outer loop
      vertex 29.979488372802734 -0.6374235153198242 67
      vertex 30.02103042602539 -0.6845464706420898 6
      vertex 30.02103042602539 -0.6845464706420898 67
    endloop
  endfacet
  facet normal -0.9603012396075132 0.27896510392569457 0
    outer loop
      vertex 29.781417846679688 1.7486896514892578 6
      vertex 29.79894256591797 1.809016227722168 67
      vertex 29.79894256591797 1.809016227722168 6
    endloop
  endfacet
  facet normal -0.9603012396075132 0.27896510392569457 0
    outer loop
      vertex 29.79894256591797 1.809016227722168 67
      vertex 29.781417846679688 1.7486896514892578 6
      vertex 29.781417846679688 1.7486896514892578 67
    endloop
  endfacet
  facet normal -0.8607306298481877 0.5090606867959282 0
    outer loop
      vertex 29.873693466186523 1.9817533493041992 6
      vertex 29.90567398071289 2.0358266830444336 67
      vertex 29.90567398071289 2.0358266830444336 6
    endloop
  endfacet
  facet normal -0.8607306298481877 0.5090606867959282 0
    outer loop
      vertex 29.90567398071289 2.0358266830444336 67
      vertex 29.873693466186523 1.9817533493041992 6
      vertex 29.873693466186523 1.9817533493041992 67
    endloop
  endfacet
  facet normal -0.2789890355423167 -0.9602942872094824 0
    outer loop
      vertex 30.440982818603516 -0.9510564804077148 6
      vertex 30.501310348510742 -0.9685831069946289 67
      vertex 30.440982818603516 -0.9510564804077148 67
    endloop
  endfacet
  facet normal -0.2789890355423167 -0.9602942872094824 0
    outer loop
      vertex 30.501310348510742 -0.9685831069946289 67
      vertex 30.440982818603516 -0.9510564804077148 6
      vertex 30.501310348510742 -0.9685831069946289 6
    endloop
  endfacet
  facet normal -0.21813422681711409 -0.9759187768922678 0
    outer loop
      vertex 30.501310348510742 -0.9685831069946289 6
      vertex 30.562618255615234 -0.9822864532470703 67
      vertex 30.501310348510742 -0.9685831069946289 67
    endloop
  endfacet
  facet normal -0.21813422681711409 -0.9759187768922678 0
    outer loop
      vertex 30.562618255615234 -0.9822864532470703 67
      vertex 30.501310348510742 -0.9685831069946289 6
      vertex 30.562618255615234 -0.9822864532470703 6
    endloop
  endfacet
  facet normal -0.9876855456190874 0.15645211080431456 0
    outer loop
      vertex 29.757884979248047 1.6253328323364258 6
      vertex 29.76771354675293 1.6873807907104492 67
      vertex 29.76771354675293 1.6873807907104492 6
    endloop
  endfacet
  facet normal -0.9876855456190874 0.15645211080431456 0
    outer loop
      vertex 29.76771354675293 1.6873807907104492 67
      vertex 29.757884979248047 1.6253328323364258 6
      vertex 29.757884979248047 1.6253328323364258 67
    endloop
  endfacet
  facet normal -0.8910070567833624 0.4539894544614993 0
    outer loop
      vertex 29.845172882080078 1.9257783889770508 6
      vertex 29.873693466186523 1.9817533493041992 67
      vertex 29.873693466186523 1.9817533493041992 6
    endloop
  endfacet
  facet normal -0.8910070567833624 0.4539894544614993 0
    outer loop
      vertex 29.873693466186523 1.9817533493041992 67
      vertex 29.845172882080078 1.9257783889770508 6
      vertex 29.845172882080078 1.9257783889770508 67
    endloop
  endfacet
  facet normal -0.9995061338808694 0.03142432711320473 0
    outer loop
      vertex 29.75 1.5 6
      vertex 29.75197410583496 1.5627899169921875 67
      vertex 29.75197410583496 1.5627899169921875 6
    endloop
  endfacet
  facet normal -0.9995061338808694 0.03142432711320473 0
    outer loop
      vertex 29.75197410583496 1.5627899169921875 67
      vertex 29.75 1.5 6
      vertex 29.75 1.5 67
    endloop
  endfacet
  facet normal -0.995563713412873 0.09408981100826438 0
    outer loop
      vertex 29.75197410583496 1.5627899169921875 6
      vertex 29.757884979248047 1.6253328323364258 67
      vertex 29.757884979248047 1.6253328323364258 6
    endloop
  endfacet
  facet normal -0.995563713412873 0.09408981100826438 0
    outer loop
      vertex 29.757884979248047 1.6253328323364258 67
      vertex 29.75197410583496 1.5627899169921875 6
      vertex 29.75197410583496 1.5627899169921875 67
    endloop
  endfacet
  facet normal -0.6613072708271193 -0.7501151201990178 0
    outer loop
      vertex 30.065452575683594 -0.728968620300293 6
      vertex 30.11257553100586 -0.770512580871582 67
      vertex 30.065452575683594 -0.728968620300293 67
    endloop
  endfacet
  facet normal -0.6613072708271193 -0.7501151201990178 0
    outer loop
      vertex 30.11257553100586 -0.770512580871582 67
      vertex 30.065452575683594 -0.728968620300293 6
      vertex 30.11257553100586 -0.770512580871582 6
    endloop
  endfacet
  facet normal -0.7901411802205841 0.6129248855444055 0
    outer loop
      vertex 29.940982818603516 2.087784767150879 6
      vertex 29.979488372802734 2.137423515319824 67
      vertex 29.979488372802734 2.137423515319824 6
    endloop
  endfacet
  facet normal -0.7901411802205841 0.6129248855444055 0
    outer loop
      vertex 29.979488372802734 2.137423515319824 67
      vertex 29.940982818603516 2.087784767150879 6
      vertex 29.940982818603516 2.087784767150879 67
    endloop
  endfacet
  facet normal 0 0 1
    outer loop
      vertex 41 11.25 67
      vertex 42 10.25 67
      vertex 41.998023986816406 10.312789916992188 67
    endloop
  endfacet
  facet normal 0 0 1
    outer loop
      vertex 42 10.25 67
      vertex 38.5 2.5 67
      vertex 42 0 67
    endloop
  endfacet
  facet normal 0 0 1
    outer loop
      vertex 41 11.25 67
      vertex 41.998023986816406 10.312789916992188 67
      vertex 41.99211502075195 10.375332832336426 67
    endloop
  endfacet
  facet normal 0 0 1
    outer loop
      vertex 41 -1 67
      vertex 42 0 67
      vertex 38.5 2.5 67
    endloop
  endfacet
  facet normal 0 0 1
    outer loop
      vertex 41 11.25 67
      vertex 41.99211502075195 10.375332832336426 67
      vertex 41.98228454589844 10.43738079071045 67
    endloop
  endfacet
  facet normal 0 0 1
    outer loop
      vertex 42 0 67
      vertex 41 -1 67
      vertex 41.998023986816406 -0.0627899169921875 67
    endloop
  endfacet
  facet normal 0 0 1
    outer loop
      vertex 41 11.25 67
      vertex 41.98228454589844 10.43738079071045 67
      vertex 41.96858215332031 10.498689651489258 67
    endloop
  endfacet
  facet normal 0 0 1
    outer loop
      vertex 41.998023986816406 -0.0627899169921875 67
      vertex 41 -1 67
      vertex 41.99211502075195 -0.12533283233642578 67
    endloop
  endfacet
  facet normal 0 0 1
    outer loop
      vertex 41 11.25 67
      vertex 41.96858215332031 10.498689651489258 67
      vertex 41.95105743408203 10.559016227722168 67
    endloop
  endfacet
  facet normal 0 0 1
    outer loop
      vertex 41.99211502075195 -0.12533283233642578 67
      vertex 41 -1 67
      vertex 41.98228454589844 -0.18738079071044922 67
    endloop
  endfacet
  facet normal 0 0 1
    outer loop
      vertex 41 11.25 67
      vertex 41.95105743408203 10.559016227722168 67
      vertex 41.92977523803711 10.618124008178711 67
    endloop
  endfacet
  facet normal 0 0 1
    outer loop
      vertex 41.98228454589844 -0.18738079071044922 67
      vertex 41 -1 67
      vertex 41.96858215332031 -0.2486896514892578 67
    endloop
  endfacet
  facet normal 0 0 1
    outer loop
      vertex 41 11.25 67
      vertex 41.92977523803711 10.618124008178711 67
      vertex 41.90482711791992 10.67577838897705 67
    endloop
  endfacet
  facet normal 0 0 1
    outer loop
      vertex 41.96858215332031 -0.2486896514892578 67
      vertex 41 -1 67
      vertex 41.95105743408203 -0.30901622772216797 67
    endloop
  endfacet
  facet normal 0 0 1
    outer loop
      vertex 41 11.25 67
      vertex 41.90482711791992 10.67577838897705 67
      vertex 41.876304626464844 10.7317533493042 67
    endloop
  endfacet
  facet normal 0 0 1
    outer loop
      vertex 41.95105743408203 -0.30901622772216797 67
      vertex 41 -1 67
      vertex 41.92977523803711 -0.36812400817871094 67
    endloop
  endfacet
  facet normal 0 0 1
    outer loop
      vertex 41 11.25 67
      vertex 41.876304626464844 10.7317533493042 67
      vertex 41.84432601928711 10.785826683044434 67
    endloop
  endfacet
  facet normal 0 0 1
    outer loop
      vertex 41.92977523803711 -0.36812400817871094 67
      vertex 41 -1 67
      vertex 41.90482711791992 -0.4257783889770508 67
    endloop
  endfacet
  facet normal 0 0 1
    outer loop
      vertex 41 11.25 67
      vertex 41.84432601928711 10.785826683044434 67
      vertex 41.809017181396484 10.837784767150879 67
    endloop
  endfacet
  facet normal 0 0 1
    outer loop
      vertex 41.90482711791992 -0.4257783889770508 67
      vertex 41 -1 67
      vertex 41.876304626464844 -0.4817533493041992 67
    endloop
  endfacet
  facet normal 0 0 1
    outer loop
      vertex 41 11.25 67
      vertex 41.809017181396484 10.837784767150879 67
      vertex 41.770511627197266 10.887423515319824 67
    endloop
  endfacet
  facet normal 0 0 1
    outer loop
      vertex 41.876304626464844 -0.4817533493041992 67
      vertex 41 -1 67
      vertex 41.84432601928711 -0.5358266830444336 67
    endloop
  endfacet
  facet normal 0 0 1
    outer loop
      vertex 41 11.25 67
      vertex 41.770511627197266 10.887423515319824 67
      vertex 41.72896957397461 10.93454647064209 67
    endloop
  endfacet
  facet normal 0 0 1
    outer loop
      vertex 41.84432601928711 -0.5358266830444336 67
      vertex 41 -1 67
      vertex 41.809017181396484 -0.5877847671508789 67
    endloop
  endfacet
  facet normal 0 0 1
    outer loop
      vertex 41 11.25 67
      vertex 41.72896957397461 10.93454647064209 67
      vertex 41.684547424316406 10.978968620300293 67
    endloop
  endfacet
  facet normal 0 0 1
    outer loop
      vertex 41.809017181396484 -0.5877847671508789 67
      vertex 41 -1 67
      vertex 41.770511627197266 -0.6374235153198242 67
    endloop
  endfacet
  facet normal 0 0 1
    outer loop
      vertex 41 11.25 67
      vertex 41.684547424316406 10.978968620300293 67
      vertex 41.63742446899414 11.020512580871582 67
    endloop
  endfacet
  facet normal 0 0 1
    outer loop
      vertex 41.770511627197266 -0.6374235153198242 67
      vertex 41 -1 67
      vertex 41.72896957397461 -0.6845464706420898 67
    endloop
  endfacet
  facet normal 0 0 1
    outer loop
      vertex 41 11.25 67
      vertex 41.63742446899414 11.020512580871582 67
      vertex 41.58778381347656 11.059016227722168 67
    endloop
  endfacet
  facet normal 0 0 1
    outer loop
      vertex 41.72896957397461 -0.6845464706420898 67
      vertex 41 -1 67
      vertex 41.684547424316406 -0.728968620300293 67
    endloop
  endfacet
  facet normal 0 0 1
    outer loop
      vertex 41 11.25 67
      vertex 41.58778381347656 11.059016227722168 67
      vertex 41.53582763671875 11.094326972961426 67
    endloop
  endfacet
  facet normal 0 0 1
    outer loop
      vertex 41.684547424316406 -0.728968620300293 67
      vertex 41 -1 67
      vertex 41.63742446899414 -0.770512580871582 67
    endloop
  endfacet
  facet normal 0 0 1
    outer loop
      vertex 41 11.25 67
      vertex 41.53582763671875 11.094326972961426 67
      vertex 41.481754302978516 11.126306533813477 67
    endloop
  endfacet
  facet normal 0 0 1
    outer loop
      vertex 41.63742446899414 -0.770512580871582 67
      vertex 41 -1 67
      vertex 41.58778381347656 -0.809016227722168 67
    endloop
  endfacet
  facet normal 0 0 1
    outer loop
      vertex 41 11.25 67
      vertex 41.481754302978516 11.126306533813477 67
      vertex 41.425777435302734 11.154826164245605 67
    endloop
  endfacet
  facet normal 0 0 1
    outer loop
      vertex 41.58778381347656 -0.809016227722168 67
      vertex 41 -1 67
      vertex 41.53582763671875 -0.8443269729614258 67
    endloop
  endfacet
  facet normal 0 0 1
    outer loop
      vertex 41 11.25 67
      vertex 41.425777435302734 11.154826164245605 67
      vertex 41.368125915527344 11.179776191711426 67
    endloop
  endfacet
  facet normal 0 0 1
    outer loop
      vertex 41.53582763671875 -0.8443269729614258 67
      vertex 41 -1 67
      vertex 41.481754302978516 -0.8763065338134766 67
    endloop
  endfacet
  facet normal 0 0 1
    outer loop
      vertex 41 11.25 67
      vertex 41.368125915527344 11.179776191711426 67
      vertex 41.309017181396484 11.201056480407715 67
    endloop
  endfacet
  facet normal 0 0 1
    outer loop
      vertex 41.481754302978516 -0.8763065338134766 67
      vertex 41 -1 67
      vertex 41.425777435302734 -0.9048261642456055 67
    endloop
  endfacet
  facet normal 0 0 1
    outer loop
      vertex 41 11.25 67
      vertex 41.309017181396484 11.201056480407715 67
      vertex 41.248687744140625 11.218583106994629 67
    endloop
  endfacet
  facet normal 0 0 1
    outer loop
      vertex 41.425777435302734 -0.9048261642456055 67
      vertex 41 -1 67
      vertex 41.368125915527344 -0.9297761917114258 67
    endloop
  endfacet
  facet normal 0 0 1
    outer loop
      vertex 41 11.25 67
      vertex 41.248687744140625 11.218583106994629 67
      vertex 41.187381744384766 11.23228645324707 67
    endloop
  endfacet
  facet normal 0 0 1
    outer loop
      vertex 41.368125915527344 -0.9297761917114258 67
      vertex 41 -1 67
      vertex 41.309017181396484 -0.9510564804077148 67
    endloop
  endfacet
  facet normal 0 0 1
    outer loop
      vertex 41 11.25 67
      vertex 41.187381744384766 11.23228645324707 67
      vertex 41.12533187866211 11.242114067077637 67
    endloop
  endfacet
  facet normal 0 0 1
    outer loop
      vertex 41.309017181396484 -0.9510564804077148 67
      vertex 41 -1 67
      vertex 41.248687744140625 -0.9685831069946289 67
    endloop
  endfacet
  facet normal 0 0 1
    outer loop
      vertex 41 11.25 67
      vertex 41.12533187866211 11.242114067077637 67
      vertex 41.06278991699219 11.248025894165039 67
    endloop
  endfacet
  facet normal 0 0 1
    outer loop
      vertex 41.248687744140625 -0.9685831069946289 67
      vertex 41 -1 67
      vertex 41.187381744384766 -0.9822864532470703 67
    endloop
  endfacet
  facet normal 0 0 1
    outer loop
      vertex 42 10.25 67
      vertex 41 11.25 67
      vertex 38.5 10.25 67
    endloop
  endfacet
  facet normal 0 0 1
    outer loop
      vertex 41.187381744384766 -0.9822864532470703 67
      vertex 41 -1 67
      vertex 41.12533187866211 -0.9921140670776367 67
    endloop
  endfacet
  facet normal 0 0 1
    outer loop
      vertex 38.5 10.25 67
      vertex 41 11.25 67
      vertex 39.5 11.25 67
    endloop
  endfacet
  facet normal 0 0 1
    outer loop
      vertex 38.5 10.25 67
      vertex 39.5 11.25 67
      vertex 39.43721008300781 11.248025894165039 67
    endloop
  endfacet
  facet normal 0 0 1
    outer loop
      vertex 38.5 10.25 67
      vertex 39.43721008300781 11.248025894165039 67
      vertex 39.37466812133789 11.242114067077637 67
    endloop
  endfacet
  facet normal 0 0 1
    outer loop
      vertex 38.5 10.25 67
      vertex 39.37466812133789 11.242114067077637 67
      vertex 39.312618255615234 11.23228645324707 67
    endloop
  endfacet
  facet normal 0 0 1
    outer loop
      vertex 38.5 10.25 67
      vertex 39.312618255615234 11.23228645324707 67
      vertex 39.251312255859375 11.218583106994629 67
    endloop
  endfacet
  facet normal 0 0 1
    outer loop
      vertex 38.5 10.25 67
      vertex 39.251312255859375 11.218583106994629 67
      vertex 39.190982818603516 11.201056480407715 67
    endloop
  endfacet
  facet normal 0 0 1
    outer loop
      vertex 38.5 10.25 67
      vertex 39.190982818603516 11.201056480407715 67
      vertex 39.131874084472656 11.179776191711426 67
    endloop
  endfacet
  facet normal 0 0 1
    outer loop
      vertex 38.5 10.25 67
      vertex 39.131874084472656 11.179776191711426 67
      vertex 39.074222564697266 11.154826164245605 67
    endloop
  endfacet
  facet normal 0 0 1
    outer loop
      vertex 38.5 10.25 67
      vertex 39.074222564697266 11.154826164245605 67
      vertex 39.018245697021484 11.126306533813477 67
    endloop
  endfacet
  facet normal 0 0 1
    outer loop
      vertex 38.5 10.25 67
      vertex 39.018245697021484 11.126306533813477 67
      vertex 38.96417236328125 11.094326972961426 67
    endloop
  endfacet
  facet normal 0 0 1
    outer loop
      vertex 38.5 10.25 67
      vertex 38.96417236328125 11.094326972961426 67
      vertex 38.91221618652344 11.059016227722168 67
    endloop
  endfacet
  facet normal 0 0 1
    outer loop
      vertex 38.5 10.25 67
      vertex 38.91221618652344 11.059016227722168 67
      vertex 38.86257553100586 11.020512580871582 67
    endloop
  endfacet
  facet normal 0 0 1
    outer loop
      vertex 38.5 10.25 67
      vertex 38.86257553100586 11.020512580871582 67
      vertex 38.815452575683594 10.978968620300293 67
    endloop
  endfacet
  facet normal 0 0 1
    outer loop
      vertex 38.5 10.25 67
      vertex 38.815452575683594 10.978968620300293 67
      vertex 38.77103042602539 10.93454647064209 67
    endloop
  endfacet
  facet normal 0 0 1
    outer loop
      vertex 38.5 10.25 67
      vertex 38.77103042602539 10.93454647064209 67
      vertex 38.729488372802734 10.887423515319824 67
    endloop
  endfacet
  facet normal 0 0 1
    outer loop
      vertex 38.5 10.25 67
      vertex 38.729488372802734 10.887423515319824 67
      vertex 38.690982818603516 10.837784767150879 67
    endloop
  endfacet
  facet normal 0 0 1
    outer loop
      vertex 38.5 10.25 67
      vertex 38.690982818603516 10.837784767150879 67
      vertex 38.65567398071289 10.785826683044434 67
    endloop
  endfacet
  facet normal 0 0 1
    outer loop
      vertex 38.5 10.25 67
      vertex 38.65567398071289 10.785826683044434 67
      vertex 38.623695373535156 10.7317533493042 67
    endloop
  endfacet
  facet normal 0 0 1
    outer loop
      vertex 38.5 10.25 67
      vertex 38.623695373535156 10.7317533493042 67
      vertex 38.59517288208008 10.67577838897705 67
    endloop
  endfacet
  facet normal 0 0 1
    outer loop
      vertex 38.5 10.25 67
      vertex 38.59517288208008 10.67577838897705 67
      vertex 38.57022476196289 10.618124008178711 67
    endloop
  endfacet
  facet normal 0 0 1
    outer loop
      vertex 38.5 10.25 67
      vertex 38.57022476196289 10.618124008178711 67
      vertex 38.54894256591797 10.559016227722168 67
    endloop
  endfacet
  facet normal 0 0 1
    outer loop
      vertex 38.5 10.25 67
      vertex 38.54894256591797 10.559016227722168 67
      vertex 38.53141784667969 10.498689651489258 67
    endloop
  endfacet
  facet normal 0 0 1
    outer loop
      vertex 38.5 10.25 67
      vertex 38.53141784667969 10.498689651489258 67
      vertex 38.51771545410156 10.43738079071045 67
    endloop
  endfacet
  facet normal 0 0 1
    outer loop
      vertex 38.5 10.25 67
      vertex 38.51771545410156 10.43738079071045 67
      vertex 38.50788497924805 10.375332832336426 67
    endloop
  endfacet
  facet normal 0 0 1
    outer loop
      vertex 38.5 10.25 67
      vertex 38.50788497924805 10.375332832336426 67
      vertex 38.501976013183594 10.312789916992188 67
    endloop
  endfacet
  facet normal 0 0 1
    outer loop
      vertex 42 10.25 67
      vertex 38.5 10.25 67
      vertex 38.5 2.5 67
    endloop
  endfacet
  facet normal 0 0 1
    outer loop
      vertex 41.12533187866211 -0.9921140670776367 67
      vertex 41 -1 67
      vertex 41.06278991699219 -0.9980258941650391 67
    endloop
  endfacet
  facet normal 0 0 1
    outer loop
      vertex 30.75 -1 67
      vertex 38.5 2.5 67
      vertex 30.75 2.5 67
    endloop
  endfacet
  facet normal 0 0 1
    outer loop
      vertex 38.5 2.5 67
      vertex 30.75 -1 67
      vertex 41 -1 67
    endloop
  endfacet
  facet normal 0 0 1
    outer loop
      vertex 29.75 1.5 67
      vertex 30.75 2.5 67
      vertex 30.687210083007812 2.498025894165039 67
    endloop
  endfacet
  facet normal 0 0 1
    outer loop
      vertex 30.75 2.5 67
      vertex 29.75 1.5 67
      vertex 30.75 -1 67
    endloop
  endfacet
  facet normal 0 0 1
    outer loop
      vertex 29.75 1.5 67
      vertex 30.687210083007812 2.498025894165039 67
      vertex 30.62466812133789 2.4921140670776367 67
    endloop
  endfacet
  facet normal 0 0 1
    outer loop
      vertex 29.75 0 67
      vertex 30.75 -1 67
      vertex 29.75 1.5 67
    endloop
  endfacet
  facet normal 0 0 1
    outer loop
      vertex 29.75 1.5 67
      vertex 30.62466812133789 2.4921140670776367 67
      vertex 30.562618255615234 2.4822864532470703 67
    endloop
  endfacet
  facet normal 0 0 1
    outer loop
      vertex 30.75 -1 67
      vertex 29.75 0 67
      vertex 30.687210083007812 -0.9980258941650391 67
    endloop
  endfacet
  facet normal 0 0 1
    outer loop
      vertex 29.75 1.5 67
      vertex 30.562618255615234 2.4822864532470703 67
      vertex 30.501310348510742 2.468583106994629 67
    endloop
  endfacet
  facet normal 0 0 1
    outer loop
      vertex 30.687210083007812 -0.9980258941650391 67
      vertex 29.75 0 67
      vertex 30.62466812133789 -0.9921140670776367 67
    endloop
  endfacet
  facet normal 0 0 1
    outer loop
      vertex 29.75 1.5 67
      vertex 30.501310348510742 2.468583106994629 67
      vertex 30.440982818603516 2.451056480407715 67
    endloop
  endfacet
  facet normal 0 0 1
    outer loop
      vertex 30.62466812133789 -0.9921140670776367 67
      vertex 29.75 0 67
      vertex 30.562618255615234 -0.9822864532470703 67
    endloop
  endfacet
  facet normal 0 0 1
    outer loop
      vertex 29.75 1.5 67
      vertex 30.440982818603516 2.451056480407715 67
      vertex 30.38187599182129 2.429776191711426 67
    endloop
  endfacet
  facet normal 0 0 1
    outer loop
      vertex 30.562618255615234 -0.9822864532470703 67
      vertex 29.75 0 67
      vertex 30.501310348510742 -0.9685831069946289 67
    endloop
  endfacet
  facet normal 0 0 1
    outer loop
      vertex 29.75 1.5 67
      vertex 30.38187599182129 2.429776191711426 67
      vertex 30.324222564697266 2.4048261642456055 67
    endloop
  endfacet
  facet normal 0 0 1
    outer loop
      vertex 30.501310348510742 -0.9685831069946289 67
      vertex 29.75 0 67
      vertex 30.440982818603516 -0.9510564804077148 67
    endloop
  endfacet
  facet normal 0 0 1
    outer loop
      vertex 29.75 1.5 67
      vertex 30.324222564697266 2.4048261642456055 67
      vertex 30.268245697021484 2.3763065338134766 67
    endloop
  endfacet
  facet normal 0 0 1
    outer loop
      vertex 30.440982818603516 -0.9510564804077148 67
      vertex 29.75 0 67
      vertex 30.38187599182129 -0.9297761917114258 67
    endloop
  endfacet
  facet normal 0 0 1
    outer loop
      vertex 29.75 1.5 67
      vertex 30.268245697021484 2.3763065338134766 67
      vertex 30.21417236328125 2.344326972961426 67
    endloop
  endfacet
  facet normal 0 0 1
    outer loop
      vertex 30.38187599182129 -0.9297761917114258 67
      vertex 29.75 0 67
      vertex 30.324222564697266 -0.9048261642456055 67
    endloop
  endfacet
  facet normal 0 0 1
    outer loop
      vertex 29.75 1.5 67
      vertex 30.21417236328125 2.344326972961426 67
      vertex 30.162216186523438 2.309016227722168 67
    endloop
  endfacet
  facet normal 0 0 1
    outer loop
      vertex 30.324222564697266 -0.9048261642456055 67
      vertex 29.75 0 67
      vertex 30.268245697021484 -0.8763065338134766 67
    endloop
  endfacet
  facet normal 0 0 1
    outer loop
      vertex 29.75 1.5 67
      vertex 30.162216186523438 2.309016227722168 67
      vertex 30.11257553100586 2.270512580871582 67
    endloop
  endfacet
  facet normal 0 0 1
    outer loop
      vertex 30.268245697021484 -0.8763065338134766 67
      vertex 29.75 0 67
      vertex 30.21417236328125 -0.8443269729614258 67
    endloop
  endfacet
  facet normal 0 0 1
    outer loop
      vertex 29.75 1.5 67
      vertex 30.11257553100586 2.270512580871582 67
      vertex 30.065452575683594 2.228968620300293 67
    endloop
  endfacet
  facet normal 0 0 1
    outer loop
      vertex 30.21417236328125 -0.8443269729614258 67
      vertex 29.75 0 67
      vertex 30.162216186523438 -0.809016227722168 67
    endloop
  endfacet
  facet normal 0 0 1
    outer loop
      vertex 29.75 1.5 67
      vertex 30.065452575683594 2.228968620300293 67
      vertex 30.02103042602539 2.18454647064209 67
    endloop
  endfacet
  facet normal 0 0 1
    outer loop
      vertex 30.162216186523438 -0.809016227722168 67
      vertex 29.75 0 67
      vertex 30.11257553100586 -0.770512580871582 67
    endloop
  endfacet
  facet normal 0 0 1
    outer loop
      vertex 29.75 1.5 67
      vertex 30.02103042602539 2.18454647064209 67
      vertex 29.979488372802734 2.137423515319824 67
    endloop
  endfacet
  facet normal 0 0 1
    outer loop
      vertex 30.11257553100586 -0.770512580871582 67
      vertex 29.75 0 67
      vertex 30.065452575683594 -0.728968620300293 67
    endloop
  endfacet
  facet normal 0 0 1
    outer loop
      vertex 29.75 1.5 67
      vertex 29.979488372802734 2.137423515319824 67
      vertex 29.940982818603516 2.087784767150879 67
    endloop
  endfacet
  facet normal 0 0 1
    outer loop
      vertex 30.065452575683594 -0.728968620300293 67
      vertex 29.75 0 67
      vertex 30.02103042602539 -0.6845464706420898 67
    endloop
  endfacet
  facet normal 0 0 1
    outer loop
      vertex 29.75 1.5 67
      vertex 29.940982818603516 2.087784767150879 67
      vertex 29.90567398071289 2.0358266830444336 67
    endloop
  endfacet
  facet normal 0 0 1
    outer loop
      vertex 30.02103042602539 -0.6845464706420898 67
      vertex 29.75 0 67
      vertex 29.979488372802734 -0.6374235153198242 67
    endloop
  endfacet
  facet normal 0 0 1
    outer loop
      vertex 29.75 1.5 67
      vertex 29.90567398071289 2.0358266830444336 67
      vertex 29.873693466186523 1.9817533493041992 67
    endloop
  endfacet
  facet normal 0 0 1
    outer loop
      vertex 29.979488372802734 -0.6374235153198242 67
      vertex 29.75 0 67
      vertex 29.940982818603516 -0.5877847671508789 67
    endloop
  endfacet
  facet normal 0 0 1
    outer loop
      vertex 29.75 1.5 67
      vertex 29.873693466186523 1.9817533493041992 67
      vertex 29.845172882080078 1.9257783889770508 67
    endloop
  endfacet
  facet normal 0 0 1
    outer loop
      vertex 29.940982818603516 -0.5877847671508789 67
      vertex 29.75 0 67
      vertex 29.90567398071289 -0.5358266830444336 67
    endloop
  endfacet
  facet normal 0 0 1
    outer loop
      vertex 29.75 1.5 67
      vertex 29.845172882080078 1.9257783889770508 67
      vertex 29.82022476196289 1.868124008178711 67
    endloop
  endfacet
  facet normal 0 0 1
    outer loop
      vertex 29.90567398071289 -0.5358266830444336 67
      vertex 29.75 0 67
      vertex 29.873693466186523 -0.4817533493041992 67
    endloop
  endfacet
  facet normal 0 0 1
    outer loop
      vertex 29.75 1.5 67
      vertex 29.82022476196289 1.868124008178711 67
      vertex 29.79894256591797 1.809016227722168 67
    endloop
  endfacet
  facet normal 0 0 1
    outer loop
      vertex 29.873693466186523 -0.4817533493041992 67
      vertex 29.75 0 67
      vertex 29.845172882080078 -0.4257783889770508 67
    endloop
  endfacet
  facet normal 0 0 1
    outer loop
      vertex 29.75 1.5 67
      vertex 29.79894256591797 1.809016227722168 67
      vertex 29.781417846679688 1.7486896514892578 67
    endloop
  endfacet
  facet normal 0 0 1
    outer loop
      vertex 29.845172882080078 -0.4257783889770508 67
      vertex 29.75 0 67
      vertex 29.82022476196289 -0.36812400817871094 67
    endloop
  endfacet
  facet normal 0 0 1
    outer loop
      vertex 29.75 1.5 67
      vertex 29.781417846679688 1.7486896514892578 67
      vertex 29.76771354675293 1.6873807907104492 67
    endloop
  endfacet
  facet normal 0 0 1
    outer loop
      vertex 29.82022476196289 -0.36812400817871094 67
      vertex 29.75 0 67
      vertex 29.79894256591797 -0.30901622772216797 67
    endloop
  endfacet
  facet normal 0 0 1
    outer loop
      vertex 29.75 1.5 67
      vertex 29.76771354675293 1.6873807907104492 67
      vertex 29.757884979248047 1.6253328323364258 67
    endloop
  endfacet
  facet normal 0 0 1
    outer loop
      vertex 29.79894256591797 -0.30901622772216797 67
      vertex 29.75 0 67
      vertex 29.781417846679688 -0.2486896514892578 67
    endloop
  endfacet
  facet normal 0 0 1
    outer loop
      vertex 29.75 1.5 67
      vertex 29.757884979248047 1.6253328323364258 67
      vertex 29.75197410583496 1.5627899169921875 67
    endloop
  endfacet
  facet normal 0 0 1
    outer loop
      vertex 29.781417846679688 -0.2486896514892578 67
      vertex 29.75 0 67
      vertex 29.76771354675293 -0.18738079071044922 67
    endloop
  endfacet
  facet normal 0 0 1
    outer loop
      vertex 29.76771354675293 -0.18738079071044922 67
      vertex 29.75 0 67
      vertex 29.757884979248047 -0.12533283233642578 67
    endloop
  endfacet
  facet normal 0 0 1
    outer loop
      vertex 29.757884979248047 -0.12533283233642578 67
      vertex 29.75 0 67
      vertex 29.75197410583496 -0.0627899169921875 67
    endloop
  endfacet
  facet normal 0.9876880078453365 -0.1564365659253312 0
    outer loop
      vertex 9.257884979248047 30.87533187866211 6
      vertex 9.267711639404297 30.937374114990234 0
      vertex 9.267711639404297 30.937374114990234 6
    endloop
  endfacet
  facet normal 0.9876880078453365 -0.1564365659253312 0
    outer loop
      vertex 9.267711639404297 30.937374114990234 0
      vertex 9.257884979248047 30.87533187866211 6
      vertex 9.257884979248047 30.87533187866211 0
    endloop
  endfacet
  facet normal 0.9955625036302499 -0.09410261083237188 0
    outer loop
      vertex 9.251974105834961 30.81279754638672 6
      vertex 9.257884979248047 30.87533187866211 0
      vertex 9.257884979248047 30.87533187866211 6
    endloop
  endfacet
  facet normal 0.9955625036302499 -0.09410261083237188 0
    outer loop
      vertex 9.257884979248047 30.87533187866211 0
      vertex 9.251974105834961 30.81279754638672 6
      vertex 9.251974105834961 30.81279754638672 0
    endloop
  endfacet
  facet normal 0.9602925833505894 0.2789949002434474 0
    outer loop
      vertex 9.298944473266602 9.940980911254883 6
      vertex 9.281416893005371 10.001310348510742 0
      vertex 9.281416893005371 10.001310348510742 6
    endloop
  endfacet
  facet normal 0.9602925833505894 0.2789949002434474 0
    outer loop
      vertex 9.281416893005371 10.001310348510742 0
      vertex 9.298944473266602 9.940980911254883 6
      vertex 9.298944473266602 9.940980911254883 0
    endloop
  endfacet
  facet normal 0.9408812188404361 0.33873667063566565 0
    outer loop
      vertex 9.320223808288574 9.881875038146973 6
      vertex 9.298944473266602 9.940980911254883 0
      vertex 9.298944473266602 9.940980911254883 6
    endloop
  endfacet
  facet normal 0.9408812188404361 0.33873667063566565 0
    outer loop
      vertex 9.298944473266602 9.940980911254883 0
      vertex 9.320223808288574 9.881875038146973 6
      vertex 9.320223808288574 9.881875038146973 0
    endloop
  endfacet
  facet normal -0.9177541630948075 0.39714895961358043 0
    outer loop
      vertex 31.654827117919922 9.824223518371582 0
      vertex 31.67977523803711 9.881875038146973 6
      vertex 31.67977523803711 9.881875038146973 0
    endloop
  endfacet
  facet normal -0.9177541630948075 0.39714895961358043 0
    outer loop
      vertex 31.67977523803711 9.881875038146973 6
      vertex 31.654827117919922 9.824223518371582 0
      vertex 31.654827117919922 9.824223518371582 6
    endloop
  endfacet
  facet normal -0.8910133141462051 0.45397717345059985 0
    outer loop
      vertex 31.626306533813477 9.7682466506958 0
      vertex 31.654827117919922 9.824223518371582 6
      vertex 31.654827117919922 9.824223518371582 0
    endloop
  endfacet
  facet normal -0.8910133141462051 0.45397717345059985 0
    outer loop
      vertex 31.654827117919922 9.824223518371582 6
      vertex 31.626306533813477 9.7682466506958 0
      vertex 31.626306533813477 9.7682466506958 6
    endloop
  endfacet
  facet normal 0.45397717345059985 -0.8910133141462051 0
    outer loop
      vertex 9.7682466506958 31.626306533813477 0
      vertex 9.824223518371582 31.654827117919922 6
      vertex 9.7682466506958 31.626306533813477 6
    endloop
  endfacet
  facet normal 0.45397717345059985 -0.8910133141462051 0
    outer loop
      vertex 9.824223518371582 31.654827117919922 6
      vertex 9.7682466506958 31.626306533813477 0
      vertex 9.824223518371582 31.654827117919922 0
    endloop
  endfacet
  facet normal 0.5090432722643345 -0.8607409290619441 0
    outer loop
      vertex 9.714167594909668 31.594324111938477 0
      vertex 9.7682466506958 31.626306533813477 6
      vertex 9.714167594909668 31.594324111938477 6
    endloop
  endfacet
  facet normal 0.5090432722643345 -0.8607409290619441 0
    outer loop
      vertex 9.7682466506958 31.626306533813477 6
      vertex 9.714167594909668 31.594324111938477 0
      vertex 9.7682466506958 31.626306533813477 0
    endloop
  endfacet
  facet normal -0.33873183230593423 0.940882960725012 0
    outer loop
      vertex 31.118125915527344 9.320223808288574 0
      vertex 31.059019088745117 9.298944473266602 6
      vertex 31.118125915527344 9.320223808288574 6
    endloop
  endfacet
  facet normal -0.33873183230593423 0.940882960725012 0
    outer loop
      vertex 31.059019088745117 9.298944473266602 6
      vertex 31.118125915527344 9.320223808288574 0
      vertex 31.059019088745117 9.298944473266602 0
    endloop
  endfacet
  facet normal -0.2789949002434474 0.9602925833505894 0
    outer loop
      vertex 31.059019088745117 9.298944473266602 0
      vertex 30.998689651489258 9.281416893005371 6
      vertex 31.059019088745117 9.298944473266602 6
    endloop
  endfacet
  facet normal -0.2789949002434474 0.9602925833505894 0
    outer loop
      vertex 30.998689651489258 9.281416893005371 6
      vertex 31.059019088745117 9.298944473266602 0
      vertex 30.998689651489258 9.281416893005371 0
    endloop
  endfacet
  facet normal -1 0 0
    outer loop
      vertex 31.75 10.25 0
      vertex 31.75 30.75 6
      vertex 31.75 30.75 0
    endloop
  endfacet
  facet normal -1 0 0
    outer loop
      vertex 31.75 30.75 6
      vertex 31.75 10.25 0
      vertex 31.75 10.25 6
    endloop
  endfacet
  facet normal -0.9995062537862113 0.03142051308069277 0
    outer loop
      vertex 31.74802589416504 10.187202453613281 0
      vertex 31.75 10.25 6
      vertex 31.75 10.25 0
    endloop
  endfacet
  facet normal -0.9995062537862113 0.03142051308069277 0
    outer loop
      vertex 31.75 10.25 6
      vertex 31.74802589416504 10.187202453613281 0
      vertex 31.74802589416504 10.187202453613281 6
    endloop
  endfacet
  facet normal -0.6613007517537055 0.7501208674140349 0
    outer loop
      vertex 31.434547424316406 9.521031379699707 0
      vertex 31.387422561645508 9.479486465454102 6
      vertex 31.434547424316406 9.521031379699707 6
    endloop
  endfacet
  facet normal -0.6613007517537055 0.7501208674140349 0
    outer loop
      vertex 31.387422561645508 9.479486465454102 6
      vertex 31.434547424316406 9.521031379699707 0
      vertex 31.387422561645508 9.479486465454102 0
    endloop
  endfacet
  facet normal -0.6129206340489994 0.7901444781538199 0
    outer loop
      vertex 31.387422561645508 9.479486465454102 0
      vertex 31.337785720825195 9.440982818603516 6
      vertex 31.387422561645508 9.479486465454102 6
    endloop
  endfacet
  facet normal -0.6129206340489994 0.7901444781538199 0
    outer loop
      vertex 31.337785720825195 9.440982818603516 6
      vertex 31.387422561645508 9.479486465454102 0
      vertex 31.337785720825195 9.440982818603516 0
    endloop
  endfacet
  facet normal -0.21813728970304355 0.9759180922808073 0
    outer loop
      vertex 30.998689651489258 9.281416893005371 0
      vertex 30.937374114990234 9.267711639404297 6
      vertex 30.998689651489258 9.281416893005371 6
    endloop
  endfacet
  facet normal -0.21813728970304355 0.9759180922808073 0
    outer loop
      vertex 30.937374114990234 9.267711639404297 6
      vertex 30.998689651489258 9.281416893005371 0
      vertex 30.937374114990234 9.267711639404297 0
    endloop
  endfacet
  facet normal 0.8607409290619441 0.5090432722643345 0
    outer loop
      vertex 9.405675888061523 9.714167594909668 6
      vertex 9.373693466186523 9.7682466506958 0
      vertex 9.373693466186523 9.7682466506958 6
    endloop
  endfacet
  facet normal 0.8607409290619441 0.5090432722643345 0
    outer loop
      vertex 9.373693466186523 9.7682466506958 0
      vertex 9.405675888061523 9.714167594909668 6
      vertex 9.405675888061523 9.714167594909668 0
    endloop
  endfacet
  facet normal 0.8270843218683686 0.5620778633957586 0
    outer loop
      vertex 9.440982818603516 9.662214279174805 6
      vertex 9.405675888061523 9.714167594909668 0
      vertex 9.405675888061523 9.714167594909668 6
    endloop
  endfacet
  facet normal 0.8270843218683686 0.5620778633957586 0
    outer loop
      vertex 9.405675888061523 9.714167594909668 0
      vertex 9.440982818603516 9.662214279174805 6
      vertex 9.440982818603516 9.662214279174805 0
    endloop
  endfacet
  facet normal -0.9955625036302499 -0.09410261083237188 0
    outer loop
      vertex 31.74802589416504 30.81279754638672 0
      vertex 31.742115020751953 30.87533187866211 6
      vertex 31.742115020751953 30.87533187866211 0
    endloop
  endfacet
  facet normal -0.9955625036302499 -0.09410261083237188 0
    outer loop
      vertex 31.742115020751953 30.87533187866211 6
      vertex 31.74802589416504 30.81279754638672 0
      vertex 31.74802589416504 30.81279754638672 6
    endloop
  endfacet
  facet normal -0.9995062537862113 -0.03142051308069277 0
    outer loop
      vertex 31.75 30.75 0
      vertex 31.74802589416504 30.81279754638672 6
      vertex 31.74802589416504 30.81279754638672 0
    endloop
  endfacet
  facet normal -0.9995062537862113 -0.03142051308069277 0
    outer loop
      vertex 31.74802589416504 30.81279754638672 6
      vertex 31.75 30.75 0
      vertex 31.75 30.75 6
    endloop
  endfacet
  facet normal -0.9408763803749762 0.33875010974534453 0
    outer loop
      vertex 31.67977523803711 9.881875038146973 0
      vertex 31.7010555267334 9.940980911254883 6
      vertex 31.7010555267334 9.940980911254883 0
    endloop
  endfacet
  facet normal -0.9408763803749762 0.33875010974534453 0
    outer loop
      vertex 31.7010555267334 9.940980911254883 6
      vertex 31.67977523803711 9.881875038146973 0
      vertex 31.67977523803711 9.881875038146973 6
    endloop
  endfacet
  facet normal -0.7901444781538199 0.6129206340489994 0
    outer loop
      vertex 31.5205135345459 9.612577438354492 0
      vertex 31.559017181396484 9.662214279174805 6
      vertex 31.559017181396484 9.662214279174805 0
    endloop
  endfacet
  facet normal -0.7901444781538199 0.6129206340489994 0
    outer loop
      vertex 31.559017181396484 9.662214279174805 6
      vertex 31.5205135345459 9.612577438354492 0
      vertex 31.5205135345459 9.612577438354492 6
    endloop
  endfacet
  facet normal -0.750128397727496 0.6612922099365601 0
    outer loop
      vertex 31.47896957397461 9.565452575683594 0
      vertex 31.5205135345459 9.612577438354492 6
      vertex 31.5205135345459 9.612577438354492 0
    endloop
  endfacet
  facet normal -0.750128397727496 0.6612922099365601 0
    outer loop
      vertex 31.5205135345459 9.612577438354492 6
      vertex 31.47896957397461 9.565452575683594 0
      vertex 31.47896957397461 9.565452575683594 6
    endloop
  endfacet
  facet normal 0.9177493738096413 -0.39716002678015244 0
    outer loop
      vertex 9.320223808288574 31.118125915527344 6
      vertex 9.345171928405762 31.1757755279541 0
      vertex 9.345171928405762 31.1757755279541 6
    endloop
  endfacet
  facet normal 0.9177493738096413 -0.39716002678015244 0
    outer loop
      vertex 9.345171928405762 31.1757755279541 0
      vertex 9.320223808288574 31.118125915527344 6
      vertex 9.320223808288574 31.118125915527344 0
    endloop
  endfacet
  facet normal 0.940882960725012 -0.33873183230593423 0
    outer loop
      vertex 9.298944473266602 31.059019088745117 6
      vertex 9.320223808288574 31.118125915527344 0
      vertex 9.320223808288574 31.118125915527344 6
    endloop
  endfacet
  facet normal 0.940882960725012 -0.33873183230593423 0
    outer loop
      vertex 9.320223808288574 31.118125915527344 0
      vertex 9.298944473266602 31.059019088745117 6
      vertex 9.298944473266602 31.059019088745117 0
    endloop
  endfacet
  facet normal 0.9759180922808073 -0.21813728970304355 0
    outer loop
      vertex 9.267711639404297 30.937374114990234 6
      vertex 9.281416893005371 30.998689651489258 0
      vertex 9.281416893005371 30.998689651489258 6
    endloop
  endfacet
  facet normal 0.9759180922808073 -0.21813728970304355 0
    outer loop
      vertex 9.281416893005371 30.998689651489258 0
      vertex 9.267711639404297 30.937374114990234 6
      vertex 9.267711639404297 30.937374114990234 0
    endloop
  endfacet
  facet normal 1 0 0
    outer loop
      vertex 9.25 10.25 6
      vertex 9.25 30.75 0
      vertex 9.25 30.75 6
    endloop
  endfacet
  facet normal 1 0 0
    outer loop
      vertex 9.25 30.75 0
      vertex 9.25 10.25 6
      vertex 9.25 10.25 0
    endloop
  endfacet
  facet normal 0.9995062537862113 0.03142051308069277 0
    outer loop
      vertex 9.251974105834961 10.187202453613281 6
      vertex 9.25 10.25 0
      vertex 9.25 10.25 6
    endloop
  endfacet
  facet normal 0.9995062537862113 0.03142051308069277 0
    outer loop
      vertex 9.25 10.25 0
      vertex 9.251974105834961 10.187202453613281 6
      vertex 9.251974105834961 10.187202453613281 0
    endloop
  endfacet
  facet normal -0.5090565740503479 -0.8607330622301683 0
    outer loop
      vertex 31.231754302978516 31.626306533813477 0
      vertex 31.285831451416016 31.594324111938477 6
      vertex 31.231754302978516 31.626306533813477 6
    endloop
  endfacet
  facet normal -0.5090565740503479 -0.8607330622301683 0
    outer loop
      vertex 31.285831451416016 31.594324111938477 6
      vertex 31.231754302978516 31.626306533813477 0
      vertex 31.285831451416016 31.594324111938477 0
    endloop
  endfacet
  facet normal -0.5620708054440745 -0.8270891183345657 0
    outer loop
      vertex 31.285831451416016 31.594324111938477 0
      vertex 31.337785720825195 31.559017181396484 6
      vertex 31.285831451416016 31.594324111938477 6
    endloop
  endfacet
  facet normal -0.5620708054440745 -0.8270891183345657 0
    outer loop
      vertex 31.337785720825195 31.559017181396484 6
      vertex 31.285831451416016 31.594324111938477 0
      vertex 31.337785720825195 31.559017181396484 0
    endloop
  endfacet
  facet normal -0.09410261083237188 0.9955625036302499 0
    outer loop
      vertex 30.87533187866211 9.257884979248047 0
      vertex 30.81279754638672 9.251974105834961 6
      vertex 30.87533187866211 9.257884979248047 6
    endloop
  endfacet
  facet normal -0.09410261083237188 0.9955625036302499 0
    outer loop
      vertex 30.81279754638672 9.251974105834961 6
      vertex 30.87533187866211 9.257884979248047 0
      vertex 30.81279754638672 9.251974105834961 0
    endloop
  endfacet
  facet normal -0.03142051308069277 0.9995062537862113 0
    outer loop
      vertex 30.81279754638672 9.251974105834961 0
      vertex 30.75 9.25 6
      vertex 30.81279754638672 9.251974105834961 6
    endloop
  endfacet
  facet normal -0.03142051308069277 0.9995062537862113 0
    outer loop
      vertex 30.75 9.25 6
      vertex 30.81279754638672 9.251974105834961 0
      vertex 30.75 9.25 0
    endloop
  endfacet
  facet normal -0.27898090165339684 -0.9602966502662903 0
    outer loop
      vertex 30.998689651489258 31.718582153320312 0
      vertex 31.059019088745117 31.7010555267334 6
      vertex 30.998689651489258 31.718582153320312 6
    endloop
  endfacet
  facet normal -0.27898090165339684 -0.9602966502662903 0
    outer loop
      vertex 31.059019088745117 31.7010555267334 6
      vertex 30.998689651489258 31.718582153320312 0
      vertex 31.059019088745117 31.7010555267334 0
    endloop
  endfacet
  facet normal -0.3387452712734191 -0.9408781223888127 0
    outer loop
      vertex 31.059019088745117 31.7010555267334 0
      vertex 31.118125915527344 31.67977523803711 6
      vertex 31.059019088745117 31.7010555267334 6
    endloop
  endfacet
  facet normal -0.3387452712734191 -0.9408781223888127 0
    outer loop
      vertex 31.118125915527344 31.67977523803711 6
      vertex 31.059019088745117 31.7010555267334 0
      vertex 31.118125915527344 31.67977523803711 0
    endloop
  endfacet
  facet normal -0.9177493738096413 -0.39716002678015244 0
    outer loop
      vertex 31.67977523803711 31.118125915527344 0
      vertex 31.654827117919922 31.1757755279541 6
      vertex 31.654827117919922 31.1757755279541 0
    endloop
  endfacet
  facet normal -0.9177493738096413 -0.39716002678015244 0
    outer loop
      vertex 31.654827117919922 31.1757755279541 6
      vertex 31.67977523803711 31.118125915527344 0
      vertex 31.67977523803711 31.118125915527344 6
    endloop
  endfacet
  facet normal -0.9408781223888127 -0.3387452712734191 0
    outer loop
      vertex 31.7010555267334 31.059019088745117 0
      vertex 31.67977523803711 31.118125915527344 6
      vertex 31.67977523803711 31.118125915527344 0
    endloop
  endfacet
  facet normal -0.9408781223888127 -0.3387452712734191 0
    outer loop
      vertex 31.67977523803711 31.118125915527344 6
      vertex 31.7010555267334 31.059019088745117 0
      vertex 31.7010555267334 31.059019088745117 6
    endloop
  endfacet
  facet normal -0.1564365659253312 -0.9876880078453365 0
    outer loop
      vertex 30.87533187866211 31.742115020751953 0
      vertex 30.937374114990234 31.732288360595703 6
      vertex 30.87533187866211 31.742115020751953 6
    endloop
  endfacet
  facet normal -0.1564365659253312 -0.9876880078453365 0
    outer loop
      vertex 30.937374114990234 31.732288360595703 6
      vertex 30.87533187866211 31.742115020751953 0
      vertex 30.937374114990234 31.732288360595703 0
    endloop
  endfacet
  facet normal -0.21815174634766313 -0.9759148608180249 0
    outer loop
      vertex 30.937374114990234 31.732288360595703 0
      vertex 30.998689651489258 31.718582153320312 6
      vertex 30.937374114990234 31.732288360595703 6
    endloop
  endfacet
  facet normal -0.21815174634766313 -0.9759148608180249 0
    outer loop
      vertex 30.998689651489258 31.718582153320312 6
      vertex 30.937374114990234 31.732288360595703 0
      vertex 30.998689651489258 31.718582153320312 0
    endloop
  endfacet
  facet normal 0.9995062537862113 -0.03142051308069277 0
    outer loop
      vertex 9.25 30.75 6
      vertex 9.251974105834961 30.81279754638672 0
      vertex 9.251974105834961 30.81279754638672 6
    endloop
  endfacet
  facet normal 0.9995062537862113 -0.03142051308069277 0
    outer loop
      vertex 9.251974105834961 30.81279754638672 0
      vertex 9.25 30.75 6
      vertex 9.25 30.75 0
    endloop
  endfacet
  facet normal -0.09410261083237188 -0.9955625036302499 0
    outer loop
      vertex 30.81279754638672 31.74802589416504 0
      vertex 30.87533187866211 31.742115020751953 6
      vertex 30.81279754638672 31.74802589416504 6
    endloop
  endfacet
  facet normal -0.09410261083237188 -0.9955625036302499 0
    outer loop
      vertex 30.87533187866211 31.742115020751953 6
      vertex 30.81279754638672 31.74802589416504 0
      vertex 30.87533187866211 31.742115020751953 0
    endloop
  endfacet
  facet normal -0.6129206340489994 -0.7901444781538199 0
    outer loop
      vertex 31.337785720825195 31.559017181396484 0
      vertex 31.387422561645508 31.5205135345459 6
      vertex 31.337785720825195 31.559017181396484 6
    endloop
  endfacet
  facet normal -0.6129206340489994 -0.7901444781538199 0
    outer loop
      vertex 31.387422561645508 31.5205135345459 6
      vertex 31.337785720825195 31.559017181396484 0
      vertex 31.387422561645508 31.5205135345459 0
    endloop
  endfacet
  facet normal 0.9177541630948075 0.39714895961358043 0
    outer loop
      vertex 9.345171928405762 9.824223518371582 6
      vertex 9.320223808288574 9.881875038146973 0
      vertex 9.320223808288574 9.881875038146973 6
    endloop
  endfacet
  facet normal 0.9177541630948075 0.39714895961358043 0
    outer loop
      vertex 9.320223808288574 9.881875038146973 0
      vertex 9.345171928405762 9.824223518371582 6
      vertex 9.345171928405762 9.824223518371582 0
    endloop
  endfacet
  facet normal 0.8910071737461175 0.4539892249084288 0
    outer loop
      vertex 9.373693466186523 9.7682466506958 6
      vertex 9.345171928405762 9.824223518371582 0
      vertex 9.345171928405762 9.824223518371582 6
    endloop
  endfacet
  facet normal 0.8910071737461175 0.4539892249084288 0
    outer loop
      vertex 9.345171928405762 9.824223518371582 0
      vertex 9.373693466186523 9.7682466506958 6
      vertex 9.373693466186523 9.7682466506958 0
    endloop
  endfacet
  facet normal 0.8270891183345657 -0.5620708054440745 0
    outer loop
      vertex 9.405675888061523 31.285831451416016 6
      vertex 9.440982818603516 31.337785720825195 0
      vertex 9.440982818603516 31.337785720825195 6
    endloop
  endfacet
  facet normal 0.8270891183345657 -0.5620708054440745 0
    outer loop
      vertex 9.440982818603516 31.337785720825195 0
      vertex 9.405675888061523 31.285831451416016 6
      vertex 9.405675888061523 31.285831451416016 0
    endloop
  endfacet
  facet normal 0.8607330622301683 -0.5090565740503479 0
    outer loop
      vertex 9.373693466186523 31.231754302978516 6
      vertex 9.405675888061523 31.285831451416016 0
      vertex 9.405675888061523 31.285831451416016 6
    endloop
  endfacet
  facet normal 0.8607330622301683 -0.5090565740503479 0
    outer loop
      vertex 9.405675888061523 31.285831451416016 0
      vertex 9.373693466186523 31.231754302978516 6
      vertex 9.373693466186523 31.231754302978516 0
    endloop
  endfacet
  facet normal -0.1564365659253312 0.9876880078453365 0
    outer loop
      vertex 30.937374114990234 9.267711639404297 0
      vertex 30.87533187866211 9.257884979248047 6
      vertex 30.937374114990234 9.267711639404297 6
    endloop
  endfacet
  facet normal -0.1564365659253312 0.9876880078453365 0
    outer loop
      vertex 30.87533187866211 9.257884979248047 6
      vertex 30.937374114990234 9.267711639404297 0
      vertex 30.87533187866211 9.257884979248047 0
    endloop
  endfacet
  facet normal -0.8270891183345657 -0.5620708054440745 0
    outer loop
      vertex 31.594324111938477 31.285831451416016 0
      vertex 31.559017181396484 31.337785720825195 6
      vertex 31.559017181396484 31.337785720825195 0
    endloop
  endfacet
  facet normal -0.8270891183345657 -0.5620708054440745 0
    outer loop
      vertex 31.559017181396484 31.337785720825195 6
      vertex 31.594324111938477 31.285831451416016 0
      vertex 31.594324111938477 31.285831451416016 6
    endloop
  endfacet
  facet normal -0.8607330622301683 -0.5090565740503479 0
    outer loop
      vertex 31.626306533813477 31.231754302978516 0
      vertex 31.594324111938477 31.285831451416016 6
      vertex 31.594324111938477 31.285831451416016 0
    endloop
  endfacet
  facet normal -0.8607330622301683 -0.5090565740503479 0
    outer loop
      vertex 31.594324111938477 31.285831451416016 6
      vertex 31.626306533813477 31.231754302978516 0
      vertex 31.626306533813477 31.231754302978516 6
    endloop
  endfacet
  facet normal 0.39714895961358043 -0.9177541630948075 0
    outer loop
      vertex 9.824223518371582 31.654827117919922 0
      vertex 9.881875038146973 31.67977523803711 6
      vertex 9.824223518371582 31.654827117919922 6
    endloop
  endfacet
  facet normal 0.39714895961358043 -0.9177541630948075 0
    outer loop
      vertex 9.881875038146973 31.67977523803711 6
      vertex 9.824223518371582 31.654827117919922 0
      vertex 9.881875038146973 31.67977523803711 0
    endloop
  endfacet
  facet normal 0.6613007517537055 0.7501208674140349 0
    outer loop
      vertex 9.612577438354492 9.479486465454102 0
      vertex 9.565452575683594 9.521031379699707 6
      vertex 9.612577438354492 9.479486465454102 6
    endloop
  endfacet
  facet normal 0.6613007517537055 0.7501208674140349 0
    outer loop
      vertex 9.565452575683594 9.521031379699707 6
      vertex 9.612577438354492 9.479486465454102 0
      vertex 9.565452575683594 9.521031379699707 0
    endloop
  endfacet
  facet normal 0.6129206340489994 0.7901444781538199 0
    outer loop
      vertex 9.662214279174805 9.440982818603516 0
      vertex 9.612577438354492 9.479486465454102 6
      vertex 9.662214279174805 9.440982818603516 6
    endloop
  endfacet
  facet normal 0.6129206340489994 0.7901444781538199 0
    outer loop
      vertex 9.612577438354492 9.479486465454102 6
      vertex 9.662214279174805 9.440982818603516 0
      vertex 9.612577438354492 9.479486465454102 0
    endloop
  endfacet
  facet normal 0.1564389117573461 0.9876876362940752 0
    outer loop
      vertex 10.124667167663574 9.257884979248047 0
      vertex 10.062625885009766 9.267711639404297 6
      vertex 10.124667167663574 9.257884979248047 6
    endloop
  endfacet
  facet normal 0.1564389117573461 0.9876876362940752 0
    outer loop
      vertex 10.062625885009766 9.267711639404297 6
      vertex 10.124667167663574 9.257884979248047 0
      vertex 10.062625885009766 9.267711639404297 0
    endloop
  endfacet
  facet normal 0.09410118845848708 0.9955626380749231 0
    outer loop
      vertex 10.187202453613281 9.251974105834961 0
      vertex 10.124667167663574 9.257884979248047 6
      vertex 10.187202453613281 9.251974105834961 6
    endloop
  endfacet
  facet normal 0.09410118845848708 0.9955626380749231 0
    outer loop
      vertex 10.124667167663574 9.257884979248047 6
      vertex 10.187202453613281 9.251974105834961 0
      vertex 10.124667167663574 9.257884979248047 0
    endloop
  endfacet
  facet normal 0.5620778633957586 0.8270843218683686 0
    outer loop
      vertex 9.714167594909668 9.405675888061523 0
      vertex 9.662214279174805 9.440982818603516 6
      vertex 9.714167594909668 9.405675888061523 6
    endloop
  endfacet
  facet normal 0.5620778633957586 0.8270843218683686 0
    outer loop
      vertex 9.662214279174805 9.440982818603516 6
      vertex 9.714167594909668 9.405675888061523 0
      vertex 9.662214279174805 9.440982818603516 0
    endloop
  endfacet
  facet normal 0.6129206340489994 -0.7901444781538199 0
    outer loop
      vertex 9.612577438354492 31.5205135345459 0
      vertex 9.662214279174805 31.559017181396484 6
      vertex 9.612577438354492 31.5205135345459 6
    endloop
  endfacet
  facet normal 0.6129206340489994 -0.7901444781538199 0
    outer loop
      vertex 9.662214279174805 31.559017181396484 6
      vertex 9.612577438354492 31.5205135345459 0
      vertex 9.662214279174805 31.559017181396484 0
    endloop
  endfacet
  facet normal 0.6612922099365601 -0.750128397727496 0
    outer loop
      vertex 9.565452575683594 31.47896957397461 0
      vertex 9.612577438354492 31.5205135345459 6
      vertex 9.565452575683594 31.47896957397461 6
    endloop
  endfacet
  facet normal 0.6612922099365601 -0.750128397727496 0
    outer loop
      vertex 9.612577438354492 31.5205135345459 6
      vertex 9.565452575683594 31.47896957397461 0
      vertex 9.612577438354492 31.5205135345459 0
    endloop
  endfacet
  facet normal -0.9876876362940752 0.1564389117573461 0
    outer loop
      vertex 31.732288360595703 10.062625885009766 0
      vertex 31.742115020751953 10.124667167663574 6
      vertex 31.742115020751953 10.124667167663574 0
    endloop
  endfacet
  facet normal -0.9876876362940752 0.1564389117573461 0
    outer loop
      vertex 31.742115020751953 10.124667167663574 6
      vertex 31.732288360595703 10.062625885009766 0
      vertex 31.732288360595703 10.062625885009766 6
    endloop
  endfacet
  facet normal -0.9759148608180249 0.21815174634766313 0
    outer loop
      vertex 31.718582153320312 10.001310348510742 0
      vertex 31.732288360595703 10.062625885009766 6
      vertex 31.732288360595703 10.062625885009766 0
    endloop
  endfacet
  facet normal -0.9759148608180249 0.21815174634766313 0
    outer loop
      vertex 31.732288360595703 10.062625885009766 6
      vertex 31.718582153320312 10.001310348510742 0
      vertex 31.718582153320312 10.001310348510742 6
    endloop
  endfacet
  facet normal 0.9602925833505894 -0.2789949002434474 0
    outer loop
      vertex 9.281416893005371 30.998689651489258 6
      vertex 9.298944473266602 31.059019088745117 0
      vertex 9.298944473266602 31.059019088745117 6
    endloop
  endfacet
  facet normal 0.9602925833505894 -0.2789949002434474 0
    outer loop
      vertex 9.298944473266602 31.059019088745117 0
      vertex 9.281416893005371 30.998689651489258 6
      vertex 9.281416893005371 30.998689651489258 0
    endloop
  endfacet
  facet normal -0.8910195710012568 -0.4539648930178811 0
    outer loop
      vertex 31.654827117919922 31.1757755279541 0
      vertex 31.626306533813477 31.231754302978516 6
      vertex 31.626306533813477 31.231754302978516 0
    endloop
  endfacet
  facet normal -0.8910195710012568 -0.4539648930178811 0
    outer loop
      vertex 31.626306533813477 31.231754302978516 6
      vertex 31.654827117919922 31.1757755279541 0
      vertex 31.654827117919922 31.1757755279541 6
    endloop
  endfacet
  facet normal 0.7901444781538199 0.6129206340489994 0
    outer loop
      vertex 9.479486465454102 9.612577438354492 6
      vertex 9.440982818603516 9.662214279174805 0
      vertex 9.440982818603516 9.662214279174805 6
    endloop
  endfacet
  facet normal 0.7901444781538199 0.6129206340489994 0
    outer loop
      vertex 9.440982818603516 9.662214279174805 0
      vertex 9.479486465454102 9.612577438354492 6
      vertex 9.479486465454102 9.612577438354492 0
    endloop
  endfacet
  facet normal 0.09410118845848708 -0.9955626380749231 0
    outer loop
      vertex 10.124667167663574 31.742115020751953 0
      vertex 10.187202453613281 31.74802589416504 6
      vertex 10.124667167663574 31.742115020751953 6
    endloop
  endfacet
  facet normal 0.09410118845848708 -0.9955626380749231 0
    outer loop
      vertex 10.187202453613281 31.74802589416504 6
      vertex 10.124667167663574 31.742115020751953 0
      vertex 10.187202453613281 31.74802589416504 0
    endloop
  endfacet
  facet normal 0.1564389117573461 -0.9876876362940752 0
    outer loop
      vertex 10.062625885009766 31.732288360595703 0
      vertex 10.124667167663574 31.742115020751953 6
      vertex 10.062625885009766 31.732288360595703 6
    endloop
  endfacet
  facet normal 0.1564389117573461 -0.9876876362940752 0
    outer loop
      vertex 10.124667167663574 31.742115020751953 6
      vertex 10.062625885009766 31.732288360595703 0
      vertex 10.124667167663574 31.742115020751953 0
    endloop
  endfacet
  facet normal 0.03142051308069277 -0.9995062537862113 0
    outer loop
      vertex 10.187202453613281 31.74802589416504 0
      vertex 10.25 31.75 6
      vertex 10.187202453613281 31.74802589416504 6
    endloop
  endfacet
  facet normal 0.03142051308069277 -0.9995062537862113 0
    outer loop
      vertex 10.25 31.75 6
      vertex 10.187202453613281 31.74802589416504 0
      vertex 10.25 31.75 0
    endloop
  endfacet
  facet normal 0.33873667063566565 0.9408812188404361 0
    outer loop
      vertex 9.940980911254883 9.298944473266602 0
      vertex 9.881875038146973 9.320223808288574 6
      vertex 9.940980911254883 9.298944473266602 6
    endloop
  endfacet
  facet normal 0.33873667063566565 0.9408812188404361 0
    outer loop
      vertex 9.881875038146973 9.320223808288574 6
      vertex 9.940980911254883 9.298944473266602 0
      vertex 9.881875038146973 9.320223808288574 0
    endloop
  endfacet
  facet normal 0.2789949002434474 0.9602925833505894 0
    outer loop
      vertex 10.001310348510742 9.281416893005371 0
      vertex 9.940980911254883 9.298944473266602 6
      vertex 10.001310348510742 9.281416893005371 6
    endloop
  endfacet
  facet normal 0.2789949002434474 0.9602925833505894 0
    outer loop
      vertex 9.940980911254883 9.298944473266602 6
      vertex 10.001310348510742 9.281416893005371 0
      vertex 9.940980911254883 9.298944473266602 0
    endloop
  endfacet
  facet normal 0.7501208674140349 0.6613007517537055 0
    outer loop
      vertex 9.521031379699707 9.565452575683594 6
      vertex 9.479486465454102 9.612577438354492 0
      vertex 9.479486465454102 9.612577438354492 6
    endloop
  endfacet
  facet normal 0.7501208674140349 0.6613007517537055 0
    outer loop
      vertex 9.479486465454102 9.612577438354492 0
      vertex 9.521031379699707 9.565452575683594 6
      vertex 9.521031379699707 9.565452575683594 0
    endloop
  endfacet
  facet normal 0.7071067811865476 0.7071067811865476 0
    outer loop
      vertex 9.565452575683594 9.521031379699707 6
      vertex 9.521031379699707 9.565452575683594 0
      vertex 9.521031379699707 9.565452575683594 6
    endloop
  endfacet
  facet normal 0.7071067811865476 0.7071067811865476 0
    outer loop
      vertex 9.521031379699707 9.565452575683594 0
      vertex 9.565452575683594 9.521031379699707 6
      vertex 9.565452575683594 9.521031379699707 0
    endloop
  endfacet
  facet normal -0.03142051308069277 -0.9995062537862113 0
    outer loop
      vertex 30.75 31.75 0
      vertex 30.81279754638672 31.74802589416504 6
      vertex 30.75 31.75 6
    endloop
  endfacet
  facet normal -0.03142051308069277 -0.9995062537862113 0
    outer loop
      vertex 30.81279754638672 31.74802589416504 6
      vertex 30.75 31.75 0
      vertex 30.81279754638672 31.74802589416504 0
    endloop
  endfacet
  facet normal -0.9602966502662903 0.27898090165339684 0
    outer loop
      vertex 31.7010555267334 9.940980911254883 0
      vertex 31.718582153320312 10.001310348510742 6
      vertex 31.718582153320312 10.001310348510742 0
    endloop
  endfacet
  facet normal -0.9602966502662903 0.27898090165339684 0
    outer loop
      vertex 31.718582153320312 10.001310348510742 6
      vertex 31.7010555267334 9.940980911254883 0
      vertex 31.7010555267334 9.940980911254883 6
    endloop
  endfacet
  facet normal 0.9759180922808073 0.21813728970304355 0
    outer loop
      vertex 9.281416893005371 10.001310348510742 6
      vertex 9.267711639404297 10.062625885009766 0
      vertex 9.267711639404297 10.062625885009766 6
    endloop
  endfacet
  facet normal 0.9759180922808073 0.21813728970304355 0
    outer loop
      vertex 9.267711639404297 10.062625885009766 0
      vertex 9.281416893005371 10.001310348510742 6
      vertex 9.281416893005371 10.001310348510742 0
    endloop
  endfacet
  facet normal 0.27898090165339684 -0.9602966502662903 0
    outer loop
      vertex 9.940980911254883 31.7010555267334 0
      vertex 10.001310348510742 31.718582153320312 6
      vertex 9.940980911254883 31.7010555267334 6
    endloop
  endfacet
  facet normal 0.27898090165339684 -0.9602966502662903 0
    outer loop
      vertex 10.001310348510742 31.718582153320312 6
      vertex 9.940980911254883 31.7010555267334 0
      vertex 10.001310348510742 31.718582153320312 0
    endloop
  endfacet
  facet normal 0.33875010974534453 -0.9408763803749762 0
    outer loop
      vertex 9.881875038146973 31.67977523803711 0
      vertex 9.940980911254883 31.7010555267334 6
      vertex 9.881875038146973 31.67977523803711 6
    endloop
  endfacet
  facet normal 0.33875010974534453 -0.9408763803749762 0
    outer loop
      vertex 9.940980911254883 31.7010555267334 6
      vertex 9.881875038146973 31.67977523803711 0
      vertex 9.940980911254883 31.7010555267334 0
    endloop
  endfacet
  facet normal -0.9602966502662903 -0.27898090165339684 0
    outer loop
      vertex 31.718582153320312 30.998689651489258 0
      vertex 31.7010555267334 31.059019088745117 6
      vertex 31.7010555267334 31.059019088745117 0
    endloop
  endfacet
  facet normal -0.9602966502662903 -0.27898090165339684 0
    outer loop
      vertex 31.7010555267334 31.059019088745117 6
      vertex 31.718582153320312 30.998689651489258 0
      vertex 31.718582153320312 30.998689651489258 6
    endloop
  endfacet
  facet normal 0.8910134308902498 -0.45397694431896657 0
    outer loop
      vertex 9.345171928405762 31.1757755279541 6
      vertex 9.373693466186523 31.231754302978516 0
      vertex 9.373693466186523 31.231754302978516 6
    endloop
  endfacet
  facet normal 0.8910134308902498 -0.45397694431896657 0
    outer loop
      vertex 9.373693466186523 31.231754302978516 0
      vertex 9.345171928405762 31.1757755279541 6
      vertex 9.345171928405762 31.1757755279541 0
    endloop
  endfacet
  facet normal -0.7071067811865476 -0.7071067811865476 0
    outer loop
      vertex 31.47896957397461 31.434547424316406 0
      vertex 31.434547424316406 31.47896957397461 6
      vertex 31.434547424316406 31.47896957397461 0
    endloop
  endfacet
  facet normal -0.7071067811865476 -0.7071067811865476 0
    outer loop
      vertex 31.434547424316406 31.47896957397461 6
      vertex 31.47896957397461 31.434547424316406 0
      vertex 31.47896957397461 31.434547424316406 6
    endloop
  endfacet
  facet normal -0.750128397727496 -0.6612922099365601 0
    outer loop
      vertex 31.5205135345459 31.387422561645508 0
      vertex 31.47896957397461 31.434547424316406 6
      vertex 31.47896957397461 31.434547424316406 0
    endloop
  endfacet
  facet normal -0.750128397727496 -0.6612922099365601 0
    outer loop
      vertex 31.47896957397461 31.434547424316406 6
      vertex 31.5205135345459 31.387422561645508 0
      vertex 31.5205135345459 31.387422561645508 6
    endloop
  endfacet
  facet normal -0.7901444781538199 -0.6129206340489994 0
    outer loop
      vertex 31.559017181396484 31.337785720825195 0
      vertex 31.5205135345459 31.387422561645508 6
      vertex 31.5205135345459 31.387422561645508 0
    endloop
  endfacet
  facet normal -0.7901444781538199 -0.6129206340489994 0
    outer loop
      vertex 31.5205135345459 31.387422561645508 6
      vertex 31.559017181396484 31.337785720825195 0
      vertex 31.559017181396484 31.337785720825195 6
    endloop
  endfacet
  facet normal -0.5090565740503479 0.8607330622301683 0
    outer loop
      vertex 31.285831451416016 9.405675888061523 0
      vertex 31.231754302978516 9.373693466186523 6
      vertex 31.285831451416016 9.405675888061523 6
    endloop
  endfacet
  facet normal -0.5090565740503479 0.8607330622301683 0
    outer loop
      vertex 31.231754302978516 9.373693466186523 6
      vertex 31.285831451416016 9.405675888061523 0
      vertex 31.231754302978516 9.373693466186523 0
    endloop
  endfacet
  facet normal -0.45397694431896657 0.8910134308902498 0
    outer loop
      vertex 31.231754302978516 9.373693466186523 0
      vertex 31.1757755279541 9.345171928405762 6
      vertex 31.231754302978516 9.373693466186523 6
    endloop
  endfacet
  facet normal -0.45397694431896657 0.8910134308902498 0
    outer loop
      vertex 31.1757755279541 9.345171928405762 6
      vertex 31.231754302978516 9.373693466186523 0
      vertex 31.1757755279541 9.345171928405762 0
    endloop
  endfacet
  facet normal 0.21815174634766313 -0.9759148608180249 0
    outer loop
      vertex 10.001310348510742 31.718582153320312 0
      vertex 10.062625885009766 31.732288360595703 6
      vertex 10.001310348510742 31.718582153320312 6
    endloop
  endfacet
  facet normal 0.21815174634766313 -0.9759148608180249 0
    outer loop
      vertex 10.062625885009766 31.732288360595703 6
      vertex 10.001310348510742 31.718582153320312 0
      vertex 10.062625885009766 31.732288360595703 0
    endloop
  endfacet
  facet normal 0.9955626380749231 0.09410118845848708 0
    outer loop
      vertex 9.257884979248047 10.124667167663574 6
      vertex 9.251974105834961 10.187202453613281 0
      vertex 9.251974105834961 10.187202453613281 6
    endloop
  endfacet
  facet normal 0.9955626380749231 0.09410118845848708 0
    outer loop
      vertex 9.251974105834961 10.187202453613281 0
      vertex 9.257884979248047 10.124667167663574 6
      vertex 9.257884979248047 10.124667167663574 0
    endloop
  endfacet
  facet normal 0.9876876362940752 0.1564389117573461 0
    outer loop
      vertex 9.267711639404297 10.062625885009766 6
      vertex 9.257884979248047 10.124667167663574 0
      vertex 9.257884979248047 10.124667167663574 6
    endloop
  endfacet
  facet normal 0.9876876362940752 0.1564389117573461 0
    outer loop
      vertex 9.257884979248047 10.124667167663574 0
      vertex 9.267711639404297 10.062625885009766 6
      vertex 9.267711639404297 10.062625885009766 0
    endloop
  endfacet
  facet normal 0.7901444781538199 -0.6129206340489994 0
    outer loop
      vertex 9.440982818603516 31.337785720825195 6
      vertex 9.479486465454102 31.387422561645508 0
      vertex 9.479486465454102 31.387422561645508 6
    endloop
  endfacet
  facet normal 0.7901444781538199 -0.6129206340489994 0
    outer loop
      vertex 9.479486465454102 31.387422561645508 0
      vertex 9.440982818603516 31.337785720825195 6
      vertex 9.440982818603516 31.337785720825195 0
    endloop
  endfacet
  facet normal -0.39716002678015244 -0.9177493738096413 0
    outer loop
      vertex 31.118125915527344 31.67977523803711 0
      vertex 31.1757755279541 31.654827117919922 6
      vertex 31.118125915527344 31.67977523803711 6
    endloop
  endfacet
  facet normal -0.39716002678015244 -0.9177493738096413 0
    outer loop
      vertex 31.1757755279541 31.654827117919922 6
      vertex 31.118125915527344 31.67977523803711 0
      vertex 31.1757755279541 31.654827117919922 0
    endloop
  endfacet
  facet normal 0.5090432722643345 0.8607409290619441 0
    outer loop
      vertex 9.7682466506958 9.373693466186523 0
      vertex 9.714167594909668 9.405675888061523 6
      vertex 9.7682466506958 9.373693466186523 6
    endloop
  endfacet
  facet normal 0.5090432722643345 0.8607409290619441 0
    outer loop
      vertex 9.714167594909668 9.405675888061523 6
      vertex 9.7682466506958 9.373693466186523 0
      vertex 9.714167594909668 9.405675888061523 0
    endloop
  endfacet
  facet normal 0.21813728970304355 0.9759180922808073 0
    outer loop
      vertex 10.062625885009766 9.267711639404297 0
      vertex 10.001310348510742 9.281416893005371 6
      vertex 10.062625885009766 9.267711639404297 6
    endloop
  endfacet
  facet normal 0.21813728970304355 0.9759180922808073 0
    outer loop
      vertex 10.001310348510742 9.281416893005371 6
      vertex 10.062625885009766 9.267711639404297 0
      vertex 10.001310348510742 9.281416893005371 0
    endloop
  endfacet
  facet normal -0.9955626380749231 0.09410118845848708 0
    outer loop
      vertex 31.742115020751953 10.124667167663574 0
      vertex 31.74802589416504 10.187202453613281 6
      vertex 31.74802589416504 10.187202453613281 0
    endloop
  endfacet
  facet normal -0.9955626380749231 0.09410118845848708 0
    outer loop
      vertex 31.74802589416504 10.187202453613281 6
      vertex 31.742115020751953 10.124667167663574 0
      vertex 31.742115020751953 10.124667167663574 6
    endloop
  endfacet
  facet normal -0.8607409290619441 0.5090432722643345 0
    outer loop
      vertex 31.594324111938477 9.714167594909668 0
      vertex 31.626306533813477 9.7682466506958 6
      vertex 31.626306533813477 9.7682466506958 0
    endloop
  endfacet
  facet normal -0.8607409290619441 0.5090432722643345 0
    outer loop
      vertex 31.626306533813477 9.7682466506958 6
      vertex 31.594324111938477 9.714167594909668 0
      vertex 31.594324111938477 9.714167594909668 6
    endloop
  endfacet
  facet normal 0.7501208674140349 -0.6613007517537055 0
    outer loop
      vertex 9.479486465454102 31.387422561645508 6
      vertex 9.521031379699707 31.434547424316406 0
      vertex 9.521031379699707 31.434547424316406 6
    endloop
  endfacet
  facet normal 0.7501208674140349 -0.6613007517537055 0
    outer loop
      vertex 9.521031379699707 31.434547424316406 0
      vertex 9.479486465454102 31.387422561645508 6
      vertex 9.479486465454102 31.387422561645508 0
    endloop
  endfacet
  facet normal -0.5620708054440745 0.8270891183345657 0
    outer loop
      vertex 31.337785720825195 9.440982818603516 0
      vertex 31.285831451416016 9.405675888061523 6
      vertex 31.337785720825195 9.440982818603516 6
    endloop
  endfacet
  facet normal -0.5620708054440745 0.8270891183345657 0
    outer loop
      vertex 31.285831451416016 9.405675888061523 6
      vertex 31.337785720825195 9.440982818603516 0
      vertex 31.285831451416016 9.405675888061523 0
    endloop
  endfacet
  facet normal -0.8270843218683686 0.5620778633957586 0
    outer loop
      vertex 31.559017181396484 9.662214279174805 0
      vertex 31.594324111938477 9.714167594909668 6
      vertex 31.594324111938477 9.714167594909668 0
    endloop
  endfacet
  facet normal -0.8270843218683686 0.5620778633957586 0
    outer loop
      vertex 31.594324111938477 9.714167594909668 6
      vertex 31.559017181396484 9.662214279174805 0
      vertex 31.559017181396484 9.662214279174805 6
    endloop
  endfacet
  facet normal 0.03142051308069277 0.9995062537862113 0
    outer loop
      vertex 10.25 9.25 0
      vertex 10.187202453613281 9.251974105834961 6
      vertex 10.25 9.25 6
    endloop
  endfacet
  facet normal 0.03142051308069277 0.9995062537862113 0
    outer loop
      vertex 10.187202453613281 9.251974105834961 6
      vertex 10.25 9.25 0
      vertex 10.187202453613281 9.251974105834961 0
    endloop
  endfacet
  facet normal 0.7071143714675293 -0.7070991908240886 0
    outer loop
      vertex 9.521031379699707 31.434547424316406 6
      vertex 9.565452575683594 31.47896957397461 0
      vertex 9.565452575683594 31.47896957397461 6
    endloop
  endfacet
  facet normal 0.7071143714675293 -0.7070991908240886 0
    outer loop
      vertex 9.565452575683594 31.47896957397461 0
      vertex 9.521031379699707 31.434547424316406 6
      vertex 9.521031379699707 31.434547424316406 0
    endloop
  endfacet
  facet normal -0.7070991908240886 0.7071143714675293 0
    outer loop
      vertex 31.47896957397461 9.565452575683594 0
      vertex 31.434547424316406 9.521031379699707 6
      vertex 31.47896957397461 9.565452575683594 6
    endloop
  endfacet
  facet normal -0.7070991908240886 0.7071143714675293 0
    outer loop
      vertex 31.434547424316406 9.521031379699707 6
      vertex 31.47896957397461 9.565452575683594 0
      vertex 31.434547424316406 9.521031379699707 0
    endloop
  endfacet
  facet normal 0.4539892249084288 0.8910071737461175 0
    outer loop
      vertex 9.824223518371582 9.345171928405762 0
      vertex 9.7682466506958 9.373693466186523 6
      vertex 9.824223518371582 9.345171928405762 6
    endloop
  endfacet
  facet normal 0.4539892249084288 0.8910071737461175 0
    outer loop
      vertex 9.7682466506958 9.373693466186523 6
      vertex 9.824223518371582 9.345171928405762 0
      vertex 9.7682466506958 9.373693466186523 0
    endloop
  endfacet
  facet normal 0.39714895961358043 0.9177541630948075 0
    outer loop
      vertex 9.881875038146973 9.320223808288574 0
      vertex 9.824223518371582 9.345171928405762 6
      vertex 9.881875038146973 9.320223808288574 6
    endloop
  endfacet
  facet normal 0.39714895961358043 0.9177541630948075 0
    outer loop
      vertex 9.824223518371582 9.345171928405762 6
      vertex 9.881875038146973 9.320223808288574 0
      vertex 9.824223518371582 9.345171928405762 0
    endloop
  endfacet
  facet normal -0.39716002678015244 0.9177493738096413 0
    outer loop
      vertex 31.1757755279541 9.345171928405762 0
      vertex 31.118125915527344 9.320223808288574 6
      vertex 31.1757755279541 9.345171928405762 6
    endloop
  endfacet
  facet normal -0.39716002678015244 0.9177493738096413 0
    outer loop
      vertex 31.118125915527344 9.320223808288574 6
      vertex 31.1757755279541 9.345171928405762 0
      vertex 31.118125915527344 9.320223808288574 0
    endloop
  endfacet
  facet normal -0.9759148608180249 -0.21815174634766313 0
    outer loop
      vertex 31.732288360595703 30.937374114990234 0
      vertex 31.718582153320312 30.998689651489258 6
      vertex 31.718582153320312 30.998689651489258 0
    endloop
  endfacet
  facet normal -0.9759148608180249 -0.21815174634766313 0
    outer loop
      vertex 31.718582153320312 30.998689651489258 6
      vertex 31.732288360595703 30.937374114990234 0
      vertex 31.732288360595703 30.937374114990234 6
    endloop
  endfacet
  facet normal -0.4539648930178811 -0.8910195710012568 0
    outer loop
      vertex 31.1757755279541 31.654827117919922 0
      vertex 31.231754302978516 31.626306533813477 6
      vertex 31.1757755279541 31.654827117919922 6
    endloop
  endfacet
  facet normal -0.4539648930178811 -0.8910195710012568 0
    outer loop
      vertex 31.231754302978516 31.626306533813477 6
      vertex 31.1757755279541 31.654827117919922 0
      vertex 31.231754302978516 31.626306533813477 0
    endloop
  endfacet
  facet normal 0.5620778633957586 -0.8270843218683686 0
    outer loop
      vertex 9.662214279174805 31.559017181396484 0
      vertex 9.714167594909668 31.594324111938477 6
      vertex 9.662214279174805 31.559017181396484 6
    endloop
  endfacet
  facet normal 0.5620778633957586 -0.8270843218683686 0
    outer loop
      vertex 9.714167594909668 31.594324111938477 6
      vertex 9.662214279174805 31.559017181396484 0
      vertex 9.714167594909668 31.594324111938477 0
    endloop
  endfacet
  facet normal -0.6612922099365601 -0.750128397727496 0
    outer loop
      vertex 31.387422561645508 31.5205135345459 0
      vertex 31.434547424316406 31.47896957397461 6
      vertex 31.387422561645508 31.5205135345459 6
    endloop
  endfacet
  facet normal -0.6612922099365601 -0.750128397727496 0
    outer loop
      vertex 31.434547424316406 31.47896957397461 6
      vertex 31.387422561645508 31.5205135345459 0
      vertex 31.434547424316406 31.47896957397461 0
    endloop
  endfacet
  facet normal -0.9876880078453365 -0.1564365659253312 0
    outer loop
      vertex 31.742115020751953 30.87533187866211 0
      vertex 31.732288360595703 30.937374114990234 6
      vertex 31.732288360595703 30.937374114990234 0
    endloop
  endfacet
  facet normal -0.9876880078453365 -0.1564365659253312 0
    outer loop
      vertex 31.732288360595703 30.937374114990234 6
      vertex 31.742115020751953 30.87533187866211 0
      vertex 31.742115020751953 30.87533187866211 6
    endloop
  endfacet
  facet normal -0.8270845954832272 -0.562077460777735 0
    outer loop
      vertex 38.690982818603516 30.162216186523438 6
      vertex 38.65567398071289 30.21417236328125 67
      vertex 38.65567398071289 30.21417236328125 6
    endloop
  endfacet
  facet normal -0.8270845954832272 -0.562077460777735 0
    outer loop
      vertex 38.65567398071289 30.21417236328125 67
      vertex 38.690982818603516 30.162216186523438 6
      vertex 38.690982818603516 30.162216186523438 67
    endloop
  endfacet
  facet normal 0.9759220085235509 -0.21811976819939613 0
    outer loop
      vertex 41.96858215332031 30.501310348510742 67
      vertex 41.98228454589844 30.562618255615234 6
      vertex 41.98228454589844 30.562618255615234 67
    endloop
  endfacet
  facet normal 0.9759220085235509 -0.21811976819939613 0
    outer loop
      vertex 41.98228454589844 30.562618255615234 6
      vertex 41.96858215332031 30.501310348510742 67
      vertex 41.96858215332031 30.501310348510742 6
    endloop
  endfacet
  facet normal 0.3971489596135805 -0.9177541630948076 0
    outer loop
      vertex 41.368125915527344 29.82022476196289 6
      vertex 41.425777435302734 29.845172882080078 67
      vertex 41.368125915527344 29.82022476196289 67
    endloop
  endfacet
  facet normal 0.3971489596135805 -0.9177541630948076 0
    outer loop
      vertex 41.425777435302734 29.845172882080078 67
      vertex 41.368125915527344 29.82022476196289 6
      vertex 41.425777435302734 29.845172882080078 6
    endloop
  endfacet
  facet normal 0.9408684452898549 -0.33877214858640814 0
    outer loop
      vertex 41.92977523803711 30.38187599182129 67
      vertex 41.95105743408203 30.440982818603516 6
      vertex 41.95105743408203 30.440982818603516 67
    endloop
  endfacet
  facet normal 0.9408684452898549 -0.33877214858640814 0
    outer loop
      vertex 41.95105743408203 30.440982818603516 6
      vertex 41.92977523803711 30.38187599182129 67
      vertex 41.92977523803711 30.38187599182129 6
    endloop
  endfacet
  facet normal 0.7071067811865476 -0.7071067811865476 0
    outer loop
      vertex 41.684547424316406 30.02103042602539 67
      vertex 41.72896957397461 30.065452575683594 6
      vertex 41.72896957397461 30.065452575683594 67
    endloop
  endfacet
  facet normal 0.7071067811865476 -0.7071067811865476 0
    outer loop
      vertex 41.72896957397461 30.065452575683594 6
      vertex 41.684547424316406 30.02103042602539 67
      vertex 41.684547424316406 30.02103042602539 6
    endloop
  endfacet
  facet normal -1 0 0
    outer loop
      vertex 38.5 30.75 6
      vertex 38.5 38.5 67
      vertex 38.5 38.5 6
    endloop
  endfacet
  facet normal -1 0 0
    outer loop
      vertex 38.5 38.5 67
      vertex 38.5 30.75 6
      vertex 38.5 30.75 67
    endloop
  endfacet
  facet normal 0.45397717345059985 -0.8910133141462051 0
    outer loop
      vertex 41.425777435302734 29.845172882080078 6
      vertex 41.481754302978516 29.873693466186523 67
      vertex 41.425777435302734 29.845172882080078 67
    endloop
  endfacet
  facet normal 0.45397717345059985 -0.8910133141462051 0
    outer loop
      vertex 41.481754302978516 29.873693466186523 67
      vertex 41.425777435302734 29.845172882080078 6
      vertex 41.481754302978516 29.873693466186523 6
    endloop
  endfacet
  facet normal -0.21815514931891686 -0.9759141001264614 0
    outer loop
      vertex 39.251312255859375 29.781417846679688 6
      vertex 39.312618255615234 29.76771354675293 67
      vertex 39.251312255859375 29.781417846679688 67
    endloop
  endfacet
  facet normal -0.21815514931891686 -0.9759141001264614 0
    outer loop
      vertex 39.312618255615234 29.76771354675293 67
      vertex 39.251312255859375 29.781417846679688 6
      vertex 39.312618255615234 29.76771354675293 6
    endloop
  endfacet
  facet normal -0.3971489596135805 -0.9177541630948076 0
    outer loop
      vertex 39.074222564697266 29.845172882080078 6
      vertex 39.131874084472656 29.82022476196289 67
      vertex 39.074222564697266 29.845172882080078 67
    endloop
  endfacet
  facet normal -0.3971489596135805 -0.9177541630948076 0
    outer loop
      vertex 39.131874084472656 29.82022476196289 67
      vertex 39.074222564697266 29.845172882080078 6
      vertex 39.131874084472656 29.82022476196289 6
    endloop
  endfacet
  facet normal -0.891001033267664 -0.4540012761170999 0
    outer loop
      vertex 38.623695373535156 30.268245697021484 6
      vertex 38.59517288208008 30.324222564697266 67
      vertex 38.59517288208008 30.324222564697266 6
    endloop
  endfacet
  facet normal -0.891001033267664 -0.4540012761170999 0
    outer loop
      vertex 38.59517288208008 30.324222564697266 67
      vertex 38.623695373535156 30.268245697021484 6
      vertex 38.623695373535156 30.268245697021484 67
    endloop
  endfacet
  facet normal -0.6129101821154981 -0.7901525856814916 0
    outer loop
      vertex 38.86257553100586 29.979488372802734 6
      vertex 38.91221618652344 29.940982818603516 67
      vertex 38.86257553100586 29.979488372802734 67
    endloop
  endfacet
  facet normal -0.6129101821154981 -0.7901525856814916 0
    outer loop
      vertex 38.91221618652344 29.940982818603516 67
      vertex 38.86257553100586 29.979488372802734 6
      vertex 38.91221618652344 29.940982818603516 6
    endloop
  endfacet
  facet normal 0 -1 0
    outer loop
      vertex 39.5 29.75 6
      vertex 41 29.75 67
      vertex 39.5 29.75 67
    endloop
  endfacet
  facet normal 0 -1 0
    outer loop
      vertex 41 29.75 67
      vertex 39.5 29.75 6
      vertex 41 29.75 6
    endloop
  endfacet
  facet normal -0.9603024209862823 -0.2789610371501458 0
    outer loop
      vertex 38.54894256591797 30.440982818603516 6
      vertex 38.53141784667969 30.501310348510742 67
      vertex 38.53141784667969 30.501310348510742 6
    endloop
  endfacet
  facet normal -0.9603024209862823 -0.2789610371501458 0
    outer loop
      vertex 38.53141784667969 30.501310348510742 67
      vertex 38.54894256591797 30.440982818603516 6
      vertex 38.54894256591797 30.440982818603516 67
    endloop
  endfacet
  facet normal -0.562077460777735 -0.8270845954832272 0
    outer loop
      vertex 38.91221618652344 29.940982818603516 6
      vertex 38.96417236328125 29.90567398071289 67
      vertex 38.91221618652344 29.940982818603516 67
    endloop
  endfacet
  facet normal -0.562077460777735 -0.8270845954832272 0
    outer loop
      vertex 38.96417236328125 29.90567398071289 67
      vertex 38.91221618652344 29.940982818603516 6
      vertex 38.96417236328125 29.90567398071289 6
    endloop
  endfacet
  facet normal 0.33876247146161187 -0.9408719296106248 0
    outer loop
      vertex 41.309017181396484 29.79894256591797 6
      vertex 41.368125915527344 29.82022476196289 67
      vertex 41.309017181396484 29.79894256591797 67
    endloop
  endfacet
  facet normal 0.33876247146161187 -0.9408719296106248 0
    outer loop
      vertex 41.368125915527344 29.82022476196289 67
      vertex 41.309017181396484 29.79894256591797 6
      vertex 41.368125915527344 29.82022476196289 6
    endloop
  endfacet
  facet normal 0.8607439328034021 -0.5090381932057086 0
    outer loop
      vertex 41.84432601928711 30.21417236328125 67
      vertex 41.876304626464844 30.268245697021484 6
      vertex 41.876304626464844 30.268245697021484 67
    endloop
  endfacet
  facet normal 0.8607439328034021 -0.5090381932057086 0
    outer loop
      vertex 41.876304626464844 30.268245697021484 6
      vertex 41.84432601928711 30.21417236328125 67
      vertex 41.84432601928711 30.21417236328125 6
    endloop
  endfacet
  facet normal -0.7071067811865476 -0.7071067811865476 0
    outer loop
      vertex 38.815452575683594 30.02103042602539 6
      vertex 38.77103042602539 30.065452575683594 67
      vertex 38.77103042602539 30.065452575683594 6
    endloop
  endfacet
  facet normal -0.7071067811865476 -0.7071067811865476 0
    outer loop
      vertex 38.77103042602539 30.065452575683594 67
      vertex 38.815452575683594 30.02103042602539 6
      vertex 38.815452575683594 30.02103042602539 67
    endloop
  endfacet
  facet normal -0.9408684452898549 -0.33877214858640814 0
    outer loop
      vertex 38.57022476196289 30.38187599182129 6
      vertex 38.54894256591797 30.440982818603516 67
      vertex 38.54894256591797 30.440982818603516 6
    endloop
  endfacet
  facet normal -0.9408684452898549 -0.33877214858640814 0
    outer loop
      vertex 38.54894256591797 30.440982818603516 67
      vertex 38.57022476196289 30.38187599182129 6
      vertex 38.57022476196289 30.38187599182129 67
    endloop
  endfacet
  facet normal 0.5090606867959282 -0.8607306298481877 0
    outer loop
      vertex 41.481754302978516 29.873693466186523 6
      vertex 41.53582763671875 29.90567398071289 67
      vertex 41.481754302978516 29.873693466186523 67
    endloop
  endfacet
  facet normal 0.5090606867959282 -0.8607306298481877 0
    outer loop
      vertex 41.53582763671875 29.90567398071289 67
      vertex 41.481754302978516 29.873693466186523 6
      vertex 41.53582763671875 29.90567398071289 6
    endloop
  endfacet
  facet normal 0.9177589519796183 -0.3971378930060346 0
    outer loop
      vertex 41.90482711791992 30.324222564697266 67
      vertex 41.92977523803711 30.38187599182129 6
      vertex 41.92977523803711 30.38187599182129 67
    endloop
  endfacet
  facet normal 0.9177589519796183 -0.3971378930060346 0
    outer loop
      vertex 41.92977523803711 30.38187599182129 6
      vertex 41.90482711791992 30.324222564697266 67
      vertex 41.90482711791992 30.324222564697266 6
    endloop
  endfacet
  facet normal -0.03142432711320473 -0.9995061338808694 0
    outer loop
      vertex 39.43721008300781 29.75197410583496 6
      vertex 39.5 29.75 67
      vertex 39.43721008300781 29.75197410583496 67
    endloop
  endfacet
  facet normal -0.03142432711320473 -0.9995061338808694 0
    outer loop
      vertex 39.5 29.75 67
      vertex 39.43721008300781 29.75197410583496 6
      vertex 39.5 29.75 6
    endloop
  endfacet
  facet normal -0.09409123303975477 -0.9955635790169598 0
    outer loop
      vertex 39.37466812133789 29.757884979248047 6
      vertex 39.43721008300781 29.75197410583496 67
      vertex 39.37466812133789 29.757884979248047 67
    endloop
  endfacet
  facet normal -0.09409123303975477 -0.9955635790169598 0
    outer loop
      vertex 39.43721008300781 29.75197410583496 67
      vertex 39.37466812133789 29.757884979248047 6
      vertex 39.43721008300781 29.75197410583496 6
    endloop
  endfacet
  facet normal 0.9995051797977337 -0.0314546587566966 0
    outer loop
      vertex 41.998023986816406 30.687210083007812 67
      vertex 42 30.75 6
      vertex 42 30.75 67
    endloop
  endfacet
  facet normal 0.9995051797977337 -0.0314546587566966 0
    outer loop
      vertex 42 30.75 6
      vertex 41.998023986816406 30.687210083007812 67
      vertex 41.998023986816406 30.687210083007812 6
    endloop
  endfacet
  facet normal 0.09409123303975477 -0.9955635790169598 0
    outer loop
      vertex 41.06278991699219 29.75197410583496 6
      vertex 41.12533187866211 29.757884979248047 67
      vertex 41.06278991699219 29.75197410583496 67
    endloop
  endfacet
  facet normal 0.09409123303975477 -0.9955635790169598 0
    outer loop
      vertex 41.12533187866211 29.757884979248047 67
      vertex 41.06278991699219 29.75197410583496 6
      vertex 41.12533187866211 29.757884979248047 6
    endloop
  endfacet
  facet normal -0.8607439328034021 -0.5090381932057086 0
    outer loop
      vertex 38.65567398071289 30.21417236328125 6
      vertex 38.623695373535156 30.268245697021484 67
      vertex 38.623695373535156 30.268245697021484 6
    endloop
  endfacet
  facet normal -0.8607439328034021 -0.5090381932057086 0
    outer loop
      vertex 38.623695373535156 30.268245697021484 67
      vertex 38.65567398071289 30.21417236328125 6
      vertex 38.65567398071289 30.21417236328125 67
    endloop
  endfacet
  facet normal 0.15644741933857023 -0.9876862887487613 0
    outer loop
      vertex 41.12533187866211 29.757884979248047 6
      vertex 41.187381744384766 29.76771354675293 67
      vertex 41.12533187866211 29.757884979248047 67
    endloop
  endfacet
  facet normal 0.15644741933857023 -0.9876862887487613 0
    outer loop
      vertex 41.187381744384766 29.76771354675293 67
      vertex 41.12533187866211 29.757884979248047 6
      vertex 41.187381744384766 29.76771354675293 6
    endloop
  endfacet
  facet normal -0.9955664226760415 -0.0940611399039456 0
    outer loop
      vertex 38.50788497924805 30.62466812133789 6
      vertex 38.501976013183594 30.687210083007812 67
      vertex 38.501976013183594 30.687210083007812 6
    endloop
  endfacet
  facet normal -0.9955664226760415 -0.0940611399039456 0
    outer loop
      vertex 38.501976013183594 30.687210083007812 67
      vertex 38.50788497924805 30.62466812133789 6
      vertex 38.50788497924805 30.62466812133789 67
    endloop
  endfacet
  facet normal -0.9995051797977337 -0.0314546587566966 0
    outer loop
      vertex 38.501976013183594 30.687210083007812 6
      vertex 38.5 30.75 67
      vertex 38.5 30.75 6
    endloop
  endfacet
  facet normal -0.9995051797977337 -0.0314546587566966 0
    outer loop
      vertex 38.5 30.75 67
      vertex 38.501976013183594 30.687210083007812 6
      vertex 38.501976013183594 30.687210083007812 67
    endloop
  endfacet
  facet normal 0.9876815970001604 -0.1564770364852707 0
    outer loop
      vertex 41.98228454589844 30.562618255615234 67
      vertex 41.99211502075195 30.62466812133789 6
      vertex 41.99211502075195 30.62466812133789 67
    endloop
  endfacet
  facet normal 0.9876815970001604 -0.1564770364852707 0
    outer loop
      vertex 41.99211502075195 30.62466812133789 6
      vertex 41.98228454589844 30.562618255615234 67
      vertex 41.98228454589844 30.562618255615234 6
    endloop
  endfacet
  facet normal 0.8270845954832272 -0.562077460777735 0
    outer loop
      vertex 41.809017181396484 30.162216186523438 67
      vertex 41.84432601928711 30.21417236328125 6
      vertex 41.84432601928711 30.21417236328125 67
    endloop
  endfacet
  facet normal 0.8270845954832272 -0.562077460777735 0
    outer loop
      vertex 41.84432601928711 30.21417236328125 6
      vertex 41.809017181396484 30.162216186523438 67
      vertex 41.809017181396484 30.162216186523438 6
    endloop
  endfacet
  facet normal 0.891001033267664 -0.4540012761170999 0
    outer loop
      vertex 41.876304626464844 30.268245697021484 67
      vertex 41.90482711791992 30.324222564697266 6
      vertex 41.90482711791992 30.324222564697266 67
    endloop
  endfacet
  facet normal 0.891001033267664 -0.4540012761170999 0
    outer loop
      vertex 41.90482711791992 30.324222564697266 6
      vertex 41.876304626464844 30.268245697021484 67
      vertex 41.876304626464844 30.268245697021484 6
    endloop
  endfacet
  facet normal -0.5090606867959282 -0.8607306298481877 0
    outer loop
      vertex 38.96417236328125 29.90567398071289 6
      vertex 39.018245697021484 29.873693466186523 67
      vertex 38.96417236328125 29.90567398071289 67
    endloop
  endfacet
  facet normal -0.5090606867959282 -0.8607306298481877 0
    outer loop
      vertex 39.018245697021484 29.873693466186523 67
      vertex 38.96417236328125 29.90567398071289 6
      vertex 39.018245697021484 29.873693466186523 6
    endloop
  endfacet
  facet normal 0.9603024209862823 -0.2789610371501458 0
    outer loop
      vertex 41.95105743408203 30.440982818603516 67
      vertex 41.96858215332031 30.501310348510742 6
      vertex 41.96858215332031 30.501310348510742 67
    endloop
  endfacet
  facet normal 0.9603024209862823 -0.2789610371501458 0
    outer loop
      vertex 41.96858215332031 30.501310348510742 6
      vertex 41.95105743408203 30.440982818603516 67
      vertex 41.95105743408203 30.440982818603516 6
    endloop
  endfacet
  facet normal -0.9876815970001604 -0.1564770364852707 0
    outer loop
      vertex 38.51771545410156 30.562618255615234 6
      vertex 38.50788497924805 30.62466812133789 67
      vertex 38.50788497924805 30.62466812133789 6
    endloop
  endfacet
  facet normal -0.9876815970001604 -0.1564770364852707 0
    outer loop
      vertex 38.50788497924805 30.62466812133789 67
      vertex 38.51771545410156 30.562618255615234 6
      vertex 38.51771545410156 30.562618255615234 67
    endloop
  endfacet
  facet normal -0.27895290393974514 -0.9603047835888268 0
    outer loop
      vertex 39.190982818603516 29.79894256591797 6
      vertex 39.251312255859375 29.781417846679688 67
      vertex 39.190982818603516 29.79894256591797 67
    endloop
  endfacet
  facet normal -0.27895290393974514 -0.9603047835888268 0
    outer loop
      vertex 39.251312255859375 29.781417846679688 67
      vertex 39.190982818603516 29.79894256591797 6
      vertex 39.251312255859375 29.781417846679688 6
    endloop
  endfacet
  facet normal -0.9759220085235509 -0.21811976819939613 0
    outer loop
      vertex 38.53141784667969 30.501310348510742 6
      vertex 38.51771545410156 30.562618255615234 67
      vertex 38.51771545410156 30.562618255615234 6
    endloop
  endfacet
  facet normal -0.9759220085235509 -0.21811976819939613 0
    outer loop
      vertex 38.51771545410156 30.562618255615234 67
      vertex 38.53141784667969 30.501310348510742 6
      vertex 38.53141784667969 30.501310348510742 67
    endloop
  endfacet
  facet normal -0.33876247146161187 -0.9408719296106248 0
    outer loop
      vertex 39.131874084472656 29.82022476196289 6
      vertex 39.190982818603516 29.79894256591797 67
      vertex 39.131874084472656 29.82022476196289 67
    endloop
  endfacet
  facet normal -0.33876247146161187 -0.9408719296106248 0
    outer loop
      vertex 39.190982818603516 29.79894256591797 67
      vertex 39.131874084472656 29.82022476196289 6
      vertex 39.190982818603516 29.79894256591797 6
    endloop
  endfacet
  facet normal 0.562077460777735 -0.8270845954832272 0
    outer loop
      vertex 41.53582763671875 29.90567398071289 6
      vertex 41.58778381347656 29.940982818603516 67
      vertex 41.53582763671875 29.90567398071289 67
    endloop
  endfacet
  facet normal 0.562077460777735 -0.8270845954832272 0
    outer loop
      vertex 41.58778381347656 29.940982818603516 67
      vertex 41.53582763671875 29.90567398071289 6
      vertex 41.58778381347656 29.940982818603516 6
    endloop
  endfacet
  facet normal -0.15644741933857023 -0.9876862887487613 0
    outer loop
      vertex 39.312618255615234 29.76771354675293 6
      vertex 39.37466812133789 29.757884979248047 67
      vertex 39.312618255615234 29.76771354675293 67
    endloop
  endfacet
  facet normal -0.15644741933857023 -0.9876862887487613 0
    outer loop
      vertex 39.37466812133789 29.757884979248047 67
      vertex 39.312618255615234 29.76771354675293 6
      vertex 39.37466812133789 29.757884979248047 6
    endloop
  endfacet
  facet normal 0.9955664226760415 -0.0940611399039456 0
    outer loop
      vertex 41.99211502075195 30.62466812133789 67
      vertex 41.998023986816406 30.687210083007812 6
      vertex 41.998023986816406 30.687210083007812 67
    endloop
  endfacet
  facet normal 0.9955664226760415 -0.0940611399039456 0
    outer loop
      vertex 41.998023986816406 30.687210083007812 6
      vertex 41.99211502075195 30.62466812133789 67
      vertex 41.99211502075195 30.62466812133789 6
    endloop
  endfacet
  facet normal 0.03142432711320473 -0.9995061338808694 0
    outer loop
      vertex 41 29.75 6
      vertex 41.06278991699219 29.75197410583496 67
      vertex 41 29.75 67
    endloop
  endfacet
  facet normal 0.03142432711320473 -0.9995061338808694 0
    outer loop
      vertex 41.06278991699219 29.75197410583496 67
      vertex 41 29.75 6
      vertex 41.06278991699219 29.75197410583496 6
    endloop
  endfacet
  facet normal -0.9177589519796183 -0.3971378930060346 0
    outer loop
      vertex 38.59517288208008 30.324222564697266 6
      vertex 38.57022476196289 30.38187599182129 67
      vertex 38.57022476196289 30.38187599182129 6
    endloop
  endfacet
  facet normal -0.9177589519796183 -0.3971378930060346 0
    outer loop
      vertex 38.57022476196289 30.38187599182129 67
      vertex 38.59517288208008 30.324222564697266 6
      vertex 38.59517288208008 30.324222564697266 67
    endloop
  endfacet
  facet normal -0.45397717345059985 -0.8910133141462051 0
    outer loop
      vertex 39.018245697021484 29.873693466186523 6
      vertex 39.074222564697266 29.845172882080078 67
      vertex 39.018245697021484 29.873693466186523 67
    endloop
  endfacet
  facet normal -0.45397717345059985 -0.8910133141462051 0
    outer loop
      vertex 39.074222564697266 29.845172882080078 67
      vertex 39.018245697021484 29.873693466186523 6
      vertex 39.074222564697266 29.845172882080078 6
    endloop
  endfacet
  facet normal 0.7501301814071496 -0.661290186636757 0
    outer loop
      vertex 41.72896957397461 30.065452575683594 67
      vertex 41.770511627197266 30.11257553100586 6
      vertex 41.770511627197266 30.11257553100586 67
    endloop
  endfacet
  facet normal 0.7501301814071496 -0.661290186636757 0
    outer loop
      vertex 41.770511627197266 30.11257553100586 6
      vertex 41.72896957397461 30.065452575683594 67
      vertex 41.72896957397461 30.065452575683594 6
    endloop
  endfacet
  facet normal 0.27895290393974514 -0.9603047835888268 0
    outer loop
      vertex 41.248687744140625 29.781417846679688 6
      vertex 41.309017181396484 29.79894256591797 67
      vertex 41.248687744140625 29.781417846679688 67
    endloop
  endfacet
  facet normal 0.27895290393974514 -0.9603047835888268 0
    outer loop
      vertex 41.309017181396484 29.79894256591797 67
      vertex 41.248687744140625 29.781417846679688 6
      vertex 41.309017181396484 29.79894256591797 6
    endloop
  endfacet
  facet normal 0.6129101821154981 -0.7901525856814916 0
    outer loop
      vertex 41.58778381347656 29.940982818603516 6
      vertex 41.63742446899414 29.979488372802734 67
      vertex 41.58778381347656 29.940982818603516 67
    endloop
  endfacet
  facet normal 0.6129101821154981 -0.7901525856814916 0
    outer loop
      vertex 41.63742446899414 29.979488372802734 67
      vertex 41.58778381347656 29.940982818603516 6
      vertex 41.63742446899414 29.979488372802734 6
    endloop
  endfacet
  facet normal -0.7501301814071496 -0.661290186636757 0
    outer loop
      vertex 38.77103042602539 30.065452575683594 6
      vertex 38.729488372802734 30.11257553100586 67
      vertex 38.729488372802734 30.11257553100586 6
    endloop
  endfacet
  facet normal -0.7501301814071496 -0.661290186636757 0
    outer loop
      vertex 38.729488372802734 30.11257553100586 67
      vertex 38.77103042602539 30.065452575683594 6
      vertex 38.77103042602539 30.065452575683594 67
    endloop
  endfacet
  facet normal -0.7901525856814916 -0.6129101821154981 0
    outer loop
      vertex 38.729488372802734 30.11257553100586 6
      vertex 38.690982818603516 30.162216186523438 67
      vertex 38.690982818603516 30.162216186523438 6
    endloop
  endfacet
  facet normal -0.7901525856814916 -0.6129101821154981 0
    outer loop
      vertex 38.690982818603516 30.162216186523438 67
      vertex 38.729488372802734 30.11257553100586 6
      vertex 38.729488372802734 30.11257553100586 67
    endloop
  endfacet
  facet normal -0.661290186636757 -0.7501301814071496 0
    outer loop
      vertex 38.815452575683594 30.02103042602539 6
      vertex 38.86257553100586 29.979488372802734 67
      vertex 38.815452575683594 30.02103042602539 67
    endloop
  endfacet
  facet normal -0.661290186636757 -0.7501301814071496 0
    outer loop
      vertex 38.86257553100586 29.979488372802734 67
      vertex 38.815452575683594 30.02103042602539 6
      vertex 38.86257553100586 29.979488372802734 6
    endloop
  endfacet
  facet normal 0.21815514931891686 -0.9759141001264614 0
    outer loop
      vertex 41.187381744384766 29.76771354675293 6
      vertex 41.248687744140625 29.781417846679688 67
      vertex 41.187381744384766 29.76771354675293 67
    endloop
  endfacet
  facet normal 0.21815514931891686 -0.9759141001264614 0
    outer loop
      vertex 41.248687744140625 29.781417846679688 67
      vertex 41.187381744384766 29.76771354675293 6
      vertex 41.248687744140625 29.781417846679688 6
    endloop
  endfacet
  facet normal 0.7901525856814916 -0.6129101821154981 0
    outer loop
      vertex 41.770511627197266 30.11257553100586 67
      vertex 41.809017181396484 30.162216186523438 6
      vertex 41.809017181396484 30.162216186523438 67
    endloop
  endfacet
  facet normal 0.7901525856814916 -0.6129101821154981 0
    outer loop
      vertex 41.809017181396484 30.162216186523438 6
      vertex 41.770511627197266 30.11257553100586 67
      vertex 41.770511627197266 30.11257553100586 6
    endloop
  endfacet
  facet normal 0.661290186636757 -0.7501301814071496 0
    outer loop
      vertex 41.63742446899414 29.979488372802734 6
      vertex 41.684547424316406 30.02103042602539 67
      vertex 41.63742446899414 29.979488372802734 67
    endloop
  endfacet
  facet normal 0.661290186636757 -0.7501301814071496 0
    outer loop
      vertex 41.684547424316406 30.02103042602539 67
      vertex 41.63742446899414 29.979488372802734 6
      vertex 41.684547424316406 30.02103042602539 6
    endloop
  endfacet
  facet normal 1 0 0
    outer loop
      vertex 2.5 30.75 67
      vertex 2.5 38.5 6
      vertex 2.5 38.5 67
    endloop
  endfacet
  facet normal 1 0 0
    outer loop
      vertex 2.5 38.5 6
      vertex 2.5 30.75 67
      vertex 2.5 30.75 6
    endloop
  endfacet
  facet normal -0.8270704802017288 -0.5620982305423864 0
    outer loop
      vertex -0.809016227722168 30.162216186523438 6
      vertex -0.8443269729614258 30.21417236328125 67
      vertex -0.8443269729614258 30.21417236328125 6
    endloop
  endfacet
  facet normal -0.8270704802017288 -0.5620982305423864 0
    outer loop
      vertex -0.8443269729614258 30.21417236328125 67
      vertex -0.809016227722168 30.162216186523438 6
      vertex -0.809016227722168 30.162216186523438 67
    endloop
  endfacet
  facet normal 0.9759187768922678 -0.21813422681711409 0
    outer loop
      vertex 2.468583106994629 30.501310348510742 67
      vertex 2.4822864532470703 30.562618255615234 6
      vertex 2.4822864532470703 30.562618255615234 67
    endloop
  endfacet
  facet normal 0.9759187768922678 -0.21813422681711409 0
    outer loop
      vertex 2.4822864532470703 30.562618255615234 6
      vertex 2.468583106994629 30.501310348510742 67
      vertex 2.468583106994629 30.501310348510742 6
    endloop
  endfacet
  facet normal 0.3971323599118849 -0.9177613462719038 0
    outer loop
      vertex 1.868124008178711 29.82022476196289 6
      vertex 1.9257783889770508 29.845172882080078 67
      vertex 1.868124008178711 29.82022476196289 67
    endloop
  endfacet
  facet normal 0.3971323599118849 -0.9177613462719038 0
    outer loop
      vertex 1.9257783889770508 29.845172882080078 67
      vertex 1.868124008178711 29.82022476196289 6
      vertex 1.9257783889770508 29.845172882080078 6
    endloop
  endfacet
  facet normal 0.9408781223888127 -0.3387452712734191 0
    outer loop
      vertex 2.429776191711426 30.38187599182129 67
      vertex 2.451056480407715 30.440982818603516 6
      vertex 2.451056480407715 30.440982818603516 67
    endloop
  endfacet
  facet normal 0.9408781223888127 -0.3387452712734191 0
    outer loop
      vertex 2.451056480407715 30.440982818603516 6
      vertex 2.429776191711426 30.38187599182129 67
      vertex 2.429776191711426 30.38187599182129 6
    endloop
  endfacet
  facet normal 0.7071067811865476 -0.7071067811865476 0
    outer loop
      vertex 2.18454647064209 30.02103042602539 67
      vertex 2.228968620300293 30.065452575683594 6
      vertex 2.228968620300293 30.065452575683594 67
    endloop
  endfacet
  facet normal 0.7071067811865476 -0.7071067811865476 0
    outer loop
      vertex 2.228968620300293 30.065452575683594 6
      vertex 2.18454647064209 30.02103042602539 67
      vertex 2.18454647064209 30.02103042602539 6
    endloop
  endfacet
  facet normal 0.4539894544614993 -0.8910070567833624 0
    outer loop
      vertex 1.9257783889770508 29.845172882080078 6
      vertex 1.9817533493041992 29.873693466186523 67
      vertex 1.9257783889770508 29.845172882080078 67
    endloop
  endfacet
  facet normal 0.4539894544614993 -0.8910070567833624 0
    outer loop
      vertex 1.9817533493041992 29.873693466186523 67
      vertex 1.9257783889770508 29.845172882080078 6
      vertex 1.9817533493041992 29.873693466186523 6
    endloop
  endfacet
  facet normal -0.21814545341739183 -0.9759162674908747 0
    outer loop
      vertex -0.2486896514892578 29.781417846679688 6
      vertex -0.18738079071044922 29.76771354675293 67
      vertex -0.2486896514892578 29.781417846679688 67
    endloop
  endfacet
  facet normal -0.21814545341739183 -0.9759162674908747 0
    outer loop
      vertex -0.18738079071044922 29.76771354675293 67
      vertex -0.2486896514892578 29.781417846679688 6
      vertex -0.18738079071044922 29.76771354675293 6
    endloop
  endfacet
  facet normal -0.3971323599118849 -0.9177613462719038 0
    outer loop
      vertex -0.4257783889770508 29.845172882080078 6
      vertex -0.36812400817871094 29.82022476196289 67
      vertex -0.4257783889770508 29.845172882080078 67
    endloop
  endfacet
  facet normal -0.3971323599118849 -0.9177613462719038 0
    outer loop
      vertex -0.36812400817871094 29.82022476196289 67
      vertex -0.4257783889770508 29.845172882080078 6
      vertex -0.36812400817871094 29.82022476196289 6
    endloop
  endfacet
  facet normal -0.8910194544679184 -0.45396512174361286 0
    outer loop
      vertex -0.8763065338134766 30.268245697021484 6
      vertex -0.9048261642456055 30.324222564697266 67
      vertex -0.9048261642456055 30.324222564697266 6
    endloop
  endfacet
  facet normal -0.8910194544679184 -0.45396512174361286 0
    outer loop
      vertex -0.9048261642456055 30.324222564697266 67
      vertex -0.8763065338134766 30.268245697021484 6
      vertex -0.8763065338134766 30.268245697021484 67
    endloop
  endfacet
  facet normal -0.6129248855444055 -0.7901411802205841 0
    outer loop
      vertex -0.6374235153198242 29.979488372802734 6
      vertex -0.5877847671508789 29.940982818603516 67
      vertex -0.6374235153198242 29.979488372802734 67
    endloop
  endfacet
  facet normal -0.6129248855444055 -0.7901411802205841 0
    outer loop
      vertex -0.5877847671508789 29.940982818603516 67
      vertex -0.6374235153198242 29.979488372802734 6
      vertex -0.5877847671508789 29.940982818603516 6
    endloop
  endfacet
  facet normal 0 -1 0
    outer loop
      vertex 0 29.75 6
      vertex 1.5 29.75 67
      vertex 0 29.75 67
    endloop
  endfacet
  facet normal 0 -1 0
    outer loop
      vertex 1.5 29.75 67
      vertex 0 29.75 6
      vertex 1.5 29.75 6
    endloop
  endfacet
  facet normal -0.9602942872094824 -0.2789890355423167 0
    outer loop
      vertex -0.9510564804077148 30.440982818603516 6
      vertex -0.9685831069946289 30.501310348510742 67
      vertex -0.9685831069946289 30.501310348510742 6
    endloop
  endfacet
  facet normal -0.9602942872094824 -0.2789890355423167 0
    outer loop
      vertex -0.9685831069946289 30.501310348510742 67
      vertex -0.9510564804077148 30.440982818603516 6
      vertex -0.9510564804077148 30.440982818603516 67
    endloop
  endfacet
  facet normal -0.5620633457887453 -0.8270941876961543 0
    outer loop
      vertex -0.5877847671508789 29.940982818603516 6
      vertex -0.5358266830444336 29.90567398071289 67
      vertex -0.5877847671508789 29.940982818603516 67
    endloop
  endfacet
  facet normal -0.5620633457887453 -0.8270941876961543 0
    outer loop
      vertex -0.5358266830444336 29.90567398071289 67
      vertex -0.5877847671508789 29.940982818603516 6
      vertex -0.5358266830444336 29.90567398071289 6
    endloop
  endfacet
  facet normal 0.3387673099593812 -0.9408701874875643 0
    outer loop
      vertex 1.809016227722168 29.79894256591797 6
      vertex 1.868124008178711 29.82022476196289 67
      vertex 1.809016227722168 29.79894256591797 67
    endloop
  endfacet
  facet normal 0.3387673099593812 -0.9408701874875643 0
    outer loop
      vertex 1.868124008178711 29.82022476196289 67
      vertex 1.809016227722168 29.79894256591797 6
      vertex 1.868124008178711 29.82022476196289 6
    endloop
  endfacet
  facet normal 0.8607372813478725 -0.5090494401311854 0
    outer loop
      vertex 2.344326972961426 30.21417236328125 67
      vertex 2.3763065338134766 30.268245697021484 6
      vertex 2.3763065338134766 30.268245697021484 67
    endloop
  endfacet
  facet normal 0.8607372813478725 -0.5090494401311854 0
    outer loop
      vertex 2.3763065338134766 30.268245697021484 6
      vertex 2.344326972961426 30.21417236328125 67
      vertex 2.344326972961426 30.21417236328125 6
    endloop
  endfacet
  facet normal -0.7071067811865476 -0.7071067811865476 0
    outer loop
      vertex -0.6845464706420898 30.02103042602539 6
      vertex -0.728968620300293 30.065452575683594 67
      vertex -0.728968620300293 30.065452575683594 6
    endloop
  endfacet
  facet normal -0.7071067811865476 -0.7071067811865476 0
    outer loop
      vertex -0.728968620300293 30.065452575683594 67
      vertex -0.6845464706420898 30.02103042602539 6
      vertex -0.6845464706420898 30.02103042602539 67
    endloop
  endfacet
  facet normal -0.9408781223888127 -0.3387452712734191 0
    outer loop
      vertex -0.9297761917114258 30.38187599182129 6
      vertex -0.9510564804077148 30.440982818603516 67
      vertex -0.9510564804077148 30.440982818603516 6
    endloop
  endfacet
  facet normal -0.9408781223888127 -0.3387452712734191 0
    outer loop
      vertex -0.9510564804077148 30.440982818603516 67
      vertex -0.9297761917114258 30.38187599182129 6
      vertex -0.9297761917114258 30.38187599182129 67
    endloop
  endfacet
  facet normal 0.5090606867959282 -0.8607306298481877 0
    outer loop
      vertex 1.9817533493041992 29.873693466186523 6
      vertex 2.0358266830444336 29.90567398071289 67
      vertex 1.9817533493041992 29.873693466186523 67
    endloop
  endfacet
  facet normal 0.5090606867959282 -0.8607306298481877 0
    outer loop
      vertex 2.0358266830444336 29.90567398071289 67
      vertex 1.9817533493041992 29.873693466186523 6
      vertex 2.0358266830444336 29.90567398071289 6
    endloop
  endfacet
  facet normal 0.9177478854287162 -0.3971634660830726 0
    outer loop
      vertex 2.4048261642456055 30.324222564697266 67
      vertex 2.429776191711426 30.38187599182129 6
      vertex 2.429776191711426 30.38187599182129 67
    endloop
  endfacet
  facet normal 0.9177478854287162 -0.3971634660830726 0
    outer loop
      vertex 2.429776191711426 30.38187599182129 6
      vertex 2.4048261642456055 30.324222564697266 67
      vertex 2.4048261642456055 30.324222564697266 6
    endloop
  endfacet
  facet normal -0.03142432711320473 -0.9995061338808694 0
    outer loop
      vertex -0.0627899169921875 29.75197410583496 6
      vertex 0 29.75 67
      vertex -0.0627899169921875 29.75197410583496 67
    endloop
  endfacet
  facet normal -0.03142432711320473 -0.9995061338808694 0
    outer loop
      vertex 0 29.75 67
      vertex -0.0627899169921875 29.75197410583496 6
      vertex 0 29.75 6
    endloop
  endfacet
  facet normal -0.09408981100826438 -0.995563713412873 0
    outer loop
      vertex -0.12533283233642578 29.757884979248047 6
      vertex -0.0627899169921875 29.75197410583496 67
      vertex -0.12533283233642578 29.757884979248047 67
    endloop
  endfacet
  facet normal -0.09408981100826438 -0.995563713412873 0
    outer loop
      vertex -0.0627899169921875 29.75197410583496 67
      vertex -0.12533283233642578 29.757884979248047 6
      vertex -0.0627899169921875 29.75197410583496 6
    endloop
  endfacet
  facet normal 0.9995061338808694 -0.03142432711320473 0
    outer loop
      vertex 2.498025894165039 30.687210083007812 67
      vertex 2.5 30.75 6
      vertex 2.5 30.75 67
    endloop
  endfacet
  facet normal 0.9995061338808694 -0.03142432711320473 0
    outer loop
      vertex 2.5 30.75 6
      vertex 2.498025894165039 30.687210083007812 67
      vertex 2.498025894165039 30.687210083007812 6
    endloop
  endfacet
  facet normal 0.09408981100826438 -0.995563713412873 0
    outer loop
      vertex 1.5627899169921875 29.75197410583496 6
      vertex 1.6253328323364258 29.757884979248047 67
      vertex 1.5627899169921875 29.75197410583496 67
    endloop
  endfacet
  facet normal 0.09408981100826438 -0.995563713412873 0
    outer loop
      vertex 1.6253328323364258 29.757884979248047 67
      vertex 1.5627899169921875 29.75197410583496 6
      vertex 1.6253328323364258 29.757884979248047 6
    endloop
  endfacet
  facet normal -0.8607372813478725 -0.5090494401311854 0
    outer loop
      vertex -0.8443269729614258 30.21417236328125 6
      vertex -0.8763065338134766 30.268245697021484 67
      vertex -0.8763065338134766 30.268245697021484 6
    endloop
  endfacet
  facet normal -0.8607372813478725 -0.5090494401311854 0
    outer loop
      vertex -0.8763065338134766 30.268245697021484 67
      vertex -0.8443269729614258 30.21417236328125 6
      vertex -0.8443269729614258 30.21417236328125 67
    endloop
  endfacet
  facet normal 0.15645211080431456 -0.9876855456190874 0
    outer loop
      vertex 1.6253328323364258 29.757884979248047 6
      vertex 1.6873807907104492 29.76771354675293 67
      vertex 1.6253328323364258 29.757884979248047 67
    endloop
  endfacet
  facet normal 0.15645211080431456 -0.9876855456190874 0
    outer loop
      vertex 1.6873807907104492 29.76771354675293 67
      vertex 1.6253328323364258 29.757884979248047 6
      vertex 1.6873807907104492 29.76771354675293 6
    endloop
  endfacet
  facet normal -0.9955621568524021 -0.09410627951094909 0
    outer loop
      vertex -0.9921140670776367 30.62466812133789 6
      vertex -0.9980258941650391 30.687210083007812 67
      vertex -0.9980258941650391 30.687210083007812 6
    endloop
  endfacet
  facet normal -0.9955621568524021 -0.09410627951094909 0
    outer loop
      vertex -0.9980258941650391 30.687210083007812 67
      vertex -0.9921140670776367 30.62466812133789 6
      vertex -0.9921140670776367 30.62466812133789 67
    endloop
  endfacet
  facet normal -0.9995061338808694 -0.03142432711320473 0
    outer loop
      vertex -0.9980258941650391 30.687210083007812 6
      vertex -1 30.75 67
      vertex -1 30.75 6
    endloop
  endfacet
  facet normal -0.9995061338808694 -0.03142432711320473 0
    outer loop
      vertex -1 30.75 67
      vertex -0.9980258941650391 30.687210083007812 6
      vertex -0.9980258941650391 30.687210083007812 67
    endloop
  endfacet
  facet normal 0.9876886343067298 -0.15643261060695393 0
    outer loop
      vertex 2.4822864532470703 30.562618255615234 67
      vertex 2.4921140670776367 30.62466812133789 6
      vertex 2.4921140670776367 30.62466812133789 67
    endloop
  endfacet
  facet normal 0.9876886343067298 -0.15643261060695393 0
    outer loop
      vertex 2.4921140670776367 30.62466812133789 6
      vertex 2.4822864532470703 30.562618255615234 67
      vertex 2.4822864532470703 30.562618255615234 6
    endloop
  endfacet
  facet normal 0.8270704802017288 -0.5620982305423864 0
    outer loop
      vertex 2.309016227722168 30.162216186523438 67
      vertex 2.344326972961426 30.21417236328125 6
      vertex 2.344326972961426 30.21417236328125 67
    endloop
  endfacet
  facet normal 0.8270704802017288 -0.5620982305423864 0
    outer loop
      vertex 2.344326972961426 30.21417236328125 6
      vertex 2.309016227722168 30.162216186523438 67
      vertex 2.309016227722168 30.162216186523438 6
    endloop
  endfacet
  facet normal 0.8910194544679184 -0.45396512174361286 0
    outer loop
      vertex 2.3763065338134766 30.268245697021484 67
      vertex 2.4048261642456055 30.324222564697266 6
      vertex 2.4048261642456055 30.324222564697266 67
    endloop
  endfacet
  facet normal 0.8910194544679184 -0.45396512174361286 0
    outer loop
      vertex 2.4048261642456055 30.324222564697266 6
      vertex 2.3763065338134766 30.268245697021484 67
      vertex 2.3763065338134766 30.268245697021484 6
    endloop
  endfacet
  facet normal -0.5090606867959282 -0.8607306298481877 0
    outer loop
      vertex -0.5358266830444336 29.90567398071289 6
      vertex -0.4817533493041992 29.873693466186523 67
      vertex -0.5358266830444336 29.90567398071289 67
    endloop
  endfacet
  facet normal -0.5090606867959282 -0.8607306298481877 0
    outer loop
      vertex -0.4817533493041992 29.873693466186523 67
      vertex -0.5358266830444336 29.90567398071289 6
      vertex -0.4817533493041992 29.873693466186523 6
    endloop
  endfacet
  facet normal 0.9602942872094824 -0.2789890355423167 0
    outer loop
      vertex 2.451056480407715 30.440982818603516 67
      vertex 2.468583106994629 30.501310348510742 6
      vertex 2.468583106994629 30.501310348510742 67
    endloop
  endfacet
  facet normal 0.9602942872094824 -0.2789890355423167 0
    outer loop
      vertex 2.468583106994629 30.501310348510742 6
      vertex 2.451056480407715 30.440982818603516 67
      vertex 2.451056480407715 30.440982818603516 6
    endloop
  endfacet
  facet normal -0.9876886343067298 -0.15643261060695393 0
    outer loop
      vertex -0.9822864532470703 30.562618255615234 6
      vertex -0.9921140670776367 30.62466812133789 67
      vertex -0.9921140670776367 30.62466812133789 6
    endloop
  endfacet
  facet normal -0.9876886343067298 -0.15643261060695393 0
    outer loop
      vertex -0.9921140670776367 30.62466812133789 67
      vertex -0.9822864532470703 30.562618255615234 6
      vertex -0.9822864532470703 30.562618255615234 67
    endloop
  endfacet
  facet normal -0.27896510392569457 -0.9603012396075132 0
    outer loop
      vertex -0.30901622772216797 29.79894256591797 6
      vertex -0.2486896514892578 29.781417846679688 67
      vertex -0.30901622772216797 29.79894256591797 67
    endloop
  endfacet
  facet normal -0.27896510392569457 -0.9603012396075132 0
    outer loop
      vertex -0.2486896514892578 29.781417846679688 67
      vertex -0.30901622772216797 29.79894256591797 6
      vertex -0.2486896514892578 29.781417846679688 6
    endloop
  endfacet
  facet normal -0.9759187768922678 -0.21813422681711409 0
    outer loop
      vertex -0.9685831069946289 30.501310348510742 6
      vertex -0.9822864532470703 30.562618255615234 67
      vertex -0.9822864532470703 30.562618255615234 6
    endloop
  endfacet
  facet normal -0.9759187768922678 -0.21813422681711409 0
    outer loop
      vertex -0.9822864532470703 30.562618255615234 67
      vertex -0.9685831069946289 30.501310348510742 6
      vertex -0.9685831069946289 30.501310348510742 67
    endloop
  endfacet
  facet normal -0.3387673099593812 -0.9408701874875643 0
    outer loop
      vertex -0.36812400817871094 29.82022476196289 6
      vertex -0.30901622772216797 29.79894256591797 67
      vertex -0.36812400817871094 29.82022476196289 67
    endloop
  endfacet
  facet normal -0.3387673099593812 -0.9408701874875643 0
    outer loop
      vertex -0.30901622772216797 29.79894256591797 67
      vertex -0.36812400817871094 29.82022476196289 6
      vertex -0.30901622772216797 29.79894256591797 6
    endloop
  endfacet
  facet normal 0.5620633457887453 -0.8270941876961543 0
    outer loop
      vertex 2.0358266830444336 29.90567398071289 6
      vertex 2.087784767150879 29.940982818603516 67
      vertex 2.0358266830444336 29.90567398071289 67
    endloop
  endfacet
  facet normal 0.5620633457887453 -0.8270941876961543 0
    outer loop
      vertex 2.087784767150879 29.940982818603516 67
      vertex 2.0358266830444336 29.90567398071289 6
      vertex 2.087784767150879 29.940982818603516 6
    endloop
  endfacet
  facet normal -0.15645211080431456 -0.9876855456190874 0
    outer loop
      vertex -0.18738079071044922 29.76771354675293 6
      vertex -0.12533283233642578 29.757884979248047 67
      vertex -0.18738079071044922 29.76771354675293 67
    endloop
  endfacet
  facet normal -0.15645211080431456 -0.9876855456190874 0
    outer loop
      vertex -0.12533283233642578 29.757884979248047 67
      vertex -0.18738079071044922 29.76771354675293 6
      vertex -0.12533283233642578 29.757884979248047 6
    endloop
  endfacet
  facet normal 0.9955621568524021 -0.09410627951094909 0
    outer loop
      vertex 2.4921140670776367 30.62466812133789 67
      vertex 2.498025894165039 30.687210083007812 6
      vertex 2.498025894165039 30.687210083007812 67
    endloop
  endfacet
  facet normal 0.9955621568524021 -0.09410627951094909 0
    outer loop
      vertex 2.498025894165039 30.687210083007812 6
      vertex 2.4921140670776367 30.62466812133789 67
      vertex 2.4921140670776367 30.62466812133789 6
    endloop
  endfacet
  facet normal 0.03142432711320473 -0.9995061338808694 0
    outer loop
      vertex 1.5 29.75 6
      vertex 1.5627899169921875 29.75197410583496 67
      vertex 1.5 29.75 67
    endloop
  endfacet
  facet normal 0.03142432711320473 -0.9995061338808694 0
    outer loop
      vertex 1.5627899169921875 29.75197410583496 67
      vertex 1.5 29.75 6
      vertex 1.5627899169921875 29.75197410583496 6
    endloop
  endfacet
  facet normal -0.9177478854287162 -0.3971634660830726 0
    outer loop
      vertex -0.9048261642456055 30.324222564697266 6
      vertex -0.9297761917114258 30.38187599182129 67
      vertex -0.9297761917114258 30.38187599182129 6
    endloop
  endfacet
  facet normal -0.9177478854287162 -0.3971634660830726 0
    outer loop
      vertex -0.9297761917114258 30.38187599182129 67
      vertex -0.9048261642456055 30.324222564697266 6
      vertex -0.9048261642456055 30.324222564697266 67
    endloop
  endfacet
  facet normal -0.4539894544614993 -0.8910070567833624 0
    outer loop
      vertex -0.4817533493041992 29.873693466186523 6
      vertex -0.4257783889770508 29.845172882080078 67
      vertex -0.4817533493041992 29.873693466186523 67
    endloop
  endfacet
  facet normal -0.4539894544614993 -0.8910070567833624 0
    outer loop
      vertex -0.4257783889770508 29.845172882080078 67
      vertex -0.4817533493041992 29.873693466186523 6
      vertex -0.4257783889770508 29.845172882080078 6
    endloop
  endfacet
  facet normal 0.7501151201990178 -0.6613072708271193 0
    outer loop
      vertex 2.228968620300293 30.065452575683594 67
      vertex 2.270512580871582 30.11257553100586 6
      vertex 2.270512580871582 30.11257553100586 67
    endloop
  endfacet
  facet normal 0.7501151201990178 -0.6613072708271193 0
    outer loop
      vertex 2.270512580871582 30.11257553100586 6
      vertex 2.228968620300293 30.065452575683594 67
      vertex 2.228968620300293 30.065452575683594 6
    endloop
  endfacet
  facet normal 0.27896510392569457 -0.9603012396075132 0
    outer loop
      vertex 1.7486896514892578 29.781417846679688 6
      vertex 1.809016227722168 29.79894256591797 67
      vertex 1.7486896514892578 29.781417846679688 67
    endloop
  endfacet
  facet normal 0.27896510392569457 -0.9603012396075132 0
    outer loop
      vertex 1.809016227722168 29.79894256591797 67
      vertex 1.7486896514892578 29.781417846679688 6
      vertex 1.809016227722168 29.79894256591797 6
    endloop
  endfacet
  facet normal 0.6129248855444055 -0.7901411802205841 0
    outer loop
      vertex 2.087784767150879 29.940982818603516 6
      vertex 2.137423515319824 29.979488372802734 67
      vertex 2.087784767150879 29.940982818603516 67
    endloop
  endfacet
  facet normal 0.6129248855444055 -0.7901411802205841 0
    outer loop
      vertex 2.137423515319824 29.979488372802734 67
      vertex 2.087784767150879 29.940982818603516 6
      vertex 2.137423515319824 29.979488372802734 6
    endloop
  endfacet
  facet normal -0.7501151201990178 -0.6613072708271193 0
    outer loop
      vertex -0.728968620300293 30.065452575683594 6
      vertex -0.770512580871582 30.11257553100586 67
      vertex -0.770512580871582 30.11257553100586 6
    endloop
  endfacet
  facet normal -0.7501151201990178 -0.6613072708271193 0
    outer loop
      vertex -0.770512580871582 30.11257553100586 67
      vertex -0.728968620300293 30.065452575683594 6
      vertex -0.728968620300293 30.065452575683594 67
    endloop
  endfacet
  facet normal -0.7901672889100261 -0.6128912265129753 0
    outer loop
      vertex -0.770512580871582 30.11257553100586 6
      vertex -0.809016227722168 30.162216186523438 67
      vertex -0.809016227722168 30.162216186523438 6
    endloop
  endfacet
  facet normal -0.7901672889100261 -0.6128912265129753 0
    outer loop
      vertex -0.809016227722168 30.162216186523438 67
      vertex -0.770512580871582 30.11257553100586 6
      vertex -0.770512580871582 30.11257553100586 67
    endloop
  endfacet
  facet normal -0.661290186636757 -0.7501301814071496 0
    outer loop
      vertex -0.6845464706420898 30.02103042602539 6
      vertex -0.6374235153198242 29.979488372802734 67
      vertex -0.6845464706420898 30.02103042602539 67
    endloop
  endfacet
  facet normal -0.661290186636757 -0.7501301814071496 0
    outer loop
      vertex -0.6374235153198242 29.979488372802734 67
      vertex -0.6845464706420898 30.02103042602539 6
      vertex -0.6374235153198242 29.979488372802734 6
    endloop
  endfacet
  facet normal 0.21814545341739183 -0.9759162674908747 0
    outer loop
      vertex 1.6873807907104492 29.76771354675293 6
      vertex 1.7486896514892578 29.781417846679688 67
      vertex 1.6873807907104492 29.76771354675293 67
    endloop
  endfacet
  facet normal 0.21814545341739183 -0.9759162674908747 0
    outer loop
      vertex 1.7486896514892578 29.781417846679688 67
      vertex 1.6873807907104492 29.76771354675293 6
      vertex 1.7486896514892578 29.781417846679688 6
    endloop
  endfacet
  facet normal 0.7901672889100261 -0.6128912265129753 0
    outer loop
      vertex 2.270512580871582 30.11257553100586 67
      vertex 2.309016227722168 30.162216186523438 6
      vertex 2.309016227722168 30.162216186523438 67
    endloop
  endfacet
  facet normal 0.7901672889100261 -0.6128912265129753 0
    outer loop
      vertex 2.309016227722168 30.162216186523438 6
      vertex 2.270512580871582 30.11257553100586 67
      vertex 2.270512580871582 30.11257553100586 6
    endloop
  endfacet
  facet normal 0.661290186636757 -0.7501301814071496 0
    outer loop
      vertex 2.137423515319824 29.979488372802734 6
      vertex 2.18454647064209 30.02103042602539 67
      vertex 2.137423515319824 29.979488372802734 67
    endloop
  endfacet
  facet normal 0.661290186636757 -0.7501301814071496 0
    outer loop
      vertex 2.18454647064209 30.02103042602539 67
      vertex 2.137423515319824 29.979488372802734 6
      vertex 2.18454647064209 30.02103042602539 6
    endloop
  endfacet
  facet normal 1 0 0
    outer loop
      vertex 2.5 2.5 67
      vertex 2.5 10.25 6
      vertex 2.5 10.25 67
    endloop
  endfacet
  facet normal 1 0 0
    outer loop
      vertex 2.5 10.25 6
      vertex 2.5 2.5 67
      vertex 2.5 2.5 6
    endloop
  endfacet
  facet normal -0.9955622912911102 0.09410485725611979 0
    outer loop
      vertex -0.9980258941650391 10.312789916992188 6
      vertex -0.9921140670776367 10.375332832336426 67
      vertex -0.9921140670776367 10.375332832336426 6
    endloop
  endfacet
  facet normal -0.9955622912911102 0.09410485725611979 0
    outer loop
      vertex -0.9921140670776367 10.375332832336426 67
      vertex -0.9980258941650391 10.312789916992188 6
      vertex -0.9980258941650391 10.312789916992188 67
    endloop
  endfacet
  facet normal -0.9876878913159685 0.15643730165090305 0
    outer loop
      vertex -0.9921140670776367 10.375332832336426 6
      vertex -0.9822864532470703 10.43738079071045 67
      vertex -0.9822864532470703 10.43738079071045 6
    endloop
  endfacet
  facet normal -0.9876878913159685 0.15643730165090305 0
    outer loop
      vertex -0.9822864532470703 10.43738079071045 67
      vertex -0.9921140670776367 10.375332832336426 6
      vertex -0.9921140670776367 10.375332832336426 67
    endloop
  endfacet
  facet normal 0.09410485725611979 0.9955622912911102 0
    outer loop
      vertex 1.6253328323364258 11.242114067077637 6
      vertex 1.5627899169921875 11.248025894165039 67
      vertex 1.6253328323364258 11.242114067077637 67
    endloop
  endfacet
  facet normal 0.09410485725611979 0.9955622912911102 0
    outer loop
      vertex 1.5627899169921875 11.248025894165039 67
      vertex 1.6253328323364258 11.242114067077637 6
      vertex 1.5627899169921875 11.248025894165039 6
    endloop
  endfacet
  facet normal 0.9759194992215958 0.21813099513611012 0
    outer loop
      vertex 2.4822864532470703 10.43738079071045 67
      vertex 2.468583106994629 10.498689651489258 6
      vertex 2.468583106994629 10.498689651489258 67
    endloop
  endfacet
  facet normal 0.9759194992215958 0.21813099513611012 0
    outer loop
      vertex 2.468583106994629 10.498689651489258 6
      vertex 2.4822864532470703 10.43738079071045 67
      vertex 2.4822864532470703 10.43738079071045 6
    endloop
  endfacet
  facet normal 0.21813099513611012 0.9759194992215958 0
    outer loop
      vertex 1.7486896514892578 11.218583106994629 6
      vertex 1.6873807907104492 11.23228645324707 67
      vertex 1.7486896514892578 11.218583106994629 67
    endloop
  endfacet
  facet normal 0.21813099513611012 0.9759194992215958 0
    outer loop
      vertex 1.6873807907104492 11.23228645324707 67
      vertex 1.7486896514892578 11.218583106994629 6
      vertex 1.6873807907104492 11.23228645324707 6
    endloop
  endfacet
  facet normal -0.9759194992215958 0.21813099513611012 0
    outer loop
      vertex -0.9822864532470703 10.43738079071045 6
      vertex -0.9685831069946289 10.498689651489258 67
      vertex -0.9685831069946289 10.498689651489258 6
    endloop
  endfacet
  facet normal -0.9759194992215958 0.21813099513611012 0
    outer loop
      vertex -0.9685831069946289 10.498689651489258 67
      vertex -0.9822864532470703 10.43738079071045 6
      vertex -0.9822864532470703 10.43738079071045 67
    endloop
  endfacet
  facet normal -0.7071067811865476 0.7071067811865476 0
    outer loop
      vertex -0.728968620300293 10.93454647064209 6
      vertex -0.6845464706420898 10.978968620300293 67
      vertex -0.6845464706420898 10.978968620300293 6
    endloop
  endfacet
  facet normal -0.7071067811865476 0.7071067811865476 0
    outer loop
      vertex -0.6845464706420898 10.978968620300293 67
      vertex -0.728968620300293 10.93454647064209 6
      vertex -0.728968620300293 10.93454647064209 67
    endloop
  endfacet
  facet normal 0.3971579327660716 0.9177502800004915 0
    outer loop
      vertex 1.9257783889770508 11.154826164245605 6
      vertex 1.868124008178711 11.179776191711426 67
      vertex 1.9257783889770508 11.154826164245605 67
    endloop
  endfacet
  facet normal 0.3971579327660716 0.9177502800004915 0
    outer loop
      vertex 1.868124008178711 11.179776191711426 67
      vertex 1.9257783889770508 11.154826164245605 6
      vertex 1.868124008178711 11.179776191711426 6
    endloop
  endfacet
  facet normal -0.61290593003436 0.7901558839423499 0
    outer loop
      vertex -0.5877847671508789 11.059016227722168 6
      vertex -0.6374235153198242 11.020512580871582 67
      vertex -0.5877847671508789 11.059016227722168 67
    endloop
  endfacet
  facet normal -0.61290593003436 0.7901558839423499 0
    outer loop
      vertex -0.6374235153198242 11.020512580871582 67
      vertex -0.5877847671508789 11.059016227722168 6
      vertex -0.6374235153198242 11.020512580871582 6
    endloop
  endfacet
  facet normal 0 1 0
    outer loop
      vertex 1.5 11.25 6
      vertex 0 11.25 67
      vertex 1.5 11.25 67
    endloop
  endfacet
  facet normal 0 1 0
    outer loop
      vertex 0 11.25 67
      vertex 1.5 11.25 6
      vertex 0 11.25 6
    endloop
  endfacet
  facet normal -0.7501151201990178 0.6613072708271193 0
    outer loop
      vertex -0.770512580871582 10.887423515319824 6
      vertex -0.728968620300293 10.93454647064209 67
      vertex -0.728968620300293 10.93454647064209 6
    endloop
  endfacet
  facet normal -0.7501151201990178 0.6613072708271193 0
    outer loop
      vertex -0.728968620300293 10.93454647064209 67
      vertex -0.770512580871582 10.887423515319824 6
      vertex -0.770512580871582 10.887423515319824 67
    endloop
  endfacet
  facet normal -0.9602931056035681 0.2789931026571348 0
    outer loop
      vertex -0.9685831069946289 10.498689651489258 6
      vertex -0.9510564804077148 10.559016227722168 67
      vertex -0.9510564804077148 10.559016227722168 6
    endloop
  endfacet
  facet normal -0.9602931056035681 0.2789931026571348 0
    outer loop
      vertex -0.9510564804077148 10.559016227722168 67
      vertex -0.9685831069946289 10.498689651489258 6
      vertex -0.9685831069946289 10.498689651489258 67
    endloop
  endfacet
  facet normal -0.9177502800004915 0.3971579327660716 0
    outer loop
      vertex -0.9297761917114258 10.618124008178711 6
      vertex -0.9048261642456055 10.67577838897705 67
      vertex -0.9048261642456055 10.67577838897705 6
    endloop
  endfacet
  facet normal -0.9177502800004915 0.3971579327660716 0
    outer loop
      vertex -0.9048261642456055 10.67577838897705 67
      vertex -0.9297761917114258 10.618124008178711 6
      vertex -0.9297761917114258 10.618124008178711 67
    endloop
  endfacet
  facet normal -0.9408798643280056 0.3387404329307526 0
    outer loop
      vertex -0.9510564804077148 10.559016227722168 6
      vertex -0.9297761917114258 10.618124008178711 67
      vertex -0.9297761917114258 10.618124008178711 6
    endloop
  endfacet
  facet normal -0.9408798643280056 0.3387404329307526 0
    outer loop
      vertex -0.9297761917114258 10.618124008178711 67
      vertex -0.9510564804077148 10.559016227722168 6
      vertex -0.9510564804077148 10.559016227722168 67
    endloop
  endfacet
  facet normal -0.891013197394176 0.4539774025977584 0
    outer loop
      vertex -0.9048261642456055 10.67577838897705 6
      vertex -0.8763065338134766 10.7317533493042 67
      vertex -0.8763065338134766 10.7317533493042 6
    endloop
  endfacet
  facet normal -0.891013197394176 0.4539774025977584 0
    outer loop
      vertex -0.8763065338134766 10.7317533493042 67
      vertex -0.9048261642456055 10.67577838897705 6
      vertex -0.9048261642456055 10.67577838897705 67
    endloop
  endfacet
  facet normal -0.2789931026571348 0.9602931056035681 0
    outer loop
      vertex -0.2486896514892578 11.218583106994629 6
      vertex -0.30901622772216797 11.201056480407715 67
      vertex -0.2486896514892578 11.218583106994629 67
    endloop
  endfacet
  facet normal -0.2789931026571348 0.9602931056035681 0
    outer loop
      vertex -0.30901622772216797 11.201056480407715 67
      vertex -0.2486896514892578 11.218583106994629 6
      vertex -0.30901622772216797 11.201056480407715 6
    endloop
  endfacet
  facet normal 0.9177502800004915 0.3971579327660716 0
    outer loop
      vertex 2.429776191711426 10.618124008178711 67
      vertex 2.4048261642456055 10.67577838897705 6
      vertex 2.4048261642456055 10.67577838897705 67
    endloop
  endfacet
  facet normal 0.9177502800004915 0.3971579327660716 0
    outer loop
      vertex 2.4048261642456055 10.67577838897705 6
      vertex 2.429776191711426 10.618124008178711 67
      vertex 2.429776191711426 10.618124008178711 6
    endloop
  endfacet
  facet normal 0.03142432711320473 0.9995061338808694 0
    outer loop
      vertex 1.5627899169921875 11.248025894165039 6
      vertex 1.5 11.25 67
      vertex 1.5627899169921875 11.248025894165039 67
    endloop
  endfacet
  facet normal 0.03142432711320473 0.9995061338808694 0
    outer loop
      vertex 1.5 11.25 67
      vertex 1.5627899169921875 11.248025894165039 6
      vertex 1.5 11.25 6
    endloop
  endfacet
  facet normal 0.7071067811865476 0.7071067811865476 0
    outer loop
      vertex 2.228968620300293 10.93454647064209 67
      vertex 2.18454647064209 10.978968620300293 6
      vertex 2.18454647064209 10.978968620300293 67
    endloop
  endfacet
  facet normal 0.7071067811865476 0.7071067811865476 0
    outer loop
      vertex 2.18454647064209 10.978968620300293 6
      vertex 2.228968620300293 10.93454647064209 67
      vertex 2.228968620300293 10.93454647064209 6
    endloop
  endfacet
  facet normal -0.5090494401311854 0.8607372813478725 0
    outer loop
      vertex -0.4817533493041992 11.126306533813477 6
      vertex -0.5358266830444336 11.094326972961426 67
      vertex -0.4817533493041992 11.126306533813477 67
    endloop
  endfacet
  facet normal -0.5090494401311854 0.8607372813478725 0
    outer loop
      vertex -0.5358266830444336 11.094326972961426 67
      vertex -0.4817533493041992 11.126306533813477 6
      vertex -0.5358266830444336 11.094326972961426 6
    endloop
  endfacet
  facet normal -0.3971579327660716 0.9177502800004915 0
    outer loop
      vertex -0.36812400817871094 11.179776191711426 6
      vertex -0.4257783889770508 11.154826164245605 67
      vertex -0.36812400817871094 11.179776191711426 67
    endloop
  endfacet
  facet normal -0.3971579327660716 0.9177502800004915 0
    outer loop
      vertex -0.4257783889770508 11.154826164245605 67
      vertex -0.36812400817871094 11.179776191711426 6
      vertex -0.4257783889770508 11.154826164245605 6
    endloop
  endfacet
  facet normal 0.9995061338808694 0.03142432711320473 0
    outer loop
      vertex 2.5 10.25 67
      vertex 2.498025894165039 10.312789916992188 6
      vertex 2.498025894165039 10.312789916992188 67
    endloop
  endfacet
  facet normal 0.9995061338808694 0.03142432711320473 0
    outer loop
      vertex 2.498025894165039 10.312789916992188 6
      vertex 2.5 10.25 67
      vertex 2.5 10.25 6
    endloop
  endfacet
  facet normal 0.9955622912911102 0.09410485725611979 0
    outer loop
      vertex 2.498025894165039 10.312789916992188 67
      vertex 2.4921140670776367 10.375332832336426 6
      vertex 2.4921140670776367 10.375332832336426 67
    endloop
  endfacet
  facet normal 0.9955622912911102 0.09410485725611979 0
    outer loop
      vertex 2.4921140670776367 10.375332832336426 6
      vertex 2.498025894165039 10.312789916992188 67
      vertex 2.498025894165039 10.312789916992188 6
    endloop
  endfacet
  facet normal 0.891013197394176 0.4539774025977584 0
    outer loop
      vertex 2.4048261642456055 10.67577838897705 67
      vertex 2.3763065338134766 10.7317533493042 6
      vertex 2.3763065338134766 10.7317533493042 67
    endloop
  endfacet
  facet normal 0.891013197394176 0.4539774025977584 0
    outer loop
      vertex 2.3763065338134766 10.7317533493042 6
      vertex 2.4048261642456055 10.67577838897705 67
      vertex 2.4048261642456055 10.67577838897705 6
    endloop
  endfacet
  facet normal 0.3387404329307526 0.9408798643280056 0
    outer loop
      vertex 1.868124008178711 11.179776191711426 6
      vertex 1.809016227722168 11.201056480407715 67
      vertex 1.868124008178711 11.179776191711426 67
    endloop
  endfacet
  facet normal 0.3387404329307526 0.9408798643280056 0
    outer loop
      vertex 1.809016227722168 11.201056480407715 67
      vertex 1.868124008178711 11.179776191711426 6
      vertex 1.809016227722168 11.201056480407715 6
    endloop
  endfacet
  facet normal -0.9995061338808694 0.03142432711320473 0
    outer loop
      vertex -1 10.25 6
      vertex -0.9980258941650391 10.312789916992188 67
      vertex -0.9980258941650391 10.312789916992188 6
    endloop
  endfacet
  facet normal -0.9995061338808694 0.03142432711320473 0
    outer loop
      vertex -0.9980258941650391 10.312789916992188 67
      vertex -1 10.25 6
      vertex -1 10.25 67
    endloop
  endfacet
  facet normal 0.9602931056035681 0.2789931026571348 0
    outer loop
      vertex 2.468583106994629 10.498689651489258 67
      vertex 2.451056480407715 10.559016227722168 6
      vertex 2.451056480407715 10.559016227722168 67
    endloop
  endfacet
  facet normal 0.9602931056035681 0.2789931026571348 0
    outer loop
      vertex 2.451056480407715 10.559016227722168 6
      vertex 2.468583106994629 10.498689651489258 67
      vertex 2.468583106994629 10.498689651489258 6
    endloop
  endfacet
  facet normal 0.4539774025977584 0.891013197394176 0
    outer loop
      vertex 1.9817533493041992 11.126306533813477 6
      vertex 1.9257783889770508 11.154826164245605 67
      vertex 1.9817533493041992 11.126306533813477 67
    endloop
  endfacet
  facet normal 0.4539774025977584 0.891013197394176 0
    outer loop
      vertex 1.9257783889770508 11.154826164245605 67
      vertex 1.9817533493041992 11.126306533813477 6
      vertex 1.9257783889770508 11.154826164245605 6
    endloop
  endfacet
  facet normal -0.03142432711320473 0.9995061338808694 0
    outer loop
      vertex 0 11.25 6
      vertex -0.0627899169921875 11.248025894165039 67
      vertex 0 11.25 67
    endloop
  endfacet
  facet normal -0.03142432711320473 0.9995061338808694 0
    outer loop
      vertex -0.0627899169921875 11.248025894165039 67
      vertex 0 11.25 6
      vertex -0.0627899169921875 11.248025894165039 6
    endloop
  endfacet
  facet normal -0.15643730165090305 0.9876878913159685 0
    outer loop
      vertex -0.12533283233642578 11.242114067077637 6
      vertex -0.18738079071044922 11.23228645324707 67
      vertex -0.12533283233642578 11.242114067077637 67
    endloop
  endfacet
  facet normal -0.15643730165090305 0.9876878913159685 0
    outer loop
      vertex -0.18738079071044922 11.23228645324707 67
      vertex -0.12533283233642578 11.242114067077637 6
      vertex -0.18738079071044922 11.23228645324707 6
    endloop
  endfacet
  facet normal -0.09410485725611979 0.9955622912911102 0
    outer loop
      vertex -0.0627899169921875 11.248025894165039 6
      vertex -0.12533283233642578 11.242114067077637 67
      vertex -0.0627899169921875 11.248025894165039 67
    endloop
  endfacet
  facet normal -0.09410485725611979 0.9955622912911102 0
    outer loop
      vertex -0.12533283233642578 11.242114067077637 67
      vertex -0.0627899169921875 11.248025894165039 6
      vertex -0.12533283233642578 11.242114067077637 6
    endloop
  endfacet
  facet normal -0.4539774025977584 0.891013197394176 0
    outer loop
      vertex -0.4257783889770508 11.154826164245605 6
      vertex -0.4817533493041992 11.126306533813477 67
      vertex -0.4257783889770508 11.154826164245605 67
    endloop
  endfacet
  facet normal -0.4539774025977584 0.891013197394176 0
    outer loop
      vertex -0.4817533493041992 11.126306533813477 67
      vertex -0.4257783889770508 11.154826164245605 6
      vertex -0.4817533493041992 11.126306533813477 6
    endloop
  endfacet
  facet normal 0.6613072708271193 0.7501151201990178 0
    outer loop
      vertex 2.18454647064209 10.978968620300293 6
      vertex 2.137423515319824 11.020512580871582 67
      vertex 2.18454647064209 10.978968620300293 67
    endloop
  endfacet
  facet normal 0.6613072708271193 0.7501151201990178 0
    outer loop
      vertex 2.137423515319824 11.020512580871582 67
      vertex 2.18454647064209 10.978968620300293 6
      vertex 2.137423515319824 11.020512580871582 6
    endloop
  endfacet
  facet normal -0.3387404329307526 0.9408798643280056 0
    outer loop
      vertex -0.30901622772216797 11.201056480407715 6
      vertex -0.36812400817871094 11.179776191711426 67
      vertex -0.30901622772216797 11.201056480407715 67
    endloop
  endfacet
  facet normal -0.3387404329307526 0.9408798643280056 0
    outer loop
      vertex -0.36812400817871094 11.179776191711426 67
      vertex -0.30901622772216797 11.201056480407715 6
      vertex -0.36812400817871094 11.179776191711426 6
    endloop
  endfacet
  facet normal 0.9408798643280056 0.3387404329307526 0
    outer loop
      vertex 2.451056480407715 10.559016227722168 67
      vertex 2.429776191711426 10.618124008178711 6
      vertex 2.429776191711426 10.618124008178711 67
    endloop
  endfacet
  facet normal 0.9408798643280056 0.3387404329307526 0
    outer loop
      vertex 2.429776191711426 10.618124008178711 6
      vertex 2.451056480407715 10.559016227722168 67
      vertex 2.451056480407715 10.559016227722168 6
    endloop
  endfacet
  facet normal -0.21813099513611012 0.9759194992215958 0
    outer loop
      vertex -0.18738079071044922 11.23228645324707 6
      vertex -0.2486896514892578 11.218583106994629 67
      vertex -0.18738079071044922 11.23228645324707 67
    endloop
  endfacet
  facet normal -0.21813099513611012 0.9759194992215958 0
    outer loop
      vertex -0.2486896514892578 11.218583106994629 67
      vertex -0.18738079071044922 11.23228645324707 6
      vertex -0.2486896514892578 11.218583106994629 6
    endloop
  endfacet
  facet normal 0.7901558839423499 0.61290593003436 0
    outer loop
      vertex 2.309016227722168 10.837784767150879 67
      vertex 2.270512580871582 10.887423515319824 6
      vertex 2.270512580871582 10.887423515319824 67
    endloop
  endfacet
  facet normal 0.7901558839423499 0.61290593003436 0
    outer loop
      vertex 2.270512580871582 10.887423515319824 6
      vertex 2.309016227722168 10.837784767150879 67
      vertex 2.309016227722168 10.837784767150879 6
    endloop
  endfacet
  facet normal 0.9876878913159685 0.15643730165090305 0
    outer loop
      vertex 2.4921140670776367 10.375332832336426 67
      vertex 2.4822864532470703 10.43738079071045 6
      vertex 2.4822864532470703 10.43738079071045 67
    endloop
  endfacet
  facet normal 0.9876878913159685 0.15643730165090305 0
    outer loop
      vertex 2.4822864532470703 10.43738079071045 6
      vertex 2.4921140670776367 10.375332832336426 67
      vertex 2.4921140670776367 10.375332832336426 6
    endloop
  endfacet
  facet normal -0.8607372813478725 0.5090494401311854 0
    outer loop
      vertex -0.8763065338134766 10.7317533493042 6
      vertex -0.8443269729614258 10.785826683044434 67
      vertex -0.8443269729614258 10.785826683044434 6
    endloop
  endfacet
  facet normal -0.8607372813478725 0.5090494401311854 0
    outer loop
      vertex -0.8443269729614258 10.785826683044434 67
      vertex -0.8763065338134766 10.7317533493042 6
      vertex -0.8763065338134766 10.7317533493042 67
    endloop
  endfacet
  facet normal 0.15643730165090305 0.9876878913159685 0
    outer loop
      vertex 1.6873807907104492 11.23228645324707 6
      vertex 1.6253328323364258 11.242114067077637 67
      vertex 1.6873807907104492 11.23228645324707 67
    endloop
  endfacet
  facet normal 0.15643730165090305 0.9876878913159685 0
    outer loop
      vertex 1.6253328323364258 11.242114067077637 67
      vertex 1.6873807907104492 11.23228645324707 6
      vertex 1.6253328323364258 11.242114067077637 6
    endloop
  endfacet
  facet normal 0.61290593003436 0.7901558839423499 0
    outer loop
      vertex 2.137423515319824 11.020512580871582 6
      vertex 2.087784767150879 11.059016227722168 67
      vertex 2.137423515319824 11.020512580871582 67
    endloop
  endfacet
  facet normal 0.61290593003436 0.7901558839423499 0
    outer loop
      vertex 2.087784767150879 11.059016227722168 67
      vertex 2.137423515319824 11.020512580871582 6
      vertex 2.087784767150879 11.059016227722168 6
    endloop
  endfacet
  facet normal 0.2789931026571348 0.9602931056035681 0
    outer loop
      vertex 1.809016227722168 11.201056480407715 6
      vertex 1.7486896514892578 11.218583106994629 67
      vertex 1.809016227722168 11.201056480407715 67
    endloop
  endfacet
  facet normal 0.2789931026571348 0.9602931056035681 0
    outer loop
      vertex 1.7486896514892578 11.218583106994629 67
      vertex 1.809016227722168 11.201056480407715 6
      vertex 1.7486896514892578 11.218583106994629 6
    endloop
  endfacet
  facet normal 0.5090494401311854 0.8607372813478725 0
    outer loop
      vertex 2.0358266830444336 11.094326972961426 6
      vertex 1.9817533493041992 11.126306533813477 67
      vertex 2.0358266830444336 11.094326972961426 67
    endloop
  endfacet
  facet normal 0.5090494401311854 0.8607372813478725 0
    outer loop
      vertex 1.9817533493041992 11.126306533813477 67
      vertex 2.0358266830444336 11.094326972961426 6
      vertex 1.9817533493041992 11.126306533813477 6
    endloop
  endfacet
  facet normal 0.8607372813478725 0.5090494401311854 0
    outer loop
      vertex 2.3763065338134766 10.7317533493042 67
      vertex 2.344326972961426 10.785826683044434 6
      vertex 2.344326972961426 10.785826683044434 67
    endloop
  endfacet
  facet normal 0.8607372813478725 0.5090494401311854 0
    outer loop
      vertex 2.344326972961426 10.785826683044434 6
      vertex 2.3763065338134766 10.7317533493042 67
      vertex 2.3763065338134766 10.7317533493042 6
    endloop
  endfacet
  facet normal 0.7501151201990178 0.6613072708271193 0
    outer loop
      vertex 2.270512580871582 10.887423515319824 67
      vertex 2.228968620300293 10.93454647064209 6
      vertex 2.228968620300293 10.93454647064209 67
    endloop
  endfacet
  facet normal 0.7501151201990178 0.6613072708271193 0
    outer loop
      vertex 2.228968620300293 10.93454647064209 6
      vertex 2.270512580871582 10.887423515319824 67
      vertex 2.270512580871582 10.887423515319824 6
    endloop
  endfacet
  facet normal -0.5620841155135996 0.8270800729598643 0
    outer loop
      vertex -0.5358266830444336 11.094326972961426 6
      vertex -0.5877847671508789 11.059016227722168 67
      vertex -0.5358266830444336 11.094326972961426 67
    endloop
  endfacet
  facet normal -0.5620841155135996 0.8270800729598643 0
    outer loop
      vertex -0.5877847671508789 11.059016227722168 67
      vertex -0.5358266830444336 11.094326972961426 6
      vertex -0.5877847671508789 11.059016227722168 6
    endloop
  endfacet
  facet normal -0.8270800729598643 0.5620841155135996 0
    outer loop
      vertex -0.8443269729614258 10.785826683044434 6
      vertex -0.809016227722168 10.837784767150879 67
      vertex -0.809016227722168 10.837784767150879 6
    endloop
  endfacet
  facet normal -0.8270800729598643 0.5620841155135996 0
    outer loop
      vertex -0.809016227722168 10.837784767150879 67
      vertex -0.8443269729614258 10.785826683044434 6
      vertex -0.8443269729614258 10.785826683044434 67
    endloop
  endfacet
  facet normal 0.8270800729598643 0.5620841155135996 0
    outer loop
      vertex 2.344326972961426 10.785826683044434 67
      vertex 2.309016227722168 10.837784767150879 6
      vertex 2.309016227722168 10.837784767150879 67
    endloop
  endfacet
  facet normal 0.8270800729598643 0.5620841155135996 0
    outer loop
      vertex 2.309016227722168 10.837784767150879 6
      vertex 2.344326972961426 10.785826683044434 67
      vertex 2.344326972961426 10.785826683044434 6
    endloop
  endfacet
  facet normal -0.6613072708271193 0.7501151201990178 0
    outer loop
      vertex -0.6374235153198242 11.020512580871582 6
      vertex -0.6845464706420898 10.978968620300293 67
      vertex -0.6374235153198242 11.020512580871582 67
    endloop
  endfacet
  facet normal -0.6613072708271193 0.7501151201990178 0
    outer loop
      vertex -0.6845464706420898 10.978968620300293 67
      vertex -0.6374235153198242 11.020512580871582 6
      vertex -0.6845464706420898 10.978968620300293 6
    endloop
  endfacet
  facet normal -0.7901558839423499 0.61290593003436 0
    outer loop
      vertex -0.809016227722168 10.837784767150879 6
      vertex -0.770512580871582 10.887423515319824 67
      vertex -0.770512580871582 10.887423515319824 6
    endloop
  endfacet
  facet normal -0.7901558839423499 0.61290593003436 0
    outer loop
      vertex -0.770512580871582 10.887423515319824 67
      vertex -0.809016227722168 10.837784767150879 6
      vertex -0.809016227722168 10.837784767150879 67
    endloop
  endfacet
  facet normal 0.5620841155135996 0.8270800729598643 0
    outer loop
      vertex 2.087784767150879 11.059016227722168 6
      vertex 2.0358266830444336 11.094326972961426 67
      vertex 2.087784767150879 11.059016227722168 67
    endloop
  endfacet
  facet normal 0.5620841155135996 0.8270800729598643 0
    outer loop
      vertex 2.0358266830444336 11.094326972961426 67
      vertex 2.087784767150879 11.059016227722168 6
      vertex 2.0358266830444336 11.094326972961426 6
    endloop
  endfacet
  facet normal -0.9955665569863844 0.09405971831914178 0
    outer loop
      vertex 38.501976013183594 10.312789916992188 6
      vertex 38.50788497924805 10.375332832336426 67
      vertex 38.50788497924805 10.375332832336426 6
    endloop
  endfacet
  facet normal -0.9955665569863844 0.09405971831914178 0
    outer loop
      vertex 38.50788497924805 10.375332832336426 67
      vertex 38.501976013183594 10.312789916992188 6
      vertex 38.501976013183594 10.312789916992188 67
    endloop
  endfacet
  facet normal 0.8607439328034021 0.5090381932057086 0
    outer loop
      vertex 41.876304626464844 10.7317533493042 67
      vertex 41.84432601928711 10.785826683044434 6
      vertex 41.84432601928711 10.785826683044434 67
    endloop
  endfacet
  facet normal 0.8607439328034021 0.5090381932057086 0
    outer loop
      vertex 41.84432601928711 10.785826683044434 6
      vertex 41.876304626464844 10.7317533493042 67
      vertex 41.876304626464844 10.7317533493042 6
    endloop
  endfacet
  facet normal -0.987680853592627 0.15648172879457747 0
    outer loop
      vertex 38.50788497924805 10.375332832336426 6
      vertex 38.51771545410156 10.43738079071045 67
      vertex 38.51771545410156 10.43738079071045 6
    endloop
  endfacet
  facet normal -0.987680853592627 0.15648172879457747 0
    outer loop
      vertex 38.51771545410156 10.43738079071045 67
      vertex 38.50788497924805 10.375332832336426 6
      vertex 38.50788497924805 10.375332832336426 67
    endloop
  endfacet
  facet normal 0.8270941876961543 0.5620633457887453 0
    outer loop
      vertex 41.84432601928711 10.785826683044434 67
      vertex 41.809017181396484 10.837784767150879 6
      vertex 41.809017181396484 10.837784767150879 67
    endloop
  endfacet
  facet normal 0.8270941876961543 0.5620633457887453 0
    outer loop
      vertex 41.809017181396484 10.837784767150879 6
      vertex 41.84432601928711 10.785826683044434 67
      vertex 41.84432601928711 10.785826683044434 6
    endloop
  endfacet
  facet normal 0.09410627951094909 0.9955621568524021 0
    outer loop
      vertex 41.12533187866211 11.242114067077637 6
      vertex 41.06278991699219 11.248025894165039 67
      vertex 41.12533187866211 11.242114067077637 67
    endloop
  endfacet
  facet normal 0.09410627951094909 0.9955621568524021 0
    outer loop
      vertex 41.06278991699219 11.248025894165039 67
      vertex 41.12533187866211 11.242114067077637 6
      vertex 41.06278991699219 11.248025894165039 6
    endloop
  endfacet
  facet normal -0.21814069045922427 0.9759173321372937 0
    outer loop
      vertex 39.312618255615234 11.23228645324707 6
      vertex 39.251312255859375 11.218583106994629 67
      vertex 39.312618255615234 11.23228645324707 67
    endloop
  endfacet
  facet normal -0.21814069045922427 0.9759173321372937 0
    outer loop
      vertex 39.251312255859375 11.218583106994629 67
      vertex 39.312618255615234 11.23228645324707 6
      vertex 39.251312255859375 11.218583106994629 6
    endloop
  endfacet
  facet normal -1 0 0
    outer loop
      vertex 38.5 2.5 6
      vertex 38.5 10.25 67
      vertex 38.5 10.25 6
    endloop
  endfacet
  facet normal -1 0 0
    outer loop
      vertex 38.5 10.25 67
      vertex 38.5 2.5 6
      vertex 38.5 2.5 67
    endloop
  endfacet
  facet normal 0.9759227307595171 0.2181165367111973 0
    outer loop
      vertex 41.98228454589844 10.43738079071045 67
      vertex 41.96858215332031 10.498689651489258 6
      vertex 41.96858215332031 10.498689651489258 67
    endloop
  endfacet
  facet normal 0.9759227307595171 0.2181165367111973 0
    outer loop
      vertex 41.96858215332031 10.498689651489258 6
      vertex 41.98228454589844 10.43738079071045 67
      vertex 41.98228454589844 10.43738079071045 6
    endloop
  endfacet
  facet normal 0.21814069045922427 0.9759173321372937 0
    outer loop
      vertex 41.248687744140625 11.218583106994629 6
      vertex 41.187381744384766 11.23228645324707 67
      vertex 41.248687744140625 11.218583106994629 67
    endloop
  endfacet
  facet normal 0.21814069045922427 0.9759173321372937 0
    outer loop
      vertex 41.187381744384766 11.23228645324707 67
      vertex 41.248687744140625 11.218583106994629 6
      vertex 41.187381744384766 11.23228645324707 6
    endloop
  endfacet
  facet normal -0.9759227307595171 0.2181165367111973 0
    outer loop
      vertex 38.51771545410156 10.43738079071045 6
      vertex 38.53141784667969 10.498689651489258 67
      vertex 38.53141784667969 10.498689651489258 6
    endloop
  endfacet
  facet normal -0.9759227307595171 0.2181165367111973 0
    outer loop
      vertex 38.53141784667969 10.498689651489258 67
      vertex 38.51771545410156 10.43738079071045 6
      vertex 38.51771545410156 10.43738079071045 67
    endloop
  endfacet
  facet normal -0.7071067811865476 0.7071067811865476 0
    outer loop
      vertex 38.77103042602539 10.93454647064209 6
      vertex 38.815452575683594 10.978968620300293 67
      vertex 38.815452575683594 10.978968620300293 6
    endloop
  endfacet
  facet normal -0.7071067811865476 0.7071067811865476 0
    outer loop
      vertex 38.815452575683594 10.978968620300293 67
      vertex 38.77103042602539 10.93454647064209 6
      vertex 38.77103042602539 10.93454647064209 67
    endloop
  endfacet
  facet normal 0.3971745331363213 0.9177430959848978 0
    outer loop
      vertex 41.425777435302734 11.154826164245605 6
      vertex 41.368125915527344 11.179776191711426 67
      vertex 41.425777435302734 11.154826164245605 67
    endloop
  endfacet
  facet normal 0.3971745331363213 0.9177430959848978 0
    outer loop
      vertex 41.368125915527344 11.179776191711426 67
      vertex 41.425777435302734 11.154826164245605 6
      vertex 41.368125915527344 11.179776191711426 6
    endloop
  endfacet
  facet normal -0.6128912265129753 0.7901672889100261 0
    outer loop
      vertex 38.91221618652344 11.059016227722168 6
      vertex 38.86257553100586 11.020512580871582 67
      vertex 38.91221618652344 11.059016227722168 67
    endloop
  endfacet
  facet normal -0.6128912265129753 0.7901672889100261 0
    outer loop
      vertex 38.86257553100586 11.020512580871582 67
      vertex 38.91221618652344 11.059016227722168 6
      vertex 38.86257553100586 11.020512580871582 6
    endloop
  endfacet
  facet normal 0 1 0
    outer loop
      vertex 41 11.25 6
      vertex 39.5 11.25 67
      vertex 41 11.25 67
    endloop
  endfacet
  facet normal 0 1 0
    outer loop
      vertex 39.5 11.25 67
      vertex 41 11.25 6
      vertex 39.5 11.25 6
    endloop
  endfacet
  facet normal -0.7501301814071496 0.661290186636757 0
    outer loop
      vertex 38.729488372802734 10.887423515319824 6
      vertex 38.77103042602539 10.93454647064209 67
      vertex 38.77103042602539 10.93454647064209 6
    endloop
  endfacet
  facet normal -0.7501301814071496 0.661290186636757 0
    outer loop
      vertex 38.77103042602539 10.93454647064209 67
      vertex 38.729488372802734 10.887423515319824 6
      vertex 38.729488372802734 10.887423515319824 67
    endloop
  endfacet
  facet normal -0.9603012396075132 0.27896510392569457 0
    outer loop
      vertex 38.53141784667969 10.498689651489258 6
      vertex 38.54894256591797 10.559016227722168 67
      vertex 38.54894256591797 10.559016227722168 6
    endloop
  endfacet
  facet normal -0.9603012396075132 0.27896510392569457 0
    outer loop
      vertex 38.54894256591797 10.559016227722168 67
      vertex 38.53141784667969 10.498689651489258 6
      vertex 38.53141784667969 10.498689651489258 67
    endloop
  endfacet
  facet normal -0.9177613462719038 0.3971323599118849 0
    outer loop
      vertex 38.57022476196289 10.618124008178711 6
      vertex 38.59517288208008 10.67577838897705 67
      vertex 38.59517288208008 10.67577838897705 6
    endloop
  endfacet
  facet normal -0.9177613462719038 0.3971323599118849 0
    outer loop
      vertex 38.59517288208008 10.67577838897705 67
      vertex 38.57022476196289 10.618124008178711 6
      vertex 38.57022476196289 10.618124008178711 67
    endloop
  endfacet
  facet normal -0.9408701874875643 0.3387673099593812 0
    outer loop
      vertex 38.54894256591797 10.559016227722168 6
      vertex 38.57022476196289 10.618124008178711 67
      vertex 38.57022476196289 10.618124008178711 6
    endloop
  endfacet
  facet normal -0.9408701874875643 0.3387673099593812 0
    outer loop
      vertex 38.57022476196289 10.618124008178711 67
      vertex 38.54894256591797 10.559016227722168 6
      vertex 38.54894256591797 10.559016227722168 67
    endloop
  endfacet
  facet normal -0.8909947753266306 0.4540135574414569 0
    outer loop
      vertex 38.59517288208008 10.67577838897705 6
      vertex 38.623695373535156 10.7317533493042 67
      vertex 38.623695373535156 10.7317533493042 6
    endloop
  endfacet
  facet normal -0.8909947753266306 0.4540135574414569 0
    outer loop
      vertex 38.623695373535156 10.7317533493042 67
      vertex 38.59517288208008 10.67577838897705 6
      vertex 38.59517288208008 10.67577838897705 67
    endloop
  endfacet
  facet normal -0.27898090165339684 0.9602966502662903 0
    outer loop
      vertex 39.251312255859375 11.218583106994629 6
      vertex 39.190982818603516 11.201056480407715 67
      vertex 39.251312255859375 11.218583106994629 67
    endloop
  endfacet
  facet normal -0.27898090165339684 0.9602966502662903 0
    outer loop
      vertex 39.190982818603516 11.201056480407715 67
      vertex 39.251312255859375 11.218583106994629 6
      vertex 39.190982818603516 11.201056480407715 6
    endloop
  endfacet
  facet normal 0.9177613462719038 0.3971323599118849 0
    outer loop
      vertex 41.92977523803711 10.618124008178711 67
      vertex 41.90482711791992 10.67577838897705 6
      vertex 41.90482711791992 10.67577838897705 67
    endloop
  endfacet
  facet normal 0.9177613462719038 0.3971323599118849 0
    outer loop
      vertex 41.90482711791992 10.67577838897705 6
      vertex 41.92977523803711 10.618124008178711 67
      vertex 41.92977523803711 10.618124008178711 6
    endloop
  endfacet
  facet normal 0.03142432711320473 0.9995061338808694 0
    outer loop
      vertex 41.06278991699219 11.248025894165039 6
      vertex 41 11.25 67
      vertex 41.06278991699219 11.248025894165039 67
    endloop
  endfacet
  facet normal 0.03142432711320473 0.9995061338808694 0
    outer loop
      vertex 41 11.25 67
      vertex 41.06278991699219 11.248025894165039 6
      vertex 41 11.25 6
    endloop
  endfacet
  facet normal 0.7071067811865476 0.7071067811865476 0
    outer loop
      vertex 41.72896957397461 10.93454647064209 67
      vertex 41.684547424316406 10.978968620300293 6
      vertex 41.684547424316406 10.978968620300293 67
    endloop
  endfacet
  facet normal 0.7071067811865476 0.7071067811865476 0
    outer loop
      vertex 41.684547424316406 10.978968620300293 6
      vertex 41.72896957397461 10.93454647064209 67
      vertex 41.72896957397461 10.93454647064209 6
    endloop
  endfacet
  facet normal -0.5090494401311854 0.8607372813478725 0
    outer loop
      vertex 39.018245697021484 11.126306533813477 6
      vertex 38.96417236328125 11.094326972961426 67
      vertex 39.018245697021484 11.126306533813477 67
    endloop
  endfacet
  facet normal -0.5090494401311854 0.8607372813478725 0
    outer loop
      vertex 38.96417236328125 11.094326972961426 67
      vertex 39.018245697021484 11.126306533813477 6
      vertex 38.96417236328125 11.094326972961426 6
    endloop
  endfacet
  facet normal -0.3971745331363213 0.9177430959848978 0
    outer loop
      vertex 39.131874084472656 11.179776191711426 6
      vertex 39.074222564697266 11.154826164245605 67
      vertex 39.131874084472656 11.179776191711426 67
    endloop
  endfacet
  facet normal -0.3971745331363213 0.9177430959848978 0
    outer loop
      vertex 39.074222564697266 11.154826164245605 67
      vertex 39.131874084472656 11.179776191711426 6
      vertex 39.074222564697266 11.154826164245605 6
    endloop
  endfacet
  facet normal 0.9995051797977337 0.0314546587566966 0
    outer loop
      vertex 42 10.25 67
      vertex 41.998023986816406 10.312789916992188 6
      vertex 41.998023986816406 10.312789916992188 67
    endloop
  endfacet
  facet normal 0.9995051797977337 0.0314546587566966 0
    outer loop
      vertex 41.998023986816406 10.312789916992188 6
      vertex 42 10.25 67
      vertex 42 10.25 6
    endloop
  endfacet
  facet normal 0.9955665569863844 0.09405971831914178 0
    outer loop
      vertex 41.998023986816406 10.312789916992188 67
      vertex 41.99211502075195 10.375332832336426 6
      vertex 41.99211502075195 10.375332832336426 67
    endloop
  endfacet
  facet normal 0.9955665569863844 0.09405971831914178 0
    outer loop
      vertex 41.99211502075195 10.375332832336426 6
      vertex 41.998023986816406 10.312789916992188 67
      vertex 41.998023986816406 10.312789916992188 6
    endloop
  endfacet
  facet normal 0.8909947753266306 0.4540135574414569 0
    outer loop
      vertex 41.90482711791992 10.67577838897705 67
      vertex 41.876304626464844 10.7317533493042 6
      vertex 41.876304626464844 10.7317533493042 67
    endloop
  endfacet
  facet normal 0.8909947753266306 0.4540135574414569 0
    outer loop
      vertex 41.876304626464844 10.7317533493042 6
      vertex 41.90482711791992 10.67577838897705 67
      vertex 41.90482711791992 10.67577838897705 6
    endloop
  endfacet
  facet normal 0.33873559471734044 0.940881606192559 0
    outer loop
      vertex 41.368125915527344 11.179776191711426 6
      vertex 41.309017181396484 11.201056480407715 67
      vertex 41.368125915527344 11.179776191711426 67
    endloop
  endfacet
  facet normal 0.33873559471734044 0.940881606192559 0
    outer loop
      vertex 41.309017181396484 11.201056480407715 67
      vertex 41.368125915527344 11.179776191711426 6
      vertex 41.309017181396484 11.201056480407715 6
    endloop
  endfacet
  facet normal -0.9995051797977337 0.0314546587566966 0
    outer loop
      vertex 38.5 10.25 6
      vertex 38.501976013183594 10.312789916992188 67
      vertex 38.501976013183594 10.312789916992188 6
    endloop
  endfacet
  facet normal -0.9995051797977337 0.0314546587566966 0
    outer loop
      vertex 38.501976013183594 10.312789916992188 67
      vertex 38.5 10.25 6
      vertex 38.5 10.25 67
    endloop
  endfacet
  facet normal 0.9603012396075132 0.27896510392569457 0
    outer loop
      vertex 41.96858215332031 10.498689651489258 67
      vertex 41.95105743408203 10.559016227722168 6
      vertex 41.95105743408203 10.559016227722168 67
    endloop
  endfacet
  facet normal 0.9603012396075132 0.27896510392569457 0
    outer loop
      vertex 41.95105743408203 10.559016227722168 6
      vertex 41.96858215332031 10.498689651489258 67
      vertex 41.96858215332031 10.498689651489258 6
    endloop
  endfacet
  facet normal 0.45396512174361286 0.8910194544679184 0
    outer loop
      vertex 41.481754302978516 11.126306533813477 6
      vertex 41.425777435302734 11.154826164245605 67
      vertex 41.481754302978516 11.126306533813477 67
    endloop
  endfacet
  facet normal 0.45396512174361286 0.8910194544679184 0
    outer loop
      vertex 41.425777435302734 11.154826164245605 67
      vertex 41.481754302978516 11.126306533813477 6
      vertex 41.425777435302734 11.154826164245605 6
    endloop
  endfacet
  facet normal -0.03142432711320473 0.9995061338808694 0
    outer loop
      vertex 39.5 11.25 6
      vertex 39.43721008300781 11.248025894165039 67
      vertex 39.5 11.25 67
    endloop
  endfacet
  facet normal -0.03142432711320473 0.9995061338808694 0
    outer loop
      vertex 39.43721008300781 11.248025894165039 67
      vertex 39.5 11.25 6
      vertex 39.43721008300781 11.248025894165039 6
    endloop
  endfacet
  facet normal -0.15643261060695393 0.9876886343067298 0
    outer loop
      vertex 39.37466812133789 11.242114067077637 6
      vertex 39.312618255615234 11.23228645324707 67
      vertex 39.37466812133789 11.242114067077637 67
    endloop
  endfacet
  facet normal -0.15643261060695393 0.9876886343067298 0
    outer loop
      vertex 39.312618255615234 11.23228645324707 67
      vertex 39.37466812133789 11.242114067077637 6
      vertex 39.312618255615234 11.23228645324707 6
    endloop
  endfacet
  facet normal -0.09410627951094909 0.9955621568524021 0
    outer loop
      vertex 39.43721008300781 11.248025894165039 6
      vertex 39.37466812133789 11.242114067077637 67
      vertex 39.43721008300781 11.248025894165039 67
    endloop
  endfacet
  facet normal -0.09410627951094909 0.9955621568524021 0
    outer loop
      vertex 39.37466812133789 11.242114067077637 67
      vertex 39.43721008300781 11.248025894165039 6
      vertex 39.37466812133789 11.242114067077637 6
    endloop
  endfacet
  facet normal -0.45396512174361286 0.8910194544679184 0
    outer loop
      vertex 39.074222564697266 11.154826164245605 6
      vertex 39.018245697021484 11.126306533813477 67
      vertex 39.074222564697266 11.154826164245605 67
    endloop
  endfacet
  facet normal -0.45396512174361286 0.8910194544679184 0
    outer loop
      vertex 39.018245697021484 11.126306533813477 67
      vertex 39.074222564697266 11.154826164245605 6
      vertex 39.018245697021484 11.126306533813477 6
    endloop
  endfacet
  facet normal 0.6613072708271193 0.7501151201990178 0
    outer loop
      vertex 41.684547424316406 10.978968620300293 6
      vertex 41.63742446899414 11.020512580871582 67
      vertex 41.684547424316406 10.978968620300293 67
    endloop
  endfacet
  facet normal 0.6613072708271193 0.7501151201990178 0
    outer loop
      vertex 41.63742446899414 11.020512580871582 67
      vertex 41.684547424316406 10.978968620300293 6
      vertex 41.63742446899414 11.020512580871582 6
    endloop
  endfacet
  facet normal -0.33873559471734044 0.940881606192559 0
    outer loop
      vertex 39.190982818603516 11.201056480407715 6
      vertex 39.131874084472656 11.179776191711426 67
      vertex 39.190982818603516 11.201056480407715 67
    endloop
  endfacet
  facet normal -0.33873559471734044 0.940881606192559 0
    outer loop
      vertex 39.131874084472656 11.179776191711426 67
      vertex 39.190982818603516 11.201056480407715 6
      vertex 39.131874084472656 11.179776191711426 6
    endloop
  endfacet
  facet normal 0.9408701874875643 0.3387673099593812 0
    outer loop
      vertex 41.95105743408203 10.559016227722168 67
      vertex 41.92977523803711 10.618124008178711 6
      vertex 41.92977523803711 10.618124008178711 67
    endloop
  endfacet
  facet normal 0.9408701874875643 0.3387673099593812 0
    outer loop
      vertex 41.92977523803711 10.618124008178711 6
      vertex 41.95105743408203 10.559016227722168 67
      vertex 41.95105743408203 10.559016227722168 6
    endloop
  endfacet
  facet normal 0.7901411802205841 0.6129248855444055 0
    outer loop
      vertex 41.809017181396484 10.837784767150879 67
      vertex 41.770511627197266 10.887423515319824 6
      vertex 41.770511627197266 10.887423515319824 67
    endloop
  endfacet
  facet normal 0.7901411802205841 0.6129248855444055 0
    outer loop
      vertex 41.770511627197266 10.887423515319824 6
      vertex 41.809017181396484 10.837784767150879 67
      vertex 41.809017181396484 10.837784767150879 6
    endloop
  endfacet
  facet normal 0.987680853592627 0.15648172879457747 0
    outer loop
      vertex 41.99211502075195 10.375332832336426 67
      vertex 41.98228454589844 10.43738079071045 6
      vertex 41.98228454589844 10.43738079071045 67
    endloop
  endfacet
  facet normal 0.987680853592627 0.15648172879457747 0
    outer loop
      vertex 41.98228454589844 10.43738079071045 6
      vertex 41.99211502075195 10.375332832336426 67
      vertex 41.99211502075195 10.375332832336426 6
    endloop
  endfacet
  facet normal -0.8607439328034021 0.5090381932057086 0
    outer loop
      vertex 38.623695373535156 10.7317533493042 6
      vertex 38.65567398071289 10.785826683044434 67
      vertex 38.65567398071289 10.785826683044434 6
    endloop
  endfacet
  facet normal -0.8607439328034021 0.5090381932057086 0
    outer loop
      vertex 38.65567398071289 10.785826683044434 67
      vertex 38.623695373535156 10.7317533493042 6
      vertex 38.623695373535156 10.7317533493042 67
    endloop
  endfacet
  facet normal 0.15643261060695393 0.9876886343067298 0
    outer loop
      vertex 41.187381744384766 11.23228645324707 6
      vertex 41.12533187866211 11.242114067077637 67
      vertex 41.187381744384766 11.23228645324707 67
    endloop
  endfacet
  facet normal 0.15643261060695393 0.9876886343067298 0
    outer loop
      vertex 41.12533187866211 11.242114067077637 67
      vertex 41.187381744384766 11.23228645324707 6
      vertex 41.12533187866211 11.242114067077637 6
    endloop
  endfacet
  facet normal 0.6128912265129753 0.7901672889100261 0
    outer loop
      vertex 41.63742446899414 11.020512580871582 6
      vertex 41.58778381347656 11.059016227722168 67
      vertex 41.63742446899414 11.020512580871582 67
    endloop
  endfacet
  facet normal 0.6128912265129753 0.7901672889100261 0
    outer loop
      vertex 41.58778381347656 11.059016227722168 67
      vertex 41.63742446899414 11.020512580871582 6
      vertex 41.58778381347656 11.059016227722168 6
    endloop
  endfacet
  facet normal 0.27898090165339684 0.9602966502662903 0
    outer loop
      vertex 41.309017181396484 11.201056480407715 6
      vertex 41.248687744140625 11.218583106994629 67
      vertex 41.309017181396484 11.201056480407715 67
    endloop
  endfacet
  facet normal 0.27898090165339684 0.9602966502662903 0
    outer loop
      vertex 41.248687744140625 11.218583106994629 67
      vertex 41.309017181396484 11.201056480407715 6
      vertex 41.248687744140625 11.218583106994629 6
    endloop
  endfacet
  facet normal 0.5090494401311854 0.8607372813478725 0
    outer loop
      vertex 41.53582763671875 11.094326972961426 6
      vertex 41.481754302978516 11.126306533813477 67
      vertex 41.53582763671875 11.094326972961426 67
    endloop
  endfacet
  facet normal 0.5090494401311854 0.8607372813478725 0
    outer loop
      vertex 41.481754302978516 11.126306533813477 67
      vertex 41.53582763671875 11.094326972961426 6
      vertex 41.481754302978516 11.126306533813477 6
    endloop
  endfacet
  facet normal 0.7501301814071496 0.661290186636757 0
    outer loop
      vertex 41.770511627197266 10.887423515319824 67
      vertex 41.72896957397461 10.93454647064209 6
      vertex 41.72896957397461 10.93454647064209 67
    endloop
  endfacet
  facet normal 0.7501301814071496 0.661290186636757 0
    outer loop
      vertex 41.72896957397461 10.93454647064209 6
      vertex 41.770511627197266 10.887423515319824 67
      vertex 41.770511627197266 10.887423515319824 6
    endloop
  endfacet
  facet normal -0.5620982305423864 0.8270704802017288 0
    outer loop
      vertex 38.96417236328125 11.094326972961426 6
      vertex 38.91221618652344 11.059016227722168 67
      vertex 38.96417236328125 11.094326972961426 67
    endloop
  endfacet
  facet normal -0.5620982305423864 0.8270704802017288 0
    outer loop
      vertex 38.91221618652344 11.059016227722168 67
      vertex 38.96417236328125 11.094326972961426 6
      vertex 38.91221618652344 11.059016227722168 6
    endloop
  endfacet
  facet normal -0.8270941876961543 0.5620633457887453 0
    outer loop
      vertex 38.65567398071289 10.785826683044434 6
      vertex 38.690982818603516 10.837784767150879 67
      vertex 38.690982818603516 10.837784767150879 6
    endloop
  endfacet
  facet normal -0.8270941876961543 0.5620633457887453 0
    outer loop
      vertex 38.690982818603516 10.837784767150879 67
      vertex 38.65567398071289 10.785826683044434 6
      vertex 38.65567398071289 10.785826683044434 67
    endloop
  endfacet
  facet normal 0.5620982305423864 0.8270704802017288 0
    outer loop
      vertex 41.58778381347656 11.059016227722168 6
      vertex 41.53582763671875 11.094326972961426 67
      vertex 41.58778381347656 11.059016227722168 67
    endloop
  endfacet
  facet normal 0.5620982305423864 0.8270704802017288 0
    outer loop
      vertex 41.53582763671875 11.094326972961426 67
      vertex 41.58778381347656 11.059016227722168 6
      vertex 41.53582763671875 11.094326972961426 6
    endloop
  endfacet
  facet normal -0.6613072708271193 0.7501151201990178 0
    outer loop
      vertex 38.86257553100586 11.020512580871582 6
      vertex 38.815452575683594 10.978968620300293 67
      vertex 38.86257553100586 11.020512580871582 67
    endloop
  endfacet
  facet normal -0.6613072708271193 0.7501151201990178 0
    outer loop
      vertex 38.815452575683594 10.978968620300293 67
      vertex 38.86257553100586 11.020512580871582 6
      vertex 38.815452575683594 10.978968620300293 6
    endloop
  endfacet
  facet normal -0.7901411802205841 0.6129248855444055 0
    outer loop
      vertex 38.690982818603516 10.837784767150879 6
      vertex 38.729488372802734 10.887423515319824 67
      vertex 38.729488372802734 10.887423515319824 6
    endloop
  endfacet
  facet normal -0.7901411802205841 0.6129248855444055 0
    outer loop
      vertex 38.729488372802734 10.887423515319824 67
      vertex 38.690982818603516 10.837784767150879 6
      vertex 38.690982818603516 10.837784767150879 67
    endloop
  endfacet
endsolid OpenSCAD_Model
