solid OpenSCAD_Model
  facet normal 0 -1 0
    outer loop
      vertex -0.0627899169921875 -0.9980258941650391 67
      vertex 9.562789916992188 -0.9980258941650391 4
      vertex 9.562789916992188 -0.9980258941650391 67
    endloop
  endfacet
  facet normal 0 -1 0
    outer loop
      vertex 9.562789916992188 -0.9980258941650391 4
      vertex -0.0627899169921875 -0.9980258941650391 0
      vertex 28.437210083007812 -0.9980258941650391 4
    endloop
  endfacet
  facet normal 0 -1 0
    outer loop
      vertex -0.0627899169921875 -0.9980258941650391 0
      vertex 9.562789916992188 -0.9980258941650391 4
      vertex -0.0627899169921875 -0.9980258941650391 67
    endloop
  endfacet
  facet normal 0 -1 0
    outer loop
      vertex 28.437210083007812 -0.9980258941650391 4
      vertex 38.06278991699219 -0.9980258941650391 67
      vertex 28.437210083007812 -0.9980258941650391 67
    endloop
  endfacet
  facet normal 0 -1 0
    outer loop
      vertex 28.437210083007812 -0.9980258941650391 4
      vertex 38.06278991699219 -0.9980258941650391 0
      vertex 38.06278991699219 -0.9980258941650391 67
    endloop
  endfacet
  facet normal 0 -1 0
    outer loop
      vertex 38.06278991699219 -0.9980258941650391 0
      vertex 28.437210083007812 -0.9980258941650391 4
      vertex -0.0627899169921875 -0.9980258941650391 0
    endloop
  endfacet
  facet normal -0.1253328673863287 -0.9921147475734452 0
    outer loop
      vertex -0.18738079071044922 -0.9822864532470703 0
      vertex -0.0627899169921875 -0.9980258941650391 67
      vertex -0.18738079071044922 -0.9822864532470703 67
    endloop
  endfacet
  facet normal -0.1253328673863287 -0.9921147475734452 0
    outer loop
      vertex -0.0627899169921875 -0.9980258941650391 67
      vertex -0.18738079071044922 -0.9822864532470703 0
      vertex -0.0627899169921875 -0.9980258941650391 0
    endloop
  endfacet
  facet normal -0.24868466332435313 -0.96858450236789 0
    outer loop
      vertex -0.30901622772216797 -0.9510564804077148 0
      vertex -0.18738079071044922 -0.9822864532470703 67
      vertex -0.30901622772216797 -0.9510564804077148 67
    endloop
  endfacet
  facet normal -0.24868466332435313 -0.96858450236789 0
    outer loop
      vertex -0.18738079071044922 -0.9822864532470703 67
      vertex -0.30901622772216797 -0.9510564804077148 0
      vertex -0.18738079071044922 -0.9822864532470703 0
    endloop
  endfacet
  facet normal -0.3681307905158208 -0.929774016131983 0
    outer loop
      vertex -0.4257783889770508 -0.9048261642456055 0
      vertex -0.30901622772216797 -0.9510564804077148 67
      vertex -0.4257783889770508 -0.9048261642456055 67
    endloop
  endfacet
  facet normal -0.3681307905158208 -0.929774016131983 0
    outer loop
      vertex -0.30901622772216797 -0.9510564804077148 67
      vertex -0.4257783889770508 -0.9048261642456055 0
      vertex -0.30901622772216797 -0.9510564804077148 0
    endloop
  endfacet
  facet normal -0.481751409495227 -0.8763079250180054 0
    outer loop
      vertex -0.5358266830444336 -0.8443269729614258 0
      vertex -0.4257783889770508 -0.9048261642456055 67
      vertex -0.5358266830444336 -0.8443269729614258 67
    endloop
  endfacet
  facet normal -0.481751409495227 -0.8763079250180054 0
    outer loop
      vertex -0.4257783889770508 -0.9048261642456055 67
      vertex -0.5358266830444336 -0.8443269729614258 0
      vertex -0.4257783889770508 -0.9048261642456055 0
    endloop
  endfacet
  facet normal -0.587785110170982 -0.8090170976322358 0
    outer loop
      vertex -0.6374235153198242 -0.770512580871582 0
      vertex -0.5358266830444336 -0.8443269729614258 67
      vertex -0.6374235153198242 -0.770512580871582 67
    endloop
  endfacet
  facet normal -0.587785110170982 -0.8090170976322358 0
    outer loop
      vertex -0.5358266830444336 -0.8443269729614258 67
      vertex -0.6374235153198242 -0.770512580871582 0
      vertex -0.5358266830444336 -0.8443269729614258 0
    endloop
  endfacet
  facet normal -0.6845451363880446 -0.7289704769381773 0
    outer loop
      vertex -0.728968620300293 -0.6845464706420898 0
      vertex -0.6374235153198242 -0.770512580871582 67
      vertex -0.728968620300293 -0.6845464706420898 67
    endloop
  endfacet
  facet normal -0.6845451363880446 -0.7289704769381773 0
    outer loop
      vertex -0.6374235153198242 -0.770512580871582 67
      vertex -0.728968620300293 -0.6845464706420898 0
      vertex -0.6374235153198242 -0.770512580871582 0
    endloop
  endfacet
  facet normal -0.770515727502568 -0.6374209862180477 0
    outer loop
      vertex -0.728968620300293 -0.6845464706420898 0
      vertex -0.809016227722168 -0.5877847671508789 67
      vertex -0.809016227722168 -0.5877847671508789 0
    endloop
  endfacet
  facet normal -0.770515727502568 -0.6374209862180477 0
    outer loop
      vertex -0.809016227722168 -0.5877847671508789 67
      vertex -0.728968620300293 -0.6845464706420898 0
      vertex -0.728968620300293 -0.6845464706420898 67
    endloop
  endfacet
  facet normal -0.8443253237982306 -0.5358308945861682 0
    outer loop
      vertex -0.809016227722168 -0.5877847671508789 0
      vertex -0.8763065338134766 -0.4817533493041992 67
      vertex -0.8763065338134766 -0.4817533493041992 0
    endloop
  endfacet
  facet normal -0.8443253237982306 -0.5358308945861682 0
    outer loop
      vertex -0.8763065338134766 -0.4817533493041992 67
      vertex -0.809016227722168 -0.5877847671508789 0
      vertex -0.809016227722168 -0.5877847671508789 67
    endloop
  endfacet
  facet normal -0.9048278235024878 -0.4257776530253211 0
    outer loop
      vertex -0.8763065338134766 -0.4817533493041992 0
      vertex -0.9297761917114258 -0.36812400817871094 67
      vertex -0.9297761917114258 -0.36812400817871094 0
    endloop
  endfacet
  facet normal -0.9048278235024878 -0.4257776530253211 0
    outer loop
      vertex -0.9297761917114258 -0.36812400817871094 67
      vertex -0.8763065338134766 -0.4817533493041992 0
      vertex -0.8763065338134766 -0.4817533493041992 67
    endloop
  endfacet
  facet normal -0.9510557196934979 -0.3090194460519964 0
    outer loop
      vertex -0.9297761917114258 -0.36812400817871094 0
      vertex -0.9685831069946289 -0.2486896514892578 67
      vertex -0.9685831069946289 -0.2486896514892578 0
    endloop
  endfacet
  facet normal -0.9510557196934979 -0.3090194460519964 0
    outer loop
      vertex -0.9685831069946289 -0.2486896514892578 67
      vertex -0.9297761917114258 -0.36812400817871094 0
      vertex -0.9297761917114258 -0.36812400817871094 67
    endloop
  endfacet
  facet normal -0.9822881472527268 -0.18737661478104803 0
    outer loop
      vertex -0.9685831069946289 -0.2486896514892578 0
      vertex -0.9921140670776367 -0.12533283233642578 67
      vertex -0.9921140670776367 -0.12533283233642578 0
    endloop
  endfacet
  facet normal -0.9822881472527268 -0.18737661478104803 0
    outer loop
      vertex -0.9921140670776367 -0.12533283233642578 67
      vertex -0.9685831069946289 -0.2486896514892578 0
      vertex -0.9685831069946289 -0.2486896514892578 67
    endloop
  endfacet
  facet normal -0.998026399324306 -0.0627957502683185 0
    outer loop
      vertex -0.9921140670776367 -0.12533283233642578 0
      vertex -1 0 67
      vertex -1 0 0
    endloop
  endfacet
  facet normal -0.998026399324306 -0.0627957502683185 0
    outer loop
      vertex -1 0 67
      vertex -0.9921140670776367 -0.12533283233642578 0
      vertex -0.9921140670776367 -0.12533283233642578 67
    endloop
  endfacet
  facet normal -1 0 0
    outer loop
      vertex -1 41.5 0
      vertex -1 31.125 4
      vertex -1 41.5 67
    endloop
  endfacet
  facet normal -1 0 0
    outer loop
      vertex -1 41.5 0
      vertex -1 10.375 4
      vertex -1 31.125 4
    endloop
  endfacet
  facet normal -1 0 0
    outer loop
      vertex -1 0 0
      vertex -1 10.375 4
      vertex -1 41.5 0
    endloop
  endfacet
  facet normal -1 0 0
    outer loop
      vertex -1 0 67
      vertex -1 10.375 4
      vertex -1 0 0
    endloop
  endfacet
  facet normal -1 0 0
    outer loop
      vertex -1 10.375 4
      vertex -1 0 67
      vertex -1 10.375 67
    endloop
  endfacet
  facet normal -1 0 0
    outer loop
      vertex -1 41.5 67
      vertex -1 31.125 4
      vertex -1 31.125 67
    endloop
  endfacet
  facet normal 0 0 1
    outer loop
      vertex 35.5 36.37917709350586 4
      vertex 29.492115020751953 36.25033950805664 4
      vertex 29.5 36.125 4
    endloop
  endfacet
  facet normal 0 0 1
    outer loop
      vertex 35.5 39.754676818847656 4
      vertex 29.417205810546875 36.76627731323242 4
      vertex 29.492115020751953 36.25033950805664 4
    endloop
  endfacet
  facet normal 0 0 1
    outer loop
      vertex 35.5 39.754676818847656 4
      vertex 29.393672943115234 36.889644622802734 4
      vertex 29.417205810546875 36.76627731323242 4
    endloop
  endfacet
  facet normal 0 0 1
    outer loop
      vertex 35.5 39.754676818847656 4
      vertex 29.3548641204834 37.00908279418945 4
      vertex 29.393672943115234 36.889644622802734 4
    endloop
  endfacet
  facet normal 0 0 1
    outer loop
      vertex 35.5 39.754676818847656 4
      vertex 29.131319046020508 37.51689147949219 4
      vertex 29.3548641204834 37.00908279418945 4
    endloop
  endfacet
  facet normal 0 0 1
    outer loop
      vertex 35.5 39.754676818847656 4
      vertex 29.07784652709961 37.63052749633789 4
      vertex 29.131319046020508 37.51689147949219 4
    endloop
  endfacet
  facet normal 0 0 1
    outer loop
      vertex 35.5 39.754676818847656 4
      vertex 29.01055145263672 37.73656463623047 4
      vertex 29.07784652709961 37.63052749633789 4
    endloop
  endfacet
  facet normal 0 0 1
    outer loop
      vertex 35.23154067993164 41.0382080078125 4
      vertex 28.641897201538086 38.22822570800781 4
      vertex 29.01055145263672 37.73656463623047 4
    endloop
  endfacet
  facet normal 0 0 1
    outer loop
      vertex 35.23154067993164 41.0382080078125 4
      vertex 28.561843872070312 38.32499313354492 4
      vertex 28.641897201538086 38.22822570800781 4
    endloop
  endfacet
  facet normal 0 0 1
    outer loop
      vertex 35.23154067993164 41.0382080078125 4
      vertex 28.470298767089844 38.41095733642578 4
      vertex 28.561843872070312 38.32499313354492 4
    endloop
  endfacet
  facet normal 0 0 1
    outer loop
      vertex 35.23154067993164 41.0382080078125 4
      vertex 27.962337493896484 38.87873077392578 4
      vertex 28.470298767089844 38.41095733642578 4
    endloop
  endfacet
  facet normal 0 0 1
    outer loop
      vertex 35.23154067993164 41.0382080078125 4
      vertex 27.860740661621094 38.952545166015625 4
      vertex 27.962337493896484 38.87873077392578 4
    endloop
  endfacet
  facet normal 0 0 1
    outer loop
      vertex 35.23154067993164 41.0382080078125 4
      vertex 27.22148895263672 39.38904571533203 4
      vertex 27.860740661621094 38.952545166015625 4
    endloop
  endfacet
  facet normal 0 0 1
    outer loop
      vertex 35.23154067993164 41.0382080078125 4
      vertex 27.111431121826172 39.449546813964844 4
      vertex 27.22148895263672 39.38904571533203 4
    endloop
  endfacet
  facet normal 0 0 1
    outer loop
      vertex 35.23154067993164 41.0382080078125 4
      vertex 26.350980758666992 39.847877502441406 4
      vertex 27.111431121826172 39.449546813964844 4
    endloop
  endfacet
  facet normal 0 0 1
    outer loop
      vertex 35.23154067993164 41.0382080078125 4
      vertex 25.48134994506836 40.20175552368164 4
      vertex 26.350980758666992 39.847877502441406 4
    endloop
  endfacet
  facet normal 0 0 1
    outer loop
      vertex 35.23154067993164 41.0382080078125 4
      vertex 25.364543914794922 40.24800109863281 4
      vertex 25.48134994506836 40.20175552368164 4
    endloop
  endfacet
  facet normal 0 0 1
    outer loop
      vertex 35.23154067993164 41.0382080078125 4
      vertex 24.399372100830078 40.55187225341797 4
      vertex 25.364543914794922 40.24800109863281 4
    endloop
  endfacet
  facet normal 0 0 1
    outer loop
      vertex 35.23154067993164 41.0382080078125 4
      vertex 24.2777099609375 40.58311080932617 4
      vertex 24.399372100830078 40.55187225341797 4
    endloop
  endfacet
  facet normal 0 0 1
    outer loop
      vertex 35.23154067993164 41.0382080078125 4
      vertex 23.232284545898438 40.832157135009766 4
      vertex 24.2777099609375 40.58311080932617 4
    endloop
  endfacet
  facet normal 0 0 1
    outer loop
      vertex 35.23154067993164 41.0382080078125 4
      vertex 22.123043060302734 41.02246856689453 4
      vertex 23.232284545898438 40.832157135009766 4
    endloop
  endfacet
  facet normal 0 0 1
    outer loop
      vertex 22.123043060302734 41.02246856689453 4
      vertex 35.23154067993164 41.0382080078125 4
      vertex 21.998451232910156 41.0382080078125 4
    endloop
  endfacet
  facet normal 0 0 1
    outer loop
      vertex 35.488590240478516 40.007564544677734 4
      vertex 35.5 39.81404113769531 4
      vertex 35.5 39.92898178100586 4
    endloop
  endfacet
  facet normal 0 0 1
    outer loop
      vertex 35.47392654418945 40.10857391357422 4
      vertex 35.5 39.81404113769531 4
      vertex 35.488590240478516 40.007564544677734 4
    endloop
  endfacet
  facet normal 0 0 1
    outer loop
      vertex 35.5 39.81404113769531 4
      vertex 35.47392654418945 40.10857391357422 4
      vertex 35.5 39.754676818847656 4
    endloop
  endfacet
  facet normal 0 0 1
    outer loop
      vertex 35.463626861572266 40.17949676513672 4
      vertex 35.5 39.754676818847656 4
      vertex 35.47392654418945 40.10857391357422 4
    endloop
  endfacet
  facet normal 0 0 1
    outer loop
      vertex 29.492115020751953 36.25033950805664 4
      vertex 35.5 39.35634231567383 4
      vertex 35.5 39.754676818847656 4
    endloop
  endfacet
  facet normal 0 0 1
    outer loop
      vertex 29.492115020751953 36.25033950805664 4
      vertex 35.5 39.32236862182617 4
      vertex 35.5 39.35634231567383 4
    endloop
  endfacet
  facet normal 0 0 1
    outer loop
      vertex 29.492115020751953 36.25033950805664 4
      vertex 35.5 38.88304901123047 4
      vertex 35.5 39.11030578613281 4
    endloop
  endfacet
  facet normal 0 0 1
    outer loop
      vertex 29.492115020751953 36.25033950805664 4
      vertex 35.5 38.79884719848633 4
      vertex 35.5 38.88304901123047 4
    endloop
  endfacet
  facet normal 0 0 1
    outer loop
      vertex 29.492115020751953 36.25033950805664 4
      vertex 35.5 38.65121841430664 4
      vertex 35.5 38.79884719848633 4
    endloop
  endfacet
  facet normal 0 0 1
    outer loop
      vertex 29.492115020751953 36.25033950805664 4
      vertex 35.5 38.37522888183594 4
      vertex 35.5 38.65121841430664 4
    endloop
  endfacet
  facet normal 0 0 1
    outer loop
      vertex 29.492115020751953 36.25033950805664 4
      vertex 35.5 38.18344497680664 4
      vertex 35.5 38.37522888183594 4
    endloop
  endfacet
  facet normal 0 0 1
    outer loop
      vertex 29.492115020751953 36.25033950805664 4
      vertex 35.5 38.13636016845703 4
      vertex 35.5 38.18344497680664 4
    endloop
  endfacet
  facet normal 0 0 1
    outer loop
      vertex 29.492115020751953 36.25033950805664 4
      vertex 35.5 38.011512756347656 4
      vertex 35.5 38.13636016845703 4
    endloop
  endfacet
  facet normal 0 0 1
    outer loop
      vertex 29.492115020751953 36.25033950805664 4
      vertex 35.5 37.8896484375 4
      vertex 35.5 38.011512756347656 4
    endloop
  endfacet
  facet normal 0 0 1
    outer loop
      vertex 29.492115020751953 36.25033950805664 4
      vertex 35.5 37.817989349365234 4
      vertex 35.5 37.8896484375 4
    endloop
  endfacet
  facet normal 0 0 1
    outer loop
      vertex 29.492115020751953 36.25033950805664 4
      vertex 35.5 37.37369155883789 4
      vertex 35.5 37.817989349365234 4
    endloop
  endfacet
  facet normal 0 0 1
    outer loop
      vertex 29.492115020751953 36.25033950805664 4
      vertex 35.5 37.326316833496094 4
      vertex 35.5 37.37369155883789 4
    endloop
  endfacet
  facet normal 0 0 1
    outer loop
      vertex 29.492115020751953 36.25033950805664 4
      vertex 35.5 37.114253997802734 4
      vertex 35.5 37.326316833496094 4
    endloop
  endfacet
  facet normal 0 0 1
    outer loop
      vertex 29.492115020751953 36.25033950805664 4
      vertex 35.5 36.88699722290039 4
      vertex 35.5 37.114253997802734 4
    endloop
  endfacet
  facet normal 0 0 1
    outer loop
      vertex 29.492115020751953 36.25033950805664 4
      vertex 35.5 36.37917709350586 4
      vertex 35.5 36.88699722290039 4
    endloop
  endfacet
  facet normal 0 0 1
    outer loop
      vertex 35.5 36.37917709350586 4
      vertex 29.5 36.125 4
      vertex 35.5 36.14030838012695 4
    endloop
  endfacet
  facet normal 0 0 1
    outer loop
      vertex 35.5 36.14030838012695 4
      vertex 29.5 36.125 4
      vertex 35.5 35.893592834472656 4
    endloop
  endfacet
  facet normal 0 0 1
    outer loop
      vertex 35.5 35.893592834472656 4
      vertex 29.5 36.125 4
      vertex 35.5 35.37763977050781 4
    endloop
  endfacet
  facet normal 0 0 1
    outer loop
      vertex 35.5 35.37763977050781 4
      vertex 29.5 36.125 4
      vertex 35.5 35.126976013183594 4
    endloop
  endfacet
  facet normal 0 0 1
    outer loop
      vertex 35.5 35.126976013183594 4
      vertex 29.5 36.125 4
      vertex 35.5 31.125 4
    endloop
  endfacet
  facet normal 0 0 1
    outer loop
      vertex 35.5 31.125 4
      vertex 29.5 36.125 4
      vertex 35.5 10.375 4
    endloop
  endfacet
  facet normal 0 0 1
    outer loop
      vertex 29.492115020751953 36.25033950805664 4
      vertex 35.5 39.11030578613281 4
      vertex 35.5 39.23534393310547 4
    endloop
  endfacet
  facet normal 0 0 1
    outer loop
      vertex 29.492115020751953 36.25033950805664 4
      vertex 35.5 39.23534393310547 4
      vertex 35.5 39.32236862182617 4
    endloop
  endfacet
  facet normal 0 0 1
    outer loop
      vertex 35.23154067993164 41.0382080078125 4
      vertex 35.5 39.754676818847656 4
      vertex 35.463626861572266 40.17949676513672 4
    endloop
  endfacet
  facet normal 0 0 1
    outer loop
      vertex 35.23154067993164 41.0382080078125 4
      vertex 35.463626861572266 40.17949676513672 4
      vertex 35.46050262451172 40.20103454589844 4
    endloop
  endfacet
  facet normal 0 0 1
    outer loop
      vertex 35.245399475097656 41.00672912597656 4
      vertex 35.46050262451172 40.20103454589844 4
      vertex 35.4163818359375 40.50490188598633 4
    endloop
  endfacet
  facet normal 0 0 1
    outer loop
      vertex 35.32917785644531 40.8164176940918 4
      vertex 35.4163818359375 40.50490188598633 4
      vertex 35.40731430053711 40.56736373901367 4
    endloop
  endfacet
  facet normal 0 0 1
    outer loop
      vertex 35.33864974975586 40.794898986816406 4
      vertex 35.40731430053711 40.56736373901367 4
      vertex 35.395713806152344 40.64727020263672 4
    endloop
  endfacet
  facet normal 0 0 1
    outer loop
      vertex 35.33864974975586 40.794898986816406 4
      vertex 35.395713806152344 40.64727020263672 4
      vertex 35.39181137084961 40.67413330078125 4
    endloop
  endfacet
  facet normal 0 0 1
    outer loop
      vertex 35.40731430053711 40.56736373901367 4
      vertex 35.33864974975586 40.794898986816406 4
      vertex 35.32917785644531 40.8164176940918 4
    endloop
  endfacet
  facet normal 0 0 1
    outer loop
      vertex 35.4163818359375 40.50490188598633 4
      vertex 35.32917785644531 40.8164176940918 4
      vertex 35.245399475097656 41.00672912597656 4
    endloop
  endfacet
  facet normal 0 0 1
    outer loop
      vertex 35.46050262451172 40.20103454589844 4
      vertex 35.245399475097656 41.00672912597656 4
      vertex 35.23154067993164 41.0382080078125 4
    endloop
  endfacet
  facet normal 0 0 1
    outer loop
      vertex 29.01055145263672 37.73656463623047 4
      vertex 35.5 39.754676818847656 4
      vertex 35.23154067993164 41.0382080078125 4
    endloop
  endfacet
  facet normal 0 0 1
    outer loop
      vertex 29.5 5.375 4
      vertex 35.5 10.375 4
      vertex 29.5 36.125 4
    endloop
  endfacet
  facet normal 0 0 1
    outer loop
      vertex 35.5 10.375 4
      vertex 29.5 5.375 4
      vertex 35.5 4.3769731521606445 4
    endloop
  endfacet
  facet normal 0 0 1
    outer loop
      vertex 29.492115020751953 5.249667167663574 4
      vertex 35.5 4.3769731521606445 4
      vertex 29.5 5.375 4
    endloop
  endfacet
  facet normal 0 0 1
    outer loop
      vertex 29.468582153320312 5.126310348510742 4
      vertex 35.5 4.3769731521606445 4
      vertex 29.492115020751953 5.249667167663574 4
    endloop
  endfacet
  facet normal 0 0 1
    outer loop
      vertex 29.42977523803711 5.006875514984131 4
      vertex 35.5 4.3769731521606445 4
      vertex 29.468582153320312 5.126310348510742 4
    endloop
  endfacet
  facet normal 0 0 1
    outer loop
      vertex 29.376306533813477 4.893246650695801 4
      vertex 35.5 4.3769731521606445 4
      vertex 29.42977523803711 5.006875514984131 4
    endloop
  endfacet
  facet normal 0 0 1
    outer loop
      vertex 29.30901527404785 4.78721284866333 4
      vertex 35.5 4.3769731521606445 4
      vertex 29.376306533813477 4.893246650695801 4
    endloop
  endfacet
  facet normal 0 0 1
    outer loop
      vertex 29.22896957397461 4.690452575683594 4
      vertex 35.5 4.3769731521606445 4
      vertex 29.30901527404785 4.78721284866333 4
    endloop
  endfacet
  facet normal 0 0 1
    outer loop
      vertex 29.13742446899414 4.604486465454102 4
      vertex 35.5 4.3769731521606445 4
      vertex 29.22896957397461 4.690452575683594 4
    endloop
  endfacet
  facet normal 0 0 1
    outer loop
      vertex 29.03582763671875 4.530672073364258 4
      vertex 35.5 4.3769731521606445 4
      vertex 29.13742446899414 4.604486465454102 4
    endloop
  endfacet
  facet normal 0 0 1
    outer loop
      vertex 28.92578125 4.4701738357543945 4
      vertex 35.5 4.3769731521606445 4
      vertex 29.03582763671875 4.530672073364258 4
    endloop
  endfacet
  facet normal 0 0 1
    outer loop
      vertex 28.809017181396484 4.423943519592285 4
      vertex 35.5 4.3769731521606445 4
      vertex 28.92578125 4.4701738357543945 4
    endloop
  endfacet
  facet normal 0 0 1
    outer loop
      vertex 28.6873779296875 4.392712116241455 4
      vertex 35.5 4.3769731521606445 4
      vertex 28.809017181396484 4.423943519592285 4
    endloop
  endfacet
  facet normal 0 0 1
    outer loop
      vertex 35.5 4.3769731521606445 4
      vertex 28.6873779296875 4.392712116241455 4
      vertex 28.562789916992188 4.3769731521606445 4
    endloop
  endfacet
  facet normal 0 0 1
    outer loop
      vertex 38.99211502075195 30.99966812133789 4
      vertex 39 10.375 4
      vertex 39 31.125 4
    endloop
  endfacet
  facet normal 0 0 1
    outer loop
      vertex 38.99211502075195 30.99966812133789 4
      vertex 38.99211502075195 10.500332832336426 4
      vertex 39 10.375 4
    endloop
  endfacet
  facet normal 0 0 1
    outer loop
      vertex 38.96858215332031 30.876310348510742 4
      vertex 38.99211502075195 10.500332832336426 4
      vertex 38.99211502075195 30.99966812133789 4
    endloop
  endfacet
  facet normal 0 0 1
    outer loop
      vertex 38.96858215332031 30.876310348510742 4
      vertex 38.96858215332031 10.623689651489258 4
      vertex 38.99211502075195 10.500332832336426 4
    endloop
  endfacet
  facet normal 0 0 1
    outer loop
      vertex 38.92977523803711 30.75687599182129 4
      vertex 38.96858215332031 10.623689651489258 4
      vertex 38.96858215332031 30.876310348510742 4
    endloop
  endfacet
  facet normal 0 0 1
    outer loop
      vertex 38.92977523803711 30.75687599182129 4
      vertex 38.92977523803711 10.743124008178711 4
      vertex 38.96858215332031 10.623689651489258 4
    endloop
  endfacet
  facet normal 0 0 1
    outer loop
      vertex 38.876304626464844 30.643245697021484 4
      vertex 38.92977523803711 10.743124008178711 4
      vertex 38.92977523803711 30.75687599182129 4
    endloop
  endfacet
  facet normal 0 0 1
    outer loop
      vertex 38.876304626464844 30.643245697021484 4
      vertex 38.876304626464844 10.8567533493042 4
      vertex 38.92977523803711 10.743124008178711 4
    endloop
  endfacet
  facet normal 0 0 1
    outer loop
      vertex 38.809017181396484 30.537216186523438 4
      vertex 38.876304626464844 10.8567533493042 4
      vertex 38.876304626464844 30.643245697021484 4
    endloop
  endfacet
  facet normal 0 0 1
    outer loop
      vertex 38.809017181396484 30.537216186523438 4
      vertex 38.809017181396484 10.962784767150879 4
      vertex 38.876304626464844 10.8567533493042 4
    endloop
  endfacet
  facet normal 0 0 1
    outer loop
      vertex 38.72896957397461 30.440452575683594 4
      vertex 38.809017181396484 10.962784767150879 4
      vertex 38.809017181396484 30.537216186523438 4
    endloop
  endfacet
  facet normal 0 0 1
    outer loop
      vertex 38.72896957397461 30.440452575683594 4
      vertex 38.72896957397461 11.05954647064209 4
      vertex 38.809017181396484 10.962784767150879 4
    endloop
  endfacet
  facet normal 0 0 1
    outer loop
      vertex 38.63742446899414 30.354488372802734 4
      vertex 38.72896957397461 11.05954647064209 4
      vertex 38.72896957397461 30.440452575683594 4
    endloop
  endfacet
  facet normal 0 0 1
    outer loop
      vertex 38.63742446899414 30.354488372802734 4
      vertex 38.63742446899414 11.145512580871582 4
      vertex 38.72896957397461 11.05954647064209 4
    endloop
  endfacet
  facet normal 0 0 1
    outer loop
      vertex 38.53582763671875 30.28067398071289 4
      vertex 38.63742446899414 11.145512580871582 4
      vertex 38.63742446899414 30.354488372802734 4
    endloop
  endfacet
  facet normal 0 0 1
    outer loop
      vertex 38.53582763671875 30.28067398071289 4
      vertex 38.53582763671875 11.219326972961426 4
      vertex 38.63742446899414 11.145512580871582 4
    endloop
  endfacet
  facet normal 0 0 1
    outer loop
      vertex 38.425777435302734 30.220172882080078 4
      vertex 38.53582763671875 11.219326972961426 4
      vertex 38.53582763671875 30.28067398071289 4
    endloop
  endfacet
  facet normal 0 0 1
    outer loop
      vertex 38.425777435302734 30.220172882080078 4
      vertex 38.425777435302734 11.279826164245605 4
      vertex 38.53582763671875 11.219326972961426 4
    endloop
  endfacet
  facet normal 0 0 1
    outer loop
      vertex 38.309017181396484 30.17394256591797 4
      vertex 38.425777435302734 11.279826164245605 4
      vertex 38.425777435302734 30.220172882080078 4
    endloop
  endfacet
  facet normal 0 0 1
    outer loop
      vertex 38.309017181396484 30.17394256591797 4
      vertex 38.309017181396484 11.326056480407715 4
      vertex 38.425777435302734 11.279826164245605 4
    endloop
  endfacet
  facet normal 0 0 1
    outer loop
      vertex 38.187381744384766 30.14271354675293 4
      vertex 38.309017181396484 11.326056480407715 4
      vertex 38.309017181396484 30.17394256591797 4
    endloop
  endfacet
  facet normal 0 0 1
    outer loop
      vertex 38.187381744384766 30.14271354675293 4
      vertex 38.187381744384766 11.35728645324707 4
      vertex 38.309017181396484 11.326056480407715 4
    endloop
  endfacet
  facet normal 0 0 1
    outer loop
      vertex 38.06278991699219 30.12697410583496 4
      vertex 38.187381744384766 11.35728645324707 4
      vertex 38.187381744384766 30.14271354675293 4
    endloop
  endfacet
  facet normal 0 0 1
    outer loop
      vertex 38.06278991699219 30.12697410583496 4
      vertex 38.06278991699219 11.373025894165039 4
      vertex 38.187381744384766 11.35728645324707 4
    endloop
  endfacet
  facet normal 0 0 1
    outer loop
      vertex 36.43721008300781 30.12697410583496 4
      vertex 38.06278991699219 11.373025894165039 4
      vertex 38.06278991699219 30.12697410583496 4
    endloop
  endfacet
  facet normal 0 0 1
    outer loop
      vertex 36.43721008300781 30.12697410583496 4
      vertex 36.43721008300781 11.373025894165039 4
      vertex 38.06278991699219 11.373025894165039 4
    endloop
  endfacet
  facet normal 0 0 1
    outer loop
      vertex 36.312618255615234 30.14271354675293 4
      vertex 36.43721008300781 11.373025894165039 4
      vertex 36.43721008300781 30.12697410583496 4
    endloop
  endfacet
  facet normal 0 0 1
    outer loop
      vertex 36.312618255615234 30.14271354675293 4
      vertex 36.312618255615234 11.35728645324707 4
      vertex 36.43721008300781 11.373025894165039 4
    endloop
  endfacet
  facet normal 0 0 1
    outer loop
      vertex 36.190982818603516 30.17394256591797 4
      vertex 36.312618255615234 11.35728645324707 4
      vertex 36.312618255615234 30.14271354675293 4
    endloop
  endfacet
  facet normal 0 0 1
    outer loop
      vertex 36.190982818603516 30.17394256591797 4
      vertex 36.190982818603516 11.326056480407715 4
      vertex 36.312618255615234 11.35728645324707 4
    endloop
  endfacet
  facet normal 0 0 1
    outer loop
      vertex 36.074222564697266 30.220172882080078 4
      vertex 36.190982818603516 11.326056480407715 4
      vertex 36.190982818603516 30.17394256591797 4
    endloop
  endfacet
  facet normal 0 0 1
    outer loop
      vertex 36.074222564697266 30.220172882080078 4
      vertex 36.074222564697266 11.279826164245605 4
      vertex 36.190982818603516 11.326056480407715 4
    endloop
  endfacet
  facet normal 0 0 1
    outer loop
      vertex 35.96417236328125 30.28067398071289 4
      vertex 36.074222564697266 11.279826164245605 4
      vertex 36.074222564697266 30.220172882080078 4
    endloop
  endfacet
  facet normal 0 0 1
    outer loop
      vertex 35.96417236328125 30.28067398071289 4
      vertex 35.96417236328125 11.219326972961426 4
      vertex 36.074222564697266 11.279826164245605 4
    endloop
  endfacet
  facet normal 0 0 1
    outer loop
      vertex 35.86257553100586 30.354488372802734 4
      vertex 35.96417236328125 11.219326972961426 4
      vertex 35.96417236328125 30.28067398071289 4
    endloop
  endfacet
  facet normal 0 0 1
    outer loop
      vertex 35.86257553100586 30.354488372802734 4
      vertex 35.86257553100586 11.145512580871582 4
      vertex 35.96417236328125 11.219326972961426 4
    endloop
  endfacet
  facet normal 0 0 1
    outer loop
      vertex 35.77103042602539 30.440452575683594 4
      vertex 35.86257553100586 11.145512580871582 4
      vertex 35.86257553100586 30.354488372802734 4
    endloop
  endfacet
  facet normal 0 0 1
    outer loop
      vertex 35.77103042602539 30.440452575683594 4
      vertex 35.77103042602539 11.05954647064209 4
      vertex 35.86257553100586 11.145512580871582 4
    endloop
  endfacet
  facet normal 0 0 1
    outer loop
      vertex 35.690982818603516 30.537216186523438 4
      vertex 35.77103042602539 11.05954647064209 4
      vertex 35.77103042602539 30.440452575683594 4
    endloop
  endfacet
  facet normal 0 0 1
    outer loop
      vertex 35.690982818603516 30.537216186523438 4
      vertex 35.690982818603516 10.962784767150879 4
      vertex 35.77103042602539 11.05954647064209 4
    endloop
  endfacet
  facet normal 0 0 1
    outer loop
      vertex 35.623695373535156 30.643245697021484 4
      vertex 35.690982818603516 10.962784767150879 4
      vertex 35.690982818603516 30.537216186523438 4
    endloop
  endfacet
  facet normal 0 0 1
    outer loop
      vertex 35.623695373535156 30.643245697021484 4
      vertex 35.623695373535156 10.8567533493042 4
      vertex 35.690982818603516 10.962784767150879 4
    endloop
  endfacet
  facet normal 0 0 1
    outer loop
      vertex 35.57022476196289 30.75687599182129 4
      vertex 35.623695373535156 10.8567533493042 4
      vertex 35.623695373535156 30.643245697021484 4
    endloop
  endfacet
  facet normal 0 0 1
    outer loop
      vertex 35.57022476196289 30.75687599182129 4
      vertex 35.57022476196289 10.743124008178711 4
      vertex 35.623695373535156 10.8567533493042 4
    endloop
  endfacet
  facet normal 0 0 1
    outer loop
      vertex 35.53141784667969 30.876310348510742 4
      vertex 35.57022476196289 10.743124008178711 4
      vertex 35.57022476196289 30.75687599182129 4
    endloop
  endfacet
  facet normal 0 0 1
    outer loop
      vertex 35.53141784667969 30.876310348510742 4
      vertex 35.53141784667969 10.623689651489258 4
      vertex 35.57022476196289 10.743124008178711 4
    endloop
  endfacet
  facet normal 0 0 1
    outer loop
      vertex 35.50788497924805 30.99966812133789 4
      vertex 35.53141784667969 10.623689651489258 4
      vertex 35.53141784667969 30.876310348510742 4
    endloop
  endfacet
  facet normal 0 0 1
    outer loop
      vertex 35.50788497924805 30.99966812133789 4
      vertex 35.50788497924805 10.500332832336426 4
      vertex 35.53141784667969 10.623689651489258 4
    endloop
  endfacet
  facet normal 0 0 1
    outer loop
      vertex 35.5 31.125 4
      vertex 35.50788497924805 10.500332832336426 4
      vertex 35.50788497924805 30.99966812133789 4
    endloop
  endfacet
  facet normal 0 0 1
    outer loop
      vertex 35.50788497924805 10.500332832336426 4
      vertex 35.5 31.125 4
      vertex 35.5 10.375 4
    endloop
  endfacet
  facet normal 0 0 1
    outer loop
      vertex 35.146419525146484 41.2315673828125 4
      vertex 35.17494201660156 41.16677474975586 4
      vertex 35.1464958190918 41.23139572143555 4
    endloop
  endfacet
  facet normal 0 0 1
    outer loop
      vertex 35.146419525146484 41.2315673828125 4
      vertex 20.842912673950195 41.16677474975586 4
      vertex 35.17494201660156 41.16677474975586 4
    endloop
  endfacet
  facet normal 0 0 1
    outer loop
      vertex 20.842912673950195 41.16677474975586 4
      vertex 35.146419525146484 41.2315673828125 4
      vertex 19.6593017578125 41.2315673828125 4
    endloop
  endfacet
  facet normal 0 0 1
    outer loop
      vertex 27.507884979248047 48.73912811279297 4
      vertex 25.058704376220703 50.312652587890625 4
      vertex 27.5 48.61379623413086 4
    endloop
  endfacet
  facet normal 0 0 1
    outer loop
      vertex 25.058704376220703 50.312652587890625 4
      vertex 27.507884979248047 48.73912811279297 4
      vertex 27.27718734741211 49.932029724121094 4
    endloop
  endfacet
  facet normal 0 0 1
    outer loop
      vertex 27.531417846679688 48.862483978271484 4
      vertex 27.27718734741211 49.932029724121094 4
      vertex 27.507884979248047 48.73912811279297 4
    endloop
  endfacet
  facet normal 0 0 1
    outer loop
      vertex 27.57022476196289 48.98191833496094 4
      vertex 27.27718734741211 49.932029724121094 4
      vertex 27.531417846679688 48.862483978271484 4
    endloop
  endfacet
  facet normal 0 0 1
    outer loop
      vertex 27.623693466186523 49.095550537109375 4
      vertex 27.27718734741211 49.932029724121094 4
      vertex 27.57022476196289 48.98191833496094 4
    endloop
  endfacet
  facet normal 0 0 1
    outer loop
      vertex 27.690982818603516 49.20158004760742 4
      vertex 27.27718734741211 49.932029724121094 4
      vertex 27.623693466186523 49.095550537109375 4
    endloop
  endfacet
  facet normal 0 0 1
    outer loop
      vertex 27.77103042602539 49.298343658447266 4
      vertex 27.27718734741211 49.932029724121094 4
      vertex 27.690982818603516 49.20158004760742 4
    endloop
  endfacet
  facet normal 0 0 1
    outer loop
      vertex 27.86257553100586 49.384307861328125 4
      vertex 27.27718734741211 49.932029724121094 4
      vertex 27.77103042602539 49.298343658447266 4
    endloop
  endfacet
  facet normal 0 0 1
    outer loop
      vertex 27.96417236328125 49.45812225341797 4
      vertex 27.27718734741211 49.932029724121094 4
      vertex 27.86257553100586 49.384307861328125 4
    endloop
  endfacet
  facet normal 0 0 1
    outer loop
      vertex 28.074222564697266 49.51862335205078 4
      vertex 27.27718734741211 49.932029724121094 4
      vertex 27.96417236328125 49.45812225341797 4
    endloop
  endfacet
  facet normal 0 0 1
    outer loop
      vertex 28.190982818603516 49.56485366821289 4
      vertex 27.27718734741211 49.932029724121094 4
      vertex 28.074222564697266 49.51862335205078 4
    endloop
  endfacet
  facet normal 0 0 1
    outer loop
      vertex 28.312618255615234 49.5960807800293 4
      vertex 27.27718734741211 49.932029724121094 4
      vertex 28.190982818603516 49.56485366821289 4
    endloop
  endfacet
  facet normal 0 0 1
    outer loop
      vertex 28.437210083007812 49.611820220947266 4
      vertex 27.27718734741211 49.932029724121094 4
      vertex 28.312618255615234 49.5960807800293 4
    endloop
  endfacet
  facet normal 0 0 1
    outer loop
      vertex 28.562789916992188 49.611820220947266 4
      vertex 27.27718734741211 49.932029724121094 4
      vertex 28.437210083007812 49.611820220947266 4
    endloop
  endfacet
  facet normal 0 0 1
    outer loop
      vertex 27.27718734741211 49.932029724121094 4
      vertex 28.562789916992188 49.611820220947266 4
      vertex 28.687381744384766 49.5960807800293 4
    endloop
  endfacet
  facet normal 0 0 1
    outer loop
      vertex 34.80180740356445 41.750732421875 4
      vertex 35.093231201171875 41.352394104003906 4
      vertex 35.08291244506836 41.375831604003906 4
    endloop
  endfacet
  facet normal 0 0 1
    outer loop
      vertex 35.093231201171875 41.352394104003906 4
      vertex 34.80180740356445 41.750732421875 4
      vertex 35.146419525146484 41.2315673828125 4
    endloop
  endfacet
  facet normal 0 0 1
    outer loop
      vertex 34.44255828857422 42.19708251953125 4
      vertex 34.80180740356445 41.750732421875 4
      vertex 34.53645324707031 42.1046257019043 4
    endloop
  endfacet
  facet normal 0 0 1
    outer loop
      vertex 34.44255828857422 42.19708251953125 4
      vertex 34.53645324707031 42.1046257019043 4
      vertex 34.52193832397461 42.123985290527344 4
    endloop
  endfacet
  facet normal 0 0 1
    outer loop
      vertex 34.112579345703125 42.500953674316406 4
      vertex 34.80180740356445 41.750732421875 4
      vertex 34.44255828857422 42.19708251953125 4
    endloop
  endfacet
  facet normal 0 0 1
    outer loop
      vertex 34.80180740356445 41.750732421875 4
      vertex 34.112579345703125 42.500953674316406 4
      vertex 35.146419525146484 41.2315673828125 4
    endloop
  endfacet
  facet normal 0 0 1
    outer loop
      vertex 34.04475402832031 42.56341552734375 4
      vertex 35.146419525146484 41.2315673828125 4
      vertex 34.112579345703125 42.500953674316406 4
    endloop
  endfacet
  facet normal 0 0 1
    outer loop
      vertex 33.51570129394531 43.00278091430664 4
      vertex 34.04475402832031 42.56341552734375 4
      vertex 33.77429962158203 42.812469482421875 4
    endloop
  endfacet
  facet normal 0 0 1
    outer loop
      vertex 33.51570129394531 43.00278091430664 4
      vertex 33.77429962158203 42.812469482421875 4
      vertex 33.71660232543945 42.865604400634766 4
    endloop
  endfacet
  facet normal 0 0 1
    outer loop
      vertex 33.469600677490234 43.03425979614258 4
      vertex 34.04475402832031 42.56341552734375 4
      vertex 33.51570129394531 43.00278091430664 4
    endloop
  endfacet
  facet normal 0 0 1
    outer loop
      vertex 33.281314849853516 43.16282653808594 4
      vertex 34.04475402832031 42.56341552734375 4
      vertex 33.469600677490234 43.03425979614258 4
    endloop
  endfacet
  facet normal 0 0 1
    outer loop
      vertex 34.04475402832031 42.56341552734375 4
      vertex 33.281314849853516 43.16282653808594 4
      vertex 35.146419525146484 41.2315673828125 4
    endloop
  endfacet
  facet normal 0 0 1
    outer loop
      vertex 33.186424255371094 43.227622985839844 4
      vertex 35.146419525146484 41.2315673828125 4
      vertex 33.281314849853516 43.16282653808594 4
    endloop
  endfacet
  facet normal 0 0 1
    outer loop
      vertex 32.639923095703125 43.60078430175781 4
      vertex 35.146419525146484 41.2315673828125 4
      vertex 33.186424255371094 43.227622985839844 4
    endloop
  endfacet
  facet normal 0 0 1
    outer loop
      vertex 31.331172943115234 44.28632354736328 4
      vertex 35.146419525146484 41.2315673828125 4
      vertex 32.639923095703125 43.60078430175781 4
    endloop
  endfacet
  facet normal 0 0 1
    outer loop
      vertex 19.6593017578125 41.2315673828125 4
      vertex 31.331172943115234 44.28632354736328 4
      vertex 29.831968307495117 44.89638900756836 4
    endloop
  endfacet
  facet normal 0 0 1
    outer loop
      vertex 19.6593017578125 41.2315673828125 4
      vertex 29.831968307495117 44.89638900756836 4
      vertex 28.190982818603516 45.413028717041016 4
    endloop
  endfacet
  facet normal 0 0 1
    outer loop
      vertex 19.6593017578125 41.2315673828125 4
      vertex 28.190982818603516 45.413028717041016 4
      vertex 28.074222564697266 45.459259033203125 4
    endloop
  endfacet
  facet normal 0 0 1
    outer loop
      vertex 19.6593017578125 41.2315673828125 4
      vertex 28.074222564697266 45.459259033203125 4
      vertex 27.96417236328125 45.51975631713867 4
    endloop
  endfacet
  facet normal 0 0 1
    outer loop
      vertex 27.5 48.61379623413086 4
      vertex 25.058704376220703 50.312652587890625 4
      vertex 27.5 46.36408615112305 4
    endloop
  endfacet
  facet normal 0 0 1
    outer loop
      vertex 24.934112548828125 50.328392028808594 4
      vertex 27.5 46.36408615112305 4
      vertex 25.058704376220703 50.312652587890625 4
    endloop
  endfacet
  facet normal 0 0 1
    outer loop
      vertex 22.623035430908203 50.58552551269531 4
      vertex 27.5 46.36408615112305 4
      vertex 24.934112548828125 50.328392028808594 4
    endloop
  endfacet
  facet normal 0 0 1
    outer loop
      vertex 27.5 46.36408615112305 4
      vertex 22.623035430908203 50.58552551269531 4
      vertex 27.507884979248047 46.23875045776367 4
    endloop
  endfacet
  facet normal 0 0 1
    outer loop
      vertex 19.6593017578125 41.2315673828125 4
      vertex 27.507884979248047 46.23875045776367 4
      vertex 22.623035430908203 50.58552551269531 4
    endloop
  endfacet
  facet normal 0 0 1
    outer loop
      vertex 27.507884979248047 46.23875045776367 4
      vertex 19.6593017578125 41.2315673828125 4
      vertex 27.531417846679688 46.115394592285156 4
    endloop
  endfacet
  facet normal 0 0 1
    outer loop
      vertex 27.531417846679688 46.115394592285156 4
      vertex 19.6593017578125 41.2315673828125 4
      vertex 27.57022476196289 45.9959602355957 4
    endloop
  endfacet
  facet normal 0 0 1
    outer loop
      vertex 27.57022476196289 45.9959602355957 4
      vertex 19.6593017578125 41.2315673828125 4
      vertex 27.623693466186523 45.88233184814453 4
    endloop
  endfacet
  facet normal 0 0 1
    outer loop
      vertex 27.623693466186523 45.88233184814453 4
      vertex 19.6593017578125 41.2315673828125 4
      vertex 27.690982818603516 45.77629852294922 4
    endloop
  endfacet
  facet normal 0 0 1
    outer loop
      vertex 19.6593017578125 41.2315673828125 4
      vertex 22.623035430908203 50.58552551269531 4
      vertex 20.255809783935547 50.715110778808594 4
    endloop
  endfacet
  facet normal 0 0 1
    outer loop
      vertex 27.690982818603516 45.77629852294922 4
      vertex 19.6593017578125 41.2315673828125 4
      vertex 27.77103042602539 45.67953872680664 4
    endloop
  endfacet
  facet normal 0 0 1
    outer loop
      vertex 27.77103042602539 45.67953872680664 4
      vertex 19.6593017578125 41.2315673828125 4
      vertex 27.86257553100586 45.593570709228516 4
    endloop
  endfacet
  facet normal 0 0 1
    outer loop
      vertex 31.331172943115234 44.28632354736328 4
      vertex 19.6593017578125 41.2315673828125 4
      vertex 35.146419525146484 41.2315673828125 4
    endloop
  endfacet
  facet normal 0 0 1
    outer loop
      vertex 27.86257553100586 45.593570709228516 4
      vertex 19.6593017578125 41.2315673828125 4
      vertex 27.96417236328125 45.51975631713867 4
    endloop
  endfacet
  facet normal 0 0 1
    outer loop
      vertex 20.255809783935547 50.715110778808594 4
      vertex 18.3406982421875 41.2315673828125 4
      vertex 19.6593017578125 41.2315673828125 4
    endloop
  endfacet
  facet normal 0 0 1
    outer loop
      vertex 17.744190216064453 50.715110778808594 4
      vertex 18.3406982421875 41.2315673828125 4
      vertex 20.255809783935547 50.715110778808594 4
    endloop
  endfacet
  facet normal 0 0 1
    outer loop
      vertex 15.376964569091797 50.58552551269531 4
      vertex 18.3406982421875 41.2315673828125 4
      vertex 17.744190216064453 50.715110778808594 4
    endloop
  endfacet
  facet normal 0 0 1
    outer loop
      vertex 10.5 46.36408615112305 4
      vertex 15.376964569091797 50.58552551269531 4
      vertex 13.065886497497559 50.328392028808594 4
    endloop
  endfacet
  facet normal 0 0 1
    outer loop
      vertex 10.5 46.36408615112305 4
      vertex 13.065886497497559 50.328392028808594 4
      vertex 12.941295623779297 50.312652587890625 4
    endloop
  endfacet
  facet normal 0 0 1
    outer loop
      vertex 10.492114067077637 48.73912811279297 4
      vertex 12.941295623779297 50.312652587890625 4
      vertex 10.72281265258789 49.932029724121094 4
    endloop
  endfacet
  facet normal 0 0 1
    outer loop
      vertex 10.5 46.36408615112305 4
      vertex 12.941295623779297 50.312652587890625 4
      vertex 10.5 48.61379623413086 4
    endloop
  endfacet
  facet normal 0 0 1
    outer loop
      vertex 15.376964569091797 50.58552551269531 4
      vertex 10.5 46.36408615112305 4
      vertex 10.492114067077637 46.23875427246094 4
    endloop
  endfacet
  facet normal 0 0 1
    outer loop
      vertex 15.376964569091797 50.58552551269531 4
      vertex 10.492114067077637 46.23875427246094 4
      vertex 18.3406982421875 41.2315673828125 4
    endloop
  endfacet
  facet normal 0 0 1
    outer loop
      vertex 10.468583106994629 46.115394592285156 4
      vertex 18.3406982421875 41.2315673828125 4
      vertex 10.492114067077637 46.23875427246094 4
    endloop
  endfacet
  facet normal 0 0 1
    outer loop
      vertex 10.429776191711426 45.9959602355957 4
      vertex 18.3406982421875 41.2315673828125 4
      vertex 10.468583106994629 46.115394592285156 4
    endloop
  endfacet
  facet normal 0 0 1
    outer loop
      vertex 10.376306533813477 45.88233184814453 4
      vertex 18.3406982421875 41.2315673828125 4
      vertex 10.429776191711426 45.9959602355957 4
    endloop
  endfacet
  facet normal 0 0 1
    outer loop
      vertex 10.309016227722168 45.776302337646484 4
      vertex 18.3406982421875 41.2315673828125 4
      vertex 10.376306533813477 45.88233184814453 4
    endloop
  endfacet
  facet normal 0 0 1
    outer loop
      vertex 10.228968620300293 45.67953872680664 4
      vertex 18.3406982421875 41.2315673828125 4
      vertex 10.309016227722168 45.776302337646484 4
    endloop
  endfacet
  facet normal 0 0 1
    outer loop
      vertex 10.137423515319824 45.59357452392578 4
      vertex 18.3406982421875 41.2315673828125 4
      vertex 10.228968620300293 45.67953872680664 4
    endloop
  endfacet
  facet normal 0 0 1
    outer loop
      vertex 10.035826683044434 45.51976013183594 4
      vertex 18.3406982421875 41.2315673828125 4
      vertex 10.137423515319824 45.59357452392578 4
    endloop
  endfacet
  facet normal 0 0 1
    outer loop
      vertex 9.92577838897705 45.459259033203125 4
      vertex 18.3406982421875 41.2315673828125 4
      vertex 10.035826683044434 45.51976013183594 4
    endloop
  endfacet
  facet normal 0 0 1
    outer loop
      vertex 9.809016227722168 45.413028717041016 4
      vertex 18.3406982421875 41.2315673828125 4
      vertex 9.92577838897705 45.459259033203125 4
    endloop
  endfacet
  facet normal 0 0 1
    outer loop
      vertex 8.168031692504883 44.89638900756836 4
      vertex 18.3406982421875 41.2315673828125 4
      vertex 9.809016227722168 45.413028717041016 4
    endloop
  endfacet
  facet normal 0 0 1
    outer loop
      vertex 6.668827056884766 44.28632354736328 4
      vertex 18.3406982421875 41.2315673828125 4
      vertex 8.168031692504883 44.89638900756836 4
    endloop
  endfacet
  facet normal 0 0 1
    outer loop
      vertex 2.853578567504883 41.2315673828125 4
      vertex 6.668827056884766 44.28632354736328 4
      vertex 5.360075950622559 43.60078430175781 4
    endloop
  endfacet
  facet normal 0 0 1
    outer loop
      vertex 2.853578567504883 41.2315673828125 4
      vertex 5.360075950622559 43.60078430175781 4
      vertex 4.81357479095459 43.227622985839844 4
    endloop
  endfacet
  facet normal 0 0 1
    outer loop
      vertex 2.853578567504883 41.2315673828125 4
      vertex 4.81357479095459 43.227622985839844 4
      vertex 4.718684196472168 43.16282653808594 4
    endloop
  endfacet
  facet normal 0 0 1
    outer loop
      vertex 3.955246686935425 42.56341552734375 4
      vertex 4.718684196472168 43.16282653808594 4
      vertex 4.530397415161133 43.03425979614258 4
    endloop
  endfacet
  facet normal 0 0 1
    outer loop
      vertex 3.955246686935425 42.56341552734375 4
      vertex 4.530397415161133 43.03425979614258 4
      vertex 4.4842963218688965 43.00278091430664 4
    endloop
  endfacet
  facet normal 0 0 1
    outer loop
      vertex 4.225699424743652 42.812469482421875 4
      vertex 4.4842963218688965 43.00278091430664 4
      vertex 4.283398151397705 42.865604400634766 4
    endloop
  endfacet
  facet normal 0 0 1
    outer loop
      vertex 3.955246686935425 42.56341552734375 4
      vertex 4.4842963218688965 43.00278091430664 4
      vertex 4.225699424743652 42.812469482421875 4
    endloop
  endfacet
  facet normal 0 0 1
    outer loop
      vertex 4.718684196472168 43.16282653808594 4
      vertex 3.955246686935425 42.56341552734375 4
      vertex 2.853578567504883 41.2315673828125 4
    endloop
  endfacet
  facet normal 0 0 1
    outer loop
      vertex 2.853578567504883 41.2315673828125 4
      vertex 3.955246686935425 42.56341552734375 4
      vertex 3.8874192237854004 42.500953674316406 4
    endloop
  endfacet
  facet normal 0 0 1
    outer loop
      vertex 3.1981899738311768 41.750732421875 4
      vertex 3.8874192237854004 42.500953674316406 4
      vertex 3.557441473007202 42.19708251953125 4
    endloop
  endfacet
  facet normal 0 0 1
    outer loop
      vertex 3.463545083999634 42.1046257019043 4
      vertex 3.557441473007202 42.19708251953125 4
      vertex 3.478062152862549 42.123985290527344 4
    endloop
  endfacet
  facet normal 0 0 1
    outer loop
      vertex 3.1981899738311768 41.750732421875 4
      vertex 3.557441473007202 42.19708251953125 4
      vertex 3.463545083999634 42.1046257019043 4
    endloop
  endfacet
  facet normal 0 0 1
    outer loop
      vertex 3.8874192237854004 42.500953674316406 4
      vertex 3.1981899738311768 41.750732421875 4
      vertex 2.853578567504883 41.2315673828125 4
    endloop
  endfacet
  facet normal 0 0 1
    outer loop
      vertex 2.9067680835723877 41.352394104003906 4
      vertex 3.1981899738311768 41.750732421875 4
      vertex 2.9170854091644287 41.375831604003906 4
    endloop
  endfacet
  facet normal 0 0 1
    outer loop
      vertex 2.853578567504883 41.2315673828125 4
      vertex 3.1981899738311768 41.750732421875 4
      vertex 2.9067680835723877 41.352394104003906 4
    endloop
  endfacet
  facet normal 0 0 1
    outer loop
      vertex 6.668827056884766 44.28632354736328 4
      vertex 2.853578567504883 41.2315673828125 4
      vertex 18.3406982421875 41.2315673828125 4
    endloop
  endfacet
  facet normal 0 0 1
    outer loop
      vertex 12.941295623779297 50.312652587890625 4
      vertex 10.492114067077637 48.73912811279297 4
      vertex 10.5 48.61379623413086 4
    endloop
  endfacet
  facet normal 0 0 1
    outer loop
      vertex 10.72281265258789 49.932029724121094 4
      vertex 10.468583106994629 48.862483978271484 4
      vertex 10.492114067077637 48.73912811279297 4
    endloop
  endfacet
  facet normal 0 0 1
    outer loop
      vertex 10.72281265258789 49.932029724121094 4
      vertex 10.429776191711426 48.98191833496094 4
      vertex 10.468583106994629 48.862483978271484 4
    endloop
  endfacet
  facet normal 0 0 1
    outer loop
      vertex 10.72281265258789 49.932029724121094 4
      vertex 10.376306533813477 49.095550537109375 4
      vertex 10.429776191711426 48.98191833496094 4
    endloop
  endfacet
  facet normal 0 0 1
    outer loop
      vertex 10.72281265258789 49.932029724121094 4
      vertex 10.309016227722168 49.20158004760742 4
      vertex 10.376306533813477 49.095550537109375 4
    endloop
  endfacet
  facet normal 0 0 1
    outer loop
      vertex 10.72281265258789 49.932029724121094 4
      vertex 10.228968620300293 49.298343658447266 4
      vertex 10.309016227722168 49.20158004760742 4
    endloop
  endfacet
  facet normal 0 0 1
    outer loop
      vertex 10.72281265258789 49.932029724121094 4
      vertex 10.137423515319824 49.384307861328125 4
      vertex 10.228968620300293 49.298343658447266 4
    endloop
  endfacet
  facet normal 0 0 1
    outer loop
      vertex 10.72281265258789 49.932029724121094 4
      vertex 10.035826683044434 49.45812225341797 4
      vertex 10.137423515319824 49.384307861328125 4
    endloop
  endfacet
  facet normal 0 0 1
    outer loop
      vertex 10.72281265258789 49.932029724121094 4
      vertex 9.92577838897705 49.51862335205078 4
      vertex 10.035826683044434 49.45812225341797 4
    endloop
  endfacet
  facet normal 0 0 1
    outer loop
      vertex 10.72281265258789 49.932029724121094 4
      vertex 9.809016227722168 49.56485366821289 4
      vertex 9.92577838897705 49.51862335205078 4
    endloop
  endfacet
  facet normal 0 0 1
    outer loop
      vertex 10.72281265258789 49.932029724121094 4
      vertex 9.68738079071045 49.5960807800293 4
      vertex 9.809016227722168 49.56485366821289 4
    endloop
  endfacet
  facet normal 0 0 1
    outer loop
      vertex 10.72281265258789 49.932029724121094 4
      vertex 9.562789916992188 49.611820220947266 4
      vertex 9.68738079071045 49.5960807800293 4
    endloop
  endfacet
  facet normal 0 0 1
    outer loop
      vertex 10.72281265258789 49.932029724121094 4
      vertex 9.437210083007812 49.611820220947266 4
      vertex 9.562789916992188 49.611820220947266 4
    endloop
  endfacet
  facet normal 0 0 1
    outer loop
      vertex 9.437210083007812 49.611820220947266 4
      vertex 10.72281265258789 49.932029724121094 4
      vertex 9.31261920928955 49.5960807800293 4
    endloop
  endfacet
  facet normal 0 0 1
    outer loop
      vertex 35.17494201660156 41.16677474975586 4
      vertex 21.998451232910156 41.0382080078125 4
      vertex 35.23154067993164 41.0382080078125 4
    endloop
  endfacet
  facet normal 0 0 1
    outer loop
      vertex 21.998451232910156 41.0382080078125 4
      vertex 35.17494201660156 41.16677474975586 4
      vertex 20.842912673950195 41.16677474975586 4
    endloop
  endfacet
  facet normal 0 0 1
    outer loop
      vertex 2.8250553607940674 41.16677474975586 4
      vertex 16.00154685974121 41.0382080078125 4
      vertex 17.157085418701172 41.16677474975586 4
    endloop
  endfacet
  facet normal 0 0 1
    outer loop
      vertex 16.00154685974121 41.0382080078125 4
      vertex 2.8250553607940674 41.16677474975586 4
      vertex 2.768458127975464 41.0382080078125 4
    endloop
  endfacet
  facet normal 0 0 1
    outer loop
      vertex 2.853578567504883 41.2315673828125 4
      vertex 17.157085418701172 41.16677474975586 4
      vertex 18.3406982421875 41.2315673828125 4
    endloop
  endfacet
  facet normal 0 0 1
    outer loop
      vertex 2.8535025119781494 41.23139572143555 4
      vertex 17.157085418701172 41.16677474975586 4
      vertex 2.853578567504883 41.2315673828125 4
    endloop
  endfacet
  facet normal 0 0 1
    outer loop
      vertex 17.157085418701172 41.16677474975586 4
      vertex 2.8535025119781494 41.23139572143555 4
      vertex 2.8250553607940674 41.16677474975586 4
    endloop
  endfacet
  facet normal 0 0 1
    outer loop
      vertex 2.5 38.79884719848633 4
      vertex 8.868680000305176 37.51689147949219 4
      vertex 2.5 38.88304901123047 4
    endloop
  endfacet
  facet normal 0 0 1
    outer loop
      vertex 2.5 38.88304901123047 4
      vertex 8.868680000305176 37.51689147949219 4
      vertex 2.5 39.11030578613281 4
    endloop
  endfacet
  facet normal 0 0 1
    outer loop
      vertex 8.922152519226074 37.63052749633789 4
      vertex 2.5 39.11030578613281 4
      vertex 8.868680000305176 37.51689147949219 4
    endloop
  endfacet
  facet normal 0 0 1
    outer loop
      vertex 2.5 39.11030578613281 4
      vertex 8.922152519226074 37.63052749633789 4
      vertex 2.5 39.23534393310547 4
    endloop
  endfacet
  facet normal 0 0 1
    outer loop
      vertex 2.5 39.23534393310547 4
      vertex 8.922152519226074 37.63052749633789 4
      vertex 2.5 39.32236862182617 4
    endloop
  endfacet
  facet normal 0 0 1
    outer loop
      vertex 2.5 39.32236862182617 4
      vertex 8.922152519226074 37.63052749633789 4
      vertex 2.5 39.35634231567383 4
    endloop
  endfacet
  facet normal 0 0 1
    outer loop
      vertex 8.989446640014648 37.73656463623047 4
      vertex 2.5 39.35634231567383 4
      vertex 8.922152519226074 37.63052749633789 4
    endloop
  endfacet
  facet normal 0 0 1
    outer loop
      vertex 2.5 39.35634231567383 4
      vertex 8.989446640014648 37.73656463623047 4
      vertex 2.768458127975464 41.0382080078125 4
    endloop
  endfacet
  facet normal 0 0 1
    outer loop
      vertex 9.358100891113281 38.22822570800781 4
      vertex 2.768458127975464 41.0382080078125 4
      vertex 8.989446640014648 37.73656463623047 4
    endloop
  endfacet
  facet normal 0 0 1
    outer loop
      vertex 9.438154220581055 38.32499313354492 4
      vertex 2.768458127975464 41.0382080078125 4
      vertex 9.358100891113281 38.22822570800781 4
    endloop
  endfacet
  facet normal 0 0 1
    outer loop
      vertex 9.529699325561523 38.41095733642578 4
      vertex 2.768458127975464 41.0382080078125 4
      vertex 9.438154220581055 38.32499313354492 4
    endloop
  endfacet
  facet normal 0 0 1
    outer loop
      vertex 10.037662506103516 38.87873077392578 4
      vertex 2.768458127975464 41.0382080078125 4
      vertex 9.529699325561523 38.41095733642578 4
    endloop
  endfacet
  facet normal 0 0 1
    outer loop
      vertex 10.139259338378906 38.952545166015625 4
      vertex 2.768458127975464 41.0382080078125 4
      vertex 10.037662506103516 38.87873077392578 4
    endloop
  endfacet
  facet normal 0 0 1
    outer loop
      vertex 10.778511047363281 39.38904571533203 4
      vertex 2.768458127975464 41.0382080078125 4
      vertex 10.139259338378906 38.952545166015625 4
    endloop
  endfacet
  facet normal 0 0 1
    outer loop
      vertex 10.888568878173828 39.449546813964844 4
      vertex 2.768458127975464 41.0382080078125 4
      vertex 10.778511047363281 39.38904571533203 4
    endloop
  endfacet
  facet normal 0 0 1
    outer loop
      vertex 11.649018287658691 39.847877502441406 4
      vertex 2.768458127975464 41.0382080078125 4
      vertex 10.888568878173828 39.449546813964844 4
    endloop
  endfacet
  facet normal 0 0 1
    outer loop
      vertex 12.518649101257324 40.20175552368164 4
      vertex 2.768458127975464 41.0382080078125 4
      vertex 11.649018287658691 39.847877502441406 4
    endloop
  endfacet
  facet normal 0 0 1
    outer loop
      vertex 12.635454177856445 40.24800109863281 4
      vertex 2.768458127975464 41.0382080078125 4
      vertex 12.518649101257324 40.20175552368164 4
    endloop
  endfacet
  facet normal 0 0 1
    outer loop
      vertex 13.600627899169922 40.55187225341797 4
      vertex 2.768458127975464 41.0382080078125 4
      vertex 12.635454177856445 40.24800109863281 4
    endloop
  endfacet
  facet normal 0 0 1
    outer loop
      vertex 13.722289085388184 40.58311080932617 4
      vertex 2.768458127975464 41.0382080078125 4
      vertex 13.600627899169922 40.55187225341797 4
    endloop
  endfacet
  facet normal 0 0 1
    outer loop
      vertex 14.767714500427246 40.832157135009766 4
      vertex 2.768458127975464 41.0382080078125 4
      vertex 13.722289085388184 40.58311080932617 4
    endloop
  endfacet
  facet normal 0 0 1
    outer loop
      vertex 15.87695598602295 41.02246856689453 4
      vertex 2.768458127975464 41.0382080078125 4
      vertex 14.767714500427246 40.832157135009766 4
    endloop
  endfacet
  facet normal 0 0 1
    outer loop
      vertex 2.768458127975464 41.0382080078125 4
      vertex 15.87695598602295 41.02246856689453 4
      vertex 16.00154685974121 41.0382080078125 4
    endloop
  endfacet
  facet normal 0 0 1
    outer loop
      vertex 2.5 35.126976013183594 4
      vertex 8.5 36.125 4
      vertex 2.5 35.37763977050781 4
    endloop
  endfacet
  facet normal 0 0 1
    outer loop
      vertex 2.5394980907440186 40.20103454589844 4
      vertex 2.768458127975464 41.0382080078125 4
      vertex 2.754600763320923 41.00672912597656 4
    endloop
  endfacet
  facet normal 0 0 1
    outer loop
      vertex 2.583616018295288 40.50490188598633 4
      vertex 2.754600763320923 41.00672912597656 4
      vertex 2.6708223819732666 40.8164176940918 4
    endloop
  endfacet
  facet normal 0 0 1
    outer loop
      vertex 2.583616018295288 40.50490188598633 4
      vertex 2.6708223819732666 40.8164176940918 4
      vertex 2.6613495349884033 40.794898986816406 4
    endloop
  endfacet
  facet normal 0 0 1
    outer loop
      vertex 2.604285955429077 40.64727020263672 4
      vertex 2.6613495349884033 40.794898986816406 4
      vertex 2.6081860065460205 40.67413330078125 4
    endloop
  endfacet
  facet normal 0 0 1
    outer loop
      vertex 2.592684507369995 40.56736373901367 4
      vertex 2.6613495349884033 40.794898986816406 4
      vertex 2.604285955429077 40.64727020263672 4
    endloop
  endfacet
  facet normal 0 0 1
    outer loop
      vertex 2.583616018295288 40.50490188598633 4
      vertex 2.6613495349884033 40.794898986816406 4
      vertex 2.592684507369995 40.56736373901367 4
    endloop
  endfacet
  facet normal 0 0 1
    outer loop
      vertex 2.754600763320923 41.00672912597656 4
      vertex 2.583616018295288 40.50490188598633 4
      vertex 2.5394980907440186 40.20103454589844 4
    endloop
  endfacet
  facet normal 0 0 1
    outer loop
      vertex 2.768458127975464 41.0382080078125 4
      vertex 2.5394980907440186 40.20103454589844 4
      vertex 2.5 39.754676818847656 4
    endloop
  endfacet
  facet normal 0 0 1
    outer loop
      vertex 2.5 39.754676818847656 4
      vertex 2.5394980907440186 40.20103454589844 4
      vertex 2.5363714694976807 40.17949676513672 4
    endloop
  endfacet
  facet normal 0 0 1
    outer loop
      vertex 2.5 39.754676818847656 4
      vertex 2.5363714694976807 40.17949676513672 4
      vertex 2.526074171066284 40.10857391357422 4
    endloop
  endfacet
  facet normal 0 0 1
    outer loop
      vertex 2.5 39.81404113769531 4
      vertex 2.526074171066284 40.10857391357422 4
      vertex 2.511409044265747 40.007564544677734 4
    endloop
  endfacet
  facet normal 0 0 1
    outer loop
      vertex 2.5 39.81404113769531 4
      vertex 2.511409044265747 40.007564544677734 4
      vertex 2.5 39.92898178100586 4
    endloop
  endfacet
  facet normal 0 0 1
    outer loop
      vertex 2.526074171066284 40.10857391357422 4
      vertex 2.5 39.81404113769531 4
      vertex 2.5 39.754676818847656 4
    endloop
  endfacet
  facet normal 0 0 1
    outer loop
      vertex 2.768458127975464 41.0382080078125 4
      vertex 2.5 39.754676818847656 4
      vertex 2.5 39.35634231567383 4
    endloop
  endfacet
  facet normal 0 0 1
    outer loop
      vertex 2.5 38.65121841430664 4
      vertex 8.868680000305176 37.51689147949219 4
      vertex 2.5 38.79884719848633 4
    endloop
  endfacet
  facet normal 0 0 1
    outer loop
      vertex 8.868680000305176 37.51689147949219 4
      vertex 2.5 38.65121841430664 4
      vertex 8.645134925842285 37.00908279418945 4
    endloop
  endfacet
  facet normal 0 0 1
    outer loop
      vertex 2.5 38.37522888183594 4
      vertex 8.645134925842285 37.00908279418945 4
      vertex 2.5 38.65121841430664 4
    endloop
  endfacet
  facet normal 0 0 1
    outer loop
      vertex 2.5 38.18344497680664 4
      vertex 8.645134925842285 37.00908279418945 4
      vertex 2.5 38.37522888183594 4
    endloop
  endfacet
  facet normal 0 0 1
    outer loop
      vertex 2.5 38.13636016845703 4
      vertex 8.645134925842285 37.00908279418945 4
      vertex 2.5 38.18344497680664 4
    endloop
  endfacet
  facet normal 0 0 1
    outer loop
      vertex 2.5 38.011512756347656 4
      vertex 8.645134925842285 37.00908279418945 4
      vertex 2.5 38.13636016845703 4
    endloop
  endfacet
  facet normal 0 0 1
    outer loop
      vertex 8.645134925842285 37.00908279418945 4
      vertex 2.5 38.011512756347656 4
      vertex 8.606327056884766 36.889644622802734 4
    endloop
  endfacet
  facet normal 0 0 1
    outer loop
      vertex 2.5 37.8896484375 4
      vertex 8.606327056884766 36.889644622802734 4
      vertex 2.5 38.011512756347656 4
    endloop
  endfacet
  facet normal 0 0 1
    outer loop
      vertex 2.5 37.817989349365234 4
      vertex 8.606327056884766 36.889644622802734 4
      vertex 2.5 37.8896484375 4
    endloop
  endfacet
  facet normal 0 0 1
    outer loop
      vertex 2.5 37.37369155883789 4
      vertex 8.606327056884766 36.889644622802734 4
      vertex 2.5 37.817989349365234 4
    endloop
  endfacet
  facet normal 0 0 1
    outer loop
      vertex 8.606327056884766 36.889644622802734 4
      vertex 2.5 37.37369155883789 4
      vertex 8.582793235778809 36.76627731323242 4
    endloop
  endfacet
  facet normal 0 0 1
    outer loop
      vertex 2.5 37.326316833496094 4
      vertex 8.582793235778809 36.76627731323242 4
      vertex 2.5 37.37369155883789 4
    endloop
  endfacet
  facet normal 0 0 1
    outer loop
      vertex 2.5 37.123023986816406 4
      vertex 8.582793235778809 36.76627731323242 4
      vertex 2.5 37.326316833496094 4
    endloop
  endfacet
  facet normal 0 0 1
    outer loop
      vertex 2.5 37.114253997802734 4
      vertex 8.582793235778809 36.76627731323242 4
      vertex 2.5 37.123023986816406 4
    endloop
  endfacet
  facet normal 0 0 1
    outer loop
      vertex 2.5 36.88699722290039 4
      vertex 8.582793235778809 36.76627731323242 4
      vertex 2.5 37.114253997802734 4
    endloop
  endfacet
  facet normal 0 0 1
    outer loop
      vertex 8.582793235778809 36.76627731323242 4
      vertex 2.5 36.88699722290039 4
      vertex 8.507885932922363 36.25033950805664 4
    endloop
  endfacet
  facet normal 0 0 1
    outer loop
      vertex 2.5 36.37917709350586 4
      vertex 8.507885932922363 36.25033950805664 4
      vertex 2.5 36.88699722290039 4
    endloop
  endfacet
  facet normal 0 0 1
    outer loop
      vertex 8.507885932922363 36.25033950805664 4
      vertex 2.5 36.37917709350586 4
      vertex 8.5 36.125 4
    endloop
  endfacet
  facet normal 0 0 1
    outer loop
      vertex 8.5 36.125 4
      vertex 2.5 36.37917709350586 4
      vertex 2.5 36.14030838012695 4
    endloop
  endfacet
  facet normal 0 0 1
    outer loop
      vertex 8.5 36.125 4
      vertex 2.5 36.14030838012695 4
      vertex 2.5 35.893592834472656 4
    endloop
  endfacet
  facet normal 0 0 1
    outer loop
      vertex 8.5 36.125 4
      vertex 2.5 35.893592834472656 4
      vertex 2.5 35.37763977050781 4
    endloop
  endfacet
  facet normal 0 0 1
    outer loop
      vertex 2.5 31.125 4
      vertex 8.5 36.125 4
      vertex 2.5 35.126976013183594 4
    endloop
  endfacet
  facet normal 0 0 1
    outer loop
      vertex 2.4921140670776367 30.99966812133789 4
      vertex 8.5 36.125 4
      vertex 2.5 31.125 4
    endloop
  endfacet
  facet normal 0 0 1
    outer loop
      vertex 2.468583106994629 30.876310348510742 4
      vertex 8.5 36.125 4
      vertex 2.4921140670776367 30.99966812133789 4
    endloop
  endfacet
  facet normal 0 0 1
    outer loop
      vertex 2.429776191711426 30.75687599182129 4
      vertex 8.5 36.125 4
      vertex 2.468583106994629 30.876310348510742 4
    endloop
  endfacet
  facet normal 0 0 1
    outer loop
      vertex 2.3763065338134766 30.643245697021484 4
      vertex 8.5 36.125 4
      vertex 2.429776191711426 30.75687599182129 4
    endloop
  endfacet
  facet normal 0 0 1
    outer loop
      vertex 2.5 5.875646591186523 4
      vertex 8.5 5.375 4
      vertex 2.5 6.1223602294921875 4
    endloop
  endfacet
  facet normal 0 0 1
    outer loop
      vertex 2.5 5.636776924133301 4
      vertex 8.5 5.375 4
      vertex 2.5 5.875646591186523 4
    endloop
  endfacet
  facet normal 0 0 1
    outer loop
      vertex 2.5 5.409519195556641 4
      vertex 8.5 5.375 4
      vertex 2.5 5.636776924133301 4
    endloop
  endfacet
  facet normal 0 0 1
    outer loop
      vertex 2.5 5.197455406188965 4
      vertex 8.5 5.375 4
      vertex 2.5 5.409519195556641 4
    endloop
  endfacet
  facet normal 0 0 1
    outer loop
      vertex 8.5 5.375 4
      vertex 2.5 5.197455406188965 4
      vertex 8.507884979248047 5.249667167663574 4
    endloop
  endfacet
  facet normal 0 0 1
    outer loop
      vertex 2.5 5.003931999206543 4
      vertex 8.507884979248047 5.249667167663574 4
      vertex 2.5 5.197455406188965 4
    endloop
  endfacet
  facet normal 0 0 1
    outer loop
      vertex 2.5 4.831999778747559 4
      vertex 8.507884979248047 5.249667167663574 4
      vertex 2.5 5.003931999206543 4
    endloop
  endfacet
  facet normal 0 0 1
    outer loop
      vertex 2.5 4.684370994567871 4
      vertex 8.507884979248047 5.249667167663574 4
      vertex 2.5 4.831999778747559 4
    endloop
  endfacet
  facet normal 0 0 1
    outer loop
      vertex 8.507884979248047 5.249667167663574 4
      vertex 2.5 4.684370994567871 4
      vertex 8.531416893005371 5.126310348510742 4
    endloop
  endfacet
  facet normal 0 0 1
    outer loop
      vertex 2.5 4.563372611999512 4
      vertex 8.531416893005371 5.126310348510742 4
      vertex 2.5 4.684370994567871 4
    endloop
  endfacet
  facet normal 0 0 1
    outer loop
      vertex 2.5 4.470912933349609 4
      vertex 8.531416893005371 5.126310348510742 4
      vertex 2.5 4.563372611999512 4
    endloop
  endfacet
  facet normal 0 0 1
    outer loop
      vertex 2.5 4.408452033996582 4
      vertex 8.531416893005371 5.126310348510742 4
      vertex 2.5 4.470912933349609 4
    endloop
  endfacet
  facet normal 0 0 1
    outer loop
      vertex 2.5 4.376974105834961 4
      vertex 8.531416893005371 5.126310348510742 4
      vertex 2.5 4.408452033996582 4
    endloop
  endfacet
  facet normal 0 0 1
    outer loop
      vertex 2.5 4.3769731521606445 4
      vertex 8.531416893005371 5.126310348510742 4
      vertex 2.5 4.376974105834961 4
    endloop
  endfacet
  facet normal 0 0 1
    outer loop
      vertex 8.531416893005371 5.126310348510742 4
      vertex 2.5 4.3769731521606445 4
      vertex 8.570223808288574 5.006875514984131 4
    endloop
  endfacet
  facet normal 0 0 1
    outer loop
      vertex 8.570223808288574 5.006875514984131 4
      vertex 2.5 4.3769731521606445 4
      vertex 8.623693466186523 4.893246650695801 4
    endloop
  endfacet
  facet normal 0 0 1
    outer loop
      vertex 8.623693466186523 4.893246650695801 4
      vertex 2.5 4.3769731521606445 4
      vertex 8.690984725952148 4.78721284866333 4
    endloop
  endfacet
  facet normal 0 0 1
    outer loop
      vertex 8.690984725952148 4.78721284866333 4
      vertex 2.5 4.3769731521606445 4
      vertex 8.771031379699707 4.690452575683594 4
    endloop
  endfacet
  facet normal 0 0 1
    outer loop
      vertex 8.771031379699707 4.690452575683594 4
      vertex 2.5 4.3769731521606445 4
      vertex 8.862576484680176 4.604486465454102 4
    endloop
  endfacet
  facet normal 0 0 1
    outer loop
      vertex 8.862576484680176 4.604486465454102 4
      vertex 2.5 4.3769731521606445 4
      vertex 8.964173316955566 4.530672073364258 4
    endloop
  endfacet
  facet normal 0 0 1
    outer loop
      vertex 8.964173316955566 4.530672073364258 4
      vertex 2.5 4.3769731521606445 4
      vertex 9.074219703674316 4.4701738357543945 4
    endloop
  endfacet
  facet normal 0 0 1
    outer loop
      vertex 9.074219703674316 4.4701738357543945 4
      vertex 2.5 4.3769731521606445 4
      vertex 9.190982818603516 4.423943519592285 4
    endloop
  endfacet
  facet normal 0 0 1
    outer loop
      vertex 9.190982818603516 4.423943519592285 4
      vertex 2.5 4.3769731521606445 4
      vertex 9.3126220703125 4.392712116241455 4
    endloop
  endfacet
  facet normal 0 0 1
    outer loop
      vertex 9.3126220703125 4.392712116241455 4
      vertex 2.5 4.3769731521606445 4
      vertex 9.437209129333496 4.3769731521606445 4
    endloop
  endfacet
  facet normal 0 0 1
    outer loop
      vertex 2.309016227722168 30.537216186523438 4
      vertex 8.5 36.125 4
      vertex 2.3763065338134766 30.643245697021484 4
    endloop
  endfacet
  facet normal 0 0 1
    outer loop
      vertex 2.5 6.1223602294921875 4
      vertex 8.5 5.375 4
      vertex 2.5 6.373025894165039 4
    endloop
  endfacet
  facet normal 0 0 1
    outer loop
      vertex 8.5 36.125 4
      vertex 2.309016227722168 30.537216186523438 4
      vertex 8.5 5.375 4
    endloop
  endfacet
  facet normal 0 0 1
    outer loop
      vertex 2.5 6.373025894165039 4
      vertex 8.5 5.375 4
      vertex 2.5 10.375 4
    endloop
  endfacet
  facet normal 0 0 1
    outer loop
      vertex 2.309016227722168 10.962784767150879 4
      vertex 8.5 5.375 4
      vertex 2.309016227722168 30.537216186523438 4
    endloop
  endfacet
  facet normal 0 0 1
    outer loop
      vertex 2.5 10.375 4
      vertex 8.5 5.375 4
      vertex 2.4921140670776367 10.500332832336426 4
    endloop
  endfacet
  facet normal 0 0 1
    outer loop
      vertex 2.3763065338134766 10.8567533493042 4
      vertex 8.5 5.375 4
      vertex 2.309016227722168 10.962784767150879 4
    endloop
  endfacet
  facet normal 0 0 1
    outer loop
      vertex 2.4921140670776367 10.500332832336426 4
      vertex 8.5 5.375 4
      vertex 2.468583106994629 10.623689651489258 4
    endloop
  endfacet
  facet normal 0 0 1
    outer loop
      vertex 2.429776191711426 10.743124008178711 4
      vertex 8.5 5.375 4
      vertex 2.3763065338134766 10.8567533493042 4
    endloop
  endfacet
  facet normal 0 0 1
    outer loop
      vertex 2.468583106994629 10.623689651489258 4
      vertex 8.5 5.375 4
      vertex 2.429776191711426 10.743124008178711 4
    endloop
  endfacet
  facet normal 0 0 1
    outer loop
      vertex 2.228968620300293 30.440452575683594 4
      vertex 2.309016227722168 10.962784767150879 4
      vertex 2.309016227722168 30.537216186523438 4
    endloop
  endfacet
  facet normal 0 0 1
    outer loop
      vertex 2.228968620300293 30.440452575683594 4
      vertex 2.228968620300293 11.05954647064209 4
      vertex 2.309016227722168 10.962784767150879 4
    endloop
  endfacet
  facet normal 0 0 1
    outer loop
      vertex 2.137423515319824 30.354488372802734 4
      vertex 2.228968620300293 11.05954647064209 4
      vertex 2.228968620300293 30.440452575683594 4
    endloop
  endfacet
  facet normal 0 0 1
    outer loop
      vertex 2.137423515319824 30.354488372802734 4
      vertex 2.137423515319824 11.145512580871582 4
      vertex 2.228968620300293 11.05954647064209 4
    endloop
  endfacet
  facet normal 0 0 1
    outer loop
      vertex 2.0358266830444336 30.28067398071289 4
      vertex 2.137423515319824 11.145512580871582 4
      vertex 2.137423515319824 30.354488372802734 4
    endloop
  endfacet
  facet normal 0 0 1
    outer loop
      vertex 2.0358266830444336 30.28067398071289 4
      vertex 2.0358266830444336 11.219326972961426 4
      vertex 2.137423515319824 11.145512580871582 4
    endloop
  endfacet
  facet normal 0 0 1
    outer loop
      vertex 1.9257783889770508 30.220172882080078 4
      vertex 2.0358266830444336 11.219326972961426 4
      vertex 2.0358266830444336 30.28067398071289 4
    endloop
  endfacet
  facet normal 0 0 1
    outer loop
      vertex 1.9257783889770508 30.220172882080078 4
      vertex 1.9257783889770508 11.279826164245605 4
      vertex 2.0358266830444336 11.219326972961426 4
    endloop
  endfacet
  facet normal 0 0 1
    outer loop
      vertex 1.809016227722168 30.17394256591797 4
      vertex 1.9257783889770508 11.279826164245605 4
      vertex 1.9257783889770508 30.220172882080078 4
    endloop
  endfacet
  facet normal 0 0 1
    outer loop
      vertex 1.809016227722168 30.17394256591797 4
      vertex 1.809016227722168 11.326056480407715 4
      vertex 1.9257783889770508 11.279826164245605 4
    endloop
  endfacet
  facet normal 0 0 1
    outer loop
      vertex 1.6873807907104492 30.14271354675293 4
      vertex 1.809016227722168 11.326056480407715 4
      vertex 1.809016227722168 30.17394256591797 4
    endloop
  endfacet
  facet normal 0 0 1
    outer loop
      vertex 1.6873807907104492 30.14271354675293 4
      vertex 1.6873807907104492 11.35728645324707 4
      vertex 1.809016227722168 11.326056480407715 4
    endloop
  endfacet
  facet normal 0 0 1
    outer loop
      vertex 1.5627899169921875 30.12697410583496 4
      vertex 1.6873807907104492 11.35728645324707 4
      vertex 1.6873807907104492 30.14271354675293 4
    endloop
  endfacet
  facet normal 0 0 1
    outer loop
      vertex 1.5627899169921875 30.12697410583496 4
      vertex 1.5627899169921875 11.373025894165039 4
      vertex 1.6873807907104492 11.35728645324707 4
    endloop
  endfacet
  facet normal 0 0 1
    outer loop
      vertex -0.0627899169921875 30.12697410583496 4
      vertex 1.5627899169921875 11.373025894165039 4
      vertex 1.5627899169921875 30.12697410583496 4
    endloop
  endfacet
  facet normal 0 0 1
    outer loop
      vertex -0.0627899169921875 30.12697410583496 4
      vertex -0.0627899169921875 11.373025894165039 4
      vertex 1.5627899169921875 11.373025894165039 4
    endloop
  endfacet
  facet normal 0 0 1
    outer loop
      vertex -0.18738079071044922 30.14271354675293 4
      vertex -0.0627899169921875 11.373025894165039 4
      vertex -0.0627899169921875 30.12697410583496 4
    endloop
  endfacet
  facet normal 0 0 1
    outer loop
      vertex -0.18738079071044922 30.14271354675293 4
      vertex -0.18738079071044922 11.35728645324707 4
      vertex -0.0627899169921875 11.373025894165039 4
    endloop
  endfacet
  facet normal 0 0 1
    outer loop
      vertex -0.30901622772216797 30.17394256591797 4
      vertex -0.18738079071044922 11.35728645324707 4
      vertex -0.18738079071044922 30.14271354675293 4
    endloop
  endfacet
  facet normal 0 0 1
    outer loop
      vertex -0.30901622772216797 30.17394256591797 4
      vertex -0.30901622772216797 11.326056480407715 4
      vertex -0.18738079071044922 11.35728645324707 4
    endloop
  endfacet
  facet normal 0 0 1
    outer loop
      vertex -0.4257783889770508 30.220172882080078 4
      vertex -0.30901622772216797 11.326056480407715 4
      vertex -0.30901622772216797 30.17394256591797 4
    endloop
  endfacet
  facet normal 0 0 1
    outer loop
      vertex -0.4257783889770508 30.220172882080078 4
      vertex -0.4257783889770508 11.279826164245605 4
      vertex -0.30901622772216797 11.326056480407715 4
    endloop
  endfacet
  facet normal 0 0 1
    outer loop
      vertex -0.5358266830444336 30.28067398071289 4
      vertex -0.4257783889770508 11.279826164245605 4
      vertex -0.4257783889770508 30.220172882080078 4
    endloop
  endfacet
  facet normal 0 0 1
    outer loop
      vertex -0.5358266830444336 30.28067398071289 4
      vertex -0.5358266830444336 11.219326972961426 4
      vertex -0.4257783889770508 11.279826164245605 4
    endloop
  endfacet
  facet normal 0 0 1
    outer loop
      vertex -0.6374235153198242 30.354488372802734 4
      vertex -0.5358266830444336 11.219326972961426 4
      vertex -0.5358266830444336 30.28067398071289 4
    endloop
  endfacet
  facet normal 0 0 1
    outer loop
      vertex -0.6374235153198242 30.354488372802734 4
      vertex -0.6374235153198242 11.145512580871582 4
      vertex -0.5358266830444336 11.219326972961426 4
    endloop
  endfacet
  facet normal 0 0 1
    outer loop
      vertex -0.728968620300293 30.440452575683594 4
      vertex -0.6374235153198242 11.145512580871582 4
      vertex -0.6374235153198242 30.354488372802734 4
    endloop
  endfacet
  facet normal 0 0 1
    outer loop
      vertex -0.728968620300293 30.440452575683594 4
      vertex -0.728968620300293 11.05954647064209 4
      vertex -0.6374235153198242 11.145512580871582 4
    endloop
  endfacet
  facet normal 0 0 1
    outer loop
      vertex -0.809016227722168 30.537216186523438 4
      vertex -0.728968620300293 11.05954647064209 4
      vertex -0.728968620300293 30.440452575683594 4
    endloop
  endfacet
  facet normal 0 0 1
    outer loop
      vertex -0.809016227722168 30.537216186523438 4
      vertex -0.809016227722168 10.962784767150879 4
      vertex -0.728968620300293 11.05954647064209 4
    endloop
  endfacet
  facet normal 0 0 1
    outer loop
      vertex -0.8763065338134766 30.643245697021484 4
      vertex -0.809016227722168 10.962784767150879 4
      vertex -0.809016227722168 30.537216186523438 4
    endloop
  endfacet
  facet normal 0 0 1
    outer loop
      vertex -0.8763065338134766 30.643245697021484 4
      vertex -0.8763065338134766 10.8567533493042 4
      vertex -0.809016227722168 10.962784767150879 4
    endloop
  endfacet
  facet normal 0 0 1
    outer loop
      vertex -0.9297761917114258 30.75687599182129 4
      vertex -0.8763065338134766 10.8567533493042 4
      vertex -0.8763065338134766 30.643245697021484 4
    endloop
  endfacet
  facet normal 0 0 1
    outer loop
      vertex -0.9297761917114258 30.75687599182129 4
      vertex -0.9297761917114258 10.743124008178711 4
      vertex -0.8763065338134766 10.8567533493042 4
    endloop
  endfacet
  facet normal 0 0 1
    outer loop
      vertex -0.9685831069946289 30.876310348510742 4
      vertex -0.9297761917114258 10.743124008178711 4
      vertex -0.9297761917114258 30.75687599182129 4
    endloop
  endfacet
  facet normal 0 0 1
    outer loop
      vertex -0.9685831069946289 30.876310348510742 4
      vertex -0.9685831069946289 10.623689651489258 4
      vertex -0.9297761917114258 10.743124008178711 4
    endloop
  endfacet
  facet normal 0 0 1
    outer loop
      vertex -0.9921140670776367 30.99966812133789 4
      vertex -0.9685831069946289 10.623689651489258 4
      vertex -0.9685831069946289 30.876310348510742 4
    endloop
  endfacet
  facet normal 0 0 1
    outer loop
      vertex -0.9921140670776367 30.99966812133789 4
      vertex -0.9921140670776367 10.500332832336426 4
      vertex -0.9685831069946289 10.623689651489258 4
    endloop
  endfacet
  facet normal 0 0 1
    outer loop
      vertex -1 31.125 4
      vertex -0.9921140670776367 10.500332832336426 4
      vertex -0.9921140670776367 30.99966812133789 4
    endloop
  endfacet
  facet normal 0 0 1
    outer loop
      vertex -0.9921140670776367 10.500332832336426 4
      vertex -1 31.125 4
      vertex -1 10.375 4
    endloop
  endfacet
  facet normal 0 0 1
    outer loop
      vertex 28.562789916992188 4.3769731521606445 4
      vertex 35.5 2.498025894165039 4
      vertex 35.5 4.3769731521606445 4
    endloop
  endfacet
  facet normal 0 0 1
    outer loop
      vertex 28.562789916992188 4.3769731521606445 4
      vertex 28.437210083007812 2.498025894165039 4
      vertex 35.5 2.498025894165039 4
    endloop
  endfacet
  facet normal 0 0 1
    outer loop
      vertex 28.562789916992188 4.3769731521606445 4
      vertex 28.312618255615234 2.4822864532470703 4
      vertex 28.437210083007812 2.498025894165039 4
    endloop
  endfacet
  facet normal 0 0 1
    outer loop
      vertex 28.562789916992188 4.3769731521606445 4
      vertex 28.190982818603516 2.451056480407715 4
      vertex 28.312618255615234 2.4822864532470703 4
    endloop
  endfacet
  facet normal 0 0 1
    outer loop
      vertex 28.562789916992188 4.3769731521606445 4
      vertex 28.074222564697266 2.4048261642456055 4
      vertex 28.190982818603516 2.451056480407715 4
    endloop
  endfacet
  facet normal 0 0 1
    outer loop
      vertex 28.562789916992188 4.3769731521606445 4
      vertex 27.96417236328125 2.344326972961426 4
      vertex 28.074222564697266 2.4048261642456055 4
    endloop
  endfacet
  facet normal 0 0 1
    outer loop
      vertex 28.562789916992188 4.3769731521606445 4
      vertex 27.86257553100586 2.270512580871582 4
      vertex 27.96417236328125 2.344326972961426 4
    endloop
  endfacet
  facet normal 0 0 1
    outer loop
      vertex 28.562789916992188 4.3769731521606445 4
      vertex 27.77103042602539 2.18454647064209 4
      vertex 27.86257553100586 2.270512580871582 4
    endloop
  endfacet
  facet normal 0 0 1
    outer loop
      vertex 28.562789916992188 4.3769731521606445 4
      vertex 27.690982818603516 2.087784767150879 4
      vertex 27.77103042602539 2.18454647064209 4
    endloop
  endfacet
  facet normal 0 0 1
    outer loop
      vertex 28.562789916992188 4.3769731521606445 4
      vertex 27.623693466186523 1.9817533493041992 4
      vertex 27.690982818603516 2.087784767150879 4
    endloop
  endfacet
  facet normal 0 0 1
    outer loop
      vertex 10.376306533813477 1.9817533493041992 4
      vertex 27.623693466186523 1.9817533493041992 4
      vertex 28.562789916992188 4.3769731521606445 4
    endloop
  endfacet
  facet normal 0 0 1
    outer loop
      vertex 27.5 1.5 4
      vertex 10.5 1.5 4
      vertex 27.5 0 4
    endloop
  endfacet
  facet normal 0 0 1
    outer loop
      vertex 27.507884979248047 1.6253328323364258 4
      vertex 10.5 1.5 4
      vertex 27.5 1.5 4
    endloop
  endfacet
  facet normal 0 0 1
    outer loop
      vertex 10.492114067077637 1.6253328323364258 4
      vertex 27.507884979248047 1.6253328323364258 4
      vertex 27.531417846679688 1.7486896514892578 4
    endloop
  endfacet
  facet normal 0 0 1
    outer loop
      vertex 10.468583106994629 1.7486896514892578 4
      vertex 27.531417846679688 1.7486896514892578 4
      vertex 27.57022476196289 1.868124008178711 4
    endloop
  endfacet
  facet normal 0 0 1
    outer loop
      vertex 27.623693466186523 1.9817533493041992 4
      vertex 10.376306533813477 1.9817533493041992 4
      vertex 27.57022476196289 1.868124008178711 4
    endloop
  endfacet
  facet normal 0 0 1
    outer loop
      vertex 27.507884979248047 1.6253328323364258 4
      vertex 10.492114067077637 1.6253328323364258 4
      vertex 10.5 1.5 4
    endloop
  endfacet
  facet normal 0 0 1
    outer loop
      vertex 27.531417846679688 1.7486896514892578 4
      vertex 10.468583106994629 1.7486896514892578 4
      vertex 10.492114067077637 1.6253328323364258 4
    endloop
  endfacet
  facet normal 0 0 1
    outer loop
      vertex 27.57022476196289 1.868124008178711 4
      vertex 10.429776191711426 1.868124008178711 4
      vertex 10.468583106994629 1.7486896514892578 4
    endloop
  endfacet
  facet normal 0 0 1
    outer loop
      vertex 27.57022476196289 1.868124008178711 4
      vertex 10.376306533813477 1.9817533493041992 4
      vertex 10.429776191711426 1.868124008178711 4
    endloop
  endfacet
  facet normal 0 0 1
    outer loop
      vertex 9.437209129333496 4.3769731521606445 4
      vertex 10.376306533813477 1.9817533493041992 4
      vertex 28.562789916992188 4.3769731521606445 4
    endloop
  endfacet
  facet normal 0 0 1
    outer loop
      vertex 10.376306533813477 1.9817533493041992 4
      vertex 9.437209129333496 4.3769731521606445 4
      vertex 10.309016227722168 2.087784767150879 4
    endloop
  endfacet
  facet normal 0 0 1
    outer loop
      vertex 10.309016227722168 2.087784767150879 4
      vertex 9.437209129333496 4.3769731521606445 4
      vertex 10.228968620300293 2.18454647064209 4
    endloop
  endfacet
  facet normal 0 0 1
    outer loop
      vertex 10.228968620300293 2.18454647064209 4
      vertex 9.437209129333496 4.3769731521606445 4
      vertex 10.137423515319824 2.270512580871582 4
    endloop
  endfacet
  facet normal 0 0 1
    outer loop
      vertex 10.137423515319824 2.270512580871582 4
      vertex 9.437209129333496 4.3769731521606445 4
      vertex 10.035826683044434 2.344326972961426 4
    endloop
  endfacet
  facet normal 0 0 1
    outer loop
      vertex 10.035826683044434 2.344326972961426 4
      vertex 9.437209129333496 4.3769731521606445 4
      vertex 9.92577838897705 2.4048261642456055 4
    endloop
  endfacet
  facet normal 0 0 1
    outer loop
      vertex 9.92577838897705 2.4048261642456055 4
      vertex 9.437209129333496 4.3769731521606445 4
      vertex 9.809016227722168 2.451056480407715 4
    endloop
  endfacet
  facet normal 0 0 1
    outer loop
      vertex 9.809016227722168 2.451056480407715 4
      vertex 9.437209129333496 4.3769731521606445 4
      vertex 9.68738079071045 2.4822864532470703 4
    endloop
  endfacet
  facet normal 0 0 1
    outer loop
      vertex 9.68738079071045 2.4822864532470703 4
      vertex 9.437209129333496 4.3769731521606445 4
      vertex 9.562789916992188 2.498025894165039 4
    endloop
  endfacet
  facet normal 0 0 1
    outer loop
      vertex 2.5 4.126308441162109 4
      vertex 9.437209129333496 4.3769731521606445 4
      vertex 2.5 4.3769731521606445 4
    endloop
  endfacet
  facet normal 0 0 1
    outer loop
      vertex 2.5 3.8795948028564453 4
      vertex 9.437209129333496 4.3769731521606445 4
      vertex 2.5 4.126308441162109 4
    endloop
  endfacet
  facet normal 0 0 1
    outer loop
      vertex 2.5 3.6407251358032227 4
      vertex 9.437209129333496 4.3769731521606445 4
      vertex 2.5 3.8795948028564453 4
    endloop
  endfacet
  facet normal 0 0 1
    outer loop
      vertex 2.5 3.4134674072265625 4
      vertex 9.437209129333496 4.3769731521606445 4
      vertex 2.5 3.6407251358032227 4
    endloop
  endfacet
  facet normal 0 0 1
    outer loop
      vertex 2.5 3.2014036178588867 4
      vertex 9.437209129333496 4.3769731521606445 4
      vertex 2.5 3.4134674072265625 4
    endloop
  endfacet
  facet normal 0 0 1
    outer loop
      vertex 9.437209129333496 4.3769731521606445 4
      vertex 2.5 3.2014036178588867 4
      vertex 9.562789916992188 2.498025894165039 4
    endloop
  endfacet
  facet normal 0 0 1
    outer loop
      vertex 2.5 3.007880210876465 4
      vertex 9.562789916992188 2.498025894165039 4
      vertex 2.5 3.2014036178588867 4
    endloop
  endfacet
  facet normal 0 0 1
    outer loop
      vertex 2.5 2.8359479904174805 4
      vertex 9.562789916992188 2.498025894165039 4
      vertex 2.5 3.007880210876465 4
    endloop
  endfacet
  facet normal 0 0 1
    outer loop
      vertex 2.5 2.688319206237793 4
      vertex 9.562789916992188 2.498025894165039 4
      vertex 2.5 2.8359479904174805 4
    endloop
  endfacet
  facet normal 0 0 1
    outer loop
      vertex 2.5 2.5673208236694336 4
      vertex 9.562789916992188 2.498025894165039 4
      vertex 2.5 2.688319206237793 4
    endloop
  endfacet
  facet normal 0 0 1
    outer loop
      vertex 9.562789916992188 2.498025894165039 4
      vertex 2.5 2.5673208236694336 4
      vertex 2.5 2.498025894165039 4
    endloop
  endfacet
  facet normal 0 0 1
    outer loop
      vertex 10.5 0 4
      vertex 27.5 0 4
      vertex 10.5 1.5 4
    endloop
  endfacet
  facet normal 0 0 1
    outer loop
      vertex 27.5 0 4
      vertex 10.5 0 4
      vertex 27.507884979248047 -0.12533283233642578 4
    endloop
  endfacet
  facet normal 0 0 1
    outer loop
      vertex 10.492114067077637 -0.12533283233642578 4
      vertex 27.507884979248047 -0.12533283233642578 4
      vertex 10.5 0 4
    endloop
  endfacet
  facet normal 0 0 1
    outer loop
      vertex 27.507884979248047 -0.12533283233642578 4
      vertex 10.492114067077637 -0.12533283233642578 4
      vertex 27.531417846679688 -0.2486896514892578 4
    endloop
  endfacet
  facet normal 0 0 1
    outer loop
      vertex 10.468583106994629 -0.2486896514892578 4
      vertex 27.531417846679688 -0.2486896514892578 4
      vertex 10.492114067077637 -0.12533283233642578 4
    endloop
  endfacet
  facet normal 0 0 1
    outer loop
      vertex 27.531417846679688 -0.2486896514892578 4
      vertex 10.468583106994629 -0.2486896514892578 4
      vertex 27.57022476196289 -0.36812400817871094 4
    endloop
  endfacet
  facet normal 0 0 1
    outer loop
      vertex 10.429776191711426 -0.36812400817871094 4
      vertex 27.57022476196289 -0.36812400817871094 4
      vertex 10.468583106994629 -0.2486896514892578 4
    endloop
  endfacet
  facet normal 0 0 1
    outer loop
      vertex 27.57022476196289 -0.36812400817871094 4
      vertex 10.429776191711426 -0.36812400817871094 4
      vertex 27.623693466186523 -0.4817533493041992 4
    endloop
  endfacet
  facet normal 0 0 1
    outer loop
      vertex 10.376306533813477 -0.4817533493041992 4
      vertex 27.623693466186523 -0.4817533493041992 4
      vertex 10.429776191711426 -0.36812400817871094 4
    endloop
  endfacet
  facet normal 0 0 1
    outer loop
      vertex 27.623693466186523 -0.4817533493041992 4
      vertex 10.376306533813477 -0.4817533493041992 4
      vertex 27.690982818603516 -0.5877847671508789 4
    endloop
  endfacet
  facet normal 0 0 1
    outer loop
      vertex 10.309016227722168 -0.5877847671508789 4
      vertex 27.690982818603516 -0.5877847671508789 4
      vertex 10.376306533813477 -0.4817533493041992 4
    endloop
  endfacet
  facet normal 0 0 1
    outer loop
      vertex 27.690982818603516 -0.5877847671508789 4
      vertex 10.309016227722168 -0.5877847671508789 4
      vertex 27.77103042602539 -0.6845464706420898 4
    endloop
  endfacet
  facet normal 0 0 1
    outer loop
      vertex 10.228968620300293 -0.6845464706420898 4
      vertex 27.77103042602539 -0.6845464706420898 4
      vertex 10.309016227722168 -0.5877847671508789 4
    endloop
  endfacet
  facet normal 0 0 1
    outer loop
      vertex 27.77103042602539 -0.6845464706420898 4
      vertex 10.228968620300293 -0.6845464706420898 4
      vertex 27.86257553100586 -0.770512580871582 4
    endloop
  endfacet
  facet normal 0 0 1
    outer loop
      vertex 10.137423515319824 -0.770512580871582 4
      vertex 27.86257553100586 -0.770512580871582 4
      vertex 10.228968620300293 -0.6845464706420898 4
    endloop
  endfacet
  facet normal 0 0 1
    outer loop
      vertex 27.86257553100586 -0.770512580871582 4
      vertex 10.137423515319824 -0.770512580871582 4
      vertex 27.96417236328125 -0.8443269729614258 4
    endloop
  endfacet
  facet normal 0 0 1
    outer loop
      vertex 10.035826683044434 -0.8443269729614258 4
      vertex 27.96417236328125 -0.8443269729614258 4
      vertex 10.137423515319824 -0.770512580871582 4
    endloop
  endfacet
  facet normal 0 0 1
    outer loop
      vertex 27.96417236328125 -0.8443269729614258 4
      vertex 10.035826683044434 -0.8443269729614258 4
      vertex 28.074222564697266 -0.9048261642456055 4
    endloop
  endfacet
  facet normal 0 0 1
    outer loop
      vertex 9.92577838897705 -0.9048261642456055 4
      vertex 28.074222564697266 -0.9048261642456055 4
      vertex 10.035826683044434 -0.8443269729614258 4
    endloop
  endfacet
  facet normal 0 0 1
    outer loop
      vertex 28.074222564697266 -0.9048261642456055 4
      vertex 9.92577838897705 -0.9048261642456055 4
      vertex 28.190982818603516 -0.9510564804077148 4
    endloop
  endfacet
  facet normal 0 0 1
    outer loop
      vertex 9.809016227722168 -0.9510564804077148 4
      vertex 28.190982818603516 -0.9510564804077148 4
      vertex 9.92577838897705 -0.9048261642456055 4
    endloop
  endfacet
  facet normal 0 0 1
    outer loop
      vertex 28.190982818603516 -0.9510564804077148 4
      vertex 9.809016227722168 -0.9510564804077148 4
      vertex 28.312618255615234 -0.9822864532470703 4
    endloop
  endfacet
  facet normal 0 0 1
    outer loop
      vertex 9.68738079071045 -0.9822864532470703 4
      vertex 28.312618255615234 -0.9822864532470703 4
      vertex 9.809016227722168 -0.9510564804077148 4
    endloop
  endfacet
  facet normal 0 0 1
    outer loop
      vertex 28.312618255615234 -0.9822864532470703 4
      vertex 9.68738079071045 -0.9822864532470703 4
      vertex 28.437210083007812 -0.9980258941650391 4
    endloop
  endfacet
  facet normal 0 0 1
    outer loop
      vertex 28.437210083007812 -0.9980258941650391 4
      vertex 9.68738079071045 -0.9822864532470703 4
      vertex 9.562789916992188 -0.9980258941650391 4
    endloop
  endfacet
  facet normal 0.12533192310936314 -0.9921148668625568 0
    outer loop
      vertex 38.06278991699219 -0.9980258941650391 0
      vertex 38.187381744384766 -0.9822864532470703 67
      vertex 38.06278991699219 -0.9980258941650391 67
    endloop
  endfacet
  facet normal 0.12533192310936314 -0.9921148668625568 0
    outer loop
      vertex 38.187381744384766 -0.9822864532470703 67
      vertex 38.06278991699219 -0.9980258941650391 0
      vertex 38.187381744384766 -0.9822864532470703 0
    endloop
  endfacet
  facet normal 0.24868466332435313 -0.96858450236789 0
    outer loop
      vertex 38.187381744384766 -0.9822864532470703 0
      vertex 38.309017181396484 -0.9510564804077148 67
      vertex 38.187381744384766 -0.9822864532470703 67
    endloop
  endfacet
  facet normal 0.24868466332435313 -0.96858450236789 0
    outer loop
      vertex 38.309017181396484 -0.9510564804077148 67
      vertex 38.187381744384766 -0.9822864532470703 0
      vertex 38.309017181396484 -0.9510564804077148 0
    endloop
  endfacet
  facet normal 0.3681359891656234 -0.9297719577837611 0
    outer loop
      vertex 38.309017181396484 -0.9510564804077148 0
      vertex 38.425777435302734 -0.9048261642456055 67
      vertex 38.309017181396484 -0.9510564804077148 67
    endloop
  endfacet
  facet normal 0.3681359891656234 -0.9297719577837611 0
    outer loop
      vertex 38.425777435302734 -0.9048261642456055 67
      vertex 38.309017181396484 -0.9510564804077148 0
      vertex 38.425777435302734 -0.9048261642456055 0
    endloop
  endfacet
  facet normal 0.4817449977193444 -0.876311449869502 0
    outer loop
      vertex 38.425777435302734 -0.9048261642456055 0
      vertex 38.53582763671875 -0.8443269729614258 67
      vertex 38.425777435302734 -0.9048261642456055 67
    endloop
  endfacet
  facet normal 0.4817449977193444 -0.876311449869502 0
    outer loop
      vertex 38.53582763671875 -0.8443269729614258 67
      vertex 38.425777435302734 -0.9048261642456055 0
      vertex 38.53582763671875 -0.8443269729614258 0
    endloop
  endfacet
  facet normal 0.587785110170982 -0.8090170976322358 0
    outer loop
      vertex 38.53582763671875 -0.8443269729614258 0
      vertex 38.63742446899414 -0.770512580871582 67
      vertex 38.53582763671875 -0.8443269729614258 67
    endloop
  endfacet
  facet normal 0.587785110170982 -0.8090170976322358 0
    outer loop
      vertex 38.63742446899414 -0.770512580871582 67
      vertex 38.53582763671875 -0.8443269729614258 0
      vertex 38.63742446899414 -0.770512580871582 0
    endloop
  endfacet
  facet normal 0.6845451363880446 -0.7289704769381773 0
    outer loop
      vertex 38.63742446899414 -0.770512580871582 0
      vertex 38.72896957397461 -0.6845464706420898 67
      vertex 38.63742446899414 -0.770512580871582 67
    endloop
  endfacet
  facet normal 0.6845451363880446 -0.7289704769381773 0
    outer loop
      vertex 38.72896957397461 -0.6845464706420898 67
      vertex 38.63742446899414 -0.770512580871582 0
      vertex 38.72896957397461 -0.6845464706420898 0
    endloop
  endfacet
  facet normal 0.770515727502568 -0.6374209862180477 0
    outer loop
      vertex 38.72896957397461 -0.6845464706420898 67
      vertex 38.809017181396484 -0.5877847671508789 0
      vertex 38.809017181396484 -0.5877847671508789 67
    endloop
  endfacet
  facet normal 0.770515727502568 -0.6374209862180477 0
    outer loop
      vertex 38.809017181396484 -0.5877847671508789 0
      vertex 38.72896957397461 -0.6845464706420898 67
      vertex 38.72896957397461 -0.6845464706420898 0
    endloop
  endfacet
  facet normal 0.8443356308123987 -0.5358146531596806 0
    outer loop
      vertex 38.809017181396484 -0.5877847671508789 67
      vertex 38.876304626464844 -0.4817533493041992 0
      vertex 38.876304626464844 -0.4817533493041992 67
    endloop
  endfacet
  facet normal 0.8443356308123987 -0.5358146531596806 0
    outer loop
      vertex 38.876304626464844 -0.4817533493041992 0
      vertex 38.809017181396484 -0.5877847671508789 67
      vertex 38.809017181396484 -0.5877847671508789 0
    endloop
  endfacet
  facet normal 0.9048248978272093 -0.4257838703755464 0
    outer loop
      vertex 38.876304626464844 -0.4817533493041992 67
      vertex 38.92977523803711 -0.36812400817871094 0
      vertex 38.92977523803711 -0.36812400817871094 67
    endloop
  endfacet
  facet normal 0.9048248978272093 -0.4257838703755464 0
    outer loop
      vertex 38.92977523803711 -0.36812400817871094 0
      vertex 38.876304626464844 -0.4817533493041992 67
      vertex 38.876304626464844 -0.4817533493041992 0
    endloop
  endfacet
  facet normal 0.9510557196934979 -0.3090194460519964 0
    outer loop
      vertex 38.92977523803711 -0.36812400817871094 67
      vertex 38.96858215332031 -0.2486896514892578 0
      vertex 38.96858215332031 -0.2486896514892578 67
    endloop
  endfacet
  facet normal 0.9510557196934979 -0.3090194460519964 0
    outer loop
      vertex 38.96858215332031 -0.2486896514892578 0
      vertex 38.92977523803711 -0.36812400817871094 67
      vertex 38.92977523803711 -0.36812400817871094 0
    endloop
  endfacet
  facet normal 0.9822853516473765 -0.1873912696445327 0
    outer loop
      vertex 38.96858215332031 -0.2486896514892578 67
      vertex 38.99211502075195 -0.12533283233642578 0
      vertex 38.99211502075195 -0.12533283233642578 67
    endloop
  endfacet
  facet normal 0.9822853516473765 -0.1873912696445327 0
    outer loop
      vertex 38.99211502075195 -0.12533283233642578 0
      vertex 38.96858215332031 -0.2486896514892578 67
      vertex 38.96858215332031 -0.2486896514892578 0
    endloop
  endfacet
  facet normal 0.9980268752329511 -0.062788186092223 0
    outer loop
      vertex 38.99211502075195 -0.12533283233642578 67
      vertex 39 0 0
      vertex 39 0 67
    endloop
  endfacet
  facet normal 0.9980268752329511 -0.062788186092223 0
    outer loop
      vertex 39 0 0
      vertex 38.99211502075195 -0.12533283233642578 67
      vertex 38.99211502075195 -0.12533283233642578 0
    endloop
  endfacet
  facet normal 1 0 0
    outer loop
      vertex 39 10.375 67
      vertex 39 0 67
      vertex 39 10.375 4
    endloop
  endfacet
  facet normal 1 0 0
    outer loop
      vertex 39 31.125 4
      vertex 39 41.5 67
      vertex 39 31.125 67
    endloop
  endfacet
  facet normal 1 0 0
    outer loop
      vertex 39 41.5 67
      vertex 39 31.125 4
      vertex 39 41.5 0
    endloop
  endfacet
  facet normal 1 0 0
    outer loop
      vertex 39 10.375 4
      vertex 39 41.5 0
      vertex 39 31.125 4
    endloop
  endfacet
  facet normal 1 0 0
    outer loop
      vertex 39 10.375 4
      vertex 39 0 0
      vertex 39 41.5 0
    endloop
  endfacet
  facet normal 1 0 0
    outer loop
      vertex 39 0 0
      vertex 39 10.375 4
      vertex 39 0 67
    endloop
  endfacet
  facet normal 0 1 0
    outer loop
      vertex 28.562789916992188 4.3769731521606445 0
      vertex 9.437209129333496 4.3769731521606445 4
      vertex 28.562789916992188 4.3769731521606445 4
    endloop
  endfacet
  facet normal 0 1 0
    outer loop
      vertex 9.437209129333496 4.3769731521606445 4
      vertex 28.562789916992188 4.3769731521606445 0
      vertex 9.437209129333496 4.3769731521606445 0
    endloop
  endfacet
  facet normal 0 0 -1
    outer loop
      vertex 38.06278991699219 -0.9980258941650391 0
      vertex 39 0 0
      vertex 38.99211502075195 -0.12533283233642578 0
    endloop
  endfacet
  facet normal 0 0 -1
    outer loop
      vertex 39 0 0
      vertex 29.5 5.375 0
      vertex 39 41.5 0
    endloop
  endfacet
  facet normal 0 0 -1
    outer loop
      vertex 38.06278991699219 -0.9980258941650391 0
      vertex 38.99211502075195 -0.12533283233642578 0
      vertex 38.96858215332031 -0.2486896514892578 0
    endloop
  endfacet
  facet normal 0 0 -1
    outer loop
      vertex 38.06278991699219 -0.9980258941650391 0
      vertex 38.96858215332031 -0.2486896514892578 0
      vertex 38.92977523803711 -0.36812400817871094 0
    endloop
  endfacet
  facet normal 0 0 -1
    outer loop
      vertex 38.06278991699219 -0.9980258941650391 0
      vertex 38.92977523803711 -0.36812400817871094 0
      vertex 38.876304626464844 -0.4817533493041992 0
    endloop
  endfacet
  facet normal 0 0 -1
    outer loop
      vertex 29.5 36.125 0
      vertex 39 41.5 0
      vertex 29.5 5.375 0
    endloop
  endfacet
  facet normal 0 0 -1
    outer loop
      vertex 29.417205810546875 36.76627731323242 0
      vertex 39 41.5 0
      vertex 29.492115020751953 36.25033950805664 0
    endloop
  endfacet
  facet normal 0 0 -1
    outer loop
      vertex 38.06278991699219 -0.9980258941650391 0
      vertex 38.876304626464844 -0.4817533493041992 0
      vertex 38.809017181396484 -0.5877847671508789 0
    endloop
  endfacet
  facet normal 0 0 -1
    outer loop
      vertex 29.393672943115234 36.889644622802734 0
      vertex 39 41.5 0
      vertex 29.417205810546875 36.76627731323242 0
    endloop
  endfacet
  facet normal 0 0 -1
    outer loop
      vertex 38.06278991699219 -0.9980258941650391 0
      vertex 38.809017181396484 -0.5877847671508789 0
      vertex 38.72896957397461 -0.6845464706420898 0
    endloop
  endfacet
  facet normal 0 0 -1
    outer loop
      vertex 38.06278991699219 -0.9980258941650391 0
      vertex 38.72896957397461 -0.6845464706420898 0
      vertex 38.63742446899414 -0.770512580871582 0
    endloop
  endfacet
  facet normal 0 0 -1
    outer loop
      vertex 38.06278991699219 -0.9980258941650391 0
      vertex 38.63742446899414 -0.770512580871582 0
      vertex 38.53582763671875 -0.8443269729614258 0
    endloop
  endfacet
  facet normal 0 0 -1
    outer loop
      vertex 38.06278991699219 -0.9980258941650391 0
      vertex 38.53582763671875 -0.8443269729614258 0
      vertex 38.425777435302734 -0.9048261642456055 0
    endloop
  endfacet
  facet normal 0 0 -1
    outer loop
      vertex 29.3548641204834 37.00908279418945 0
      vertex 39 41.5 0
      vertex 29.393672943115234 36.889644622802734 0
    endloop
  endfacet
  facet normal 0 0 -1
    outer loop
      vertex 38.06278991699219 -0.9980258941650391 0
      vertex 38.425777435302734 -0.9048261642456055 0
      vertex 38.309017181396484 -0.9510564804077148 0
    endloop
  endfacet
  facet normal 0 0 -1
    outer loop
      vertex 29.131319046020508 37.51689147949219 0
      vertex 39 41.5 0
      vertex 29.3548641204834 37.00908279418945 0
    endloop
  endfacet
  facet normal 0 0 -1
    outer loop
      vertex 29.07784652709961 37.63052749633789 0
      vertex 39 41.5 0
      vertex 29.131319046020508 37.51689147949219 0
    endloop
  endfacet
  facet normal 0 0 -1
    outer loop
      vertex 38.06278991699219 -0.9980258941650391 0
      vertex 38.309017181396484 -0.9510564804077148 0
      vertex 38.187381744384766 -0.9822864532470703 0
    endloop
  endfacet
  facet normal 0 0 -1
    outer loop
      vertex 29.42977523803711 5.006875514984131 0
      vertex 39 0 0
      vertex 38.06278991699219 -0.9980258941650391 0
    endloop
  endfacet
  facet normal 0 0 -1
    outer loop
      vertex 29.01055145263672 37.73656463623047 0
      vertex 39 41.5 0
      vertex 29.07784652709961 37.63052749633789 0
    endloop
  endfacet
  facet normal 0 0 -1
    outer loop
      vertex 39 41.5 0
      vertex 29.01055145263672 37.73656463623047 0
      vertex 38.99211502075195 41.62533187866211 0
    endloop
  endfacet
  facet normal 0 0 -1
    outer loop
      vertex 38.332855224609375 43.915672302246094 0
      vertex 38.99211502075195 41.62533187866211 0
      vertex 29.01055145263672 37.73656463623047 0
    endloop
  endfacet
  facet normal 0 0 -1
    outer loop
      vertex 38.99211502075195 41.62533187866211 0
      vertex 38.332855224609375 43.915672302246094 0
      vertex 38.84229278564453 42.65724182128906 0
    endloop
  endfacet
  facet normal 0 0 -1
    outer loop
      vertex 38.84229278564453 42.65724182128906 0
      vertex 38.77995300292969 42.90003204345703 0
      vertex 38.818763732910156 42.780601501464844 0
    endloop
  endfacet
  facet normal 0 0 -1
    outer loop
      vertex 38.84229278564453 42.65724182128906 0
      vertex 38.332855224609375 43.915672302246094 0
      vertex 38.77995300292969 42.90003204345703 0
    endloop
  endfacet
  facet normal 0 0 -1
    outer loop
      vertex 38.21209716796875 44.13533020019531 0
      vertex 38.332855224609375 43.915672302246094 0
      vertex 29.01055145263672 37.73656463623047 0
    endloop
  endfacet
  facet normal 0 0 -1
    outer loop
      vertex 38.332855224609375 43.915672302246094 0
      vertex 38.21209716796875 44.13533020019531 0
      vertex 38.279388427734375 44.029300689697266 0
    endloop
  endfacet
  facet normal 0 0 -1
    outer loop
      vertex 38.21209716796875 44.13533020019531 0
      vertex 29.01055145263672 37.73656463623047 0
      vertex 37.474769592285156 45.118675231933594 0
    endloop
  endfacet
  facet normal 0 0 -1
    outer loop
      vertex 37.30317687988281 45.3014030456543 0
      vertex 37.474769592285156 45.118675231933594 0
      vertex 29.01055145263672 37.73656463623047 0
    endloop
  endfacet
  facet normal 0 0 -1
    outer loop
      vertex 29.492115020751953 36.25033950805664 0
      vertex 39 41.5 0
      vertex 29.5 36.125 0
    endloop
  endfacet
  facet normal 0 0 -1
    outer loop
      vertex 39 0 0
      vertex 29.492115020751953 5.249667167663574 0
      vertex 29.5 5.375 0
    endloop
  endfacet
  facet normal 0 0 -1
    outer loop
      vertex 39 0 0
      vertex 29.468582153320312 5.126310348510742 0
      vertex 29.492115020751953 5.249667167663574 0
    endloop
  endfacet
  facet normal 0 0 -1
    outer loop
      vertex 39 0 0
      vertex 29.42977523803711 5.006875514984131 0
      vertex 29.468582153320312 5.126310348510742 0
    endloop
  endfacet
  facet normal 0 0 -1
    outer loop
      vertex 38.06278991699219 -0.9980258941650391 0
      vertex 29.376306533813477 4.893246650695801 0
      vertex 29.42977523803711 5.006875514984131 0
    endloop
  endfacet
  facet normal 0 0 -1
    outer loop
      vertex 38.06278991699219 -0.9980258941650391 0
      vertex 29.30901527404785 4.78721284866333 0
      vertex 29.376306533813477 4.893246650695801 0
    endloop
  endfacet
  facet normal 0 0 -1
    outer loop
      vertex 38.06278991699219 -0.9980258941650391 0
      vertex 29.22896957397461 4.690452575683594 0
      vertex 29.30901527404785 4.78721284866333 0
    endloop
  endfacet
  facet normal 0 0 -1
    outer loop
      vertex 38.06278991699219 -0.9980258941650391 0
      vertex 29.13742446899414 4.604486465454102 0
      vertex 29.22896957397461 4.690452575683594 0
    endloop
  endfacet
  facet normal 0 0 -1
    outer loop
      vertex 38.06278991699219 -0.9980258941650391 0
      vertex 29.03582763671875 4.530672073364258 0
      vertex 29.13742446899414 4.604486465454102 0
    endloop
  endfacet
  facet normal 0 0 -1
    outer loop
      vertex 38.06278991699219 -0.9980258941650391 0
      vertex 28.92578125 4.4701738357543945 0
      vertex 29.03582763671875 4.530672073364258 0
    endloop
  endfacet
  facet normal 0 0 -1
    outer loop
      vertex 38.06278991699219 -0.9980258941650391 0
      vertex 28.809017181396484 4.423943519592285 0
      vertex 28.92578125 4.4701738357543945 0
    endloop
  endfacet
  facet normal 0 0 -1
    outer loop
      vertex 38.06278991699219 -0.9980258941650391 0
      vertex 28.6873779296875 4.392712116241455 0
      vertex 28.809017181396484 4.423943519592285 0
    endloop
  endfacet
  facet normal 0 0 -1
    outer loop
      vertex 38.06278991699219 -0.9980258941650391 0
      vertex 28.562789916992188 4.3769731521606445 0
      vertex 28.6873779296875 4.392712116241455 0
    endloop
  endfacet
  facet normal 0 0 -1
    outer loop
      vertex 38.06278991699219 -0.9980258941650391 0
      vertex 9.437209129333496 4.3769731521606445 0
      vertex 28.562789916992188 4.3769731521606445 0
    endloop
  endfacet
  facet normal 0 0 -1
    outer loop
      vertex -0.0627899169921875 -0.9980258941650391 0
      vertex 9.437209129333496 4.3769731521606445 0
      vertex 38.06278991699219 -0.9980258941650391 0
    endloop
  endfacet
  facet normal 0 0 -1
    outer loop
      vertex -1 41.5 0
      vertex 8.5 36.125 0
      vertex 8.5 5.375 0
    endloop
  endfacet
  facet normal 0 0 -1
    outer loop
      vertex 0.6968231201171875 45.3014030456543 0
      vertex 8.5 36.125 0
      vertex -1 41.5 0
    endloop
  endfacet
  facet normal 0 0 -1
    outer loop
      vertex 8.5 36.125 0
      vertex 6.463165283203125 48.74871826171875 0
      vertex 6.579927444458008 48.79494857788086 0
    endloop
  endfacet
  facet normal 0 0 -1
    outer loop
      vertex -1 0 0
      vertex 8.5 5.375 0
      vertex 8.507884979248047 5.249667167663574 0
    endloop
  endfacet
  facet normal 0 0 -1
    outer loop
      vertex 8.5 36.125 0
      vertex 4.723816871643066 48.040931701660156 0
      vertex 6.463165283203125 48.74871826171875 0
    endloop
  endfacet
  facet normal 0 0 -1
    outer loop
      vertex 8.5 36.125 0
      vertex 3.2028980255126953 47.244258880615234 0
      vertex 4.723816871643066 48.040931701660156 0
    endloop
  endfacet
  facet normal 0 0 -1
    outer loop
      vertex 8.5 36.125 0
      vertex 3.0928497314453125 47.18375778198242 0
      vertex 3.2028980255126953 47.244258880615234 0
    endloop
  endfacet
  facet normal 0 0 -1
    outer loop
      vertex 8.5 36.125 0
      vertex 1.8143463134765625 46.31076431274414 0
      vertex 3.0928497314453125 47.18375778198242 0
    endloop
  endfacet
  facet normal 0 0 -1
    outer loop
      vertex 8.5 36.125 0
      vertex 1.7127494812011719 46.2369499206543 0
      vertex 1.8143463134765625 46.31076431274414 0
    endloop
  endfacet
  facet normal 0 0 -1
    outer loop
      vertex -1 0 0
      vertex 8.507884979248047 5.249667167663574 0
      vertex 8.531416893005371 5.126310348510742 0
    endloop
  endfacet
  facet normal 0 0 -1
    outer loop
      vertex 8.5 36.125 0
      vertex 0.6968231201171875 45.3014030456543 0
      vertex 1.7127494812011719 46.2369499206543 0
    endloop
  endfacet
  facet normal 0 0 -1
    outer loop
      vertex 0.5252304077148438 45.118675231933594 0
      vertex 0.6968231201171875 45.3014030456543 0
      vertex -1 41.5 0
    endloop
  endfacet
  facet normal 0 0 -1
    outer loop
      vertex 9.437209129333496 4.3769731521606445 0
      vertex -0.0627899169921875 -0.9980258941650391 0
      vertex 9.3126220703125 4.392712116241455 0
    endloop
  endfacet
  facet normal 0 0 -1
    outer loop
      vertex -0.0627899169921875 -0.9980258941650391 0
      vertex 9.190982818603516 4.423943519592285 0
      vertex 9.3126220703125 4.392712116241455 0
    endloop
  endfacet
  facet normal 0 0 -1
    outer loop
      vertex -0.0627899169921875 -0.9980258941650391 0
      vertex 9.074219703674316 4.4701738357543945 0
      vertex 9.190982818603516 4.423943519592285 0
    endloop
  endfacet
  facet normal 0 0 -1
    outer loop
      vertex -0.0627899169921875 -0.9980258941650391 0
      vertex 8.964173316955566 4.530672073364258 0
      vertex 9.074219703674316 4.4701738357543945 0
    endloop
  endfacet
  facet normal 0 0 -1
    outer loop
      vertex -0.0627899169921875 -0.9980258941650391 0
      vertex 8.862576484680176 4.604486465454102 0
      vertex 8.964173316955566 4.530672073364258 0
    endloop
  endfacet
  facet normal 0 0 -1
    outer loop
      vertex -0.0627899169921875 -0.9980258941650391 0
      vertex 8.771031379699707 4.690452575683594 0
      vertex 8.862576484680176 4.604486465454102 0
    endloop
  endfacet
  facet normal 0 0 -1
    outer loop
      vertex -0.0627899169921875 -0.9980258941650391 0
      vertex 8.690984725952148 4.78721284866333 0
      vertex 8.771031379699707 4.690452575683594 0
    endloop
  endfacet
  facet normal 0 0 -1
    outer loop
      vertex -0.0627899169921875 -0.9980258941650391 0
      vertex 8.623693466186523 4.893246650695801 0
      vertex 8.690984725952148 4.78721284866333 0
    endloop
  endfacet
  facet normal 0 0 -1
    outer loop
      vertex -0.0627899169921875 -0.9980258941650391 0
      vertex 8.570223808288574 5.006875514984131 0
      vertex 8.623693466186523 4.893246650695801 0
    endloop
  endfacet
  facet normal 0 0 -1
    outer loop
      vertex -1 0 0
      vertex 8.570223808288574 5.006875514984131 0
      vertex -0.0627899169921875 -0.9980258941650391 0
    endloop
  endfacet
  facet normal 0 0 -1
    outer loop
      vertex 8.570223808288574 5.006875514984131 0
      vertex -1 0 0
      vertex 8.531416893005371 5.126310348510742 0
    endloop
  endfacet
  facet normal 0 0 -1
    outer loop
      vertex -1 0 0
      vertex -0.0627899169921875 -0.9980258941650391 0
      vertex -0.18738079071044922 -0.9822864532470703 0
    endloop
  endfacet
  facet normal 0 0 -1
    outer loop
      vertex 0.6968231201171875 45.3014030456543 0
      vertex 0.5252304077148438 45.118675231933594 0
      vertex 0.6052780151367188 45.21543884277344 0
    endloop
  endfacet
  facet normal 0 0 -1
    outer loop
      vertex -0.3328571319580078 43.915672302246094 0
      vertex 0.5252304077148438 45.118675231933594 0
      vertex -1 41.5 0
    endloop
  endfacet
  facet normal 0 0 -1
    outer loop
      vertex -1 0 0
      vertex -0.18738079071044922 -0.9822864532470703 0
      vertex -0.30901622772216797 -0.9510564804077148 0
    endloop
  endfacet
  facet normal 0 0 -1
    outer loop
      vertex 0.5252304077148438 45.118675231933594 0
      vertex -0.3328571319580078 43.915672302246094 0
      vertex -0.21209716796875 44.13533020019531 0
    endloop
  endfacet
  facet normal 0 0 -1
    outer loop
      vertex -1 0 0
      vertex -0.30901622772216797 -0.9510564804077148 0
      vertex -0.4257783889770508 -0.9048261642456055 0
    endloop
  endfacet
  facet normal 0 0 -1
    outer loop
      vertex -1 0 0
      vertex -0.4257783889770508 -0.9048261642456055 0
      vertex -0.5358266830444336 -0.8443269729614258 0
    endloop
  endfacet
  facet normal 0 0 -1
    outer loop
      vertex -1 0 0
      vertex -0.5358266830444336 -0.8443269729614258 0
      vertex -0.6374235153198242 -0.770512580871582 0
    endloop
  endfacet
  facet normal 0 0 -1
    outer loop
      vertex -1 0 0
      vertex -0.6374235153198242 -0.770512580871582 0
      vertex -0.728968620300293 -0.6845464706420898 0
    endloop
  endfacet
  facet normal 0 0 -1
    outer loop
      vertex -0.21209716796875 44.13533020019531 0
      vertex -0.3328571319580078 43.915672302246094 0
      vertex -0.2793874740600586 44.029300689697266 0
    endloop
  endfacet
  facet normal 0 0 -1
    outer loop
      vertex -1 0 0
      vertex -0.728968620300293 -0.6845464706420898 0
      vertex -0.809016227722168 -0.5877847671508789 0
    endloop
  endfacet
  facet normal 0 0 -1
    outer loop
      vertex -0.9921140670776367 41.62533187866211 0
      vertex -0.3328571319580078 43.915672302246094 0
      vertex -1 41.5 0
    endloop
  endfacet
  facet normal 0 0 -1
    outer loop
      vertex -0.8422937393188477 42.65724182128906 0
      vertex -0.3328571319580078 43.915672302246094 0
      vertex -0.9921140670776367 41.62533187866211 0
    endloop
  endfacet
  facet normal 0 0 -1
    outer loop
      vertex -1 0 0
      vertex -0.809016227722168 -0.5877847671508789 0
      vertex -0.8763065338134766 -0.4817533493041992 0
    endloop
  endfacet
  facet normal 0 0 -1
    outer loop
      vertex -1 0 0
      vertex -0.8763065338134766 -0.4817533493041992 0
      vertex -0.9297761917114258 -0.36812400817871094 0
    endloop
  endfacet
  facet normal 0 0 -1
    outer loop
      vertex -1 0 0
      vertex -0.9297761917114258 -0.36812400817871094 0
      vertex -0.9685831069946289 -0.2486896514892578 0
    endloop
  endfacet
  facet normal 0 0 -1
    outer loop
      vertex -1 0 0
      vertex -0.9685831069946289 -0.2486896514892578 0
      vertex -0.9921140670776367 -0.12533283233642578 0
    endloop
  endfacet
  facet normal 0 0 -1
    outer loop
      vertex 8.5 5.375 0
      vertex -1 0 0
      vertex -1 41.5 0
    endloop
  endfacet
  facet normal 0 0 -1
    outer loop
      vertex -0.7799558639526367 42.90003204345703 0
      vertex -0.8422937393188477 42.65724182128906 0
      vertex -0.8187627792358398 42.780601501464844 0
    endloop
  endfacet
  facet normal 0 0 -1
    outer loop
      vertex -0.3328571319580078 43.915672302246094 0
      vertex -0.8422937393188477 42.65724182128906 0
      vertex -0.7799558639526367 42.90003204345703 0
    endloop
  endfacet
  facet normal 0 0 -1
    outer loop
      vertex 37.474769592285156 45.118675231933594 0
      vertex 37.30317687988281 45.3014030456543 0
      vertex 37.39472198486328 45.21543884277344 0
    endloop
  endfacet
  facet normal 0 0 -1
    outer loop
      vertex 28.641897201538086 38.22822570800781 0
      vertex 37.30317687988281 45.3014030456543 0
      vertex 29.01055145263672 37.73656463623047 0
    endloop
  endfacet
  facet normal 0 0 -1
    outer loop
      vertex 37.30317687988281 45.3014030456543 0
      vertex 28.641897201538086 38.22822570800781 0
      vertex 36.28725051879883 46.2369499206543 0
    endloop
  endfacet
  facet normal 0 0 -1
    outer loop
      vertex 36.28725051879883 46.2369499206543 0
      vertex 28.641897201538086 38.22822570800781 0
      vertex 36.18565368652344 46.31076431274414 0
    endloop
  endfacet
  facet normal 0 0 -1
    outer loop
      vertex 28.561843872070312 38.32499313354492 0
      vertex 36.18565368652344 46.31076431274414 0
      vertex 28.641897201538086 38.22822570800781 0
    endloop
  endfacet
  facet normal 0 0 -1
    outer loop
      vertex 36.18565368652344 46.31076431274414 0
      vertex 28.561843872070312 38.32499313354492 0
      vertex 34.90715026855469 47.18375778198242 0
    endloop
  endfacet
  facet normal 0 0 -1
    outer loop
      vertex 28.470298767089844 38.41095733642578 0
      vertex 34.90715026855469 47.18375778198242 0
      vertex 28.561843872070312 38.32499313354492 0
    endloop
  endfacet
  facet normal 0 0 -1
    outer loop
      vertex 34.90715026855469 47.18375778198242 0
      vertex 28.470298767089844 38.41095733642578 0
      vertex 34.79710006713867 47.244258880615234 0
    endloop
  endfacet
  facet normal 0 0 -1
    outer loop
      vertex 27.962337493896484 38.87873077392578 0
      vertex 34.79710006713867 47.244258880615234 0
      vertex 28.470298767089844 38.41095733642578 0
    endloop
  endfacet
  facet normal 0 0 -1
    outer loop
      vertex 34.79710006713867 47.244258880615234 0
      vertex 27.962337493896484 38.87873077392578 0
      vertex 33.27618408203125 48.040931701660156 0
    endloop
  endfacet
  facet normal 0 0 -1
    outer loop
      vertex 27.860740661621094 38.952545166015625 0
      vertex 33.27618408203125 48.040931701660156 0
      vertex 27.962337493896484 38.87873077392578 0
    endloop
  endfacet
  facet normal 0 0 -1
    outer loop
      vertex 27.22148895263672 39.38904571533203 0
      vertex 33.27618408203125 48.040931701660156 0
      vertex 27.860740661621094 38.952545166015625 0
    endloop
  endfacet
  facet normal 0 0 -1
    outer loop
      vertex 33.27618408203125 48.040931701660156 0
      vertex 27.22148895263672 39.38904571533203 0
      vertex 31.536834716796875 48.74871826171875 0
    endloop
  endfacet
  facet normal 0 0 -1
    outer loop
      vertex 27.111431121826172 39.449546813964844 0
      vertex 31.536834716796875 48.74871826171875 0
      vertex 27.22148895263672 39.38904571533203 0
    endloop
  endfacet
  facet normal 0 0 -1
    outer loop
      vertex 31.536834716796875 48.74871826171875 0
      vertex 27.111431121826172 39.449546813964844 0
      vertex 31.42007064819336 48.79494857788086 0
    endloop
  endfacet
  facet normal 0 0 -1
    outer loop
      vertex 26.350980758666992 39.847877502441406 0
      vertex 31.42007064819336 48.79494857788086 0
      vertex 27.111431121826172 39.449546813964844 0
    endloop
  endfacet
  facet normal 0 0 -1
    outer loop
      vertex 31.42007064819336 48.79494857788086 0
      vertex 26.350980758666992 39.847877502441406 0
      vertex 29.48972511291504 49.402687072753906 0
    endloop
  endfacet
  facet normal 0 0 -1
    outer loop
      vertex 29.48972511291504 49.402687072753906 0
      vertex 26.350980758666992 39.847877502441406 0
      vertex 29.36808967590332 49.43391799926758 0
    endloop
  endfacet
  facet normal 0 0 -1
    outer loop
      vertex 25.48134994506836 40.20175552368164 0
      vertex 29.36808967590332 49.43391799926758 0
      vertex 26.350980758666992 39.847877502441406 0
    endloop
  endfacet
  facet normal 0 0 -1
    outer loop
      vertex 25.364543914794922 40.24800109863281 0
      vertex 29.36808967590332 49.43391799926758 0
      vertex 25.48134994506836 40.20175552368164 0
    endloop
  endfacet
  facet normal 0 0 -1
    outer loop
      vertex 29.36808967590332 49.43391799926758 0
      vertex 25.364543914794922 40.24800109863281 0
      vertex 27.27718734741211 49.932029724121094 0
    endloop
  endfacet
  facet normal 0 0 -1
    outer loop
      vertex 24.399372100830078 40.55187225341797 0
      vertex 27.27718734741211 49.932029724121094 0
      vertex 25.364543914794922 40.24800109863281 0
    endloop
  endfacet
  facet normal 0 0 -1
    outer loop
      vertex 24.2777099609375 40.58311080932617 0
      vertex 27.27718734741211 49.932029724121094 0
      vertex 24.399372100830078 40.55187225341797 0
    endloop
  endfacet
  facet normal 0 0 -1
    outer loop
      vertex 27.27718734741211 49.932029724121094 0
      vertex 24.2777099609375 40.58311080932617 0
      vertex 25.058704376220703 50.312652587890625 0
    endloop
  endfacet
  facet normal 0 0 -1
    outer loop
      vertex 23.232284545898438 40.832157135009766 0
      vertex 25.058704376220703 50.312652587890625 0
      vertex 24.2777099609375 40.58311080932617 0
    endloop
  endfacet
  facet normal 0 0 -1
    outer loop
      vertex 25.058704376220703 50.312652587890625 0
      vertex 23.232284545898438 40.832157135009766 0
      vertex 24.934112548828125 50.328392028808594 0
    endloop
  endfacet
  facet normal 0 0 -1
    outer loop
      vertex 22.123043060302734 41.02246856689453 0
      vertex 24.934112548828125 50.328392028808594 0
      vertex 23.232284545898438 40.832157135009766 0
    endloop
  endfacet
  facet normal 0 0 -1
    outer loop
      vertex 24.934112548828125 50.328392028808594 0
      vertex 22.123043060302734 41.02246856689453 0
      vertex 22.623035430908203 50.58552551269531 0
    endloop
  endfacet
  facet normal 0 0 -1
    outer loop
      vertex 21.998451232910156 41.0382080078125 0
      vertex 22.623035430908203 50.58552551269531 0
      vertex 22.123043060302734 41.02246856689453 0
    endloop
  endfacet
  facet normal 0 0 -1
    outer loop
      vertex 20.842912673950195 41.16677474975586 0
      vertex 22.623035430908203 50.58552551269531 0
      vertex 21.998451232910156 41.0382080078125 0
    endloop
  endfacet
  facet normal 0 0 -1
    outer loop
      vertex 20.842912673950195 41.16677474975586 0
      vertex 20.255809783935547 50.715110778808594 0
      vertex 22.623035430908203 50.58552551269531 0
    endloop
  endfacet
  facet normal 0 0 -1
    outer loop
      vertex 19.6593017578125 41.2315673828125 0
      vertex 20.255809783935547 50.715110778808594 0
      vertex 20.842912673950195 41.16677474975586 0
    endloop
  endfacet
  facet normal 0 0 -1
    outer loop
      vertex 18.3406982421875 41.2315673828125 0
      vertex 20.255809783935547 50.715110778808594 0
      vertex 19.6593017578125 41.2315673828125 0
    endloop
  endfacet
  facet normal 0 0 -1
    outer loop
      vertex 18.3406982421875 41.2315673828125 0
      vertex 17.744190216064453 50.715110778808594 0
      vertex 20.255809783935547 50.715110778808594 0
    endloop
  endfacet
  facet normal 0 0 -1
    outer loop
      vertex 17.157085418701172 41.16677474975586 0
      vertex 17.744190216064453 50.715110778808594 0
      vertex 18.3406982421875 41.2315673828125 0
    endloop
  endfacet
  facet normal 0 0 -1
    outer loop
      vertex 15.376964569091797 50.58552551269531 0
      vertex 17.157085418701172 41.16677474975586 0
      vertex 16.00154685974121 41.0382080078125 0
    endloop
  endfacet
  facet normal 0 0 -1
    outer loop
      vertex 15.376964569091797 50.58552551269531 0
      vertex 16.00154685974121 41.0382080078125 0
      vertex 15.87695598602295 41.02246856689453 0
    endloop
  endfacet
  facet normal 0 0 -1
    outer loop
      vertex 17.157085418701172 41.16677474975586 0
      vertex 15.376964569091797 50.58552551269531 0
      vertex 17.744190216064453 50.715110778808594 0
    endloop
  endfacet
  facet normal 0 0 -1
    outer loop
      vertex 13.065886497497559 50.328392028808594 0
      vertex 15.87695598602295 41.02246856689453 0
      vertex 14.767714500427246 40.832157135009766 0
    endloop
  endfacet
  facet normal 0 0 -1
    outer loop
      vertex 12.941295623779297 50.312652587890625 0
      vertex 14.767714500427246 40.832157135009766 0
      vertex 13.722289085388184 40.58311080932617 0
    endloop
  endfacet
  facet normal 0 0 -1
    outer loop
      vertex 10.72281265258789 49.932029724121094 0
      vertex 13.722289085388184 40.58311080932617 0
      vertex 13.600627899169922 40.55187225341797 0
    endloop
  endfacet
  facet normal 0 0 -1
    outer loop
      vertex 15.87695598602295 41.02246856689453 0
      vertex 13.065886497497559 50.328392028808594 0
      vertex 15.376964569091797 50.58552551269531 0
    endloop
  endfacet
  facet normal 0 0 -1
    outer loop
      vertex 14.767714500427246 40.832157135009766 0
      vertex 12.941295623779297 50.312652587890625 0
      vertex 13.065886497497559 50.328392028808594 0
    endloop
  endfacet
  facet normal 0 0 -1
    outer loop
      vertex 10.72281265258789 49.932029724121094 0
      vertex 13.600627899169922 40.55187225341797 0
      vertex 12.635454177856445 40.24800109863281 0
    endloop
  endfacet
  facet normal 0 0 -1
    outer loop
      vertex 8.631909370422363 49.43391799926758 0
      vertex 12.635454177856445 40.24800109863281 0
      vertex 12.518649101257324 40.20175552368164 0
    endloop
  endfacet
  facet normal 0 0 -1
    outer loop
      vertex 8.631909370422363 49.43391799926758 0
      vertex 12.518649101257324 40.20175552368164 0
      vertex 11.649018287658691 39.847877502441406 0
    endloop
  endfacet
  facet normal 0 0 -1
    outer loop
      vertex 6.579927444458008 48.79494857788086 0
      vertex 11.649018287658691 39.847877502441406 0
      vertex 10.888568878173828 39.449546813964844 0
    endloop
  endfacet
  facet normal 0 0 -1
    outer loop
      vertex 6.579927444458008 48.79494857788086 0
      vertex 10.888568878173828 39.449546813964844 0
      vertex 10.778511047363281 39.38904571533203 0
    endloop
  endfacet
  facet normal 0 0 -1
    outer loop
      vertex 13.722289085388184 40.58311080932617 0
      vertex 10.72281265258789 49.932029724121094 0
      vertex 12.941295623779297 50.312652587890625 0
    endloop
  endfacet
  facet normal 0 0 -1
    outer loop
      vertex 6.579927444458008 48.79494857788086 0
      vertex 10.778511047363281 39.38904571533203 0
      vertex 10.139259338378906 38.952545166015625 0
    endloop
  endfacet
  facet normal 0 0 -1
    outer loop
      vertex 6.579927444458008 48.79494857788086 0
      vertex 10.139259338378906 38.952545166015625 0
      vertex 10.037662506103516 38.87873077392578 0
    endloop
  endfacet
  facet normal 0 0 -1
    outer loop
      vertex 6.579927444458008 48.79494857788086 0
      vertex 10.037662506103516 38.87873077392578 0
      vertex 9.529699325561523 38.41095733642578 0
    endloop
  endfacet
  facet normal 0 0 -1
    outer loop
      vertex 6.579927444458008 48.79494857788086 0
      vertex 9.529699325561523 38.41095733642578 0
      vertex 9.438154220581055 38.32499313354492 0
    endloop
  endfacet
  facet normal 0 0 -1
    outer loop
      vertex 6.579927444458008 48.79494857788086 0
      vertex 9.438154220581055 38.32499313354492 0
      vertex 9.358100891113281 38.22822570800781 0
    endloop
  endfacet
  facet normal 0 0 -1
    outer loop
      vertex 6.579927444458008 48.79494857788086 0
      vertex 9.358100891113281 38.22822570800781 0
      vertex 8.989446640014648 37.73656463623047 0
    endloop
  endfacet
  facet normal 0 0 -1
    outer loop
      vertex 6.579927444458008 48.79494857788086 0
      vertex 8.989446640014648 37.73656463623047 0
      vertex 8.922152519226074 37.63052749633789 0
    endloop
  endfacet
  facet normal 0 0 -1
    outer loop
      vertex 6.579927444458008 48.79494857788086 0
      vertex 8.922152519226074 37.63052749633789 0
      vertex 8.868680000305176 37.51689147949219 0
    endloop
  endfacet
  facet normal 0 0 -1
    outer loop
      vertex 6.579927444458008 48.79494857788086 0
      vertex 8.868680000305176 37.51689147949219 0
      vertex 8.645134925842285 37.00908279418945 0
    endloop
  endfacet
  facet normal 0 0 -1
    outer loop
      vertex 12.635454177856445 40.24800109863281 0
      vertex 8.631909370422363 49.43391799926758 0
      vertex 10.72281265258789 49.932029724121094 0
    endloop
  endfacet
  facet normal 0 0 -1
    outer loop
      vertex 6.579927444458008 48.79494857788086 0
      vertex 8.645134925842285 37.00908279418945 0
      vertex 8.606327056884766 36.889644622802734 0
    endloop
  endfacet
  facet normal 0 0 -1
    outer loop
      vertex 6.579927444458008 48.79494857788086 0
      vertex 8.606327056884766 36.889644622802734 0
      vertex 8.582793235778809 36.76627731323242 0
    endloop
  endfacet
  facet normal 0 0 -1
    outer loop
      vertex 11.649018287658691 39.847877502441406 0
      vertex 8.510273933410645 49.402687072753906 0
      vertex 8.631909370422363 49.43391799926758 0
    endloop
  endfacet
  facet normal 0 0 -1
    outer loop
      vertex 6.579927444458008 48.79494857788086 0
      vertex 8.582793235778809 36.76627731323242 0
      vertex 8.507885932922363 36.25033950805664 0
    endloop
  endfacet
  facet normal 0 0 -1
    outer loop
      vertex 6.579927444458008 48.79494857788086 0
      vertex 8.507885932922363 36.25033950805664 0
      vertex 8.5 36.125 0
    endloop
  endfacet
  facet normal 0 0 -1
    outer loop
      vertex 11.649018287658691 39.847877502441406 0
      vertex 6.579927444458008 48.79494857788086 0
      vertex 8.510273933410645 49.402687072753906 0
    endloop
  endfacet
  facet normal 0 0 1
    outer loop
      vertex 1.5627899169921875 11.373025894165039 67
      vertex 2.5 10.375 67
      vertex 2.4921140670776367 10.500332832336426 67
    endloop
  endfacet
  facet normal 0 0 1
    outer loop
      vertex 9.562789916992188 2.498025894165039 67
      vertex 10.5 1.5 67
      vertex 10.492114067077637 1.6253328323364258 67
    endloop
  endfacet
  facet normal 0 0 1
    outer loop
      vertex 10.5 1.5 67
      vertex 9.562789916992188 2.498025894165039 67
      vertex 10.5 0 67
    endloop
  endfacet
  facet normal 0 0 1
    outer loop
      vertex 9.562789916992188 2.498025894165039 67
      vertex 10.492114067077637 1.6253328323364258 67
      vertex 10.468583106994629 1.7486896514892578 67
    endloop
  endfacet
  facet normal 0 0 1
    outer loop
      vertex 9.562789916992188 -0.9980258941650391 67
      vertex 10.5 0 67
      vertex 9.562789916992188 2.498025894165039 67
    endloop
  endfacet
  facet normal 0 0 1
    outer loop
      vertex 9.562789916992188 2.498025894165039 67
      vertex 10.468583106994629 1.7486896514892578 67
      vertex 10.429776191711426 1.868124008178711 67
    endloop
  endfacet
  facet normal 0 0 1
    outer loop
      vertex 10.5 0 67
      vertex 9.562789916992188 -0.9980258941650391 67
      vertex 10.492114067077637 -0.12533283233642578 67
    endloop
  endfacet
  facet normal 0 0 1
    outer loop
      vertex 9.562789916992188 2.498025894165039 67
      vertex 10.429776191711426 1.868124008178711 67
      vertex 10.376306533813477 1.9817533493041992 67
    endloop
  endfacet
  facet normal 0 0 1
    outer loop
      vertex 10.492114067077637 -0.12533283233642578 67
      vertex 9.562789916992188 -0.9980258941650391 67
      vertex 10.468583106994629 -0.2486896514892578 67
    endloop
  endfacet
  facet normal 0 0 1
    outer loop
      vertex 9.562789916992188 2.498025894165039 67
      vertex 10.376306533813477 1.9817533493041992 67
      vertex 10.309016227722168 2.087784767150879 67
    endloop
  endfacet
  facet normal 0 0 1
    outer loop
      vertex 10.468583106994629 -0.2486896514892578 67
      vertex 9.562789916992188 -0.9980258941650391 67
      vertex 10.429776191711426 -0.36812400817871094 67
    endloop
  endfacet
  facet normal 0 0 1
    outer loop
      vertex 9.562789916992188 2.498025894165039 67
      vertex 10.309016227722168 2.087784767150879 67
      vertex 10.228968620300293 2.18454647064209 67
    endloop
  endfacet
  facet normal 0 0 1
    outer loop
      vertex 10.429776191711426 -0.36812400817871094 67
      vertex 9.562789916992188 -0.9980258941650391 67
      vertex 10.376306533813477 -0.4817533493041992 67
    endloop
  endfacet
  facet normal 0 0 1
    outer loop
      vertex 9.562789916992188 2.498025894165039 67
      vertex 10.228968620300293 2.18454647064209 67
      vertex 10.137423515319824 2.270512580871582 67
    endloop
  endfacet
  facet normal 0 0 1
    outer loop
      vertex 10.376306533813477 -0.4817533493041992 67
      vertex 9.562789916992188 -0.9980258941650391 67
      vertex 10.309016227722168 -0.5877847671508789 67
    endloop
  endfacet
  facet normal 0 0 1
    outer loop
      vertex 9.562789916992188 2.498025894165039 67
      vertex 10.137423515319824 2.270512580871582 67
      vertex 10.035826683044434 2.344326972961426 67
    endloop
  endfacet
  facet normal 0 0 1
    outer loop
      vertex 10.309016227722168 -0.5877847671508789 67
      vertex 9.562789916992188 -0.9980258941650391 67
      vertex 10.228968620300293 -0.6845464706420898 67
    endloop
  endfacet
  facet normal 0 0 1
    outer loop
      vertex 9.562789916992188 2.498025894165039 67
      vertex 10.035826683044434 2.344326972961426 67
      vertex 9.92577838897705 2.4048261642456055 67
    endloop
  endfacet
  facet normal 0 0 1
    outer loop
      vertex 10.228968620300293 -0.6845464706420898 67
      vertex 9.562789916992188 -0.9980258941650391 67
      vertex 10.137423515319824 -0.770512580871582 67
    endloop
  endfacet
  facet normal 0 0 1
    outer loop
      vertex 9.562789916992188 2.498025894165039 67
      vertex 9.92577838897705 2.4048261642456055 67
      vertex 9.809016227722168 2.451056480407715 67
    endloop
  endfacet
  facet normal 0 0 1
    outer loop
      vertex 10.137423515319824 -0.770512580871582 67
      vertex 9.562789916992188 -0.9980258941650391 67
      vertex 10.035826683044434 -0.8443269729614258 67
    endloop
  endfacet
  facet normal 0 0 1
    outer loop
      vertex 9.562789916992188 2.498025894165039 67
      vertex 9.809016227722168 2.451056480407715 67
      vertex 9.68738079071045 2.4822864532470703 67
    endloop
  endfacet
  facet normal 0 0 1
    outer loop
      vertex 10.035826683044434 -0.8443269729614258 67
      vertex 9.562789916992188 -0.9980258941650391 67
      vertex 9.92577838897705 -0.9048261642456055 67
    endloop
  endfacet
  facet normal 0 0 1
    outer loop
      vertex 9.92577838897705 -0.9048261642456055 67
      vertex 9.562789916992188 -0.9980258941650391 67
      vertex 9.809016227722168 -0.9510564804077148 67
    endloop
  endfacet
  facet normal 0 0 1
    outer loop
      vertex 9.809016227722168 -0.9510564804077148 67
      vertex 9.562789916992188 -0.9980258941650391 67
      vertex 9.68738079071045 -0.9822864532470703 67
    endloop
  endfacet
  facet normal 0 0 1
    outer loop
      vertex 2.5 2.498025894165039 67
      vertex 9.562789916992188 -0.9980258941650391 67
      vertex 9.562789916992188 2.498025894165039 67
    endloop
  endfacet
  facet normal 0 0 1
    outer loop
      vertex 1.5627899169921875 11.373025894165039 67
      vertex 2.4921140670776367 10.500332832336426 67
      vertex 2.468583106994629 10.623689651489258 67
    endloop
  endfacet
  facet normal 0 0 1
    outer loop
      vertex 1.5627899169921875 11.373025894165039 67
      vertex 2.468583106994629 10.623689651489258 67
      vertex 2.429776191711426 10.743124008178711 67
    endloop
  endfacet
  facet normal 0 0 1
    outer loop
      vertex 1.5627899169921875 11.373025894165039 67
      vertex 2.429776191711426 10.743124008178711 67
      vertex 2.3763065338134766 10.8567533493042 67
    endloop
  endfacet
  facet normal 0 0 1
    outer loop
      vertex 1.5627899169921875 11.373025894165039 67
      vertex 2.3763065338134766 10.8567533493042 67
      vertex 2.309016227722168 10.962784767150879 67
    endloop
  endfacet
  facet normal 0 0 1
    outer loop
      vertex 1.5627899169921875 11.373025894165039 67
      vertex 2.309016227722168 10.962784767150879 67
      vertex 2.228968620300293 11.05954647064209 67
    endloop
  endfacet
  facet normal 0 0 1
    outer loop
      vertex 1.5627899169921875 11.373025894165039 67
      vertex 2.228968620300293 11.05954647064209 67
      vertex 2.137423515319824 11.145512580871582 67
    endloop
  endfacet
  facet normal 0 0 1
    outer loop
      vertex 1.5627899169921875 11.373025894165039 67
      vertex 2.137423515319824 11.145512580871582 67
      vertex 2.0358266830444336 11.219326972961426 67
    endloop
  endfacet
  facet normal 0 0 1
    outer loop
      vertex 1.5627899169921875 11.373025894165039 67
      vertex 2.0358266830444336 11.219326972961426 67
      vertex 1.9257783889770508 11.279826164245605 67
    endloop
  endfacet
  facet normal 0 0 1
    outer loop
      vertex 1.5627899169921875 11.373025894165039 67
      vertex 1.9257783889770508 11.279826164245605 67
      vertex 1.809016227722168 11.326056480407715 67
    endloop
  endfacet
  facet normal 0 0 1
    outer loop
      vertex 1.5627899169921875 11.373025894165039 67
      vertex 1.809016227722168 11.326056480407715 67
      vertex 1.6873807907104492 11.35728645324707 67
    endloop
  endfacet
  facet normal 0 0 1
    outer loop
      vertex 2.5 10.375 67
      vertex 1.5627899169921875 11.373025894165039 67
      vertex -1 10.375 67
    endloop
  endfacet
  facet normal 0 0 1
    outer loop
      vertex -1 10.375 67
      vertex 1.5627899169921875 11.373025894165039 67
      vertex -0.0627899169921875 11.373025894165039 67
    endloop
  endfacet
  facet normal 0 0 1
    outer loop
      vertex 2.5 2.498025894165039 67
      vertex -0.0627899169921875 -0.9980258941650391 67
      vertex 9.562789916992188 -0.9980258941650391 67
    endloop
  endfacet
  facet normal 0 0 1
    outer loop
      vertex 2.5 10.375 67
      vertex -1 10.375 67
      vertex 2.5 2.498025894165039 67
    endloop
  endfacet
  facet normal 0 0 1
    outer loop
      vertex -1 10.375 67
      vertex -0.0627899169921875 11.373025894165039 67
      vertex -0.18738079071044922 11.35728645324707 67
    endloop
  endfacet
  facet normal 0 0 1
    outer loop
      vertex -1 0 67
      vertex 2.5 2.498025894165039 67
      vertex -1 10.375 67
    endloop
  endfacet
  facet normal 0 0 1
    outer loop
      vertex -1 10.375 67
      vertex -0.18738079071044922 11.35728645324707 67
      vertex -0.30901622772216797 11.326056480407715 67
    endloop
  endfacet
  facet normal 0 0 1
    outer loop
      vertex 2.5 2.498025894165039 67
      vertex -1 0 67
      vertex -0.0627899169921875 -0.9980258941650391 67
    endloop
  endfacet
  facet normal 0 0 1
    outer loop
      vertex -1 10.375 67
      vertex -0.30901622772216797 11.326056480407715 67
      vertex -0.4257783889770508 11.279826164245605 67
    endloop
  endfacet
  facet normal 0 0 1
    outer loop
      vertex -0.0627899169921875 -0.9980258941650391 67
      vertex -1 0 67
      vertex -0.18738079071044922 -0.9822864532470703 67
    endloop
  endfacet
  facet normal 0 0 1
    outer loop
      vertex -1 10.375 67
      vertex -0.4257783889770508 11.279826164245605 67
      vertex -0.5358266830444336 11.219326972961426 67
    endloop
  endfacet
  facet normal 0 0 1
    outer loop
      vertex -0.18738079071044922 -0.9822864532470703 67
      vertex -1 0 67
      vertex -0.30901622772216797 -0.9510564804077148 67
    endloop
  endfacet
  facet normal 0 0 1
    outer loop
      vertex -1 10.375 67
      vertex -0.5358266830444336 11.219326972961426 67
      vertex -0.6374235153198242 11.145512580871582 67
    endloop
  endfacet
  facet normal 0 0 1
    outer loop
      vertex -0.30901622772216797 -0.9510564804077148 67
      vertex -1 0 67
      vertex -0.4257783889770508 -0.9048261642456055 67
    endloop
  endfacet
  facet normal 0 0 1
    outer loop
      vertex -1 10.375 67
      vertex -0.6374235153198242 11.145512580871582 67
      vertex -0.728968620300293 11.05954647064209 67
    endloop
  endfacet
  facet normal 0 0 1
    outer loop
      vertex -0.4257783889770508 -0.9048261642456055 67
      vertex -1 0 67
      vertex -0.5358266830444336 -0.8443269729614258 67
    endloop
  endfacet
  facet normal 0 0 1
    outer loop
      vertex -1 10.375 67
      vertex -0.728968620300293 11.05954647064209 67
      vertex -0.809016227722168 10.962784767150879 67
    endloop
  endfacet
  facet normal 0 0 1
    outer loop
      vertex -0.5358266830444336 -0.8443269729614258 67
      vertex -1 0 67
      vertex -0.6374235153198242 -0.770512580871582 67
    endloop
  endfacet
  facet normal 0 0 1
    outer loop
      vertex -1 10.375 67
      vertex -0.809016227722168 10.962784767150879 67
      vertex -0.8763065338134766 10.8567533493042 67
    endloop
  endfacet
  facet normal 0 0 1
    outer loop
      vertex -0.6374235153198242 -0.770512580871582 67
      vertex -1 0 67
      vertex -0.728968620300293 -0.6845464706420898 67
    endloop
  endfacet
  facet normal 0 0 1
    outer loop
      vertex -1 10.375 67
      vertex -0.8763065338134766 10.8567533493042 67
      vertex -0.9297761917114258 10.743124008178711 67
    endloop
  endfacet
  facet normal 0 0 1
    outer loop
      vertex -0.728968620300293 -0.6845464706420898 67
      vertex -1 0 67
      vertex -0.809016227722168 -0.5877847671508789 67
    endloop
  endfacet
  facet normal 0 0 1
    outer loop
      vertex -1 10.375 67
      vertex -0.9297761917114258 10.743124008178711 67
      vertex -0.9685831069946289 10.623689651489258 67
    endloop
  endfacet
  facet normal 0 0 1
    outer loop
      vertex -0.809016227722168 -0.5877847671508789 67
      vertex -1 0 67
      vertex -0.8763065338134766 -0.4817533493041992 67
    endloop
  endfacet
  facet normal 0 0 1
    outer loop
      vertex -1 10.375 67
      vertex -0.9685831069946289 10.623689651489258 67
      vertex -0.9921140670776367 10.500332832336426 67
    endloop
  endfacet
  facet normal 0 0 1
    outer loop
      vertex -0.8763065338134766 -0.4817533493041992 67
      vertex -1 0 67
      vertex -0.9297761917114258 -0.36812400817871094 67
    endloop
  endfacet
  facet normal 0 0 1
    outer loop
      vertex -0.9297761917114258 -0.36812400817871094 67
      vertex -1 0 67
      vertex -0.9685831069946289 -0.2486896514892578 67
    endloop
  endfacet
  facet normal 0 0 1
    outer loop
      vertex -0.9685831069946289 -0.2486896514892578 67
      vertex -1 0 67
      vertex -0.9921140670776367 -0.12533283233642578 67
    endloop
  endfacet
  facet normal 0.1253328673863287 -0.9921147475734453 0
    outer loop
      vertex 9.562789916992188 -0.9980258941650391 4
      vertex 9.68738079071045 -0.9822864532470703 67
      vertex 9.562789916992188 -0.9980258941650391 67
    endloop
  endfacet
  facet normal 0.1253328673863287 -0.9921147475734453 0
    outer loop
      vertex 9.68738079071045 -0.9822864532470703 67
      vertex 9.562789916992188 -0.9980258941650391 4
      vertex 9.68738079071045 -0.9822864532470703 4
    endloop
  endfacet
  facet normal 0.2486846633243531 -0.96858450236789 0
    outer loop
      vertex 9.68738079071045 -0.9822864532470703 4
      vertex 9.809016227722168 -0.9510564804077148 67
      vertex 9.68738079071045 -0.9822864532470703 67
    endloop
  endfacet
  facet normal 0.2486846633243531 -0.96858450236789 0
    outer loop
      vertex 9.809016227722168 -0.9510564804077148 67
      vertex 9.68738079071045 -0.9822864532470703 4
      vertex 9.809016227722168 -0.9510564804077148 4
    endloop
  endfacet
  facet normal 0.3681307905158208 -0.929774016131983 0
    outer loop
      vertex 9.809016227722168 -0.9510564804077148 4
      vertex 9.92577838897705 -0.9048261642456055 67
      vertex 9.809016227722168 -0.9510564804077148 67
    endloop
  endfacet
  facet normal 0.3681307905158208 -0.929774016131983 0
    outer loop
      vertex 9.92577838897705 -0.9048261642456055 67
      vertex 9.809016227722168 -0.9510564804077148 4
      vertex 9.92577838897705 -0.9048261642456055 4
    endloop
  endfacet
  facet normal 0.481751409495227 -0.8763079250180054 0
    outer loop
      vertex 9.92577838897705 -0.9048261642456055 4
      vertex 10.035826683044434 -0.8443269729614258 67
      vertex 9.92577838897705 -0.9048261642456055 67
    endloop
  endfacet
  facet normal 0.481751409495227 -0.8763079250180054 0
    outer loop
      vertex 10.035826683044434 -0.8443269729614258 67
      vertex 9.92577838897705 -0.9048261642456055 4
      vertex 10.035826683044434 -0.8443269729614258 4
    endloop
  endfacet
  facet normal 0.587785110170982 -0.8090170976322358 0
    outer loop
      vertex 10.035826683044434 -0.8443269729614258 4
      vertex 10.137423515319824 -0.770512580871582 67
      vertex 10.035826683044434 -0.8443269729614258 67
    endloop
  endfacet
  facet normal 0.587785110170982 -0.8090170976322358 0
    outer loop
      vertex 10.137423515319824 -0.770512580871582 67
      vertex 10.035826683044434 -0.8443269729614258 4
      vertex 10.137423515319824 -0.770512580871582 4
    endloop
  endfacet
  facet normal 0.6845451363880445 -0.7289704769381772 0
    outer loop
      vertex 10.137423515319824 -0.770512580871582 4
      vertex 10.228968620300293 -0.6845464706420898 67
      vertex 10.137423515319824 -0.770512580871582 67
    endloop
  endfacet
  facet normal 0.6845451363880445 -0.7289704769381772 0
    outer loop
      vertex 10.228968620300293 -0.6845464706420898 67
      vertex 10.137423515319824 -0.770512580871582 4
      vertex 10.228968620300293 -0.6845464706420898 4
    endloop
  endfacet
  facet normal 0.7705157275025679 -0.6374209862180475 0
    outer loop
      vertex 10.228968620300293 -0.6845464706420898 67
      vertex 10.309016227722168 -0.5877847671508789 4
      vertex 10.309016227722168 -0.5877847671508789 67
    endloop
  endfacet
  facet normal 0.7705157275025679 -0.6374209862180475 0
    outer loop
      vertex 10.309016227722168 -0.5877847671508789 4
      vertex 10.228968620300293 -0.6845464706420898 67
      vertex 10.228968620300293 -0.6845464706420898 4
    endloop
  endfacet
  facet normal 0.8443253237982306 -0.5358308945861682 0
    outer loop
      vertex 10.309016227722168 -0.5877847671508789 67
      vertex 10.376306533813477 -0.4817533493041992 4
      vertex 10.376306533813477 -0.4817533493041992 67
    endloop
  endfacet
  facet normal 0.8443253237982306 -0.5358308945861682 0
    outer loop
      vertex 10.376306533813477 -0.4817533493041992 4
      vertex 10.309016227722168 -0.5877847671508789 67
      vertex 10.309016227722168 -0.5877847671508789 4
    endloop
  endfacet
  facet normal 0.9048278235024878 -0.4257776530253211 0
    outer loop
      vertex 10.376306533813477 -0.4817533493041992 67
      vertex 10.429776191711426 -0.36812400817871094 4
      vertex 10.429776191711426 -0.36812400817871094 67
    endloop
  endfacet
  facet normal 0.9048278235024878 -0.4257776530253211 0
    outer loop
      vertex 10.429776191711426 -0.36812400817871094 4
      vertex 10.376306533813477 -0.4817533493041992 67
      vertex 10.376306533813477 -0.4817533493041992 4
    endloop
  endfacet
  facet normal 0.9510557196934979 -0.3090194460519964 0
    outer loop
      vertex 10.429776191711426 -0.36812400817871094 67
      vertex 10.468583106994629 -0.2486896514892578 4
      vertex 10.468583106994629 -0.2486896514892578 67
    endloop
  endfacet
  facet normal 0.9510557196934979 -0.3090194460519964 0
    outer loop
      vertex 10.468583106994629 -0.2486896514892578 4
      vertex 10.429776191711426 -0.36812400817871094 67
      vertex 10.429776191711426 -0.36812400817871094 4
    endloop
  endfacet
  facet normal 0.9822881472527268 -0.18737661478104803 0
    outer loop
      vertex 10.468583106994629 -0.2486896514892578 67
      vertex 10.492114067077637 -0.12533283233642578 4
      vertex 10.492114067077637 -0.12533283233642578 67
    endloop
  endfacet
  facet normal 0.9822881472527268 -0.18737661478104803 0
    outer loop
      vertex 10.492114067077637 -0.12533283233642578 4
      vertex 10.468583106994629 -0.2486896514892578 67
      vertex 10.468583106994629 -0.2486896514892578 4
    endloop
  endfacet
  facet normal 0.9980263993243059 -0.0627957502683185 0
    outer loop
      vertex 10.492114067077637 -0.12533283233642578 67
      vertex 10.5 0 4
      vertex 10.5 0 67
    endloop
  endfacet
  facet normal 0.9980263993243059 -0.0627957502683185 0
    outer loop
      vertex 10.5 0 4
      vertex 10.492114067077637 -0.12533283233642578 67
      vertex 10.492114067077637 -0.12533283233642578 4
    endloop
  endfacet
  facet normal 1 0 0
    outer loop
      vertex 10.5 0 67
      vertex 10.5 1.5 4
      vertex 10.5 1.5 67
    endloop
  endfacet
  facet normal 1 0 0
    outer loop
      vertex 10.5 1.5 4
      vertex 10.5 0 67
      vertex 10.5 0 4
    endloop
  endfacet
  facet normal 0.9980263993243059 0.0627957502683185 0
    outer loop
      vertex 10.5 1.5 67
      vertex 10.492114067077637 1.6253328323364258 4
      vertex 10.492114067077637 1.6253328323364258 67
    endloop
  endfacet
  facet normal 0.9980263993243059 0.0627957502683185 0
    outer loop
      vertex 10.492114067077637 1.6253328323364258 4
      vertex 10.5 1.5 67
      vertex 10.5 1.5 4
    endloop
  endfacet
  facet normal 0.9822881472527268 0.18737661478104803 0
    outer loop
      vertex 10.492114067077637 1.6253328323364258 67
      vertex 10.468583106994629 1.7486896514892578 4
      vertex 10.468583106994629 1.7486896514892578 67
    endloop
  endfacet
  facet normal 0.9822881472527268 0.18737661478104803 0
    outer loop
      vertex 10.468583106994629 1.7486896514892578 4
      vertex 10.492114067077637 1.6253328323364258 67
      vertex 10.492114067077637 1.6253328323364258 4
    endloop
  endfacet
  facet normal 0.9510557196934979 0.3090194460519964 0
    outer loop
      vertex 10.468583106994629 1.7486896514892578 67
      vertex 10.429776191711426 1.868124008178711 4
      vertex 10.429776191711426 1.868124008178711 67
    endloop
  endfacet
  facet normal 0.9510557196934979 0.3090194460519964 0
    outer loop
      vertex 10.429776191711426 1.868124008178711 4
      vertex 10.468583106994629 1.7486896514892578 67
      vertex 10.468583106994629 1.7486896514892578 4
    endloop
  endfacet
  facet normal 0.9048278235024878 0.4257776530253211 0
    outer loop
      vertex 10.429776191711426 1.868124008178711 67
      vertex 10.376306533813477 1.9817533493041992 4
      vertex 10.376306533813477 1.9817533493041992 67
    endloop
  endfacet
  facet normal 0.9048278235024878 0.4257776530253211 0
    outer loop
      vertex 10.376306533813477 1.9817533493041992 4
      vertex 10.429776191711426 1.868124008178711 67
      vertex 10.429776191711426 1.868124008178711 4
    endloop
  endfacet
  facet normal 0.8443253237982306 0.5358308945861682 0
    outer loop
      vertex 10.376306533813477 1.9817533493041992 67
      vertex 10.309016227722168 2.087784767150879 4
      vertex 10.309016227722168 2.087784767150879 67
    endloop
  endfacet
  facet normal 0.8443253237982306 0.5358308945861682 0
    outer loop
      vertex 10.309016227722168 2.087784767150879 4
      vertex 10.376306533813477 1.9817533493041992 67
      vertex 10.376306533813477 1.9817533493041992 4
    endloop
  endfacet
  facet normal 0.7705157275025679 0.6374209862180475 0
    outer loop
      vertex 10.309016227722168 2.087784767150879 67
      vertex 10.228968620300293 2.18454647064209 4
      vertex 10.228968620300293 2.18454647064209 67
    endloop
  endfacet
  facet normal 0.7705157275025679 0.6374209862180475 0
    outer loop
      vertex 10.228968620300293 2.18454647064209 4
      vertex 10.309016227722168 2.087784767150879 67
      vertex 10.309016227722168 2.087784767150879 4
    endloop
  endfacet
  facet normal 0.6845451363880445 0.7289704769381772 0
    outer loop
      vertex 10.228968620300293 2.18454647064209 4
      vertex 10.137423515319824 2.270512580871582 67
      vertex 10.228968620300293 2.18454647064209 67
    endloop
  endfacet
  facet normal 0.6845451363880445 0.7289704769381772 0
    outer loop
      vertex 10.137423515319824 2.270512580871582 67
      vertex 10.228968620300293 2.18454647064209 4
      vertex 10.137423515319824 2.270512580871582 4
    endloop
  endfacet
  facet normal 0.587785110170982 0.8090170976322358 0
    outer loop
      vertex 10.137423515319824 2.270512580871582 4
      vertex 10.035826683044434 2.344326972961426 67
      vertex 10.137423515319824 2.270512580871582 67
    endloop
  endfacet
  facet normal 0.587785110170982 0.8090170976322358 0
    outer loop
      vertex 10.035826683044434 2.344326972961426 67
      vertex 10.137423515319824 2.270512580871582 4
      vertex 10.035826683044434 2.344326972961426 4
    endloop
  endfacet
  facet normal 0.481751409495227 0.8763079250180054 0
    outer loop
      vertex 10.035826683044434 2.344326972961426 4
      vertex 9.92577838897705 2.4048261642456055 67
      vertex 10.035826683044434 2.344326972961426 67
    endloop
  endfacet
  facet normal 0.481751409495227 0.8763079250180054 0
    outer loop
      vertex 9.92577838897705 2.4048261642456055 67
      vertex 10.035826683044434 2.344326972961426 4
      vertex 9.92577838897705 2.4048261642456055 4
    endloop
  endfacet
  facet normal 0.3681307905158208 0.929774016131983 0
    outer loop
      vertex 9.92577838897705 2.4048261642456055 4
      vertex 9.809016227722168 2.451056480407715 67
      vertex 9.92577838897705 2.4048261642456055 67
    endloop
  endfacet
  facet normal 0.3681307905158208 0.929774016131983 0
    outer loop
      vertex 9.809016227722168 2.451056480407715 67
      vertex 9.92577838897705 2.4048261642456055 4
      vertex 9.809016227722168 2.451056480407715 4
    endloop
  endfacet
  facet normal 0.2486846633243531 0.96858450236789 0
    outer loop
      vertex 9.809016227722168 2.451056480407715 4
      vertex 9.68738079071045 2.4822864532470703 67
      vertex 9.809016227722168 2.451056480407715 67
    endloop
  endfacet
  facet normal 0.2486846633243531 0.96858450236789 0
    outer loop
      vertex 9.68738079071045 2.4822864532470703 67
      vertex 9.809016227722168 2.451056480407715 4
      vertex 9.68738079071045 2.4822864532470703 4
    endloop
  endfacet
  facet normal 0.1253328673863287 0.9921147475734453 0
    outer loop
      vertex 9.68738079071045 2.4822864532470703 4
      vertex 9.562789916992188 2.498025894165039 67
      vertex 9.68738079071045 2.4822864532470703 67
    endloop
  endfacet
  facet normal 0.1253328673863287 0.9921147475734453 0
    outer loop
      vertex 9.562789916992188 2.498025894165039 67
      vertex 9.68738079071045 2.4822864532470703 4
      vertex 9.562789916992188 2.498025894165039 4
    endloop
  endfacet
  facet normal 0 1 0
    outer loop
      vertex 9.562789916992188 2.498025894165039 4
      vertex 2.5 2.498025894165039 67
      vertex 9.562789916992188 2.498025894165039 67
    endloop
  endfacet
  facet normal 0 1 0
    outer loop
      vertex 2.5 2.498025894165039 67
      vertex 9.562789916992188 2.498025894165039 4
      vertex 2.5 2.498025894165039 4
    endloop
  endfacet
  facet normal -0.9980263993243059 0.0627957502683185 0
    outer loop
      vertex -1 10.375 4
      vertex -0.9921140670776367 10.500332832336426 67
      vertex -0.9921140670776367 10.500332832336426 4
    endloop
  endfacet
  facet normal -0.9980263993243059 0.0627957502683185 0
    outer loop
      vertex -0.9921140670776367 10.500332832336426 67
      vertex -1 10.375 4
      vertex -1 10.375 67
    endloop
  endfacet
  facet normal -0.9822881472527268 0.18737661478104803 0
    outer loop
      vertex -0.9921140670776367 10.500332832336426 4
      vertex -0.9685831069946289 10.623689651489258 67
      vertex -0.9685831069946289 10.623689651489258 4
    endloop
  endfacet
  facet normal -0.9822881472527268 0.18737661478104803 0
    outer loop
      vertex -0.9685831069946289 10.623689651489258 67
      vertex -0.9921140670776367 10.500332832336426 4
      vertex -0.9921140670776367 10.500332832336426 67
    endloop
  endfacet
  facet normal -0.9510557196934979 0.3090194460519964 0
    outer loop
      vertex -0.9685831069946289 10.623689651489258 4
      vertex -0.9297761917114258 10.743124008178711 67
      vertex -0.9297761917114258 10.743124008178711 4
    endloop
  endfacet
  facet normal -0.9510557196934979 0.3090194460519964 0
    outer loop
      vertex -0.9297761917114258 10.743124008178711 67
      vertex -0.9685831069946289 10.623689651489258 4
      vertex -0.9685831069946289 10.623689651489258 67
    endloop
  endfacet
  facet normal -0.9048278235024878 0.4257776530253211 0
    outer loop
      vertex -0.9297761917114258 10.743124008178711 4
      vertex -0.8763065338134766 10.8567533493042 67
      vertex -0.8763065338134766 10.8567533493042 4
    endloop
  endfacet
  facet normal -0.9048278235024878 0.4257776530253211 0
    outer loop
      vertex -0.8763065338134766 10.8567533493042 67
      vertex -0.9297761917114258 10.743124008178711 4
      vertex -0.9297761917114258 10.743124008178711 67
    endloop
  endfacet
  facet normal -0.8443253237982306 0.5358308945861682 0
    outer loop
      vertex -0.8763065338134766 10.8567533493042 4
      vertex -0.809016227722168 10.962784767150879 67
      vertex -0.809016227722168 10.962784767150879 4
    endloop
  endfacet
  facet normal -0.8443253237982306 0.5358308945861682 0
    outer loop
      vertex -0.809016227722168 10.962784767150879 67
      vertex -0.8763065338134766 10.8567533493042 4
      vertex -0.8763065338134766 10.8567533493042 67
    endloop
  endfacet
  facet normal -0.7705157275025679 0.6374209862180475 0
    outer loop
      vertex -0.809016227722168 10.962784767150879 4
      vertex -0.728968620300293 11.05954647064209 67
      vertex -0.728968620300293 11.05954647064209 4
    endloop
  endfacet
  facet normal -0.7705157275025679 0.6374209862180475 0
    outer loop
      vertex -0.728968620300293 11.05954647064209 67
      vertex -0.809016227722168 10.962784767150879 4
      vertex -0.809016227722168 10.962784767150879 67
    endloop
  endfacet
  facet normal -0.6845451363880445 0.7289704769381772 0
    outer loop
      vertex -0.6374235153198242 11.145512580871582 4
      vertex -0.728968620300293 11.05954647064209 67
      vertex -0.6374235153198242 11.145512580871582 67
    endloop
  endfacet
  facet normal -0.6845451363880445 0.7289704769381772 0
    outer loop
      vertex -0.728968620300293 11.05954647064209 67
      vertex -0.6374235153198242 11.145512580871582 4
      vertex -0.728968620300293 11.05954647064209 4
    endloop
  endfacet
  facet normal -0.587785110170982 0.8090170976322358 0
    outer loop
      vertex -0.5358266830444336 11.219326972961426 4
      vertex -0.6374235153198242 11.145512580871582 67
      vertex -0.5358266830444336 11.219326972961426 67
    endloop
  endfacet
  facet normal -0.587785110170982 0.8090170976322358 0
    outer loop
      vertex -0.6374235153198242 11.145512580871582 67
      vertex -0.5358266830444336 11.219326972961426 4
      vertex -0.6374235153198242 11.145512580871582 4
    endloop
  endfacet
  facet normal -0.481751409495227 0.8763079250180054 0
    outer loop
      vertex -0.4257783889770508 11.279826164245605 4
      vertex -0.5358266830444336 11.219326972961426 67
      vertex -0.4257783889770508 11.279826164245605 67
    endloop
  endfacet
  facet normal -0.481751409495227 0.8763079250180054 0
    outer loop
      vertex -0.5358266830444336 11.219326972961426 67
      vertex -0.4257783889770508 11.279826164245605 4
      vertex -0.5358266830444336 11.219326972961426 4
    endloop
  endfacet
  facet normal -0.3681307905158208 0.929774016131983 0
    outer loop
      vertex -0.30901622772216797 11.326056480407715 4
      vertex -0.4257783889770508 11.279826164245605 67
      vertex -0.30901622772216797 11.326056480407715 67
    endloop
  endfacet
  facet normal -0.3681307905158208 0.929774016131983 0
    outer loop
      vertex -0.4257783889770508 11.279826164245605 67
      vertex -0.30901622772216797 11.326056480407715 4
      vertex -0.4257783889770508 11.279826164245605 4
    endloop
  endfacet
  facet normal -0.2486846633243531 0.96858450236789 0
    outer loop
      vertex -0.18738079071044922 11.35728645324707 4
      vertex -0.30901622772216797 11.326056480407715 67
      vertex -0.18738079071044922 11.35728645324707 67
    endloop
  endfacet
  facet normal -0.2486846633243531 0.96858450236789 0
    outer loop
      vertex -0.30901622772216797 11.326056480407715 67
      vertex -0.18738079071044922 11.35728645324707 4
      vertex -0.30901622772216797 11.326056480407715 4
    endloop
  endfacet
  facet normal -0.1253328673863287 0.9921147475734453 0
    outer loop
      vertex -0.0627899169921875 11.373025894165039 4
      vertex -0.18738079071044922 11.35728645324707 67
      vertex -0.0627899169921875 11.373025894165039 67
    endloop
  endfacet
  facet normal -0.1253328673863287 0.9921147475734453 0
    outer loop
      vertex -0.18738079071044922 11.35728645324707 67
      vertex -0.0627899169921875 11.373025894165039 4
      vertex -0.18738079071044922 11.35728645324707 4
    endloop
  endfacet
  facet normal 1 0 0
    outer loop
      vertex 2.5 10.375 67
      vertex 2.5 6.373025894165039 4
      vertex 2.5 10.375 4
    endloop
  endfacet
  facet normal 1 0 0
    outer loop
      vertex 2.5 10.375 67
      vertex 2.5 6.1223602294921875 4
      vertex 2.5 6.373025894165039 4
    endloop
  endfacet
  facet normal 1 0 0
    outer loop
      vertex 2.5 2.498025894165039 67
      vertex 2.5 6.1223602294921875 4
      vertex 2.5 10.375 67
    endloop
  endfacet
  facet normal 1 0 0
    outer loop
      vertex 2.5 6.1223602294921875 4
      vertex 2.5 2.498025894165039 67
      vertex 2.5 5.875646591186523 4
    endloop
  endfacet
  facet normal 1 0 0
    outer loop
      vertex 2.5 5.875646591186523 4
      vertex 2.5 2.498025894165039 67
      vertex 2.5 5.636776924133301 4
    endloop
  endfacet
  facet normal 1 0 0
    outer loop
      vertex 2.5 5.636776924133301 4
      vertex 2.5 2.498025894165039 67
      vertex 2.5 5.409519195556641 4
    endloop
  endfacet
  facet normal 1 0 0
    outer loop
      vertex 2.5 5.409519195556641 4
      vertex 2.5 2.498025894165039 67
      vertex 2.5 5.197455406188965 4
    endloop
  endfacet
  facet normal 1 0 0
    outer loop
      vertex 2.5 5.197455406188965 4
      vertex 2.5 2.498025894165039 67
      vertex 2.5 5.003931999206543 4
    endloop
  endfacet
  facet normal 1 0 0
    outer loop
      vertex 2.5 5.003931999206543 4
      vertex 2.5 2.498025894165039 67
      vertex 2.5 4.831999778747559 4
    endloop
  endfacet
  facet normal 1 0 0
    outer loop
      vertex 2.5 4.831999778747559 4
      vertex 2.5 2.498025894165039 67
      vertex 2.5 4.684370994567871 4
    endloop
  endfacet
  facet normal 1 0 0
    outer loop
      vertex 2.5 4.684370994567871 4
      vertex 2.5 2.498025894165039 67
      vertex 2.5 4.563372611999512 4
    endloop
  endfacet
  facet normal 1 0 0
    outer loop
      vertex 2.5 4.563372611999512 4
      vertex 2.5 2.498025894165039 67
      vertex 2.5 4.470912933349609 4
    endloop
  endfacet
  facet normal 1 0 0
    outer loop
      vertex 2.5 4.470912933349609 4
      vertex 2.5 2.498025894165039 67
      vertex 2.5 4.408452033996582 4
    endloop
  endfacet
  facet normal 1 0 0
    outer loop
      vertex 2.5 4.408452033996582 4
      vertex 2.5 2.498025894165039 67
      vertex 2.5 4.376974105834961 4
    endloop
  endfacet
  facet normal 1 0 0
    outer loop
      vertex 2.5 4.376974105834961 4
      vertex 2.5 2.498025894165039 67
      vertex 2.5 4.3769731521606445 4
    endloop
  endfacet
  facet normal 1 0 0
    outer loop
      vertex 2.5 4.3769731521606445 4
      vertex 2.5 2.498025894165039 67
      vertex 2.5 4.126308441162109 4
    endloop
  endfacet
  facet normal 1 0 0
    outer loop
      vertex 2.5 4.126308441162109 4
      vertex 2.5 2.498025894165039 67
      vertex 2.5 3.8795948028564453 4
    endloop
  endfacet
  facet normal 1 0 0
    outer loop
      vertex 2.5 3.8795948028564453 4
      vertex 2.5 2.498025894165039 67
      vertex 2.5 3.6407251358032227 4
    endloop
  endfacet
  facet normal 1 0 0
    outer loop
      vertex 2.5 3.6407251358032227 4
      vertex 2.5 2.498025894165039 67
      vertex 2.5 3.4134674072265625 4
    endloop
  endfacet
  facet normal 1 0 0
    outer loop
      vertex 2.5 3.4134674072265625 4
      vertex 2.5 2.498025894165039 67
      vertex 2.5 3.2014036178588867 4
    endloop
  endfacet
  facet normal 1 0 0
    outer loop
      vertex 2.5 3.2014036178588867 4
      vertex 2.5 2.498025894165039 67
      vertex 2.5 3.007880210876465 4
    endloop
  endfacet
  facet normal 1 0 0
    outer loop
      vertex 2.5 3.007880210876465 4
      vertex 2.5 2.498025894165039 67
      vertex 2.5 2.8359479904174805 4
    endloop
  endfacet
  facet normal 1 0 0
    outer loop
      vertex 2.5 2.8359479904174805 4
      vertex 2.5 2.498025894165039 67
      vertex 2.5 2.688319206237793 4
    endloop
  endfacet
  facet normal 1 0 0
    outer loop
      vertex 2.5 2.688319206237793 4
      vertex 2.5 2.498025894165039 67
      vertex 2.5 2.5673208236694336 4
    endloop
  endfacet
  facet normal 1 0 0
    outer loop
      vertex 2.5 2.5673208236694336 4
      vertex 2.5 2.498025894165039 67
      vertex 2.5 2.498025894165039 4
    endloop
  endfacet
  facet normal 0.9980263993243059 0.0627957502683185 0
    outer loop
      vertex 2.5 10.375 67
      vertex 2.4921140670776367 10.500332832336426 4
      vertex 2.4921140670776367 10.500332832336426 67
    endloop
  endfacet
  facet normal 0.9980263993243059 0.0627957502683185 0
    outer loop
      vertex 2.4921140670776367 10.500332832336426 4
      vertex 2.5 10.375 67
      vertex 2.5 10.375 4
    endloop
  endfacet
  facet normal 0.9822881472527268 0.18737661478104803 0
    outer loop
      vertex 2.4921140670776367 10.500332832336426 67
      vertex 2.468583106994629 10.623689651489258 4
      vertex 2.468583106994629 10.623689651489258 67
    endloop
  endfacet
  facet normal 0.9822881472527268 0.18737661478104803 0
    outer loop
      vertex 2.468583106994629 10.623689651489258 4
      vertex 2.4921140670776367 10.500332832336426 67
      vertex 2.4921140670776367 10.500332832336426 4
    endloop
  endfacet
  facet normal 0.9510557196934979 0.3090194460519964 0
    outer loop
      vertex 2.468583106994629 10.623689651489258 67
      vertex 2.429776191711426 10.743124008178711 4
      vertex 2.429776191711426 10.743124008178711 67
    endloop
  endfacet
  facet normal 0.9510557196934979 0.3090194460519964 0
    outer loop
      vertex 2.429776191711426 10.743124008178711 4
      vertex 2.468583106994629 10.623689651489258 67
      vertex 2.468583106994629 10.623689651489258 4
    endloop
  endfacet
  facet normal 0.9048278235024878 0.4257776530253211 0
    outer loop
      vertex 2.429776191711426 10.743124008178711 67
      vertex 2.3763065338134766 10.8567533493042 4
      vertex 2.3763065338134766 10.8567533493042 67
    endloop
  endfacet
  facet normal 0.9048278235024878 0.4257776530253211 0
    outer loop
      vertex 2.3763065338134766 10.8567533493042 4
      vertex 2.429776191711426 10.743124008178711 67
      vertex 2.429776191711426 10.743124008178711 4
    endloop
  endfacet
  facet normal 0.8443253237982306 0.5358308945861682 0
    outer loop
      vertex 2.3763065338134766 10.8567533493042 67
      vertex 2.309016227722168 10.962784767150879 4
      vertex 2.309016227722168 10.962784767150879 67
    endloop
  endfacet
  facet normal 0.8443253237982306 0.5358308945861682 0
    outer loop
      vertex 2.309016227722168 10.962784767150879 4
      vertex 2.3763065338134766 10.8567533493042 67
      vertex 2.3763065338134766 10.8567533493042 4
    endloop
  endfacet
  facet normal 0.7705157275025679 0.6374209862180475 0
    outer loop
      vertex 2.309016227722168 10.962784767150879 67
      vertex 2.228968620300293 11.05954647064209 4
      vertex 2.228968620300293 11.05954647064209 67
    endloop
  endfacet
  facet normal 0.7705157275025679 0.6374209862180475 0
    outer loop
      vertex 2.228968620300293 11.05954647064209 4
      vertex 2.309016227722168 10.962784767150879 67
      vertex 2.309016227722168 10.962784767150879 4
    endloop
  endfacet
  facet normal 0.6845451363880445 0.7289704769381772 0
    outer loop
      vertex 2.228968620300293 11.05954647064209 4
      vertex 2.137423515319824 11.145512580871582 67
      vertex 2.228968620300293 11.05954647064209 67
    endloop
  endfacet
  facet normal 0.6845451363880445 0.7289704769381772 0
    outer loop
      vertex 2.137423515319824 11.145512580871582 67
      vertex 2.228968620300293 11.05954647064209 4
      vertex 2.137423515319824 11.145512580871582 4
    endloop
  endfacet
  facet normal 0.587785110170982 0.8090170976322358 0
    outer loop
      vertex 2.137423515319824 11.145512580871582 4
      vertex 2.0358266830444336 11.219326972961426 67
      vertex 2.137423515319824 11.145512580871582 67
    endloop
  endfacet
  facet normal 0.587785110170982 0.8090170976322358 0
    outer loop
      vertex 2.0358266830444336 11.219326972961426 67
      vertex 2.137423515319824 11.145512580871582 4
      vertex 2.0358266830444336 11.219326972961426 4
    endloop
  endfacet
  facet normal 0.481751409495227 0.8763079250180054 0
    outer loop
      vertex 2.0358266830444336 11.219326972961426 4
      vertex 1.9257783889770508 11.279826164245605 67
      vertex 2.0358266830444336 11.219326972961426 67
    endloop
  endfacet
  facet normal 0.481751409495227 0.8763079250180054 0
    outer loop
      vertex 1.9257783889770508 11.279826164245605 67
      vertex 2.0358266830444336 11.219326972961426 4
      vertex 1.9257783889770508 11.279826164245605 4
    endloop
  endfacet
  facet normal 0.3681307905158208 0.929774016131983 0
    outer loop
      vertex 1.9257783889770508 11.279826164245605 4
      vertex 1.809016227722168 11.326056480407715 67
      vertex 1.9257783889770508 11.279826164245605 67
    endloop
  endfacet
  facet normal 0.3681307905158208 0.929774016131983 0
    outer loop
      vertex 1.809016227722168 11.326056480407715 67
      vertex 1.9257783889770508 11.279826164245605 4
      vertex 1.809016227722168 11.326056480407715 4
    endloop
  endfacet
  facet normal 0.2486846633243531 0.96858450236789 0
    outer loop
      vertex 1.809016227722168 11.326056480407715 4
      vertex 1.6873807907104492 11.35728645324707 67
      vertex 1.809016227722168 11.326056480407715 67
    endloop
  endfacet
  facet normal 0.2486846633243531 0.96858450236789 0
    outer loop
      vertex 1.6873807907104492 11.35728645324707 67
      vertex 1.809016227722168 11.326056480407715 4
      vertex 1.6873807907104492 11.35728645324707 4
    endloop
  endfacet
  facet normal 0.1253328673863287 0.9921147475734453 0
    outer loop
      vertex 1.6873807907104492 11.35728645324707 4
      vertex 1.5627899169921875 11.373025894165039 67
      vertex 1.6873807907104492 11.35728645324707 67
    endloop
  endfacet
  facet normal 0.1253328673863287 0.9921147475734453 0
    outer loop
      vertex 1.5627899169921875 11.373025894165039 67
      vertex 1.6873807907104492 11.35728645324707 4
      vertex 1.5627899169921875 11.373025894165039 4
    endloop
  endfacet
  facet normal 0 1 0
    outer loop
      vertex 1.5627899169921875 11.373025894165039 4
      vertex -0.0627899169921875 11.373025894165039 67
      vertex 1.5627899169921875 11.373025894165039 67
    endloop
  endfacet
  facet normal 0 1 0
    outer loop
      vertex -0.0627899169921875 11.373025894165039 67
      vertex 1.5627899169921875 11.373025894165039 4
      vertex -0.0627899169921875 11.373025894165039 4
    endloop
  endfacet
  facet normal 0.12533290712368503 0.9921147425534638 0
    outer loop
      vertex 9.437209129333496 4.3769731521606445 0
      vertex 9.3126220703125 4.392712116241455 4
      vertex 9.437209129333496 4.3769731521606445 4
    endloop
  endfacet
  facet normal 0.12533290712368503 0.9921147425534638 0
    outer loop
      vertex 9.3126220703125 4.392712116241455 4
      vertex 9.437209129333496 4.3769731521606445 0
      vertex 9.3126220703125 4.392712116241455 0
    endloop
  endfacet
  facet normal 0.24868803307067136 0.968583637177214 0
    outer loop
      vertex 9.3126220703125 4.392712116241455 0
      vertex 9.190982818603516 4.423943519592285 4
      vertex 9.3126220703125 4.392712116241455 4
    endloop
  endfacet
  facet normal 0.24868803307067136 0.968583637177214 0
    outer loop
      vertex 9.190982818603516 4.423943519592285 4
      vertex 9.3126220703125 4.392712116241455 0
      vertex 9.190982818603516 4.423943519592285 0
    endloop
  endfacet
  facet normal 0.36812819124166324 0.9297750452733938 0
    outer loop
      vertex 9.190982818603516 4.423943519592285 0
      vertex 9.074219703674316 4.4701738357543945 4
      vertex 9.190982818603516 4.423943519592285 4
    endloop
  endfacet
  facet normal 0.36812819124166324 0.9297750452733938 0
    outer loop
      vertex 9.074219703674316 4.4701738357543945 4
      vertex 9.190982818603516 4.423943519592285 0
      vertex 9.074219703674316 4.4701738357543945 0
    endloop
  endfacet
  facet normal 0.48175198976319156 0.8763076060146949 0
    outer loop
      vertex 9.074219703674316 4.4701738357543945 0
      vertex 8.964173316955566 4.530672073364258 4
      vertex 9.074219703674316 4.4701738357543945 4
    endloop
  endfacet
  facet normal 0.48175198976319156 0.8763076060146949 0
    outer loop
      vertex 8.964173316955566 4.530672073364258 4
      vertex 9.074219703674316 4.4701738357543945 0
      vertex 8.964173316955566 4.530672073364258 0
    endloop
  endfacet
  facet normal 0.587785110170982 0.8090170976322358 0
    outer loop
      vertex 8.964173316955566 4.530672073364258 0
      vertex 8.862576484680176 4.604486465454102 4
      vertex 8.964173316955566 4.530672073364258 4
    endloop
  endfacet
  facet normal 0.587785110170982 0.8090170976322358 0
    outer loop
      vertex 8.862576484680176 4.604486465454102 4
      vertex 8.964173316955566 4.530672073364258 0
      vertex 8.862576484680176 4.604486465454102 0
    endloop
  endfacet
  facet normal 0.6845451363880445 0.7289704769381772 0
    outer loop
      vertex 8.862576484680176 4.604486465454102 0
      vertex 8.771031379699707 4.690452575683594 4
      vertex 8.862576484680176 4.604486465454102 4
    endloop
  endfacet
  facet normal 0.6845451363880445 0.7289704769381772 0
    outer loop
      vertex 8.771031379699707 4.690452575683594 4
      vertex 8.862576484680176 4.604486465454102 0
      vertex 8.771031379699707 4.690452575683594 0
    endloop
  endfacet
  facet normal 0.770514828987096 0.6374220723437387 0
    outer loop
      vertex 8.771031379699707 4.690452575683594 4
      vertex 8.690984725952148 4.78721284866333 0
      vertex 8.690984725952148 4.78721284866333 4
    endloop
  endfacet
  facet normal 0.770514828987096 0.6374220723437387 0
    outer loop
      vertex 8.690984725952148 4.78721284866333 0
      vertex 8.771031379699707 4.690452575683594 4
      vertex 8.771031379699707 4.690452575683594 0
    endloop
  endfacet
  facet normal 0.8443273390032178 0.5358277191521035 0
    outer loop
      vertex 8.690984725952148 4.78721284866333 4
      vertex 8.623693466186523 4.893246650695801 0
      vertex 8.623693466186523 4.893246650695801 4
    endloop
  endfacet
  facet normal 0.8443273390032178 0.5358277191521035 0
    outer loop
      vertex 8.623693466186523 4.893246650695801 0
      vertex 8.690984725952148 4.78721284866333 4
      vertex 8.690984725952148 4.78721284866333 0
    endloop
  endfacet
  facet normal 0.9048271351458338 0.42577911586147926 0
    outer loop
      vertex 8.623693466186523 4.893246650695801 4
      vertex 8.570223808288574 5.006875514984131 0
      vertex 8.570223808288574 5.006875514984131 4
    endloop
  endfacet
  facet normal 0.9048271351458338 0.42577911586147926 0
    outer loop
      vertex 8.570223808288574 5.006875514984131 0
      vertex 8.623693466186523 4.893246650695801 4
      vertex 8.623693466186523 4.893246650695801 0
    endloop
  endfacet
  facet normal 0.9510560822836838 0.309018330121711 0
    outer loop
      vertex 8.570223808288574 5.006875514984131 4
      vertex 8.531416893005371 5.126310348510742 0
      vertex 8.531416893005371 5.126310348510742 4
    endloop
  endfacet
  facet normal 0.9510560822836838 0.309018330121711 0
    outer loop
      vertex 8.531416893005371 5.126310348510742 0
      vertex 8.570223808288574 5.006875514984131 4
      vertex 8.570223808288574 5.006875514984131 0
    endloop
  endfacet
  facet normal 0.9822867494753924 0.18738394222843088 0
    outer loop
      vertex 8.531416893005371 5.126310348510742 4
      vertex 8.507884979248047 5.249667167663574 0
      vertex 8.507884979248047 5.249667167663574 4
    endloop
  endfacet
  facet normal 0.9822867494753924 0.18738394222843088 0
    outer loop
      vertex 8.507884979248047 5.249667167663574 0
      vertex 8.531416893005371 5.126310348510742 4
      vertex 8.531416893005371 5.126310348510742 0
    endloop
  endfacet
  facet normal 0.998026875232951 0.06278818609222299 0
    outer loop
      vertex 8.507884979248047 5.249667167663574 4
      vertex 8.5 5.375 0
      vertex 8.5 5.375 4
    endloop
  endfacet
  facet normal 0.998026875232951 0.06278818609222299 0
    outer loop
      vertex 8.5 5.375 0
      vertex 8.507884979248047 5.249667167663574 4
      vertex 8.507884979248047 5.249667167663574 0
    endloop
  endfacet
  facet normal 1 0 0
    outer loop
      vertex 8.5 5.375 4
      vertex 8.5 36.125 0
      vertex 8.5 36.125 4
    endloop
  endfacet
  facet normal 1 0 0
    outer loop
      vertex 8.5 36.125 0
      vertex 8.5 5.375 4
      vertex 8.5 5.375 0
    endloop
  endfacet
  facet normal 0 -1 0
    outer loop
      vertex -0.0627899169921875 30.12697410583496 4
      vertex 1.5627899169921875 30.12697410583496 67
      vertex -0.0627899169921875 30.12697410583496 67
    endloop
  endfacet
  facet normal 0 -1 0
    outer loop
      vertex 1.5627899169921875 30.12697410583496 67
      vertex -0.0627899169921875 30.12697410583496 4
      vertex 1.5627899169921875 30.12697410583496 4
    endloop
  endfacet
  facet normal -0.1253328673863287 -0.9921147475734453 0
    outer loop
      vertex -0.18738079071044922 30.14271354675293 4
      vertex -0.0627899169921875 30.12697410583496 67
      vertex -0.18738079071044922 30.14271354675293 67
    endloop
  endfacet
  facet normal -0.1253328673863287 -0.9921147475734453 0
    outer loop
      vertex -0.0627899169921875 30.12697410583496 67
      vertex -0.18738079071044922 30.14271354675293 4
      vertex -0.0627899169921875 30.12697410583496 4
    endloop
  endfacet
  facet normal -0.24867753883494803 -0.9685863315569723 0
    outer loop
      vertex -0.30901622772216797 30.17394256591797 4
      vertex -0.18738079071044922 30.14271354675293 67
      vertex -0.30901622772216797 30.17394256591797 67
    endloop
  endfacet
  facet normal -0.24867753883494803 -0.9685863315569723 0
    outer loop
      vertex -0.18738079071044922 30.14271354675293 67
      vertex -0.30901622772216797 30.17394256591797 4
      vertex -0.18738079071044922 30.14271354675293 4
    endloop
  endfacet
  facet normal -0.3681307905158208 -0.929774016131983 0
    outer loop
      vertex -0.4257783889770508 30.220172882080078 4
      vertex -0.30901622772216797 30.17394256591797 67
      vertex -0.4257783889770508 30.220172882080078 67
    endloop
  endfacet
  facet normal -0.3681307905158208 -0.929774016131983 0
    outer loop
      vertex -0.30901622772216797 30.17394256591797 67
      vertex -0.4257783889770508 30.220172882080078 4
      vertex -0.30901622772216797 30.17394256591797 4
    endloop
  endfacet
  facet normal -0.48176307254742023 -0.8763015131389819 0
    outer loop
      vertex -0.5358266830444336 30.28067398071289 4
      vertex -0.4257783889770508 30.220172882080078 67
      vertex -0.5358266830444336 30.28067398071289 67
    endloop
  endfacet
  facet normal -0.48176307254742023 -0.8763015131389819 0
    outer loop
      vertex -0.4257783889770508 30.220172882080078 67
      vertex -0.5358266830444336 30.28067398071289 4
      vertex -0.4257783889770508 30.220172882080078 4
    endloop
  endfacet
  facet normal -0.587785110170982 -0.8090170976322358 0
    outer loop
      vertex -0.6374235153198242 30.354488372802734 4
      vertex -0.5358266830444336 30.28067398071289 67
      vertex -0.6374235153198242 30.354488372802734 67
    endloop
  endfacet
  facet normal -0.587785110170982 -0.8090170976322358 0
    outer loop
      vertex -0.5358266830444336 30.28067398071289 67
      vertex -0.6374235153198242 30.354488372802734 4
      vertex -0.5358266830444336 30.28067398071289 4
    endloop
  endfacet
  facet normal -0.6845370653099768 -0.7289780560598546 0
    outer loop
      vertex -0.728968620300293 30.440452575683594 4
      vertex -0.6374235153198242 30.354488372802734 67
      vertex -0.728968620300293 30.440452575683594 67
    endloop
  endfacet
  facet normal -0.6845370653099768 -0.7289780560598546 0
    outer loop
      vertex -0.6374235153198242 30.354488372802734 67
      vertex -0.728968620300293 30.440452575683594 4
      vertex -0.6374235153198242 30.354488372802734 4
    endloop
  endfacet
  facet normal -0.7705218984688987 -0.637413526668429 0
    outer loop
      vertex -0.728968620300293 30.440452575683594 4
      vertex -0.809016227722168 30.537216186523438 67
      vertex -0.809016227722168 30.537216186523438 4
    endloop
  endfacet
  facet normal -0.7705218984688987 -0.637413526668429 0
    outer loop
      vertex -0.809016227722168 30.537216186523438 67
      vertex -0.728968620300293 30.440452575683594 4
      vertex -0.728968620300293 30.440452575683594 67
    endloop
  endfacet
  facet normal -0.8443209629679636 -0.5358377660195768 0
    outer loop
      vertex -0.809016227722168 30.537216186523438 4
      vertex -0.8763065338134766 30.643245697021484 67
      vertex -0.8763065338134766 30.643245697021484 4
    endloop
  endfacet
  facet normal -0.8443209629679636 -0.5358377660195768 0
    outer loop
      vertex -0.8763065338134766 30.643245697021484 67
      vertex -0.809016227722168 30.537216186523438 4
      vertex -0.809016227722168 30.537216186523438 67
    endloop
  endfacet
  facet normal -0.9048292001945114 -0.42577472737982097 0
    outer loop
      vertex -0.8763065338134766 30.643245697021484 4
      vertex -0.9297761917114258 30.75687599182129 67
      vertex -0.9297761917114258 30.75687599182129 4
    endloop
  endfacet
  facet normal -0.9048292001945114 -0.42577472737982097 0
    outer loop
      vertex -0.9297761917114258 30.75687599182129 67
      vertex -0.8763065338134766 30.643245697021484 4
      vertex -0.8763065338134766 30.643245697021484 67
    endloop
  endfacet
  facet normal -0.9510557196934979 -0.3090194460519964 0
    outer loop
      vertex -0.9297761917114258 30.75687599182129 4
      vertex -0.9685831069946289 30.876310348510742 67
      vertex -0.9685831069946289 30.876310348510742 4
    endloop
  endfacet
  facet normal -0.9510557196934979 -0.3090194460519964 0
    outer loop
      vertex -0.9685831069946289 30.876310348510742 67
      vertex -0.9297761917114258 30.75687599182129 4
      vertex -0.9297761917114258 30.75687599182129 67
    endloop
  endfacet
  facet normal -0.9822884138782655 -0.18737521703929125 0
    outer loop
      vertex -0.9685831069946289 30.876310348510742 4
      vertex -0.9921140670776367 30.99966812133789 67
      vertex -0.9921140670776367 30.99966812133789 4
    endloop
  endfacet
  facet normal -0.9822884138782655 -0.18737521703929125 0
    outer loop
      vertex -0.9921140670776367 30.99966812133789 67
      vertex -0.9685831069946289 30.876310348510742 4
      vertex -0.9685831069946289 30.876310348510742 67
    endloop
  endfacet
  facet normal -0.998026369378038 -0.06279622620900165 0
    outer loop
      vertex -0.9921140670776367 30.99966812133789 4
      vertex -1 31.125 67
      vertex -1 31.125 4
    endloop
  endfacet
  facet normal -0.998026369378038 -0.06279622620900165 0
    outer loop
      vertex -1 31.125 67
      vertex -0.9921140670776367 30.99966812133789 4
      vertex -0.9921140670776367 30.99966812133789 67
    endloop
  endfacet
  facet normal 0 0 1
    outer loop
      vertex 9.31261920928955 49.5960807800293 67
      vertex 10.5 48.61379623413086 67
      vertex 10.492114067077637 48.73912811279297 67
    endloop
  endfacet
  facet normal 0 0 1
    outer loop
      vertex 10.5 48.61379623413086 67
      vertex 8.510273933410645 49.402687072753906 67
      vertex 10.5 46.36408615112305 67
    endloop
  endfacet
  facet normal 0 0 1
    outer loop
      vertex 9.31261920928955 49.5960807800293 67
      vertex 10.492114067077637 48.73912811279297 67
      vertex 10.468583106994629 48.862483978271484 67
    endloop
  endfacet
  facet normal 0 0 1
    outer loop
      vertex 9.809016227722168 45.413028717041016 67
      vertex 10.5 46.36408615112305 67
      vertex 8.510273933410645 49.402687072753906 67
    endloop
  endfacet
  facet normal 0 0 1
    outer loop
      vertex 9.31261920928955 49.5960807800293 67
      vertex 10.468583106994629 48.862483978271484 67
      vertex 10.429776191711426 48.98191833496094 67
    endloop
  endfacet
  facet normal 0 0 1
    outer loop
      vertex 10.5 48.61379623413086 67
      vertex 8.631909370422363 49.43391799926758 67
      vertex 8.510273933410645 49.402687072753906 67
    endloop
  endfacet
  facet normal 0 0 1
    outer loop
      vertex 9.31261920928955 49.5960807800293 67
      vertex 10.429776191711426 48.98191833496094 67
      vertex 10.376306533813477 49.095550537109375 67
    endloop
  endfacet
  facet normal 0 0 1
    outer loop
      vertex 10.5 46.36408615112305 67
      vertex 9.809016227722168 45.413028717041016 67
      vertex 10.492114067077637 46.23875427246094 67
    endloop
  endfacet
  facet normal 0 0 1
    outer loop
      vertex 9.31261920928955 49.5960807800293 67
      vertex 10.376306533813477 49.095550537109375 67
      vertex 10.309016227722168 49.20158004760742 67
    endloop
  endfacet
  facet normal 0 0 1
    outer loop
      vertex 10.492114067077637 46.23875427246094 67
      vertex 9.809016227722168 45.413028717041016 67
      vertex 10.468583106994629 46.115394592285156 67
    endloop
  endfacet
  facet normal 0 0 1
    outer loop
      vertex 9.31261920928955 49.5960807800293 67
      vertex 10.309016227722168 49.20158004760742 67
      vertex 10.228968620300293 49.298343658447266 67
    endloop
  endfacet
  facet normal 0 0 1
    outer loop
      vertex 10.468583106994629 46.115394592285156 67
      vertex 9.809016227722168 45.413028717041016 67
      vertex 10.429776191711426 45.9959602355957 67
    endloop
  endfacet
  facet normal 0 0 1
    outer loop
      vertex 9.31261920928955 49.5960807800293 67
      vertex 10.228968620300293 49.298343658447266 67
      vertex 10.137423515319824 49.384307861328125 67
    endloop
  endfacet
  facet normal 0 0 1
    outer loop
      vertex 10.429776191711426 45.9959602355957 67
      vertex 9.809016227722168 45.413028717041016 67
      vertex 10.376306533813477 45.88233184814453 67
    endloop
  endfacet
  facet normal 0 0 1
    outer loop
      vertex 9.31261920928955 49.5960807800293 67
      vertex 10.137423515319824 49.384307861328125 67
      vertex 10.035826683044434 49.45812225341797 67
    endloop
  endfacet
  facet normal 0 0 1
    outer loop
      vertex 10.376306533813477 45.88233184814453 67
      vertex 9.809016227722168 45.413028717041016 67
      vertex 10.309016227722168 45.776302337646484 67
    endloop
  endfacet
  facet normal 0 0 1
    outer loop
      vertex 9.31261920928955 49.5960807800293 67
      vertex 10.035826683044434 49.45812225341797 67
      vertex 9.92577838897705 49.51862335205078 67
    endloop
  endfacet
  facet normal 0 0 1
    outer loop
      vertex 10.309016227722168 45.776302337646484 67
      vertex 9.809016227722168 45.413028717041016 67
      vertex 10.228968620300293 45.67953872680664 67
    endloop
  endfacet
  facet normal 0 0 1
    outer loop
      vertex 9.31261920928955 49.5960807800293 67
      vertex 9.92577838897705 49.51862335205078 67
      vertex 9.809016227722168 49.56485366821289 67
    endloop
  endfacet
  facet normal 0 0 1
    outer loop
      vertex 10.228968620300293 45.67953872680664 67
      vertex 9.809016227722168 45.413028717041016 67
      vertex 10.137423515319824 45.59357452392578 67
    endloop
  endfacet
  facet normal 0 0 1
    outer loop
      vertex 9.31261920928955 49.5960807800293 67
      vertex 9.809016227722168 49.56485366821289 67
      vertex 9.68738079071045 49.5960807800293 67
    endloop
  endfacet
  facet normal 0 0 1
    outer loop
      vertex 9.31261920928955 49.5960807800293 67
      vertex 9.68738079071045 49.5960807800293 67
      vertex 9.562789916992188 49.611820220947266 67
    endloop
  endfacet
  facet normal 0 0 1
    outer loop
      vertex 9.31261920928955 49.5960807800293 67
      vertex 9.562789916992188 49.611820220947266 67
      vertex 9.437210083007812 49.611820220947266 67
    endloop
  endfacet
  facet normal 0 0 1
    outer loop
      vertex 10.5 48.61379623413086 67
      vertex 9.31261920928955 49.5960807800293 67
      vertex 8.631909370422363 49.43391799926758 67
    endloop
  endfacet
  facet normal 0 0 1
    outer loop
      vertex 10.035826683044434 45.51976013183594 67
      vertex 9.809016227722168 45.413028717041016 67
      vertex 9.92577838897705 45.459259033203125 67
    endloop
  endfacet
  facet normal 0 0 1
    outer loop
      vertex 10.137423515319824 45.59357452392578 67
      vertex 9.809016227722168 45.413028717041016 67
      vertex 10.035826683044434 45.51976013183594 67
    endloop
  endfacet
  facet normal 0 0 1
    outer loop
      vertex 8.510273933410645 49.402687072753906 67
      vertex 8.168031692504883 44.89638900756836 67
      vertex 9.809016227722168 45.413028717041016 67
    endloop
  endfacet
  facet normal 0 0 1
    outer loop
      vertex 6.579927444458008 48.79494857788086 67
      vertex 8.168031692504883 44.89638900756836 67
      vertex 8.510273933410645 49.402687072753906 67
    endloop
  endfacet
  facet normal 0 0 1
    outer loop
      vertex 6.463165283203125 48.74871826171875 67
      vertex 8.168031692504883 44.89638900756836 67
      vertex 6.579927444458008 48.79494857788086 67
    endloop
  endfacet
  facet normal 0 0 1
    outer loop
      vertex 8.168031692504883 44.89638900756836 67
      vertex 6.463165283203125 48.74871826171875 67
      vertex 6.668827056884766 44.28632354736328 67
    endloop
  endfacet
  facet normal 0 0 1
    outer loop
      vertex 4.723816871643066 48.040931701660156 67
      vertex 6.668827056884766 44.28632354736328 67
      vertex 6.463165283203125 48.74871826171875 67
    endloop
  endfacet
  facet normal 0 0 1
    outer loop
      vertex 6.668827056884766 44.28632354736328 67
      vertex 4.723816871643066 48.040931701660156 67
      vertex 5.360075950622559 43.60078430175781 67
    endloop
  endfacet
  facet normal 0 0 1
    outer loop
      vertex 3.2028980255126953 47.244258880615234 67
      vertex 5.360075950622559 43.60078430175781 67
      vertex 4.723816871643066 48.040931701660156 67
    endloop
  endfacet
  facet normal 0 0 1
    outer loop
      vertex 3.0928497314453125 47.18375778198242 67
      vertex 5.360075950622559 43.60078430175781 67
      vertex 3.2028980255126953 47.244258880615234 67
    endloop
  endfacet
  facet normal 0 0 1
    outer loop
      vertex 1.8143463134765625 46.31076431274414 67
      vertex 5.360075950622559 43.60078430175781 67
      vertex 3.0928497314453125 47.18375778198242 67
    endloop
  endfacet
  facet normal 0 0 1
    outer loop
      vertex 5.360075950622559 43.60078430175781 67
      vertex 1.8143463134765625 46.31076431274414 67
      vertex 4.283398151397705 42.865604400634766 67
    endloop
  endfacet
  facet normal 0 0 1
    outer loop
      vertex 1.7127494812011719 46.2369499206543 67
      vertex 4.283398151397705 42.865604400634766 67
      vertex 1.8143463134765625 46.31076431274414 67
    endloop
  endfacet
  facet normal 0 0 1
    outer loop
      vertex 0.6968231201171875 45.3014030456543 67
      vertex 4.283398151397705 42.865604400634766 67
      vertex 1.7127494812011719 46.2369499206543 67
    endloop
  endfacet
  facet normal 0 0 1
    outer loop
      vertex 4.283398151397705 42.865604400634766 67
      vertex 0.6968231201171875 45.3014030456543 67
      vertex 3.478062152862549 42.123985290527344 67
    endloop
  endfacet
  facet normal 0 0 1
    outer loop
      vertex -1 31.125 67
      vertex 2.5 31.125 67
      vertex 2.5 39.92898178100586 67
    endloop
  endfacet
  facet normal 0 0 1
    outer loop
      vertex 1.5627899169921875 30.12697410583496 67
      vertex 2.5 31.125 67
      vertex -1 31.125 67
    endloop
  endfacet
  facet normal 0 0 1
    outer loop
      vertex 2.5 31.125 67
      vertex 1.5627899169921875 30.12697410583496 67
      vertex 2.4921140670776367 30.99966812133789 67
    endloop
  endfacet
  facet normal 0 0 1
    outer loop
      vertex 2.4921140670776367 30.99966812133789 67
      vertex 1.5627899169921875 30.12697410583496 67
      vertex 2.468583106994629 30.876310348510742 67
    endloop
  endfacet
  facet normal 0 0 1
    outer loop
      vertex 2.468583106994629 30.876310348510742 67
      vertex 1.5627899169921875 30.12697410583496 67
      vertex 2.429776191711426 30.75687599182129 67
    endloop
  endfacet
  facet normal 0 0 1
    outer loop
      vertex 2.429776191711426 30.75687599182129 67
      vertex 1.5627899169921875 30.12697410583496 67
      vertex 2.3763065338134766 30.643245697021484 67
    endloop
  endfacet
  facet normal 0 0 1
    outer loop
      vertex 2.3763065338134766 30.643245697021484 67
      vertex 1.5627899169921875 30.12697410583496 67
      vertex 2.309016227722168 30.537216186523438 67
    endloop
  endfacet
  facet normal 0 0 1
    outer loop
      vertex 2.309016227722168 30.537216186523438 67
      vertex 1.5627899169921875 30.12697410583496 67
      vertex 2.228968620300293 30.440452575683594 67
    endloop
  endfacet
  facet normal 0 0 1
    outer loop
      vertex 2.228968620300293 30.440452575683594 67
      vertex 1.5627899169921875 30.12697410583496 67
      vertex 2.137423515319824 30.354488372802734 67
    endloop
  endfacet
  facet normal 0 0 1
    outer loop
      vertex 0.5252304077148438 45.118675231933594 67
      vertex 3.478062152862549 42.123985290527344 67
      vertex 0.6968231201171875 45.3014030456543 67
    endloop
  endfacet
  facet normal 0 0 1
    outer loop
      vertex -0.21209716796875 44.13533020019531 67
      vertex 3.478062152862549 42.123985290527344 67
      vertex 0.5252304077148438 45.118675231933594 67
    endloop
  endfacet
  facet normal 0 0 1
    outer loop
      vertex -1 31.125 67
      vertex 2.5 39.92898178100586 67
      vertex -1 41.5 67
    endloop
  endfacet
  facet normal 0 0 1
    outer loop
      vertex -0.3328571319580078 43.915672302246094 67
      vertex 3.478062152862549 42.123985290527344 67
      vertex -0.21209716796875 44.13533020019531 67
    endloop
  endfacet
  facet normal 0 0 1
    outer loop
      vertex 2.137423515319824 30.354488372802734 67
      vertex 1.5627899169921875 30.12697410583496 67
      vertex 2.0358266830444336 30.28067398071289 67
    endloop
  endfacet
  facet normal 0 0 1
    outer loop
      vertex 2.0358266830444336 30.28067398071289 67
      vertex 1.5627899169921875 30.12697410583496 67
      vertex 1.9257783889770508 30.220172882080078 67
    endloop
  endfacet
  facet normal 0 0 1
    outer loop
      vertex 3.478062152862549 42.123985290527344 67
      vertex -0.3328571319580078 43.915672302246094 67
      vertex 2.9170854091644287 41.375831604003906 67
    endloop
  endfacet
  facet normal 0 0 1
    outer loop
      vertex 0.5252304077148438 45.118675231933594 67
      vertex 0.6968231201171875 45.3014030456543 67
      vertex 0.6052780151367188 45.21543884277344 67
    endloop
  endfacet
  facet normal 0 0 1
    outer loop
      vertex -0.7799558639526367 42.90003204345703 67
      vertex 2.9170854091644287 41.375831604003906 67
      vertex -0.3328571319580078 43.915672302246094 67
    endloop
  endfacet
  facet normal 0 0 1
    outer loop
      vertex 1.9257783889770508 30.220172882080078 67
      vertex 1.5627899169921875 30.12697410583496 67
      vertex 1.809016227722168 30.17394256591797 67
    endloop
  endfacet
  facet normal 0 0 1
    outer loop
      vertex 1.809016227722168 30.17394256591797 67
      vertex 1.5627899169921875 30.12697410583496 67
      vertex 1.6873807907104492 30.14271354675293 67
    endloop
  endfacet
  facet normal 0 0 1
    outer loop
      vertex -0.8422937393188477 42.65724182128906 67
      vertex 2.9170854091644287 41.375831604003906 67
      vertex -0.7799558639526367 42.90003204345703 67
    endloop
  endfacet
  facet normal 0 0 1
    outer loop
      vertex -0.3328571319580078 43.915672302246094 67
      vertex -0.21209716796875 44.13533020019531 67
      vertex -0.2793874740600586 44.029300689697266 67
    endloop
  endfacet
  facet normal 0 0 1
    outer loop
      vertex 1.5627899169921875 30.12697410583496 67
      vertex -1 31.125 67
      vertex -0.0627899169921875 30.12697410583496 67
    endloop
  endfacet
  facet normal 0 0 1
    outer loop
      vertex -0.9921140670776367 41.62533187866211 67
      vertex 2.9170854091644287 41.375831604003906 67
      vertex -0.8422937393188477 42.65724182128906 67
    endloop
  endfacet
  facet normal 0 0 1
    outer loop
      vertex -0.0627899169921875 30.12697410583496 67
      vertex -1 31.125 67
      vertex -0.18738079071044922 30.14271354675293 67
    endloop
  endfacet
  facet normal 0 0 1
    outer loop
      vertex -0.18738079071044922 30.14271354675293 67
      vertex -1 31.125 67
      vertex -0.30901622772216797 30.17394256591797 67
    endloop
  endfacet
  facet normal 0 0 1
    outer loop
      vertex -0.30901622772216797 30.17394256591797 67
      vertex -1 31.125 67
      vertex -0.4257783889770508 30.220172882080078 67
    endloop
  endfacet
  facet normal 0 0 1
    outer loop
      vertex -0.4257783889770508 30.220172882080078 67
      vertex -1 31.125 67
      vertex -0.5358266830444336 30.28067398071289 67
    endloop
  endfacet
  facet normal 0 0 1
    outer loop
      vertex 2.9170854091644287 41.375831604003906 67
      vertex -0.9921140670776367 41.62533187866211 67
      vertex 2.6081860065460205 40.67413330078125 67
    endloop
  endfacet
  facet normal 0 0 1
    outer loop
      vertex -0.5358266830444336 30.28067398071289 67
      vertex -1 31.125 67
      vertex -0.6374235153198242 30.354488372802734 67
    endloop
  endfacet
  facet normal 0 0 1
    outer loop
      vertex -0.8422937393188477 42.65724182128906 67
      vertex -0.7799558639526367 42.90003204345703 67
      vertex -0.8187627792358398 42.780601501464844 67
    endloop
  endfacet
  facet normal 0 0 1
    outer loop
      vertex -1 41.5 67
      vertex 2.6081860065460205 40.67413330078125 67
      vertex -0.9921140670776367 41.62533187866211 67
    endloop
  endfacet
  facet normal 0 0 1
    outer loop
      vertex -0.6374235153198242 30.354488372802734 67
      vertex -1 31.125 67
      vertex -0.728968620300293 30.440452575683594 67
    endloop
  endfacet
  facet normal 0 0 1
    outer loop
      vertex -0.728968620300293 30.440452575683594 67
      vertex -1 31.125 67
      vertex -0.809016227722168 30.537216186523438 67
    endloop
  endfacet
  facet normal 0 0 1
    outer loop
      vertex -0.809016227722168 30.537216186523438 67
      vertex -1 31.125 67
      vertex -0.8763065338134766 30.643245697021484 67
    endloop
  endfacet
  facet normal 0 0 1
    outer loop
      vertex 2.6081860065460205 40.67413330078125 67
      vertex -1 41.5 67
      vertex 2.5 39.92898178100586 67
    endloop
  endfacet
  facet normal 0 0 1
    outer loop
      vertex -0.8763065338134766 30.643245697021484 67
      vertex -1 31.125 67
      vertex -0.9297761917114258 30.75687599182129 67
    endloop
  endfacet
  facet normal 0 0 1
    outer loop
      vertex -0.9297761917114258 30.75687599182129 67
      vertex -1 31.125 67
      vertex -0.9685831069946289 30.876310348510742 67
    endloop
  endfacet
  facet normal 0 0 1
    outer loop
      vertex -0.9685831069946289 30.876310348510742 67
      vertex -1 31.125 67
      vertex -0.9921140670776367 30.99966812133789 67
    endloop
  endfacet
  facet normal 0.1253328673863287 -0.9921147475734453 0
    outer loop
      vertex 1.5627899169921875 30.12697410583496 4
      vertex 1.6873807907104492 30.14271354675293 67
      vertex 1.5627899169921875 30.12697410583496 67
    endloop
  endfacet
  facet normal 0.1253328673863287 -0.9921147475734453 0
    outer loop
      vertex 1.6873807907104492 30.14271354675293 67
      vertex 1.5627899169921875 30.12697410583496 4
      vertex 1.6873807907104492 30.14271354675293 4
    endloop
  endfacet
  facet normal 0.24867753883494803 -0.9685863315569723 0
    outer loop
      vertex 1.6873807907104492 30.14271354675293 4
      vertex 1.809016227722168 30.17394256591797 67
      vertex 1.6873807907104492 30.14271354675293 67
    endloop
  endfacet
  facet normal 0.24867753883494803 -0.9685863315569723 0
    outer loop
      vertex 1.809016227722168 30.17394256591797 67
      vertex 1.6873807907104492 30.14271354675293 4
      vertex 1.809016227722168 30.17394256591797 4
    endloop
  endfacet
  facet normal 0.3681307905158208 -0.929774016131983 0
    outer loop
      vertex 1.809016227722168 30.17394256591797 4
      vertex 1.9257783889770508 30.220172882080078 67
      vertex 1.809016227722168 30.17394256591797 67
    endloop
  endfacet
  facet normal 0.3681307905158208 -0.929774016131983 0
    outer loop
      vertex 1.9257783889770508 30.220172882080078 67
      vertex 1.809016227722168 30.17394256591797 4
      vertex 1.9257783889770508 30.220172882080078 4
    endloop
  endfacet
  facet normal 0.48176307254742023 -0.8763015131389819 0
    outer loop
      vertex 1.9257783889770508 30.220172882080078 4
      vertex 2.0358266830444336 30.28067398071289 67
      vertex 1.9257783889770508 30.220172882080078 67
    endloop
  endfacet
  facet normal 0.48176307254742023 -0.8763015131389819 0
    outer loop
      vertex 2.0358266830444336 30.28067398071289 67
      vertex 1.9257783889770508 30.220172882080078 4
      vertex 2.0358266830444336 30.28067398071289 4
    endloop
  endfacet
  facet normal 0.587785110170982 -0.8090170976322358 0
    outer loop
      vertex 2.0358266830444336 30.28067398071289 4
      vertex 2.137423515319824 30.354488372802734 67
      vertex 2.0358266830444336 30.28067398071289 67
    endloop
  endfacet
  facet normal 0.587785110170982 -0.8090170976322358 0
    outer loop
      vertex 2.137423515319824 30.354488372802734 67
      vertex 2.0358266830444336 30.28067398071289 4
      vertex 2.137423515319824 30.354488372802734 4
    endloop
  endfacet
  facet normal 0.6845370653099768 -0.7289780560598546 0
    outer loop
      vertex 2.137423515319824 30.354488372802734 4
      vertex 2.228968620300293 30.440452575683594 67
      vertex 2.137423515319824 30.354488372802734 67
    endloop
  endfacet
  facet normal 0.6845370653099768 -0.7289780560598546 0
    outer loop
      vertex 2.228968620300293 30.440452575683594 67
      vertex 2.137423515319824 30.354488372802734 4
      vertex 2.228968620300293 30.440452575683594 4
    endloop
  endfacet
  facet normal 0.7705218984688987 -0.637413526668429 0
    outer loop
      vertex 2.228968620300293 30.440452575683594 67
      vertex 2.309016227722168 30.537216186523438 4
      vertex 2.309016227722168 30.537216186523438 67
    endloop
  endfacet
  facet normal 0.7705218984688987 -0.637413526668429 0
    outer loop
      vertex 2.309016227722168 30.537216186523438 4
      vertex 2.228968620300293 30.440452575683594 67
      vertex 2.228968620300293 30.440452575683594 4
    endloop
  endfacet
  facet normal 0.8443209629679636 -0.5358377660195768 0
    outer loop
      vertex 2.309016227722168 30.537216186523438 67
      vertex 2.3763065338134766 30.643245697021484 4
      vertex 2.3763065338134766 30.643245697021484 67
    endloop
  endfacet
  facet normal 0.8443209629679636 -0.5358377660195768 0
    outer loop
      vertex 2.3763065338134766 30.643245697021484 4
      vertex 2.309016227722168 30.537216186523438 67
      vertex 2.309016227722168 30.537216186523438 4
    endloop
  endfacet
  facet normal 0.9048292001945114 -0.42577472737982097 0
    outer loop
      vertex 2.3763065338134766 30.643245697021484 67
      vertex 2.429776191711426 30.75687599182129 4
      vertex 2.429776191711426 30.75687599182129 67
    endloop
  endfacet
  facet normal 0.9048292001945114 -0.42577472737982097 0
    outer loop
      vertex 2.429776191711426 30.75687599182129 4
      vertex 2.3763065338134766 30.643245697021484 67
      vertex 2.3763065338134766 30.643245697021484 4
    endloop
  endfacet
  facet normal 0.9510557196934979 -0.3090194460519964 0
    outer loop
      vertex 2.429776191711426 30.75687599182129 67
      vertex 2.468583106994629 30.876310348510742 4
      vertex 2.468583106994629 30.876310348510742 67
    endloop
  endfacet
  facet normal 0.9510557196934979 -0.3090194460519964 0
    outer loop
      vertex 2.468583106994629 30.876310348510742 4
      vertex 2.429776191711426 30.75687599182129 67
      vertex 2.429776191711426 30.75687599182129 4
    endloop
  endfacet
  facet normal 0.9822884138782655 -0.18737521703929125 0
    outer loop
      vertex 2.468583106994629 30.876310348510742 67
      vertex 2.4921140670776367 30.99966812133789 4
      vertex 2.4921140670776367 30.99966812133789 67
    endloop
  endfacet
  facet normal 0.9822884138782655 -0.18737521703929125 0
    outer loop
      vertex 2.4921140670776367 30.99966812133789 4
      vertex 2.468583106994629 30.876310348510742 67
      vertex 2.468583106994629 30.876310348510742 4
    endloop
  endfacet
  facet normal 0.998026369378038 -0.06279622620900165 0
    outer loop
      vertex 2.4921140670776367 30.99966812133789 67
      vertex 2.5 31.125 4
      vertex 2.5 31.125 67
    endloop
  endfacet
  facet normal 0.998026369378038 -0.06279622620900165 0
    outer loop
      vertex 2.5 31.125 4
      vertex 2.4921140670776367 30.99966812133789 67
      vertex 2.4921140670776367 30.99966812133789 4
    endloop
  endfacet
  facet normal 1 0 0
    outer loop
      vertex 2.5 39.92898178100586 67
      vertex 2.5 39.81404113769531 4
      vertex 2.5 39.92898178100586 4
    endloop
  endfacet
  facet normal 1 0 0
    outer loop
      vertex 2.5 39.92898178100586 67
      vertex 2.5 39.754676818847656 4
      vertex 2.5 39.81404113769531 4
    endloop
  endfacet
  facet normal 1 0 0
    outer loop
      vertex 2.5 39.92898178100586 67
      vertex 2.5 39.35634231567383 4
      vertex 2.5 39.754676818847656 4
    endloop
  endfacet
  facet normal 1 0 0
    outer loop
      vertex 2.5 39.92898178100586 67
      vertex 2.5 39.32236862182617 4
      vertex 2.5 39.35634231567383 4
    endloop
  endfacet
  facet normal 1 0 0
    outer loop
      vertex 2.5 39.92898178100586 67
      vertex 2.5 39.23534393310547 4
      vertex 2.5 39.32236862182617 4
    endloop
  endfacet
  facet normal 1 0 0
    outer loop
      vertex 2.5 39.92898178100586 67
      vertex 2.5 39.11030578613281 4
      vertex 2.5 39.23534393310547 4
    endloop
  endfacet
  facet normal 1 0 0
    outer loop
      vertex 2.5 39.92898178100586 67
      vertex 2.5 38.88304901123047 4
      vertex 2.5 39.11030578613281 4
    endloop
  endfacet
  facet normal 1 0 0
    outer loop
      vertex 2.5 39.92898178100586 67
      vertex 2.5 38.79884719848633 4
      vertex 2.5 38.88304901123047 4
    endloop
  endfacet
  facet normal 1 0 0
    outer loop
      vertex 2.5 39.92898178100586 67
      vertex 2.5 38.65121841430664 4
      vertex 2.5 38.79884719848633 4
    endloop
  endfacet
  facet normal 1 0 0
    outer loop
      vertex 2.5 39.92898178100586 67
      vertex 2.5 38.37522888183594 4
      vertex 2.5 38.65121841430664 4
    endloop
  endfacet
  facet normal 1 0 0
    outer loop
      vertex 2.5 39.92898178100586 67
      vertex 2.5 38.18344497680664 4
      vertex 2.5 38.37522888183594 4
    endloop
  endfacet
  facet normal 1 0 0
    outer loop
      vertex 2.5 39.92898178100586 67
      vertex 2.5 38.13636016845703 4
      vertex 2.5 38.18344497680664 4
    endloop
  endfacet
  facet normal 1 0 0
    outer loop
      vertex 2.5 39.92898178100586 67
      vertex 2.5 38.011512756347656 4
      vertex 2.5 38.13636016845703 4
    endloop
  endfacet
  facet normal 1 0 0
    outer loop
      vertex 2.5 39.92898178100586 67
      vertex 2.5 37.8896484375 4
      vertex 2.5 38.011512756347656 4
    endloop
  endfacet
  facet normal 1 0 0
    outer loop
      vertex 2.5 39.92898178100586 67
      vertex 2.5 37.817989349365234 4
      vertex 2.5 37.8896484375 4
    endloop
  endfacet
  facet normal 1 0 0
    outer loop
      vertex 2.5 39.92898178100586 67
      vertex 2.5 37.37369155883789 4
      vertex 2.5 37.817989349365234 4
    endloop
  endfacet
  facet normal 1 0 0
    outer loop
      vertex 2.5 39.92898178100586 67
      vertex 2.5 37.326316833496094 4
      vertex 2.5 37.37369155883789 4
    endloop
  endfacet
  facet normal 1 0 0
    outer loop
      vertex 2.5 39.92898178100586 67
      vertex 2.5 37.123023986816406 4
      vertex 2.5 37.326316833496094 4
    endloop
  endfacet
  facet normal 1 0 0
    outer loop
      vertex 2.5 39.92898178100586 67
      vertex 2.5 37.114253997802734 4
      vertex 2.5 37.123023986816406 4
    endloop
  endfacet
  facet normal 1 0 0
    outer loop
      vertex 2.5 39.92898178100586 67
      vertex 2.5 36.88699722290039 4
      vertex 2.5 37.114253997802734 4
    endloop
  endfacet
  facet normal 1 0 0
    outer loop
      vertex 2.5 39.92898178100586 67
      vertex 2.5 36.37917709350586 4
      vertex 2.5 36.88699722290039 4
    endloop
  endfacet
  facet normal 1 0 0
    outer loop
      vertex 2.5 39.92898178100586 67
      vertex 2.5 36.14030838012695 4
      vertex 2.5 36.37917709350586 4
    endloop
  endfacet
  facet normal 1 0 0
    outer loop
      vertex 2.5 39.92898178100586 67
      vertex 2.5 35.893592834472656 4
      vertex 2.5 36.14030838012695 4
    endloop
  endfacet
  facet normal 1 0 0
    outer loop
      vertex 2.5 39.92898178100586 67
      vertex 2.5 35.37763977050781 4
      vertex 2.5 35.893592834472656 4
    endloop
  endfacet
  facet normal 1 0 0
    outer loop
      vertex 2.5 39.92898178100586 67
      vertex 2.5 35.126976013183594 4
      vertex 2.5 35.37763977050781 4
    endloop
  endfacet
  facet normal 1 0 0
    outer loop
      vertex 2.5 31.125 67
      vertex 2.5 35.126976013183594 4
      vertex 2.5 39.92898178100586 67
    endloop
  endfacet
  facet normal 1 0 0
    outer loop
      vertex 2.5 35.126976013183594 4
      vertex 2.5 31.125 67
      vertex 2.5 31.125 4
    endloop
  endfacet
  facet normal 0.998026608929118 -0.06279241888513008 0
    outer loop
      vertex 8.5 36.125 4
      vertex 8.507885932922363 36.25033950805664 0
      vertex 8.507885932922363 36.25033950805664 4
    endloop
  endfacet
  facet normal 0.998026608929118 -0.06279241888513008 0
    outer loop
      vertex 8.507885932922363 36.25033950805664 0
      vertex 8.5 36.125 4
      vertex 8.5 36.125 0
    endloop
  endfacet
  facet normal 0.9896241627552246 -0.14368025783321972 0
    outer loop
      vertex 8.507885932922363 36.25033950805664 4
      vertex 8.582793235778809 36.76627731323242 0
      vertex 8.582793235778809 36.76627731323242 4
    endloop
  endfacet
  facet normal 0.9896241627552246 -0.14368025783321972 0
    outer loop
      vertex 8.582793235778809 36.76627731323242 0
      vertex 8.507885932922363 36.25033950805664 4
      vertex 8.507885932922363 36.25033950805664 0
    endloop
  endfacet
  facet normal 0.9822868869970599 -0.1873832213236429 0
    outer loop
      vertex 8.582793235778809 36.76627731323242 4
      vertex 8.606327056884766 36.889644622802734 0
      vertex 8.606327056884766 36.889644622802734 4
    endloop
  endfacet
  facet normal 0.9822868869970599 -0.1873832213236429 0
    outer loop
      vertex 8.606327056884766 36.889644622802734 0
      vertex 8.582793235778809 36.76627731323242 4
      vertex 8.582793235778809 36.76627731323242 0
    endloop
  endfacet
  facet normal 0.951056388539373 -0.3090173875665339 0
    outer loop
      vertex 8.606327056884766 36.889644622802734 4
      vertex 8.645134925842285 37.00908279418945 0
      vertex 8.645134925842285 37.00908279418945 4
    endloop
  endfacet
  facet normal 0.951056388539373 -0.3090173875665339 0
    outer loop
      vertex 8.645134925842285 37.00908279418945 0
      vertex 8.606327056884766 36.889644622802734 4
      vertex 8.606327056884766 36.889644622802734 0
    endloop
  endfacet
  facet normal 0.9152424298653598 -0.40290357974849533 0
    outer loop
      vertex 8.645134925842285 37.00908279418945 4
      vertex 8.868680000305176 37.51689147949219 0
      vertex 8.868680000305176 37.51689147949219 4
    endloop
  endfacet
  facet normal 0.9152424298653598 -0.40290357974849533 0
    outer loop
      vertex 8.868680000305176 37.51689147949219 0
      vertex 8.645134925842285 37.00908279418945 4
      vertex 8.645134925842285 37.00908279418945 0
    endloop
  endfacet
  facet normal 0.9048286834042997 -0.425775825627573 0
    outer loop
      vertex 8.868680000305176 37.51689147949219 4
      vertex 8.922152519226074 37.63052749633789 0
      vertex 8.922152519226074 37.63052749633789 4
    endloop
  endfacet
  facet normal 0.9048286834042997 -0.425775825627573 0
    outer loop
      vertex 8.922152519226074 37.63052749633789 0
      vertex 8.868680000305176 37.51689147949219 4
      vertex 8.868680000305176 37.51689147949219 0
    endloop
  endfacet
  facet normal 0.8443246633468271 -0.5358319352784667 0
    outer loop
      vertex 8.922152519226074 37.63052749633789 4
      vertex 8.989446640014648 37.73656463623047 0
      vertex 8.989446640014648 37.73656463623047 4
    endloop
  endfacet
  facet normal 0.8443246633468271 -0.5358319352784667 0
    outer loop
      vertex 8.989446640014648 37.73656463623047 0
      vertex 8.922152519226074 37.63052749633789 4
      vertex 8.922152519226074 37.63052749633789 0
    endloop
  endfacet
  facet normal 0.8000715057601581 -0.5999046471487559 0
    outer loop
      vertex 8.989446640014648 37.73656463623047 4
      vertex 9.358100891113281 38.22822570800781 0
      vertex 9.358100891113281 38.22822570800781 4
    endloop
  endfacet
  facet normal 0.8000715057601581 -0.5999046471487559 0
    outer loop
      vertex 9.358100891113281 38.22822570800781 0
      vertex 8.989446640014648 37.73656463623047 4
      vertex 8.989446640014648 37.73656463623047 0
    endloop
  endfacet
  facet normal 0.7705118621392109 -0.6374256586479445 0
    outer loop
      vertex 9.358100891113281 38.22822570800781 4
      vertex 9.438154220581055 38.32499313354492 0
      vertex 9.438154220581055 38.32499313354492 4
    endloop
  endfacet
  facet normal 0.7705118621392109 -0.6374256586479445 0
    outer loop
      vertex 9.438154220581055 38.32499313354492 0
      vertex 9.358100891113281 38.22822570800781 4
      vertex 9.358100891113281 38.22822570800781 0
    endloop
  endfacet
  facet normal 0.6845370653099768 -0.7289780560598546 0
    outer loop
      vertex 9.438154220581055 38.32499313354492 0
      vertex 9.529699325561523 38.41095733642578 4
      vertex 9.438154220581055 38.32499313354492 4
    endloop
  endfacet
  facet normal 0.6845370653099768 -0.7289780560598546 0
    outer loop
      vertex 9.529699325561523 38.41095733642578 4
      vertex 9.438154220581055 38.32499313354492 0
      vertex 9.529699325561523 38.41095733642578 0
    endloop
  endfacet
  facet normal 0.6774072853081254 -0.7356081632305856 0
    outer loop
      vertex 9.529699325561523 38.41095733642578 0
      vertex 10.037662506103516 38.87873077392578 4
      vertex 9.529699325561523 38.41095733642578 4
    endloop
  endfacet
  facet normal 0.6774072853081254 -0.7356081632305856 0
    outer loop
      vertex 10.037662506103516 38.87873077392578 4
      vertex 9.529699325561523 38.41095733642578 0
      vertex 10.037662506103516 38.87873077392578 0
    endloop
  endfacet
  facet normal 0.587785110170982 -0.8090170976322358 0
    outer loop
      vertex 10.037662506103516 38.87873077392578 0
      vertex 10.139259338378906 38.952545166015625 4
      vertex 10.037662506103516 38.87873077392578 4
    endloop
  endfacet
  facet normal 0.587785110170982 -0.8090170976322358 0
    outer loop
      vertex 10.139259338378906 38.952545166015625 4
      vertex 10.037662506103516 38.87873077392578 0
      vertex 10.139259338378906 38.952545166015625 0
    endloop
  endfacet
  facet normal 0.5639073814171113 -0.8258380381063206 0
    outer loop
      vertex 10.139259338378906 38.952545166015625 0
      vertex 10.778511047363281 39.38904571533203 4
      vertex 10.139259338378906 38.952545166015625 4
    endloop
  endfacet
  facet normal 0.5639073814171113 -0.8258380381063206 0
    outer loop
      vertex 10.778511047363281 39.38904571533203 4
      vertex 10.139259338378906 38.952545166015625 0
      vertex 10.778511047363281 39.38904571533203 0
    endloop
  endfacet
  facet normal 0.9896247558210347 -0.1436761729242446 0
    outer loop
      vertex 2.6081860065460205 40.67413330078125 67
      vertex 2.604285955429077 40.64727020263672 4
      vertex 2.6081860065460205 40.67413330078125 4
    endloop
  endfacet
  facet normal 0.9896239989984964 -0.14368138573323994 2.2695848609047586e-9
    outer loop
      vertex 2.6081860065460205 40.67413330078125 67
      vertex 2.592684507369995 40.56736373901367 4
      vertex 2.604285955429077 40.64727020263672 4
    endloop
  endfacet
  facet normal 0.9896244797210473 -0.1436780746559704 -3.4601641751659393e-9
    outer loop
      vertex 2.6081860065460205 40.67413330078125 67
      vertex 2.583616018295288 40.50490188598633 4
      vertex 2.592684507369995 40.56736373901367 4
    endloop
  endfacet
  facet normal 0.989623961849982 -0.14368164159817096 6.323371714975025e-9
    outer loop
      vertex 2.6081860065460205 40.67413330078125 67
      vertex 2.5394980907440186 40.20103454589844 4
      vertex 2.583616018295288 40.50490188598633 4
    endloop
  endfacet
  facet normal 0.989626631446507 -0.14366325324111642 -1.3467468936724044e-7
    outer loop
      vertex 2.6081860065460205 40.67413330078125 67
      vertex 2.5363714694976807 40.17949676513672 4
      vertex 2.5394980907440186 40.20103454589844 4
    endloop
  endfacet
  facet normal 0.9896236780980677 -0.14368359595879795 2.8410147942259056e-8
    outer loop
      vertex 2.6081860065460205 40.67413330078125 67
      vertex 2.526074171066284 40.10857391357422 4
      vertex 2.5363714694976807 40.17949676513672 4
    endloop
  endfacet
  facet normal 0.9896242871027066 -0.14367940136449517 -1.0039037330388111e-8
    outer loop
      vertex 2.6081860065460205 40.67413330078125 67
      vertex 2.511409044265747 40.007564544677734 4
      vertex 2.526074171066284 40.10857391357422 4
    endloop
  endfacet
  facet normal 0.9896241773216582 -0.1436801575041986 -1.8700948236281404e-9
    outer loop
      vertex 2.5 39.92898178100586 67
      vertex 2.511409044265747 40.007564544677734 4
      vertex 2.6081860065460205 40.67413330078125 67
    endloop
  endfacet
  facet normal 0.9896243904993943 -0.143678689194683 0
    outer loop
      vertex 2.511409044265747 40.007564544677734 4
      vertex 2.5 39.92898178100586 67
      vertex 2.5 39.92898178100586 4
    endloop
  endfacet
  facet normal 0.48173101480976827 -0.8763191367135325 0
    outer loop
      vertex 10.778511047363281 39.38904571533203 0
      vertex 10.888568878173828 39.449546813964844 4
      vertex 10.778511047363281 39.38904571533203 4
    endloop
  endfacet
  facet normal 0.48173101480976827 -0.8763191367135325 0
    outer loop
      vertex 10.888568878173828 39.449546813964844 4
      vertex 10.778511047363281 39.38904571533203 0
      vertex 10.888568878173828 39.449546813964844 0
    endloop
  endfacet
  facet normal 0.46400703618162104 -0.8858315135362637 0
    outer loop
      vertex 10.888568878173828 39.449546813964844 0
      vertex 11.649018287658691 39.847877502441406 4
      vertex 10.888568878173828 39.449546813964844 4
    endloop
  endfacet
  facet normal 0.46400703618162104 -0.8858315135362637 0
    outer loop
      vertex 11.649018287658691 39.847877502441406 4
      vertex 10.888568878173828 39.449546813964844 0
      vertex 11.649018287658691 39.847877502441406 0
    endloop
  endfacet
  facet normal 0.3769168338275939 -0.9262471054623501 0
    outer loop
      vertex 11.649018287658691 39.847877502441406 0
      vertex 12.518649101257324 40.20175552368164 4
      vertex 11.649018287658691 39.847877502441406 4
    endloop
  endfacet
  facet normal 0.3769168338275939 -0.9262471054623501 0
    outer loop
      vertex 12.518649101257324 40.20175552368164 4
      vertex 11.649018287658691 39.847877502441406 0
      vertex 12.518649101257324 40.20175552368164 0
    endloop
  endfacet
  facet normal -0.998026369378038 0.06279622620900165 0
    outer loop
      vertex -1 41.5 0
      vertex -0.9921140670776367 41.62533187866211 67
      vertex -0.9921140670776367 41.62533187866211 0
    endloop
  endfacet
  facet normal -0.998026369378038 0.06279622620900165 0
    outer loop
      vertex -0.9921140670776367 41.62533187866211 67
      vertex -1 41.5 0
      vertex -1 41.5 67
    endloop
  endfacet
  facet normal -0.9896240621933753 0.14368095046972085 0
    outer loop
      vertex -0.9921140670776367 41.62533187866211 0
      vertex -0.8422937393188477 42.65724182128906 67
      vertex -0.8422937393188477 42.65724182128906 0
    endloop
  endfacet
  facet normal -0.9896240621933753 0.14368095046972085 0
    outer loop
      vertex -0.8422937393188477 42.65724182128906 67
      vertex -0.9921140670776367 41.62533187866211 0
      vertex -0.9921140670776367 41.62533187866211 67
    endloop
  endfacet
  facet normal 0.9152455530438832 -0.40289648500997927 0
    outer loop
      vertex 2.9170854091644287 41.375831604003906 67
      vertex 2.9067680835723877 41.352394104003906 4
      vertex 2.9170854091644287 41.375831604003906 4
    endloop
  endfacet
  facet normal 0.9152430908154761 -0.4029020783199489 2.4840764217868836e-9
    outer loop
      vertex 2.9170854091644287 41.375831604003906 67
      vertex 2.853578567504883 41.2315673828125 4
      vertex 2.9067680835723877 41.352394104003906 4
    endloop
  endfacet
  facet normal 0.9142822128678934 -0.4050778137567472 0.000005953326964985747
    outer loop
      vertex 2.9170854091644287 41.375831604003906 67
      vertex 2.8535025119781494 41.23139572143555 4
      vertex 2.853578567504883 41.2315673828125 4
    endloop
  endfacet
  facet normal 0.9152423216950318 -0.40290382546991005 1.774769510700901e-10
    outer loop
      vertex 2.9170854091644287 41.375831604003906 67
      vertex 2.8250553607940674 41.16677474975586 4
      vertex 2.8535025119781494 41.23139572143555 4
    endloop
  endfacet
  facet normal 0.915241889717896 -0.4029048067541696 4.064763889737198e-9
    outer loop
      vertex 2.9170854091644287 41.375831604003906 67
      vertex 2.768458127975464 41.0382080078125 4
      vertex 2.8250553607940674 41.16677474975586 4
    endloop
  endfacet
  facet normal 0.9152436725229626 -0.4029007568951438 -2.1844782749773774e-8
    outer loop
      vertex 2.9170854091644287 41.375831604003906 67
      vertex 2.754600763320923 41.00672912597656 4
      vertex 2.768458127975464 41.0382080078125 4
    endloop
  endfacet
  facet normal 0.9152417087895921 -0.4029052177521502 9.355056875790152e-9
    outer loop
      vertex 2.9170854091644287 41.375831604003906 67
      vertex 2.6708223819732666 40.8164176940918 4
      vertex 2.754600763320923 41.00672912597656 4
    endloop
  endfacet
  facet normal 0.9152426475093786 -0.40290308534438296 -1.3249237455917573e-8
    outer loop
      vertex 2.9170854091644287 41.375831604003906 67
      vertex 2.6613495349884033 40.794898986816406 4
      vertex 2.6708223819732666 40.8164176940918 4
    endloop
  endfacet
  facet normal 0.9152418614841314 -0.4029048708902162 6.4062652062725955e-9
    outer loop
      vertex 2.6081860065460205 40.67413330078125 67
      vertex 2.6613495349884033 40.794898986816406 4
      vertex 2.9170854091644287 41.375831604003906 67
    endloop
  endfacet
  facet normal 0.915240629113819 -0.4029076703406639 0
    outer loop
      vertex 2.6613495349884033 40.794898986816406 4
      vertex 2.6081860065460205 40.67413330078125 67
      vertex 2.6081860065460205 40.67413330078125 4
    endloop
  endfacet
  facet normal 0.3681188656082801 -0.9297787375409663 0
    outer loop
      vertex 12.518649101257324 40.20175552368164 0
      vertex 12.635454177856445 40.24800109863281 4
      vertex 12.518649101257324 40.20175552368164 4
    endloop
  endfacet
  facet normal 0.3681188656082801 -0.9297787375409663 0
    outer loop
      vertex 12.635454177856445 40.24800109863281 4
      vertex 12.518649101257324 40.20175552368164 0
      vertex 12.635454177856445 40.24800109863281 0
    endloop
  endfacet
  facet normal 0.3003040095943163 -0.953843541584036 0
    outer loop
      vertex 12.635454177856445 40.24800109863281 0
      vertex 13.600627899169922 40.55187225341797 4
      vertex 12.635454177856445 40.24800109863281 4
    endloop
  endfacet
  facet normal 0.3003040095943163 -0.953843541584036 0
    outer loop
      vertex 13.600627899169922 40.55187225341797 4
      vertex 12.635454177856445 40.24800109863281 0
      vertex 13.600627899169922 40.55187225341797 0
    endloop
  endfacet
  facet normal 0.24869939162381915 -0.9685807207486333 0
    outer loop
      vertex 13.600627899169922 40.55187225341797 0
      vertex 13.722289085388184 40.58311080932617 4
      vertex 13.600627899169922 40.55187225341797 4
    endloop
  endfacet
  facet normal 0.24869939162381915 -0.9685807207486333 0
    outer loop
      vertex 13.722289085388184 40.58311080932617 4
      vertex 13.600627899169922 40.55187225341797 0
      vertex 13.722289085388184 40.58311080932617 0
    endloop
  endfacet
  facet normal 0.23173985645308154 -0.9727777952498223 0
    outer loop
      vertex 13.722289085388184 40.58311080932617 0
      vertex 14.767714500427246 40.832157135009766 4
      vertex 13.722289085388184 40.58311080932617 4
    endloop
  endfacet
  facet normal 0.23173985645308154 -0.9727777952498223 0
    outer loop
      vertex 14.767714500427246 40.832157135009766 4
      vertex 13.722289085388184 40.58311080932617 0
      vertex 14.767714500427246 40.832157135009766 0
    endloop
  endfacet
  facet normal 0.1690982507527838 -0.9855991992652736 0
    outer loop
      vertex 14.767714500427246 40.832157135009766 0
      vertex 15.87695598602295 41.02246856689453 4
      vertex 14.767714500427246 40.832157135009766 4
    endloop
  endfacet
  facet normal 0.1690982507527838 -0.9855991992652736 0
    outer loop
      vertex 15.87695598602295 41.02246856689453 4
      vertex 14.767714500427246 40.832157135009766 0
      vertex 15.87695598602295 41.02246856689453 0
    endloop
  endfacet
  facet normal -0.982288947111443 0.1873724216171976 0
    outer loop
      vertex -0.8422937393188477 42.65724182128906 0
      vertex -0.8187627792358398 42.780601501464844 67
      vertex -0.8187627792358398 42.780601501464844 0
    endloop
  endfacet
  facet normal -0.982288947111443 0.1873724216171976 0
    outer loop
      vertex -0.8187627792358398 42.780601501464844 67
      vertex -0.8422937393188477 42.65724182128906 0
      vertex -0.8422937393188477 42.65724182128906 67
    endloop
  endfacet
  facet normal -0.9510528188305912 0.30902837376911985 0
    outer loop
      vertex -0.8187627792358398 42.780601501464844 0
      vertex -0.7799558639526367 42.90003204345703 67
      vertex -0.7799558639526367 42.90003204345703 0
    endloop
  endfacet
  facet normal -0.9510528188305912 0.30902837376911985 0
    outer loop
      vertex -0.7799558639526367 42.90003204345703 67
      vertex -0.8187627792358398 42.780601501464844 0
      vertex -0.8187627792358398 42.780601501464844 67
    endloop
  endfacet
  facet normal -0.9152429258782191 0.4029024529956065 0
    outer loop
      vertex -0.7799558639526367 42.90003204345703 0
      vertex -0.3328571319580078 43.915672302246094 67
      vertex -0.3328571319580078 43.915672302246094 0
    endloop
  endfacet
  facet normal -0.9152429258782191 0.4029024529956065 0
    outer loop
      vertex -0.3328571319580078 43.915672302246094 67
      vertex -0.7799558639526367 42.90003204345703 0
      vertex -0.7799558639526367 42.90003204345703 67
    endloop
  endfacet
  facet normal 0.8000520200799072 -0.5999306336286387 0
    outer loop
      vertex 3.478062152862549 42.123985290527344 67
      vertex 3.463545083999634 42.1046257019043 4
      vertex 3.478062152862549 42.123985290527344 4
    endloop
  endfacet
  facet normal 0.8000703675040158 -0.5999061651975156 -1.1746818730762663e-8
    outer loop
      vertex 3.478062152862549 42.123985290527344 67
      vertex 3.1981899738311768 41.750732421875 4
      vertex 3.463545083999634 42.1046257019043 4
    endloop
  endfacet
  facet normal 0.8000710985779877 -0.5999051901927599 -2.0771113771744415e-8
    outer loop
      vertex 2.9170854091644287 41.375831604003906 67
      vertex 3.1981899738311768 41.750732421875 4
      vertex 3.478062152862549 42.123985290527344 67
    endloop
  endfacet
  facet normal 0.8000727738882492 -0.5999029558876691 0
    outer loop
      vertex 3.1981899738311768 41.750732421875 4
      vertex 2.9170854091644287 41.375831604003906 67
      vertex 2.9170854091644287 41.375831604003906 4
    endloop
  endfacet
  facet normal 0.1253328673863287 -0.9921147475734453 0
    outer loop
      vertex 15.87695598602295 41.02246856689453 0
      vertex 16.00154685974121 41.0382080078125 4
      vertex 15.87695598602295 41.02246856689453 4
    endloop
  endfacet
  facet normal 0.1253328673863287 -0.9921147475734453 0
    outer loop
      vertex 16.00154685974121 41.0382080078125 4
      vertex 15.87695598602295 41.02246856689453 0
      vertex 16.00154685974121 41.0382080078125 0
    endloop
  endfacet
  facet normal 0.11057898906573295 -0.9938673388220385 0
    outer loop
      vertex 16.00154685974121 41.0382080078125 0
      vertex 17.157085418701172 41.16677474975586 4
      vertex 16.00154685974121 41.0382080078125 4
    endloop
  endfacet
  facet normal 0.11057898906573295 -0.9938673388220385 0
    outer loop
      vertex 17.157085418701172 41.16677474975586 4
      vertex 16.00154685974121 41.0382080078125 0
      vertex 17.157085418701172 41.16677474975586 0
    endloop
  endfacet
  facet normal 0.05465957271158348 -0.9985050481149242 0
    outer loop
      vertex 17.157085418701172 41.16677474975586 0
      vertex 18.3406982421875 41.2315673828125 4
      vertex 17.157085418701172 41.16677474975586 4
    endloop
  endfacet
  facet normal 0.05465957271158348 -0.9985050481149242 0
    outer loop
      vertex 18.3406982421875 41.2315673828125 4
      vertex 17.157085418701172 41.16677474975586 0
      vertex 18.3406982421875 41.2315673828125 0
    endloop
  endfacet
  facet normal 0 -1 0
    outer loop
      vertex 18.3406982421875 41.2315673828125 0
      vertex 19.6593017578125 41.2315673828125 4
      vertex 18.3406982421875 41.2315673828125 4
    endloop
  endfacet
  facet normal 0 -1 0
    outer loop
      vertex 19.6593017578125 41.2315673828125 4
      vertex 18.3406982421875 41.2315673828125 0
      vertex 19.6593017578125 41.2315673828125 0
    endloop
  endfacet
  facet normal -0.9048264467820849 0.4257805787065763 0
    outer loop
      vertex -0.3328571319580078 43.915672302246094 0
      vertex -0.2793874740600586 44.029300689697266 67
      vertex -0.2793874740600586 44.029300689697266 0
    endloop
  endfacet
  facet normal -0.9048264467820849 0.4257805787065763 0
    outer loop
      vertex -0.2793874740600586 44.029300689697266 67
      vertex -0.3328571319580078 43.915672302246094 0
      vertex -0.3328571319580078 43.915672302246094 67
    endloop
  endfacet
  facet normal -0.8443209629679636 0.5358377660195768 0
    outer loop
      vertex -0.2793874740600586 44.029300689697266 0
      vertex -0.21209716796875 44.13533020019531 67
      vertex -0.21209716796875 44.13533020019531 0
    endloop
  endfacet
  facet normal -0.8443209629679636 0.5358377660195768 0
    outer loop
      vertex -0.21209716796875 44.13533020019531 67
      vertex -0.2793874740600586 44.029300689697266 0
      vertex -0.2793874740600586 44.029300689697266 67
    endloop
  endfacet
  facet normal -0.8000707592541534 0.599905642735991 0
    outer loop
      vertex -0.21209716796875 44.13533020019531 0
      vertex 0.5252304077148438 45.118675231933594 67
      vertex 0.5252304077148438 45.118675231933594 0
    endloop
  endfacet
  facet normal -0.8000707592541534 0.599905642735991 0
    outer loop
      vertex 0.5252304077148438 45.118675231933594 67
      vertex -0.21209716796875 44.13533020019531 0
      vertex -0.21209716796875 44.13533020019531 67
    endloop
  endfacet
  facet normal -0.7705218984688987 0.6374135266684291 0
    outer loop
      vertex 0.5252304077148438 45.118675231933594 0
      vertex 0.6052780151367188 45.21543884277344 67
      vertex 0.6052780151367188 45.21543884277344 0
    endloop
  endfacet
  facet normal -0.7705218984688987 0.6374135266684291 0
    outer loop
      vertex 0.6052780151367188 45.21543884277344 67
      vertex 0.5252304077148438 45.118675231933594 0
      vertex 0.5252304077148438 45.118675231933594 67
    endloop
  endfacet
  facet normal -0.6845370653099767 0.7289780560598546 0
    outer loop
      vertex 0.6968231201171875 45.3014030456543 0
      vertex 0.6052780151367188 45.21543884277344 67
      vertex 0.6968231201171875 45.3014030456543 67
    endloop
  endfacet
  facet normal -0.6845370653099767 0.7289780560598546 0
    outer loop
      vertex 0.6052780151367188 45.21543884277344 67
      vertex 0.6968231201171875 45.3014030456543 0
      vertex 0.6052780151367188 45.21543884277344 0
    endloop
  endfacet
  facet normal -0.6774072853081254 0.7356081632305856 0
    outer loop
      vertex 1.7127494812011719 46.2369499206543 0
      vertex 0.6968231201171875 45.3014030456543 67
      vertex 1.7127494812011719 46.2369499206543 67
    endloop
  endfacet
  facet normal -0.6774072853081254 0.7356081632305856 0
    outer loop
      vertex 0.6968231201171875 45.3014030456543 67
      vertex 1.7127494812011719 46.2369499206543 0
      vertex 0.6968231201171875 45.3014030456543 0
    endloop
  endfacet
  facet normal -0.587785110170982 0.8090170976322358 0
    outer loop
      vertex 1.8143463134765625 46.31076431274414 0
      vertex 1.7127494812011719 46.2369499206543 67
      vertex 1.8143463134765625 46.31076431274414 67
    endloop
  endfacet
  facet normal -0.587785110170982 0.8090170976322358 0
    outer loop
      vertex 1.7127494812011719 46.2369499206543 67
      vertex 1.8143463134765625 46.31076431274414 0
      vertex 1.7127494812011719 46.2369499206543 0
    endloop
  endfacet
  facet normal -0.5639040203697018 0.8258403331218976 0
    outer loop
      vertex 3.0928497314453125 47.18375778198242 0
      vertex 1.8143463134765625 46.31076431274414 67
      vertex 3.0928497314453125 47.18375778198242 67
    endloop
  endfacet
  facet normal -0.5639040203697018 0.8258403331218976 0
    outer loop
      vertex 1.8143463134765625 46.31076431274414 67
      vertex 3.0928497314453125 47.18375778198242 0
      vertex 1.8143463134765625 46.31076431274414 0
    endloop
  endfacet
  facet normal -0.48176307254742023 0.8763015131389819 0
    outer loop
      vertex 3.2028980255126953 47.244258880615234 0
      vertex 3.0928497314453125 47.18375778198242 67
      vertex 3.2028980255126953 47.244258880615234 67
    endloop
  endfacet
  facet normal -0.48176307254742023 0.8763015131389819 0
    outer loop
      vertex 3.0928497314453125 47.18375778198242 67
      vertex 3.2028980255126953 47.244258880615234 0
      vertex 3.0928497314453125 47.18375778198242 0
    endloop
  endfacet
  facet normal -0.4640074720413171 0.8858312852286413 0
    outer loop
      vertex 4.723816871643066 48.040931701660156 0
      vertex 3.2028980255126953 47.244258880615234 67
      vertex 4.723816871643066 48.040931701660156 67
    endloop
  endfacet
  facet normal -0.4640074720413171 0.8858312852286413 0
    outer loop
      vertex 3.2028980255126953 47.244258880615234 67
      vertex 4.723816871643066 48.040931701660156 0
      vertex 3.2028980255126953 47.244258880615234 0
    endloop
  endfacet
  facet normal -0.3769146419845236 0.9262479973838964 0
    outer loop
      vertex 6.463165283203125 48.74871826171875 0
      vertex 4.723816871643066 48.040931701660156 67
      vertex 6.463165283203125 48.74871826171875 67
    endloop
  endfacet
  facet normal -0.3769146419845236 0.9262479973838964 0
    outer loop
      vertex 4.723816871643066 48.040931701660156 67
      vertex 6.463165283203125 48.74871826171875 0
      vertex 4.723816871643066 48.040931701660156 0
    endloop
  endfacet
  facet normal -0.3681307905158208 0.929774016131983 0
    outer loop
      vertex 6.579927444458008 48.79494857788086 0
      vertex 6.463165283203125 48.74871826171875 67
      vertex 6.579927444458008 48.79494857788086 67
    endloop
  endfacet
  facet normal -0.3681307905158208 0.929774016131983 0
    outer loop
      vertex 6.463165283203125 48.74871826171875 67
      vertex 6.579927444458008 48.79494857788086 0
      vertex 6.463165283203125 48.74871826171875 0
    endloop
  endfacet
  facet normal -0.30030242960758113 0.9538440390188448 0
    outer loop
      vertex 8.510273933410645 49.402687072753906 0
      vertex 6.579927444458008 48.79494857788086 67
      vertex 8.510273933410645 49.402687072753906 67
    endloop
  endfacet
  facet normal -0.30030242960758113 0.9538440390188448 0
    outer loop
      vertex 6.579927444458008 48.79494857788086 67
      vertex 8.510273933410645 49.402687072753906 0
      vertex 6.579927444458008 48.79494857788086 0
    endloop
  endfacet
  facet normal -0.24869178777339368 0.9685826731333126 0
    outer loop
      vertex 8.631909370422363 49.43391799926758 0
      vertex 8.510273933410645 49.402687072753906 67
      vertex 8.631909370422363 49.43391799926758 67
    endloop
  endfacet
  facet normal -0.24869178777339368 0.9685826731333126 0
    outer loop
      vertex 8.510273933410645 49.402687072753906 67
      vertex 8.631909370422363 49.43391799926758 0
      vertex 8.510273933410645 49.402687072753906 0
    endloop
  endfacet
  facet normal -0.23174364583193213 0.9727768925177674 0
    outer loop
      vertex 10.72281265258789 49.932029724121094 4
      vertex 10.72281265258789 49.932029724121094 0
      vertex 9.31261920928955 49.5960807800293 4
    endloop
  endfacet
  facet normal -0.23174090184815768 0.9727775462101305 0
    outer loop
      vertex 9.31261920928955 49.5960807800293 4
      vertex 8.631909370422363 49.43391799926758 67
      vertex 9.31261920928955 49.5960807800293 67
    endloop
  endfacet
  facet normal -0.23174090184815765 0.9727775462101305 0
    outer loop
      vertex 9.31261920928955 49.5960807800293 4
      vertex 8.631909370422363 49.43391799926758 0
      vertex 8.631909370422363 49.43391799926758 67
    endloop
  endfacet
  facet normal -0.23174275250724996 0.9727771053331039 3.328139242796515e-7
    outer loop
      vertex 8.631909370422363 49.43391799926758 0
      vertex 9.31261920928955 49.5960807800293 4
      vertex 10.72281265258789 49.932029724121094 0
    endloop
  endfacet
  facet normal -0.1690982507527838 0.9855991992652736 0
    outer loop
      vertex 12.941295623779297 50.312652587890625 0
      vertex 10.72281265258789 49.932029724121094 4
      vertex 12.941295623779297 50.312652587890625 4
    endloop
  endfacet
  facet normal -0.1690982507527838 0.9855991992652736 0
    outer loop
      vertex 10.72281265258789 49.932029724121094 4
      vertex 12.941295623779297 50.312652587890625 0
      vertex 10.72281265258789 49.932029724121094 0
    endloop
  endfacet
  facet normal -0.1253328673863287 0.9921147475734453 0
    outer loop
      vertex 13.065886497497559 50.328392028808594 0
      vertex 12.941295623779297 50.312652587890625 4
      vertex 13.065886497497559 50.328392028808594 4
    endloop
  endfacet
  facet normal -0.1253328673863287 0.9921147475734453 0
    outer loop
      vertex 12.941295623779297 50.312652587890625 4
      vertex 13.065886497497559 50.328392028808594 0
      vertex 12.941295623779297 50.312652587890625 0
    endloop
  endfacet
  facet normal -0.1105789439928927 0.9938673438369009 0
    outer loop
      vertex 15.376964569091797 50.58552551269531 0
      vertex 13.065886497497559 50.328392028808594 4
      vertex 15.376964569091797 50.58552551269531 4
    endloop
  endfacet
  facet normal -0.1105789439928927 0.9938673438369009 0
    outer loop
      vertex 13.065886497497559 50.328392028808594 4
      vertex 15.376964569091797 50.58552551269531 0
      vertex 13.065886497497559 50.328392028808594 0
    endloop
  endfacet
  facet normal -0.05465957271158348 0.9985050481149242 0
    outer loop
      vertex 17.744190216064453 50.715110778808594 0
      vertex 15.376964569091797 50.58552551269531 4
      vertex 17.744190216064453 50.715110778808594 4
    endloop
  endfacet
  facet normal -0.05465957271158348 0.9985050481149242 0
    outer loop
      vertex 15.376964569091797 50.58552551269531 4
      vertex 17.744190216064453 50.715110778808594 0
      vertex 15.376964569091797 50.58552551269531 0
    endloop
  endfacet
  facet normal 0.9896238020992376 0.14368274189563954 0
    outer loop
      vertex 38.99211502075195 41.62533187866211 67
      vertex 38.84229278564453 42.65724182128906 0
      vertex 38.84229278564453 42.65724182128906 67
    endloop
  endfacet
  facet normal 0.9896238020992376 0.14368274189563954 0
    outer loop
      vertex 38.84229278564453 42.65724182128906 0
      vertex 38.99211502075195 41.62533187866211 67
      vertex 38.99211502075195 41.62533187866211 0
    endloop
  endfacet
  facet normal 0.98229174239123 0.1873577669326831 0
    outer loop
      vertex 38.84229278564453 42.65724182128906 67
      vertex 38.818763732910156 42.780601501464844 0
      vertex 38.818763732910156 42.780601501464844 67
    endloop
  endfacet
  facet normal 0.98229174239123 0.1873577669326831 0
    outer loop
      vertex 38.818763732910156 42.780601501464844 0
      vertex 38.84229278564453 42.65724182128906 67
      vertex 38.84229278564453 42.65724182128906 0
    endloop
  endfacet
  facet normal 0.9510438905560776 0.30905584970351135 0
    outer loop
      vertex 38.818763732910156 42.780601501464844 67
      vertex 38.77995300292969 42.90003204345703 0
      vertex 38.77995300292969 42.90003204345703 67
    endloop
  endfacet
  facet normal 0.9510438905560776 0.30905584970351135 0
    outer loop
      vertex 38.77995300292969 42.90003204345703 0
      vertex 38.818763732910156 42.780601501464844 67
      vertex 38.818763732910156 42.780601501464844 0
    endloop
  endfacet
  facet normal 0.9152432427857901 0.40290173309995997 0
    outer loop
      vertex 38.77995300292969 42.90003204345703 67
      vertex 38.332855224609375 43.915672302246094 0
      vertex 38.332855224609375 43.915672302246094 67
    endloop
  endfacet
  facet normal 0.9152432427857901 0.40290173309995997 0
    outer loop
      vertex 38.332855224609375 43.915672302246094 0
      vertex 38.77995300292969 42.90003204345703 67
      vertex 38.77995300292969 42.90003204345703 0
    endloop
  endfacet
  facet normal 0.9048352237723697 0.4257619262226318 0
    outer loop
      vertex 38.332855224609375 43.915672302246094 67
      vertex 38.279388427734375 44.029300689697266 0
      vertex 38.279388427734375 44.029300689697266 67
    endloop
  endfacet
  facet normal 0.9048352237723697 0.4257619262226318 0
    outer loop
      vertex 38.279388427734375 44.029300689697266 0
      vertex 38.332855224609375 43.915672302246094 67
      vertex 38.332855224609375 43.915672302246094 0
    endloop
  endfacet
  facet normal 0.8443175272126976 0.5358431797097315 0
    outer loop
      vertex 38.279388427734375 44.029300689697266 67
      vertex 38.21209716796875 44.13533020019531 0
      vertex 38.21209716796875 44.13533020019531 67
    endloop
  endfacet
  facet normal 0.8443175272126976 0.5358431797097315 0
    outer loop
      vertex 38.21209716796875 44.13533020019531 0
      vertex 38.279388427734375 44.029300689697266 67
      vertex 38.279388427734375 44.029300689697266 0
    endloop
  endfacet
  facet normal 0.8000707592541534 0.599905642735991 0
    outer loop
      vertex 38.21209716796875 44.13533020019531 67
      vertex 37.474769592285156 45.118675231933594 0
      vertex 37.474769592285156 45.118675231933594 67
    endloop
  endfacet
  facet normal 0.8000707592541534 0.599905642735991 0
    outer loop
      vertex 37.474769592285156 45.118675231933594 0
      vertex 38.21209716796875 44.13533020019531 67
      vertex 38.21209716796875 44.13533020019531 0
    endloop
  endfacet
  facet normal 0.7705218984688987 0.6374135266684291 0
    outer loop
      vertex 37.474769592285156 45.118675231933594 67
      vertex 37.39472198486328 45.21543884277344 0
      vertex 37.39472198486328 45.21543884277344 67
    endloop
  endfacet
  facet normal 0.7705218984688987 0.6374135266684291 0
    outer loop
      vertex 37.39472198486328 45.21543884277344 0
      vertex 37.474769592285156 45.118675231933594 67
      vertex 37.474769592285156 45.118675231933594 0
    endloop
  endfacet
  facet normal 0.6845370653099767 0.7289780560598546 0
    outer loop
      vertex 37.39472198486328 45.21543884277344 0
      vertex 37.30317687988281 45.3014030456543 67
      vertex 37.39472198486328 45.21543884277344 67
    endloop
  endfacet
  facet normal 0.6845370653099767 0.7289780560598546 0
    outer loop
      vertex 37.30317687988281 45.3014030456543 67
      vertex 37.39472198486328 45.21543884277344 0
      vertex 37.30317687988281 45.3014030456543 0
    endloop
  endfacet
  facet normal 0.6774072853081254 0.7356081632305856 0
    outer loop
      vertex 37.30317687988281 45.3014030456543 0
      vertex 36.28725051879883 46.2369499206543 67
      vertex 37.30317687988281 45.3014030456543 67
    endloop
  endfacet
  facet normal 0.6774072853081254 0.7356081632305856 0
    outer loop
      vertex 36.28725051879883 46.2369499206543 67
      vertex 37.30317687988281 45.3014030456543 0
      vertex 36.28725051879883 46.2369499206543 0
    endloop
  endfacet
  facet normal 0.587785110170982 0.8090170976322358 0
    outer loop
      vertex 36.28725051879883 46.2369499206543 0
      vertex 36.18565368652344 46.31076431274414 67
      vertex 36.28725051879883 46.2369499206543 67
    endloop
  endfacet
  facet normal 0.587785110170982 0.8090170976322358 0
    outer loop
      vertex 36.18565368652344 46.31076431274414 67
      vertex 36.28725051879883 46.2369499206543 0
      vertex 36.18565368652344 46.31076431274414 0
    endloop
  endfacet
  facet normal 0.5639040203697018 0.8258403331218976 0
    outer loop
      vertex 36.18565368652344 46.31076431274414 0
      vertex 34.90715026855469 47.18375778198242 67
      vertex 36.18565368652344 46.31076431274414 67
    endloop
  endfacet
  facet normal 0.5639040203697018 0.8258403331218976 0
    outer loop
      vertex 34.90715026855469 47.18375778198242 67
      vertex 36.18565368652344 46.31076431274414 0
      vertex 34.90715026855469 47.18375778198242 0
    endloop
  endfacet
  facet normal 0.4817566607101395 0.8763050381353603 0
    outer loop
      vertex 34.90715026855469 47.18375778198242 0
      vertex 34.79710006713867 47.244258880615234 67
      vertex 34.90715026855469 47.18375778198242 67
    endloop
  endfacet
  facet normal 0.4817566607101395 0.8763050381353603 0
    outer loop
      vertex 34.79710006713867 47.244258880615234 67
      vertex 34.90715026855469 47.18375778198242 0
      vertex 34.79710006713867 47.244258880615234 0
    endloop
  endfacet
  facet normal 0.46400815696606107 0.8858309264577294 0
    outer loop
      vertex 34.79710006713867 47.244258880615234 0
      vertex 33.27618408203125 48.040931701660156 67
      vertex 34.79710006713867 47.244258880615234 67
    endloop
  endfacet
  facet normal 0.46400815696606107 0.8858309264577294 0
    outer loop
      vertex 33.27618408203125 48.040931701660156 67
      vertex 34.79710006713867 47.244258880615234 0
      vertex 33.27618408203125 48.040931701660156 0
    endloop
  endfacet
  facet normal 0.3769144646836452 0.9262480695322616 0
    outer loop
      vertex 33.27618408203125 48.040931701660156 0
      vertex 31.536834716796875 48.74871826171875 67
      vertex 33.27618408203125 48.040931701660156 67
    endloop
  endfacet
  facet normal 0.3769144646836452 0.9262480695322616 0
    outer loop
      vertex 31.536834716796875 48.74871826171875 67
      vertex 33.27618408203125 48.040931701660156 0
      vertex 31.536834716796875 48.74871826171875 0
    endloop
  endfacet
  facet normal 0.36812559200133393 0.9297760743930052 0
    outer loop
      vertex 31.536834716796875 48.74871826171875 0
      vertex 31.42007064819336 48.79494857788086 67
      vertex 31.536834716796875 48.74871826171875 67
    endloop
  endfacet
  facet normal 0.36812559200133393 0.9297760743930052 0
    outer loop
      vertex 31.42007064819336 48.79494857788086 67
      vertex 31.536834716796875 48.74871826171875 0
      vertex 31.42007064819336 48.79494857788086 0
    endloop
  endfacet
  facet normal 0.3003025645904295 0.9538439965216592 0
    outer loop
      vertex 31.42007064819336 48.79494857788086 0
      vertex 29.48972511291504 49.402687072753906 67
      vertex 31.42007064819336 48.79494857788086 67
    endloop
  endfacet
  facet normal 0.3003025645904295 0.9538439965216592 0
    outer loop
      vertex 29.48972511291504 49.402687072753906 67
      vertex 31.42007064819336 48.79494857788086 0
      vertex 29.48972511291504 49.402687072753906 0
    endloop
  endfacet
  facet normal 0.24869178777339368 0.9685826731333126 0
    outer loop
      vertex 29.48972511291504 49.402687072753906 0
      vertex 29.36808967590332 49.43391799926758 67
      vertex 29.48972511291504 49.402687072753906 67
    endloop
  endfacet
  facet normal 0.24869178777339368 0.9685826731333126 0
    outer loop
      vertex 29.36808967590332 49.43391799926758 67
      vertex 29.48972511291504 49.402687072753906 0
      vertex 29.36808967590332 49.43391799926758 0
    endloop
  endfacet
  facet normal 0.23174151631569148 0.9727773998277839 0
    outer loop
      vertex 29.36808967590332 49.43391799926758 67
      vertex 28.687381744384766 49.5960807800293 4
      vertex 28.687381744384766 49.5960807800293 67
    endloop
  endfacet
  facet normal 0.23174151631569148 0.9727773998277839 0
    outer loop
      vertex 29.36808967590332 49.43391799926758 0
      vertex 28.687381744384766 49.5960807800293 4
      vertex 29.36808967590332 49.43391799926758 67
    endloop
  endfacet
  facet normal 0.23174285253009277 0.9727770815048832 2.402979669833606e-7
    outer loop
      vertex 27.27718734741211 49.932029724121094 0
      vertex 28.687381744384766 49.5960807800293 4
      vertex 29.36808967590332 49.43391799926758 0
    endloop
  endfacet
  facet normal 0.2317434975270486 0.9727769278482764 0
    outer loop
      vertex 28.687381744384766 49.5960807800293 4
      vertex 27.27718734741211 49.932029724121094 0
      vertex 27.27718734741211 49.932029724121094 4
    endloop
  endfacet
  facet normal 0.1690982507527838 0.9855991992652736 0
    outer loop
      vertex 27.27718734741211 49.932029724121094 0
      vertex 25.058704376220703 50.312652587890625 4
      vertex 27.27718734741211 49.932029724121094 4
    endloop
  endfacet
  facet normal 0.1690982507527838 0.9855991992652736 0
    outer loop
      vertex 25.058704376220703 50.312652587890625 4
      vertex 27.27718734741211 49.932029724121094 0
      vertex 25.058704376220703 50.312652587890625 0
    endloop
  endfacet
  facet normal 0.12533192310936314 0.9921148668625568 0
    outer loop
      vertex 25.058704376220703 50.312652587890625 0
      vertex 24.934112548828125 50.328392028808594 4
      vertex 25.058704376220703 50.312652587890625 4
    endloop
  endfacet
  facet normal 0.12533192310936314 0.9921148668625568 0
    outer loop
      vertex 24.934112548828125 50.328392028808594 4
      vertex 25.058704376220703 50.312652587890625 0
      vertex 24.934112548828125 50.328392028808594 0
    endloop
  endfacet
  facet normal 0.11057898906573295 0.9938673388220385 0
    outer loop
      vertex 24.934112548828125 50.328392028808594 0
      vertex 22.623035430908203 50.58552551269531 4
      vertex 24.934112548828125 50.328392028808594 4
    endloop
  endfacet
  facet normal 0.11057898906573295 0.9938673388220385 0
    outer loop
      vertex 22.623035430908203 50.58552551269531 4
      vertex 24.934112548828125 50.328392028808594 0
      vertex 22.623035430908203 50.58552551269531 0
    endloop
  endfacet
  facet normal 0.05465957271158348 0.9985050481149242 0
    outer loop
      vertex 22.623035430908203 50.58552551269531 0
      vertex 20.255809783935547 50.715110778808594 4
      vertex 22.623035430908203 50.58552551269531 4
    endloop
  endfacet
  facet normal 0.05465957271158348 0.9985050481149242 0
    outer loop
      vertex 20.255809783935547 50.715110778808594 4
      vertex 22.623035430908203 50.58552551269531 0
      vertex 20.255809783935547 50.715110778808594 0
    endloop
  endfacet
  facet normal 0 1 0
    outer loop
      vertex 20.255809783935547 50.715110778808594 0
      vertex 17.744190216064453 50.715110778808594 4
      vertex 20.255809783935547 50.715110778808594 4
    endloop
  endfacet
  facet normal 0 1 0
    outer loop
      vertex 17.744190216064453 50.715110778808594 4
      vertex 20.255809783935547 50.715110778808594 0
      vertex 17.744190216064453 50.715110778808594 0
    endloop
  endfacet
  facet normal 0.6773990271834033 -0.7356157678917568 0
    outer loop
      vertex 3.557441473007202 42.19708251953125 4
      vertex 3.478062152862549 42.123985290527344 67
      vertex 3.478062152862549 42.123985290527344 4
    endloop
  endfacet
  facet normal 0.6774076877018996 -0.7356077926737625 2.0165593752697858e-8
    outer loop
      vertex 3.478062152862549 42.123985290527344 67
      vertex 3.557441473007202 42.19708251953125 4
      vertex 4.283398151397705 42.865604400634766 67
    endloop
  endfacet
  facet normal 0.677408547450357 -0.7356070009462916 1.8572243484940168e-9
    outer loop
      vertex 3.8874192237854004 42.500953674316406 4
      vertex 4.283398151397705 42.865604400634766 67
      vertex 3.557441473007202 42.19708251953125 4
    endloop
  endfacet
  facet normal 0.6774123216613358 -0.7356035253187666 -4.1982428308424505e-8
    outer loop
      vertex 3.955246686935425 42.56341552734375 4
      vertex 4.283398151397705 42.865604400634766 67
      vertex 3.8874192237854004 42.500953674316406 4
    endloop
  endfacet
  facet normal 0.6774062199198884 -0.7356091443245165 1.6752435315342905e-8
    outer loop
      vertex 4.225699424743652 42.812469482421875 4
      vertex 4.283398151397705 42.865604400634766 67
      vertex 3.955246686935425 42.56341552734375 4
    endloop
  endfacet
  facet normal 0.677416117714487 -0.7356000295409403 0
    outer loop
      vertex 4.283398151397705 42.865604400634766 67
      vertex 4.225699424743652 42.812469482421875 4
      vertex 4.283398151397705 42.865604400634766 4
    endloop
  endfacet
  facet normal 0.5638993074338361 -0.8258435512103004 0
    outer loop
      vertex 4.4842963218688965 43.00278091430664 4
      vertex 4.283398151397705 42.865604400634766 67
      vertex 4.283398151397705 42.865604400634766 4
    endloop
  endfacet
  facet normal 0.5639029275692913 -0.8258410793117416 1.6926428829368545e-8
    outer loop
      vertex 4.283398151397705 42.865604400634766 67
      vertex 4.4842963218688965 43.00278091430664 4
      vertex 5.360075950622559 43.60078430175781 67
    endloop
  endfacet
  facet normal 0.5639031092273025 -0.8258409552715226 1.3223748562654078e-8
    outer loop
      vertex 4.530397415161133 43.03425979614258 4
      vertex 5.360075950622559 43.60078430175781 67
      vertex 4.4842963218688965 43.00278091430664 4
    endloop
  endfacet
  facet normal 0.5639037596840506 -0.8258405111243892 6.635860663542623e-10
    outer loop
      vertex 4.718684196472168 43.16282653808594 4
      vertex 5.360075950622559 43.60078430175781 67
      vertex 4.530397415161133 43.03425979614258 4
    endloop
  endfacet
  facet normal 0.5639207829012213 -0.8258288870050559 -2.534542620332377e-7
    outer loop
      vertex 4.81357479095459 43.227622985839844 4
      vertex 5.360075950622559 43.60078430175781 67
      vertex 4.718684196472168 43.16282653808594 4
    endloop
  endfacet
  facet normal 0.5639008559923975 -0.8258424938273891 0
    outer loop
      vertex 5.360075950622559 43.60078430175781 67
      vertex 4.81357479095459 43.227622985839844 4
      vertex 5.360075950622559 43.60078430175781 4
    endloop
  endfacet
  facet normal 0.46400856246779104 -0.885830714051265 0
    outer loop
      vertex 5.360075950622559 43.60078430175781 4
      vertex 6.668827056884766 44.28632354736328 67
      vertex 5.360075950622559 43.60078430175781 67
    endloop
  endfacet
  facet normal 0.46400856246779104 -0.885830714051265 0
    outer loop
      vertex 6.668827056884766 44.28632354736328 67
      vertex 5.360075950622559 43.60078430175781 4
      vertex 6.668827056884766 44.28632354736328 4
    endloop
  endfacet
  facet normal 0.3769144887856909 -0.926248059724511 0
    outer loop
      vertex 6.668827056884766 44.28632354736328 4
      vertex 8.168031692504883 44.89638900756836 67
      vertex 6.668827056884766 44.28632354736328 67
    endloop
  endfacet
  facet normal 0.3769144887856909 -0.926248059724511 0
    outer loop
      vertex 8.168031692504883 44.89638900756836 67
      vertex 6.668827056884766 44.28632354736328 4
      vertex 8.168031692504883 44.89638900756836 4
    endloop
  endfacet
  facet normal -0.1253328673863287 0.9921147475734453 0
    outer loop
      vertex 9.437210083007812 49.611820220947266 4
      vertex 9.31261920928955 49.5960807800293 67
      vertex 9.437210083007812 49.611820220947266 67
    endloop
  endfacet
  facet normal -0.1253328673863287 0.9921147475734453 0
    outer loop
      vertex 9.31261920928955 49.5960807800293 67
      vertex 9.437210083007812 49.611820220947266 4
      vertex 9.31261920928955 49.5960807800293 4
    endloop
  endfacet
  facet normal 0.3003035741408892 -0.9538436786802162 0
    outer loop
      vertex 8.168031692504883 44.89638900756836 4
      vertex 9.809016227722168 45.413028717041016 67
      vertex 8.168031692504883 44.89638900756836 67
    endloop
  endfacet
  facet normal 0.3003035741408892 -0.9538436786802162 0
    outer loop
      vertex 9.809016227722168 45.413028717041016 67
      vertex 8.168031692504883 44.89638900756836 4
      vertex 9.809016227722168 45.413028717041016 4
    endloop
  endfacet
  facet normal 0.3681307905158208 -0.929774016131983 0
    outer loop
      vertex 9.809016227722168 45.413028717041016 4
      vertex 9.92577838897705 45.459259033203125 67
      vertex 9.809016227722168 45.413028717041016 67
    endloop
  endfacet
  facet normal 0.3681307905158208 -0.929774016131983 0
    outer loop
      vertex 9.92577838897705 45.459259033203125 67
      vertex 9.809016227722168 45.413028717041016 4
      vertex 9.92577838897705 45.459259033203125 4
    endloop
  endfacet
  facet normal 0.48176307254742023 -0.8763015131389819 0
    outer loop
      vertex 9.92577838897705 45.459259033203125 4
      vertex 10.035826683044434 45.51976013183594 67
      vertex 9.92577838897705 45.459259033203125 67
    endloop
  endfacet
  facet normal 0.48176307254742023 -0.8763015131389819 0
    outer loop
      vertex 10.035826683044434 45.51976013183594 67
      vertex 9.92577838897705 45.459259033203125 4
      vertex 10.035826683044434 45.51976013183594 4
    endloop
  endfacet
  facet normal 0.587785110170982 -0.8090170976322358 0
    outer loop
      vertex 10.035826683044434 45.51976013183594 4
      vertex 10.137423515319824 45.59357452392578 67
      vertex 10.035826683044434 45.51976013183594 67
    endloop
  endfacet
  facet normal 0.587785110170982 -0.8090170976322358 0
    outer loop
      vertex 10.137423515319824 45.59357452392578 67
      vertex 10.035826683044434 45.51976013183594 4
      vertex 10.137423515319824 45.59357452392578 4
    endloop
  endfacet
  facet normal 0.6845370653099768 -0.7289780560598546 0
    outer loop
      vertex 10.137423515319824 45.59357452392578 4
      vertex 10.228968620300293 45.67953872680664 67
      vertex 10.137423515319824 45.59357452392578 67
    endloop
  endfacet
  facet normal 0.6845370653099768 -0.7289780560598546 0
    outer loop
      vertex 10.228968620300293 45.67953872680664 67
      vertex 10.137423515319824 45.59357452392578 4
      vertex 10.228968620300293 45.67953872680664 4
    endloop
  endfacet
  facet normal 0.7705218984688987 -0.637413526668429 0
    outer loop
      vertex 10.228968620300293 45.67953872680664 67
      vertex 10.309016227722168 45.776302337646484 4
      vertex 10.309016227722168 45.776302337646484 67
    endloop
  endfacet
  facet normal 0.7705218984688987 -0.637413526668429 0
    outer loop
      vertex 10.309016227722168 45.776302337646484 4
      vertex 10.228968620300293 45.67953872680664 67
      vertex 10.228968620300293 45.67953872680664 4
    endloop
  endfacet
  facet normal 0.8443209629679636 -0.5358377660195768 0
    outer loop
      vertex 10.309016227722168 45.776302337646484 67
      vertex 10.376306533813477 45.88233184814453 4
      vertex 10.376306533813477 45.88233184814453 67
    endloop
  endfacet
  facet normal 0.8443209629679636 -0.5358377660195768 0
    outer loop
      vertex 10.376306533813477 45.88233184814453 4
      vertex 10.309016227722168 45.776302337646484 67
      vertex 10.309016227722168 45.776302337646484 4
    endloop
  endfacet
  facet normal 0.9048264467820849 -0.4257805787065763 0
    outer loop
      vertex 10.376306533813477 45.88233184814453 67
      vertex 10.429776191711426 45.9959602355957 4
      vertex 10.429776191711426 45.9959602355957 67
    endloop
  endfacet
  facet normal 0.9048264467820849 -0.4257805787065763 0
    outer loop
      vertex 10.429776191711426 45.9959602355957 4
      vertex 10.376306533813477 45.88233184814453 67
      vertex 10.376306533813477 45.88233184814453 4
    endloop
  endfacet
  facet normal 0.9510557196934979 -0.3090194460519964 0
    outer loop
      vertex 10.429776191711426 45.9959602355957 67
      vertex 10.468583106994629 46.115394592285156 4
      vertex 10.468583106994629 46.115394592285156 67
    endloop
  endfacet
  facet normal 0.9510557196934979 -0.3090194460519964 0
    outer loop
      vertex 10.468583106994629 46.115394592285156 4
      vertex 10.429776191711426 45.9959602355957 67
      vertex 10.429776191711426 45.9959602355957 4
    endloop
  endfacet
  facet normal 0.9822889471114429 -0.18737242161719758 0
    outer loop
      vertex 10.468583106994629 46.115394592285156 67
      vertex 10.492114067077637 46.23875427246094 4
      vertex 10.492114067077637 46.23875427246094 67
    endloop
  endfacet
  facet normal 0.9822889471114429 -0.18737242161719758 0
    outer loop
      vertex 10.492114067077637 46.23875427246094 4
      vertex 10.468583106994629 46.115394592285156 67
      vertex 10.468583106994629 46.115394592285156 4
    endloop
  endfacet
  facet normal 0.998026369378038 -0.06279622620900165 0
    outer loop
      vertex 10.492114067077637 46.23875427246094 67
      vertex 10.5 46.36408615112305 4
      vertex 10.5 46.36408615112305 67
    endloop
  endfacet
  facet normal 0.998026369378038 -0.06279622620900165 0
    outer loop
      vertex 10.5 46.36408615112305 4
      vertex 10.492114067077637 46.23875427246094 67
      vertex 10.492114067077637 46.23875427246094 4
    endloop
  endfacet
  facet normal 1 0 0
    outer loop
      vertex 10.5 46.36408615112305 67
      vertex 10.5 48.61379623413086 4
      vertex 10.5 48.61379623413086 67
    endloop
  endfacet
  facet normal 1 0 0
    outer loop
      vertex 10.5 48.61379623413086 4
      vertex 10.5 46.36408615112305 67
      vertex 10.5 46.36408615112305 4
    endloop
  endfacet
  facet normal 0.998026369378038 0.06279622620900165 0
    outer loop
      vertex 10.5 48.61379623413086 67
      vertex 10.492114067077637 48.73912811279297 4
      vertex 10.492114067077637 48.73912811279297 67
    endloop
  endfacet
  facet normal 0.998026369378038 0.06279622620900165 0
    outer loop
      vertex 10.492114067077637 48.73912811279297 4
      vertex 10.5 48.61379623413086 67
      vertex 10.5 48.61379623413086 4
    endloop
  endfacet
  facet normal 0.9822878806212213 0.1873780125432787 0
    outer loop
      vertex 10.492114067077637 48.73912811279297 67
      vertex 10.468583106994629 48.862483978271484 4
      vertex 10.468583106994629 48.862483978271484 67
    endloop
  endfacet
  facet normal 0.9822878806212213 0.1873780125432787 0
    outer loop
      vertex 10.468583106994629 48.862483978271484 4
      vertex 10.492114067077637 48.73912811279297 67
      vertex 10.492114067077637 48.73912811279297 4
    endloop
  endfacet
  facet normal 0.9510557196934979 0.3090194460519964 0
    outer loop
      vertex 10.468583106994629 48.862483978271484 67
      vertex 10.429776191711426 48.98191833496094 4
      vertex 10.429776191711426 48.98191833496094 67
    endloop
  endfacet
  facet normal 0.9510557196934979 0.3090194460519964 0
    outer loop
      vertex 10.429776191711426 48.98191833496094 4
      vertex 10.468583106994629 48.862483978271484 67
      vertex 10.468583106994629 48.862483978271484 4
    endloop
  endfacet
  facet normal 0.904831953493423 0.42576887619608356 0
    outer loop
      vertex 10.429776191711426 48.98191833496094 67
      vertex 10.376306533813477 49.095550537109375 4
      vertex 10.376306533813477 49.095550537109375 67
    endloop
  endfacet
  facet normal 0.904831953493423 0.42576887619608356 0
    outer loop
      vertex 10.376306533813477 49.095550537109375 4
      vertex 10.429776191711426 48.98191833496094 67
      vertex 10.429776191711426 48.98191833496094 4
    endloop
  endfacet
  facet normal 0.8443209629679636 0.5358377660195768 0
    outer loop
      vertex 10.376306533813477 49.095550537109375 67
      vertex 10.309016227722168 49.20158004760742 4
      vertex 10.309016227722168 49.20158004760742 67
    endloop
  endfacet
  facet normal 0.8443209629679636 0.5358377660195768 0
    outer loop
      vertex 10.309016227722168 49.20158004760742 4
      vertex 10.376306533813477 49.095550537109375 67
      vertex 10.376306533813477 49.095550537109375 4
    endloop
  endfacet
  facet normal 0.7705218984688987 0.637413526668429 0
    outer loop
      vertex 10.309016227722168 49.20158004760742 67
      vertex 10.228968620300293 49.298343658447266 4
      vertex 10.228968620300293 49.298343658447266 67
    endloop
  endfacet
  facet normal 0.7705218984688987 0.637413526668429 0
    outer loop
      vertex 10.228968620300293 49.298343658447266 4
      vertex 10.309016227722168 49.20158004760742 67
      vertex 10.309016227722168 49.20158004760742 4
    endloop
  endfacet
  facet normal 0.6845370653099768 0.7289780560598546 0
    outer loop
      vertex 10.228968620300293 49.298343658447266 4
      vertex 10.137423515319824 49.384307861328125 67
      vertex 10.228968620300293 49.298343658447266 67
    endloop
  endfacet
  facet normal 0.6845370653099768 0.7289780560598546 0
    outer loop
      vertex 10.137423515319824 49.384307861328125 67
      vertex 10.228968620300293 49.298343658447266 4
      vertex 10.137423515319824 49.384307861328125 4
    endloop
  endfacet
  facet normal 0.587785110170982 0.8090170976322358 0
    outer loop
      vertex 10.137423515319824 49.384307861328125 4
      vertex 10.035826683044434 49.45812225341797 67
      vertex 10.137423515319824 49.384307861328125 67
    endloop
  endfacet
  facet normal 0.587785110170982 0.8090170976322358 0
    outer loop
      vertex 10.035826683044434 49.45812225341797 67
      vertex 10.137423515319824 49.384307861328125 4
      vertex 10.035826683044434 49.45812225341797 4
    endloop
  endfacet
  facet normal 0.48176307254742023 0.8763015131389819 0
    outer loop
      vertex 10.035826683044434 49.45812225341797 4
      vertex 9.92577838897705 49.51862335205078 67
      vertex 10.035826683044434 49.45812225341797 67
    endloop
  endfacet
  facet normal 0.48176307254742023 0.8763015131389819 0
    outer loop
      vertex 9.92577838897705 49.51862335205078 67
      vertex 10.035826683044434 49.45812225341797 4
      vertex 9.92577838897705 49.51862335205078 4
    endloop
  endfacet
  facet normal 0.3681307905158208 0.929774016131983 0
    outer loop
      vertex 9.92577838897705 49.51862335205078 4
      vertex 9.809016227722168 49.56485366821289 67
      vertex 9.92577838897705 49.51862335205078 67
    endloop
  endfacet
  facet normal 0.3681307905158208 0.929774016131983 0
    outer loop
      vertex 9.809016227722168 49.56485366821289 67
      vertex 9.92577838897705 49.51862335205078 4
      vertex 9.809016227722168 49.56485366821289 4
    endloop
  endfacet
  facet normal 0.2486632897350476 0.9685899897986474 0
    outer loop
      vertex 9.809016227722168 49.56485366821289 4
      vertex 9.68738079071045 49.5960807800293 67
      vertex 9.809016227722168 49.56485366821289 67
    endloop
  endfacet
  facet normal 0.2486632897350476 0.9685899897986474 0
    outer loop
      vertex 9.68738079071045 49.5960807800293 67
      vertex 9.809016227722168 49.56485366821289 4
      vertex 9.68738079071045 49.5960807800293 4
    endloop
  endfacet
  facet normal 0.1253328673863287 0.9921147475734453 0
    outer loop
      vertex 9.68738079071045 49.5960807800293 4
      vertex 9.562789916992188 49.611820220947266 67
      vertex 9.68738079071045 49.5960807800293 67
    endloop
  endfacet
  facet normal 0.1253328673863287 0.9921147475734453 0
    outer loop
      vertex 9.562789916992188 49.611820220947266 67
      vertex 9.68738079071045 49.5960807800293 4
      vertex 9.562789916992188 49.611820220947266 4
    endloop
  endfacet
  facet normal 0 1 0
    outer loop
      vertex 9.562789916992188 49.611820220947266 4
      vertex 9.437210083007812 49.611820220947266 67
      vertex 9.562789916992188 49.611820220947266 67
    endloop
  endfacet
  facet normal 0 1 0
    outer loop
      vertex 9.437210083007812 49.611820220947266 67
      vertex 9.562789916992188 49.611820220947266 4
      vertex 9.437210083007812 49.611820220947266 4
    endloop
  endfacet
  facet normal -0.05465966053046054 -0.9985050433075914 0
    outer loop
      vertex 19.6593017578125 41.2315673828125 0
      vertex 20.842912673950195 41.16677474975586 4
      vertex 19.6593017578125 41.2315673828125 4
    endloop
  endfacet
  facet normal -0.05465966053046054 -0.9985050433075914 0
    outer loop
      vertex 20.842912673950195 41.16677474975586 4
      vertex 19.6593017578125 41.2315673828125 0
      vertex 20.842912673950195 41.16677474975586 0
    endloop
  endfacet
  facet normal -0.11057898906573295 -0.9938673388220385 0
    outer loop
      vertex 20.842912673950195 41.16677474975586 0
      vertex 21.998451232910156 41.0382080078125 4
      vertex 20.842912673950195 41.16677474975586 4
    endloop
  endfacet
  facet normal -0.11057898906573295 -0.9938673388220385 0
    outer loop
      vertex 21.998451232910156 41.0382080078125 4
      vertex 20.842912673950195 41.16677474975586 0
      vertex 21.998451232910156 41.0382080078125 0
    endloop
  endfacet
  facet normal -0.12533192310936314 -0.9921148668625568 0
    outer loop
      vertex 21.998451232910156 41.0382080078125 0
      vertex 22.123043060302734 41.02246856689453 4
      vertex 21.998451232910156 41.0382080078125 4
    endloop
  endfacet
  facet normal -0.12533192310936314 -0.9921148668625568 0
    outer loop
      vertex 22.123043060302734 41.02246856689453 4
      vertex 21.998451232910156 41.0382080078125 0
      vertex 22.123043060302734 41.02246856689453 0
    endloop
  endfacet
  facet normal -0.1690982507527838 -0.9855991992652736 0
    outer loop
      vertex 22.123043060302734 41.02246856689453 0
      vertex 23.232284545898438 40.832157135009766 4
      vertex 22.123043060302734 41.02246856689453 4
    endloop
  endfacet
  facet normal -0.1690982507527838 -0.9855991992652736 0
    outer loop
      vertex 23.232284545898438 40.832157135009766 4
      vertex 22.123043060302734 41.02246856689453 0
      vertex 23.232284545898438 40.832157135009766 0
    endloop
  endfacet
  facet normal -0.23173985645308154 -0.9727777952498223 0
    outer loop
      vertex 23.232284545898438 40.832157135009766 0
      vertex 24.2777099609375 40.58311080932617 4
      vertex 23.232284545898438 40.832157135009766 4
    endloop
  endfacet
  facet normal -0.23173985645308154 -0.9727777952498223 0
    outer loop
      vertex 24.2777099609375 40.58311080932617 4
      vertex 23.232284545898438 40.832157135009766 0
      vertex 24.2777099609375 40.58311080932617 0
    endloop
  endfacet
  facet normal -0.2486975627181119 -0.9685811903490954 0
    outer loop
      vertex 24.2777099609375 40.58311080932617 0
      vertex 24.399372100830078 40.55187225341797 4
      vertex 24.2777099609375 40.58311080932617 4
    endloop
  endfacet
  facet normal -0.2486975627181119 -0.9685811903490954 0
    outer loop
      vertex 24.399372100830078 40.55187225341797 4
      vertex 24.2777099609375 40.58311080932617 0
      vertex 24.399372100830078 40.55187225341797 0
    endloop
  endfacet
  facet normal -0.30030454952841235 -0.953843371593333 0
    outer loop
      vertex 24.399372100830078 40.55187225341797 0
      vertex 25.364543914794922 40.24800109863281 4
      vertex 24.399372100830078 40.55187225341797 4
    endloop
  endfacet
  facet normal -0.30030454952841235 -0.953843371593333 0
    outer loop
      vertex 25.364543914794922 40.24800109863281 4
      vertex 24.399372100830078 40.55187225341797 0
      vertex 25.364543914794922 40.24800109863281 0
    endloop
  endfacet
  facet normal 0.9980268452938829 0.0627886619760297 0
    outer loop
      vertex 39 41.5 67
      vertex 38.99211502075195 41.62533187866211 0
      vertex 38.99211502075195 41.62533187866211 67
    endloop
  endfacet
  facet normal 0.9980268452938829 0.0627886619760297 0
    outer loop
      vertex 38.99211502075195 41.62533187866211 0
      vertex 39 41.5 67
      vertex 39 41.5 0
    endloop
  endfacet
  facet normal -0.36811626734689556 -0.9297797662428393 0
    outer loop
      vertex 25.364543914794922 40.24800109863281 0
      vertex 25.48134994506836 40.20175552368164 4
      vertex 25.364543914794922 40.24800109863281 4
    endloop
  endfacet
  facet normal -0.36811626734689556 -0.9297797662428393 0
    outer loop
      vertex 25.48134994506836 40.20175552368164 4
      vertex 25.364543914794922 40.24800109863281 0
      vertex 25.48134994506836 40.20175552368164 0
    endloop
  endfacet
  facet normal -0.3769168338275939 -0.9262471054623501 0
    outer loop
      vertex 25.48134994506836 40.20175552368164 0
      vertex 26.350980758666992 39.847877502441406 4
      vertex 25.48134994506836 40.20175552368164 4
    endloop
  endfacet
  facet normal -0.3769168338275939 -0.9262471054623501 0
    outer loop
      vertex 26.350980758666992 39.847877502441406 4
      vertex 25.48134994506836 40.20175552368164 0
      vertex 26.350980758666992 39.847877502441406 0
    endloop
  endfacet
  facet normal -0.4640065795602752 -0.8858317527187508 0
    outer loop
      vertex 26.350980758666992 39.847877502441406 0
      vertex 27.111431121826172 39.449546813964844 4
      vertex 26.350980758666992 39.847877502441406 4
    endloop
  endfacet
  facet normal -0.4640065795602752 -0.8858317527187508 0
    outer loop
      vertex 27.111431121826172 39.449546813964844 4
      vertex 26.350980758666992 39.847877502441406 0
      vertex 27.111431121826172 39.449546813964844 0
    endloop
  endfacet
  facet normal -0.48173101480976827 -0.8763191367135325 0
    outer loop
      vertex 27.111431121826172 39.449546813964844 0
      vertex 27.22148895263672 39.38904571533203 4
      vertex 27.111431121826172 39.449546813964844 4
    endloop
  endfacet
  facet normal -0.48173101480976827 -0.8763191367135325 0
    outer loop
      vertex 27.22148895263672 39.38904571533203 4
      vertex 27.111431121826172 39.449546813964844 0
      vertex 27.22148895263672 39.38904571533203 0
    endloop
  endfacet
  facet normal -0.5639073814171113 -0.8258380381063206 0
    outer loop
      vertex 27.22148895263672 39.38904571533203 0
      vertex 27.860740661621094 38.952545166015625 4
      vertex 27.22148895263672 39.38904571533203 4
    endloop
  endfacet
  facet normal -0.5639073814171113 -0.8258380381063206 0
    outer loop
      vertex 27.860740661621094 38.952545166015625 4
      vertex 27.22148895263672 39.38904571533203 0
      vertex 27.860740661621094 38.952545166015625 0
    endloop
  endfacet
  facet normal -0.587785110170982 -0.8090170976322358 0
    outer loop
      vertex 27.860740661621094 38.952545166015625 0
      vertex 27.962337493896484 38.87873077392578 4
      vertex 27.860740661621094 38.952545166015625 4
    endloop
  endfacet
  facet normal -0.587785110170982 -0.8090170976322358 0
    outer loop
      vertex 27.962337493896484 38.87873077392578 4
      vertex 27.860740661621094 38.952545166015625 0
      vertex 27.962337493896484 38.87873077392578 0
    endloop
  endfacet
  facet normal -0.1253319231093631 -0.9921148668625567 0
    outer loop
      vertex 28.312618255615234 -0.9822864532470703 4
      vertex 28.437210083007812 -0.9980258941650391 67
      vertex 28.312618255615234 -0.9822864532470703 67
    endloop
  endfacet
  facet normal -0.1253319231093631 -0.9921148668625567 0
    outer loop
      vertex 28.437210083007812 -0.9980258941650391 67
      vertex 28.312618255615234 -0.9822864532470703 4
      vertex 28.437210083007812 -0.9980258941650391 4
    endloop
  endfacet
  facet normal -0.2486846633243531 -0.96858450236789 0
    outer loop
      vertex 28.190982818603516 -0.9510564804077148 4
      vertex 28.312618255615234 -0.9822864532470703 67
      vertex 28.190982818603516 -0.9510564804077148 67
    endloop
  endfacet
  facet normal -0.2486846633243531 -0.96858450236789 0
    outer loop
      vertex 28.312618255615234 -0.9822864532470703 67
      vertex 28.190982818603516 -0.9510564804077148 4
      vertex 28.312618255615234 -0.9822864532470703 4
    endloop
  endfacet
  facet normal -0.3681359891656234 -0.9297719577837611 0
    outer loop
      vertex 28.074222564697266 -0.9048261642456055 4
      vertex 28.190982818603516 -0.9510564804077148 67
      vertex 28.074222564697266 -0.9048261642456055 67
    endloop
  endfacet
  facet normal -0.3681359891656234 -0.9297719577837611 0
    outer loop
      vertex 28.190982818603516 -0.9510564804077148 67
      vertex 28.074222564697266 -0.9048261642456055 4
      vertex 28.190982818603516 -0.9510564804077148 4
    endloop
  endfacet
  facet normal -0.4817449977193444 -0.876311449869502 0
    outer loop
      vertex 27.96417236328125 -0.8443269729614258 4
      vertex 28.074222564697266 -0.9048261642456055 67
      vertex 27.96417236328125 -0.8443269729614258 67
    endloop
  endfacet
  facet normal -0.4817449977193444 -0.876311449869502 0
    outer loop
      vertex 28.074222564697266 -0.9048261642456055 67
      vertex 27.96417236328125 -0.8443269729614258 4
      vertex 28.074222564697266 -0.9048261642456055 4
    endloop
  endfacet
  facet normal -0.587785110170982 -0.8090170976322358 0
    outer loop
      vertex 27.86257553100586 -0.770512580871582 4
      vertex 27.96417236328125 -0.8443269729614258 67
      vertex 27.86257553100586 -0.770512580871582 67
    endloop
  endfacet
  facet normal -0.587785110170982 -0.8090170976322358 0
    outer loop
      vertex 27.96417236328125 -0.8443269729614258 67
      vertex 27.86257553100586 -0.770512580871582 4
      vertex 27.96417236328125 -0.8443269729614258 4
    endloop
  endfacet
  facet normal -0.6845451363880445 -0.7289704769381772 0
    outer loop
      vertex 27.77103042602539 -0.6845464706420898 4
      vertex 27.86257553100586 -0.770512580871582 67
      vertex 27.77103042602539 -0.6845464706420898 67
    endloop
  endfacet
  facet normal -0.6845451363880445 -0.7289704769381772 0
    outer loop
      vertex 27.86257553100586 -0.770512580871582 67
      vertex 27.77103042602539 -0.6845464706420898 4
      vertex 27.86257553100586 -0.770512580871582 4
    endloop
  endfacet
  facet normal -0.7705157275025679 -0.6374209862180475 0
    outer loop
      vertex 27.77103042602539 -0.6845464706420898 4
      vertex 27.690982818603516 -0.5877847671508789 67
      vertex 27.690982818603516 -0.5877847671508789 4
    endloop
  endfacet
  facet normal -0.7705157275025679 -0.6374209862180475 0
    outer loop
      vertex 27.690982818603516 -0.5877847671508789 67
      vertex 27.77103042602539 -0.6845464706420898 4
      vertex 27.77103042602539 -0.6845464706420898 67
    endloop
  endfacet
  facet normal -0.8443287594763726 -0.535825480843427 0
    outer loop
      vertex 27.690982818603516 -0.5877847671508789 4
      vertex 27.623693466186523 -0.4817533493041992 67
      vertex 27.623693466186523 -0.4817533493041992 4
    endloop
  endfacet
  facet normal -0.8443287594763726 -0.535825480843427 0
    outer loop
      vertex 27.623693466186523 -0.4817533493041992 67
      vertex 27.690982818603516 -0.5877847671508789 4
      vertex 27.690982818603516 -0.5877847671508789 67
    endloop
  endfacet
  facet normal -0.9048307491539641 -0.42577143561478614 0
    outer loop
      vertex 27.623693466186523 -0.4817533493041992 4
      vertex 27.57022476196289 -0.36812400817871094 67
      vertex 27.57022476196289 -0.36812400817871094 4
    endloop
  endfacet
  facet normal -0.9048307491539641 -0.42577143561478614 0
    outer loop
      vertex 27.57022476196289 -0.36812400817871094 67
      vertex 27.623693466186523 -0.4817533493041992 4
      vertex 27.623693466186523 -0.4817533493041992 67
    endloop
  endfacet
  facet normal -0.9510557196934979 -0.3090194460519964 0
    outer loop
      vertex 27.57022476196289 -0.36812400817871094 4
      vertex 27.531417846679688 -0.2486896514892578 67
      vertex 27.531417846679688 -0.2486896514892578 4
    endloop
  endfacet
  facet normal -0.9510557196934979 -0.3090194460519964 0
    outer loop
      vertex 27.531417846679688 -0.2486896514892578 67
      vertex 27.57022476196289 -0.36812400817871094 4
      vertex 27.57022476196289 -0.36812400817871094 67
    endloop
  endfacet
  facet normal -0.9822853516473765 -0.18739126964453273 0
    outer loop
      vertex 27.531417846679688 -0.2486896514892578 4
      vertex 27.507884979248047 -0.12533283233642578 67
      vertex 27.507884979248047 -0.12533283233642578 4
    endloop
  endfacet
  facet normal -0.9822853516473765 -0.18739126964453273 0
    outer loop
      vertex 27.507884979248047 -0.12533283233642578 67
      vertex 27.531417846679688 -0.2486896514892578 4
      vertex 27.531417846679688 -0.2486896514892578 67
    endloop
  endfacet
  facet normal -0.9980268752329511 -0.062788186092223 0
    outer loop
      vertex 27.507884979248047 -0.12533283233642578 4
      vertex 27.5 0 67
      vertex 27.5 0 4
    endloop
  endfacet
  facet normal -0.9980268752329511 -0.062788186092223 0
    outer loop
      vertex 27.5 0 67
      vertex 27.507884979248047 -0.12533283233642578 4
      vertex 27.507884979248047 -0.12533283233642578 67
    endloop
  endfacet
  facet normal -1 0 0
    outer loop
      vertex 27.5 0 4
      vertex 27.5 1.5 67
      vertex 27.5 1.5 4
    endloop
  endfacet
  facet normal -1 0 0
    outer loop
      vertex 27.5 1.5 67
      vertex 27.5 0 4
      vertex 27.5 0 67
    endloop
  endfacet
  facet normal -0.9980268752329511 0.062788186092223 0
    outer loop
      vertex 27.5 1.5 4
      vertex 27.507884979248047 1.6253328323364258 67
      vertex 27.507884979248047 1.6253328323364258 4
    endloop
  endfacet
  facet normal -0.9980268752329511 0.062788186092223 0
    outer loop
      vertex 27.507884979248047 1.6253328323364258 67
      vertex 27.5 1.5 4
      vertex 27.5 1.5 67
    endloop
  endfacet
  facet normal -0.9822853516473765 0.18739126964453273 0
    outer loop
      vertex 27.507884979248047 1.6253328323364258 4
      vertex 27.531417846679688 1.7486896514892578 67
      vertex 27.531417846679688 1.7486896514892578 4
    endloop
  endfacet
  facet normal -0.9822853516473765 0.18739126964453273 0
    outer loop
      vertex 27.531417846679688 1.7486896514892578 67
      vertex 27.507884979248047 1.6253328323364258 4
      vertex 27.507884979248047 1.6253328323364258 67
    endloop
  endfacet
  facet normal -0.9510557196934979 0.3090194460519964 0
    outer loop
      vertex 27.531417846679688 1.7486896514892578 4
      vertex 27.57022476196289 1.868124008178711 67
      vertex 27.57022476196289 1.868124008178711 4
    endloop
  endfacet
  facet normal -0.9510557196934979 0.3090194460519964 0
    outer loop
      vertex 27.57022476196289 1.868124008178711 67
      vertex 27.531417846679688 1.7486896514892578 4
      vertex 27.531417846679688 1.7486896514892578 67
    endloop
  endfacet
  facet normal -0.9048307491539641 0.42577143561478614 0
    outer loop
      vertex 27.57022476196289 1.868124008178711 4
      vertex 27.623693466186523 1.9817533493041992 67
      vertex 27.623693466186523 1.9817533493041992 4
    endloop
  endfacet
  facet normal -0.9048307491539641 0.42577143561478614 0
    outer loop
      vertex 27.623693466186523 1.9817533493041992 67
      vertex 27.57022476196289 1.868124008178711 4
      vertex 27.57022476196289 1.868124008178711 67
    endloop
  endfacet
  facet normal -0.8443287594763726 0.535825480843427 0
    outer loop
      vertex 27.623693466186523 1.9817533493041992 4
      vertex 27.690982818603516 2.087784767150879 67
      vertex 27.690982818603516 2.087784767150879 4
    endloop
  endfacet
  facet normal -0.8443287594763726 0.535825480843427 0
    outer loop
      vertex 27.690982818603516 2.087784767150879 67
      vertex 27.623693466186523 1.9817533493041992 4
      vertex 27.623693466186523 1.9817533493041992 67
    endloop
  endfacet
  facet normal -0.7705157275025679 0.6374209862180475 0
    outer loop
      vertex 27.690982818603516 2.087784767150879 4
      vertex 27.77103042602539 2.18454647064209 67
      vertex 27.77103042602539 2.18454647064209 4
    endloop
  endfacet
  facet normal -0.7705157275025679 0.6374209862180475 0
    outer loop
      vertex 27.77103042602539 2.18454647064209 67
      vertex 27.690982818603516 2.087784767150879 4
      vertex 27.690982818603516 2.087784767150879 67
    endloop
  endfacet
  facet normal -0.6845451363880445 0.7289704769381772 0
    outer loop
      vertex 27.86257553100586 2.270512580871582 4
      vertex 27.77103042602539 2.18454647064209 67
      vertex 27.86257553100586 2.270512580871582 67
    endloop
  endfacet
  facet normal -0.6845451363880445 0.7289704769381772 0
    outer loop
      vertex 27.77103042602539 2.18454647064209 67
      vertex 27.86257553100586 2.270512580871582 4
      vertex 27.77103042602539 2.18454647064209 4
    endloop
  endfacet
  facet normal -0.587785110170982 0.8090170976322358 0
    outer loop
      vertex 27.96417236328125 2.344326972961426 4
      vertex 27.86257553100586 2.270512580871582 67
      vertex 27.96417236328125 2.344326972961426 67
    endloop
  endfacet
  facet normal -0.587785110170982 0.8090170976322358 0
    outer loop
      vertex 27.86257553100586 2.270512580871582 67
      vertex 27.96417236328125 2.344326972961426 4
      vertex 27.86257553100586 2.270512580871582 4
    endloop
  endfacet
  facet normal -0.4817449977193444 0.876311449869502 0
    outer loop
      vertex 28.074222564697266 2.4048261642456055 4
      vertex 27.96417236328125 2.344326972961426 67
      vertex 28.074222564697266 2.4048261642456055 67
    endloop
  endfacet
  facet normal -0.4817449977193444 0.876311449869502 0
    outer loop
      vertex 27.96417236328125 2.344326972961426 67
      vertex 28.074222564697266 2.4048261642456055 4
      vertex 27.96417236328125 2.344326972961426 4
    endloop
  endfacet
  facet normal -0.3681359891656234 0.9297719577837611 0
    outer loop
      vertex 28.190982818603516 2.451056480407715 4
      vertex 28.074222564697266 2.4048261642456055 67
      vertex 28.190982818603516 2.451056480407715 67
    endloop
  endfacet
  facet normal -0.3681359891656234 0.9297719577837611 0
    outer loop
      vertex 28.074222564697266 2.4048261642456055 67
      vertex 28.190982818603516 2.451056480407715 4
      vertex 28.074222564697266 2.4048261642456055 4
    endloop
  endfacet
  facet normal -0.2486846633243531 0.96858450236789 0
    outer loop
      vertex 28.312618255615234 2.4822864532470703 4
      vertex 28.190982818603516 2.451056480407715 67
      vertex 28.312618255615234 2.4822864532470703 67
    endloop
  endfacet
  facet normal -0.2486846633243531 0.96858450236789 0
    outer loop
      vertex 28.190982818603516 2.451056480407715 67
      vertex 28.312618255615234 2.4822864532470703 4
      vertex 28.190982818603516 2.451056480407715 4
    endloop
  endfacet
  facet normal -0.1253319231093631 0.9921148668625567 0
    outer loop
      vertex 28.437210083007812 2.498025894165039 4
      vertex 28.312618255615234 2.4822864532470703 67
      vertex 28.437210083007812 2.498025894165039 67
    endloop
  endfacet
  facet normal -0.1253319231093631 0.9921148668625567 0
    outer loop
      vertex 28.312618255615234 2.4822864532470703 67
      vertex 28.437210083007812 2.498025894165039 4
      vertex 28.312618255615234 2.4822864532470703 4
    endloop
  endfacet
  facet normal 0 0 1
    outer loop
      vertex 38.06278991699219 11.373025894165039 67
      vertex 39 10.375 67
      vertex 38.99211502075195 10.500332832336426 67
    endloop
  endfacet
  facet normal 0 0 1
    outer loop
      vertex 39 10.375 67
      vertex 35.5 2.498025894165039 67
      vertex 39 0 67
    endloop
  endfacet
  facet normal 0 0 1
    outer loop
      vertex 38.06278991699219 11.373025894165039 67
      vertex 38.99211502075195 10.500332832336426 67
      vertex 38.96858215332031 10.623689651489258 67
    endloop
  endfacet
  facet normal 0 0 1
    outer loop
      vertex 38.06278991699219 -0.9980258941650391 67
      vertex 39 0 67
      vertex 35.5 2.498025894165039 67
    endloop
  endfacet
  facet normal 0 0 1
    outer loop
      vertex 38.06278991699219 11.373025894165039 67
      vertex 38.96858215332031 10.623689651489258 67
      vertex 38.92977523803711 10.743124008178711 67
    endloop
  endfacet
  facet normal 0 0 1
    outer loop
      vertex 39 0 67
      vertex 38.06278991699219 -0.9980258941650391 67
      vertex 38.99211502075195 -0.12533283233642578 67
    endloop
  endfacet
  facet normal 0 0 1
    outer loop
      vertex 38.06278991699219 11.373025894165039 67
      vertex 38.92977523803711 10.743124008178711 67
      vertex 38.876304626464844 10.8567533493042 67
    endloop
  endfacet
  facet normal 0 0 1
    outer loop
      vertex 38.99211502075195 -0.12533283233642578 67
      vertex 38.06278991699219 -0.9980258941650391 67
      vertex 38.96858215332031 -0.2486896514892578 67
    endloop
  endfacet
  facet normal 0 0 1
    outer loop
      vertex 38.06278991699219 11.373025894165039 67
      vertex 38.876304626464844 10.8567533493042 67
      vertex 38.809017181396484 10.962784767150879 67
    endloop
  endfacet
  facet normal 0 0 1
    outer loop
      vertex 38.96858215332031 -0.2486896514892578 67
      vertex 38.06278991699219 -0.9980258941650391 67
      vertex 38.92977523803711 -0.36812400817871094 67
    endloop
  endfacet
  facet normal 0 0 1
    outer loop
      vertex 38.06278991699219 11.373025894165039 67
      vertex 38.809017181396484 10.962784767150879 67
      vertex 38.72896957397461 11.05954647064209 67
    endloop
  endfacet
  facet normal 0 0 1
    outer loop
      vertex 38.92977523803711 -0.36812400817871094 67
      vertex 38.06278991699219 -0.9980258941650391 67
      vertex 38.876304626464844 -0.4817533493041992 67
    endloop
  endfacet
  facet normal 0 0 1
    outer loop
      vertex 38.06278991699219 11.373025894165039 67
      vertex 38.72896957397461 11.05954647064209 67
      vertex 38.63742446899414 11.145512580871582 67
    endloop
  endfacet
  facet normal 0 0 1
    outer loop
      vertex 38.876304626464844 -0.4817533493041992 67
      vertex 38.06278991699219 -0.9980258941650391 67
      vertex 38.809017181396484 -0.5877847671508789 67
    endloop
  endfacet
  facet normal 0 0 1
    outer loop
      vertex 38.06278991699219 11.373025894165039 67
      vertex 38.63742446899414 11.145512580871582 67
      vertex 38.53582763671875 11.219326972961426 67
    endloop
  endfacet
  facet normal 0 0 1
    outer loop
      vertex 38.809017181396484 -0.5877847671508789 67
      vertex 38.06278991699219 -0.9980258941650391 67
      vertex 38.72896957397461 -0.6845464706420898 67
    endloop
  endfacet
  facet normal 0 0 1
    outer loop
      vertex 38.06278991699219 11.373025894165039 67
      vertex 38.53582763671875 11.219326972961426 67
      vertex 38.425777435302734 11.279826164245605 67
    endloop
  endfacet
  facet normal 0 0 1
    outer loop
      vertex 38.72896957397461 -0.6845464706420898 67
      vertex 38.06278991699219 -0.9980258941650391 67
      vertex 38.63742446899414 -0.770512580871582 67
    endloop
  endfacet
  facet normal 0 0 1
    outer loop
      vertex 38.06278991699219 11.373025894165039 67
      vertex 38.425777435302734 11.279826164245605 67
      vertex 38.309017181396484 11.326056480407715 67
    endloop
  endfacet
  facet normal 0 0 1
    outer loop
      vertex 38.63742446899414 -0.770512580871582 67
      vertex 38.06278991699219 -0.9980258941650391 67
      vertex 38.53582763671875 -0.8443269729614258 67
    endloop
  endfacet
  facet normal 0 0 1
    outer loop
      vertex 38.06278991699219 11.373025894165039 67
      vertex 38.309017181396484 11.326056480407715 67
      vertex 38.187381744384766 11.35728645324707 67
    endloop
  endfacet
  facet normal 0 0 1
    outer loop
      vertex 38.53582763671875 -0.8443269729614258 67
      vertex 38.06278991699219 -0.9980258941650391 67
      vertex 38.425777435302734 -0.9048261642456055 67
    endloop
  endfacet
  facet normal 0 0 1
    outer loop
      vertex 39 10.375 67
      vertex 38.06278991699219 11.373025894165039 67
      vertex 35.5 10.375 67
    endloop
  endfacet
  facet normal 0 0 1
    outer loop
      vertex 38.425777435302734 -0.9048261642456055 67
      vertex 38.06278991699219 -0.9980258941650391 67
      vertex 38.309017181396484 -0.9510564804077148 67
    endloop
  endfacet
  facet normal 0 0 1
    outer loop
      vertex 35.5 10.375 67
      vertex 38.06278991699219 11.373025894165039 67
      vertex 36.43721008300781 11.373025894165039 67
    endloop
  endfacet
  facet normal 0 0 1
    outer loop
      vertex 35.5 10.375 67
      vertex 36.43721008300781 11.373025894165039 67
      vertex 36.312618255615234 11.35728645324707 67
    endloop
  endfacet
  facet normal 0 0 1
    outer loop
      vertex 35.5 10.375 67
      vertex 36.312618255615234 11.35728645324707 67
      vertex 36.190982818603516 11.326056480407715 67
    endloop
  endfacet
  facet normal 0 0 1
    outer loop
      vertex 35.5 10.375 67
      vertex 36.190982818603516 11.326056480407715 67
      vertex 36.074222564697266 11.279826164245605 67
    endloop
  endfacet
  facet normal 0 0 1
    outer loop
      vertex 35.5 10.375 67
      vertex 36.074222564697266 11.279826164245605 67
      vertex 35.96417236328125 11.219326972961426 67
    endloop
  endfacet
  facet normal 0 0 1
    outer loop
      vertex 35.5 10.375 67
      vertex 35.96417236328125 11.219326972961426 67
      vertex 35.86257553100586 11.145512580871582 67
    endloop
  endfacet
  facet normal 0 0 1
    outer loop
      vertex 35.5 10.375 67
      vertex 35.86257553100586 11.145512580871582 67
      vertex 35.77103042602539 11.05954647064209 67
    endloop
  endfacet
  facet normal 0 0 1
    outer loop
      vertex 35.5 10.375 67
      vertex 35.77103042602539 11.05954647064209 67
      vertex 35.690982818603516 10.962784767150879 67
    endloop
  endfacet
  facet normal 0 0 1
    outer loop
      vertex 35.5 10.375 67
      vertex 35.690982818603516 10.962784767150879 67
      vertex 35.623695373535156 10.8567533493042 67
    endloop
  endfacet
  facet normal 0 0 1
    outer loop
      vertex 35.5 10.375 67
      vertex 35.623695373535156 10.8567533493042 67
      vertex 35.57022476196289 10.743124008178711 67
    endloop
  endfacet
  facet normal 0 0 1
    outer loop
      vertex 35.5 10.375 67
      vertex 35.57022476196289 10.743124008178711 67
      vertex 35.53141784667969 10.623689651489258 67
    endloop
  endfacet
  facet normal 0 0 1
    outer loop
      vertex 35.5 10.375 67
      vertex 35.53141784667969 10.623689651489258 67
      vertex 35.50788497924805 10.500332832336426 67
    endloop
  endfacet
  facet normal 0 0 1
    outer loop
      vertex 39 10.375 67
      vertex 35.5 10.375 67
      vertex 35.5 2.498025894165039 67
    endloop
  endfacet
  facet normal 0 0 1
    outer loop
      vertex 38.309017181396484 -0.9510564804077148 67
      vertex 38.06278991699219 -0.9980258941650391 67
      vertex 38.187381744384766 -0.9822864532470703 67
    endloop
  endfacet
  facet normal 0 0 1
    outer loop
      vertex 28.437210083007812 -0.9980258941650391 67
      vertex 35.5 2.498025894165039 67
      vertex 28.437210083007812 2.498025894165039 67
    endloop
  endfacet
  facet normal 0 0 1
    outer loop
      vertex 35.5 2.498025894165039 67
      vertex 28.437210083007812 -0.9980258941650391 67
      vertex 38.06278991699219 -0.9980258941650391 67
    endloop
  endfacet
  facet normal 0 0 1
    outer loop
      vertex 27.5 1.5 67
      vertex 28.437210083007812 2.498025894165039 67
      vertex 28.312618255615234 2.4822864532470703 67
    endloop
  endfacet
  facet normal 0 0 1
    outer loop
      vertex 28.437210083007812 2.498025894165039 67
      vertex 27.5 1.5 67
      vertex 28.437210083007812 -0.9980258941650391 67
    endloop
  endfacet
  facet normal 0 0 1
    outer loop
      vertex 27.5 1.5 67
      vertex 28.312618255615234 2.4822864532470703 67
      vertex 28.190982818603516 2.451056480407715 67
    endloop
  endfacet
  facet normal 0 0 1
    outer loop
      vertex 27.5 0 67
      vertex 28.437210083007812 -0.9980258941650391 67
      vertex 27.5 1.5 67
    endloop
  endfacet
  facet normal 0 0 1
    outer loop
      vertex 27.5 1.5 67
      vertex 28.190982818603516 2.451056480407715 67
      vertex 28.074222564697266 2.4048261642456055 67
    endloop
  endfacet
  facet normal 0 0 1
    outer loop
      vertex 28.437210083007812 -0.9980258941650391 67
      vertex 27.5 0 67
      vertex 28.312618255615234 -0.9822864532470703 67
    endloop
  endfacet
  facet normal 0 0 1
    outer loop
      vertex 27.5 1.5 67
      vertex 28.074222564697266 2.4048261642456055 67
      vertex 27.96417236328125 2.344326972961426 67
    endloop
  endfacet
  facet normal 0 0 1
    outer loop
      vertex 28.312618255615234 -0.9822864532470703 67
      vertex 27.5 0 67
      vertex 28.190982818603516 -0.9510564804077148 67
    endloop
  endfacet
  facet normal 0 0 1
    outer loop
      vertex 27.5 1.5 67
      vertex 27.96417236328125 2.344326972961426 67
      vertex 27.86257553100586 2.270512580871582 67
    endloop
  endfacet
  facet normal 0 0 1
    outer loop
      vertex 28.190982818603516 -0.9510564804077148 67
      vertex 27.5 0 67
      vertex 28.074222564697266 -0.9048261642456055 67
    endloop
  endfacet
  facet normal 0 0 1
    outer loop
      vertex 27.5 1.5 67
      vertex 27.86257553100586 2.270512580871582 67
      vertex 27.77103042602539 2.18454647064209 67
    endloop
  endfacet
  facet normal 0 0 1
    outer loop
      vertex 28.074222564697266 -0.9048261642456055 67
      vertex 27.5 0 67
      vertex 27.96417236328125 -0.8443269729614258 67
    endloop
  endfacet
  facet normal 0 0 1
    outer loop
      vertex 27.5 1.5 67
      vertex 27.77103042602539 2.18454647064209 67
      vertex 27.690982818603516 2.087784767150879 67
    endloop
  endfacet
  facet normal 0 0 1
    outer loop
      vertex 27.96417236328125 -0.8443269729614258 67
      vertex 27.5 0 67
      vertex 27.86257553100586 -0.770512580871582 67
    endloop
  endfacet
  facet normal 0 0 1
    outer loop
      vertex 27.5 1.5 67
      vertex 27.690982818603516 2.087784767150879 67
      vertex 27.623693466186523 1.9817533493041992 67
    endloop
  endfacet
  facet normal 0 0 1
    outer loop
      vertex 27.86257553100586 -0.770512580871582 67
      vertex 27.5 0 67
      vertex 27.77103042602539 -0.6845464706420898 67
    endloop
  endfacet
  facet normal 0 0 1
    outer loop
      vertex 27.5 1.5 67
      vertex 27.623693466186523 1.9817533493041992 67
      vertex 27.57022476196289 1.868124008178711 67
    endloop
  endfacet
  facet normal 0 0 1
    outer loop
      vertex 27.77103042602539 -0.6845464706420898 67
      vertex 27.5 0 67
      vertex 27.690982818603516 -0.5877847671508789 67
    endloop
  endfacet
  facet normal 0 0 1
    outer loop
      vertex 27.5 1.5 67
      vertex 27.57022476196289 1.868124008178711 67
      vertex 27.531417846679688 1.7486896514892578 67
    endloop
  endfacet
  facet normal 0 0 1
    outer loop
      vertex 27.690982818603516 -0.5877847671508789 67
      vertex 27.5 0 67
      vertex 27.623693466186523 -0.4817533493041992 67
    endloop
  endfacet
  facet normal 0 0 1
    outer loop
      vertex 27.5 1.5 67
      vertex 27.531417846679688 1.7486896514892578 67
      vertex 27.507884979248047 1.6253328323364258 67
    endloop
  endfacet
  facet normal 0 0 1
    outer loop
      vertex 27.623693466186523 -0.4817533493041992 67
      vertex 27.5 0 67
      vertex 27.57022476196289 -0.36812400817871094 67
    endloop
  endfacet
  facet normal 0 0 1
    outer loop
      vertex 27.57022476196289 -0.36812400817871094 67
      vertex 27.5 0 67
      vertex 27.531417846679688 -0.2486896514892578 67
    endloop
  endfacet
  facet normal 0 0 1
    outer loop
      vertex 27.531417846679688 -0.2486896514892578 67
      vertex 27.5 0 67
      vertex 27.507884979248047 -0.12533283233642578 67
    endloop
  endfacet
  facet normal 0 1 0
    outer loop
      vertex 35.5 2.498025894165039 4
      vertex 28.437210083007812 2.498025894165039 67
      vertex 35.5 2.498025894165039 67
    endloop
  endfacet
  facet normal 0 1 0
    outer loop
      vertex 28.437210083007812 2.498025894165039 67
      vertex 35.5 2.498025894165039 4
      vertex 28.437210083007812 2.498025894165039 4
    endloop
  endfacet
  facet normal -0.30030341535558946 -0.9538437286714047 0
    outer loop
      vertex 28.190982818603516 45.413028717041016 4
      vertex 29.831968307495117 44.89638900756836 67
      vertex 28.190982818603516 45.413028717041016 67
    endloop
  endfacet
  facet normal -0.30030341535558946 -0.9538437286714047 0
    outer loop
      vertex 29.831968307495117 44.89638900756836 67
      vertex 28.190982818603516 45.413028717041016 4
      vertex 29.831968307495117 44.89638900756836 4
    endloop
  endfacet
  facet normal -0.3681359891656234 -0.9297719577837611 0
    outer loop
      vertex 28.074222564697266 45.459259033203125 4
      vertex 28.190982818603516 45.413028717041016 67
      vertex 28.074222564697266 45.459259033203125 67
    endloop
  endfacet
  facet normal -0.3681359891656234 -0.9297719577837611 0
    outer loop
      vertex 28.190982818603516 45.413028717041016 67
      vertex 28.074222564697266 45.459259033203125 4
      vertex 28.190982818603516 45.413028717041016 4
    endloop
  endfacet
  facet normal -0.4817333344725429 -0.8763178615422403 0
    outer loop
      vertex 27.96417236328125 45.51975631713867 4
      vertex 28.074222564697266 45.459259033203125 67
      vertex 27.96417236328125 45.51975631713867 67
    endloop
  endfacet
  facet normal -0.4817333344725429 -0.8763178615422403 0
    outer loop
      vertex 28.074222564697266 45.459259033203125 67
      vertex 27.96417236328125 45.51975631713867 4
      vertex 28.074222564697266 45.459259033203125 4
    endloop
  endfacet
  facet normal -0.587785110170982 -0.8090170976322358 0
    outer loop
      vertex 27.86257553100586 45.593570709228516 4
      vertex 27.96417236328125 45.51975631713867 67
      vertex 27.86257553100586 45.593570709228516 67
    endloop
  endfacet
  facet normal -0.587785110170982 -0.8090170976322358 0
    outer loop
      vertex 27.96417236328125 45.51975631713867 67
      vertex 27.86257553100586 45.593570709228516 4
      vertex 27.96417236328125 45.51975631713867 4
    endloop
  endfacet
  facet normal -0.6845532072143717 -0.7289628978847397 0
    outer loop
      vertex 27.77103042602539 45.67953872680664 4
      vertex 27.86257553100586 45.593570709228516 67
      vertex 27.77103042602539 45.67953872680664 67
    endloop
  endfacet
  facet normal -0.6845532072143717 -0.7289628978847397 0
    outer loop
      vertex 27.86257553100586 45.593570709228516 67
      vertex 27.77103042602539 45.67953872680664 4
      vertex 27.86257553100586 45.593570709228516 4
    endloop
  endfacet
  facet normal -0.7705095563195807 -0.6374284458825186 0
    outer loop
      vertex 27.77103042602539 45.67953872680664 4
      vertex 27.690982818603516 45.77629852294922 67
      vertex 27.690982818603516 45.77629852294922 4
    endloop
  endfacet
  facet normal -0.7705095563195807 -0.6374284458825186 0
    outer loop
      vertex 27.690982818603516 45.77629852294922 67
      vertex 27.77103042602539 45.67953872680664 4
      vertex 27.77103042602539 45.67953872680664 67
    endloop
  endfacet
  facet normal -0.8443331200685041 -0.5358186095642675 0
    outer loop
      vertex 27.690982818603516 45.77629852294922 4
      vertex 27.623693466186523 45.88233184814453 67
      vertex 27.623693466186523 45.88233184814453 4
    endloop
  endfacet
  facet normal -0.8443331200685041 -0.5358186095642675 0
    outer loop
      vertex 27.623693466186523 45.88233184814453 67
      vertex 27.690982818603516 45.77629852294922 4
      vertex 27.690982818603516 45.77629852294922 67
    endloop
  endfacet
  facet normal -0.9048293724693165 -0.4257743612722387 0
    outer loop
      vertex 27.623693466186523 45.88233184814453 4
      vertex 27.57022476196289 45.9959602355957 67
      vertex 27.57022476196289 45.9959602355957 4
    endloop
  endfacet
  facet normal -0.9048293724693165 -0.4257743612722387 0
    outer loop
      vertex 27.57022476196289 45.9959602355957 67
      vertex 27.623693466186523 45.88233184814453 4
      vertex 27.623693466186523 45.88233184814453 67
    endloop
  endfacet
  facet normal -0.9510557196934979 -0.3090194460519964 0
    outer loop
      vertex 27.57022476196289 45.9959602355957 4
      vertex 27.531417846679688 46.115394592285156 67
      vertex 27.531417846679688 46.115394592285156 4
    endloop
  endfacet
  facet normal -0.9510557196934979 -0.3090194460519964 0
    outer loop
      vertex 27.531417846679688 46.115394592285156 67
      vertex 27.57022476196289 45.9959602355957 4
      vertex 27.57022476196289 45.9959602355957 67
    endloop
  endfacet
  facet normal -0.9822850849749214 -0.1873926675081266 0
    outer loop
      vertex 27.531417846679688 46.115394592285156 4
      vertex 27.507884979248047 46.23875045776367 67
      vertex 27.507884979248047 46.23875045776367 4
    endloop
  endfacet
  facet normal -0.9822850849749214 -0.1873926675081266 0
    outer loop
      vertex 27.507884979248047 46.23875045776367 67
      vertex 27.531417846679688 46.115394592285156 4
      vertex 27.531417846679688 46.115394592285156 67
    endloop
  endfacet
  facet normal -0.9980269650460714 -0.06278675848399773 0
    outer loop
      vertex 27.507884979248047 46.23875045776367 4
      vertex 27.5 46.36408615112305 67
      vertex 27.5 46.36408615112305 4
    endloop
  endfacet
  facet normal -0.9980269650460714 -0.06278675848399773 0
    outer loop
      vertex 27.5 46.36408615112305 67
      vertex 27.507884979248047 46.23875045776367 4
      vertex 27.507884979248047 46.23875045776367 67
    endloop
  endfacet
  facet normal -1 0 0
    outer loop
      vertex 27.5 46.36408615112305 4
      vertex 27.5 48.61379623413086 67
      vertex 27.5 48.61379623413086 4
    endloop
  endfacet
  facet normal -1 0 0
    outer loop
      vertex 27.5 48.61379623413086 67
      vertex 27.5 46.36408615112305 4
      vertex 27.5 46.36408615112305 67
    endloop
  endfacet
  facet normal -0.9980268452938827 0.0627886619760297 0
    outer loop
      vertex 27.5 48.61379623413086 4
      vertex 27.507884979248047 48.73912811279297 67
      vertex 27.507884979248047 48.73912811279297 4
    endloop
  endfacet
  facet normal -0.9980268452938827 0.0627886619760297 0
    outer loop
      vertex 27.507884979248047 48.73912811279297 67
      vertex 27.5 48.61379623413086 4
      vertex 27.5 48.61379623413086 67
    endloop
  endfacet
  facet normal -0.9822850849749214 0.1873926675081266 0
    outer loop
      vertex 27.507884979248047 48.73912811279297 4
      vertex 27.531417846679688 48.862483978271484 67
      vertex 27.531417846679688 48.862483978271484 4
    endloop
  endfacet
  facet normal -0.9822850849749214 0.1873926675081266 0
    outer loop
      vertex 27.531417846679688 48.862483978271484 67
      vertex 27.507884979248047 48.73912811279297 4
      vertex 27.507884979248047 48.73912811279297 67
    endloop
  endfacet
  facet normal -0.9510557196934979 0.3090194460519964 0
    outer loop
      vertex 27.531417846679688 48.862483978271484 4
      vertex 27.57022476196289 48.98191833496094 67
      vertex 27.57022476196289 48.98191833496094 4
    endloop
  endfacet
  facet normal -0.9510557196934979 0.3090194460519964 0
    outer loop
      vertex 27.57022476196289 48.98191833496094 67
      vertex 27.531417846679688 48.862483978271484 4
      vertex 27.531417846679688 48.862483978271484 67
    endloop
  endfacet
  facet normal -0.9048348790376366 0.42576265885695697 0
    outer loop
      vertex 27.57022476196289 48.98191833496094 4
      vertex 27.623693466186523 49.095550537109375 67
      vertex 27.623693466186523 49.095550537109375 4
    endloop
  endfacet
  facet normal -0.9048348790376366 0.42576265885695697 0
    outer loop
      vertex 27.623693466186523 49.095550537109375 67
      vertex 27.57022476196289 48.98191833496094 4
      vertex 27.57022476196289 48.98191833496094 67
    endloop
  endfacet
  facet normal -0.844324398716479 0.5358323522633327 0
    outer loop
      vertex 27.623693466186523 49.095550537109375 4
      vertex 27.690982818603516 49.20158004760742 67
      vertex 27.690982818603516 49.20158004760742 4
    endloop
  endfacet
  facet normal -0.844324398716479 0.5358323522633327 0
    outer loop
      vertex 27.690982818603516 49.20158004760742 67
      vertex 27.623693466186523 49.095550537109375 4
      vertex 27.623693466186523 49.095550537109375 67
    endloop
  endfacet
  facet normal -0.7705218984688987 0.637413526668429 0
    outer loop
      vertex 27.690982818603516 49.20158004760742 4
      vertex 27.77103042602539 49.298343658447266 67
      vertex 27.77103042602539 49.298343658447266 4
    endloop
  endfacet
  facet normal -0.7705218984688987 0.637413526668429 0
    outer loop
      vertex 27.77103042602539 49.298343658447266 67
      vertex 27.690982818603516 49.20158004760742 4
      vertex 27.690982818603516 49.20158004760742 67
    endloop
  endfacet
  facet normal -0.6845370653099768 0.7289780560598546 0
    outer loop
      vertex 27.86257553100586 49.384307861328125 4
      vertex 27.77103042602539 49.298343658447266 67
      vertex 27.86257553100586 49.384307861328125 67
    endloop
  endfacet
  facet normal -0.6845370653099768 0.7289780560598546 0
    outer loop
      vertex 27.77103042602539 49.298343658447266 67
      vertex 27.86257553100586 49.384307861328125 4
      vertex 27.77103042602539 49.298343658447266 4
    endloop
  endfacet
  facet normal -0.587785110170982 0.8090170976322358 0
    outer loop
      vertex 27.96417236328125 49.45812225341797 4
      vertex 27.86257553100586 49.384307861328125 67
      vertex 27.96417236328125 49.45812225341797 67
    endloop
  endfacet
  facet normal -0.587785110170982 0.8090170976322358 0
    outer loop
      vertex 27.86257553100586 49.384307861328125 67
      vertex 27.96417236328125 49.45812225341797 4
      vertex 27.86257553100586 49.384307861328125 4
    endloop
  endfacet
  facet normal -0.48175666071013956 0.8763050381353604 0
    outer loop
      vertex 28.074222564697266 49.51862335205078 4
      vertex 27.96417236328125 49.45812225341797 67
      vertex 28.074222564697266 49.51862335205078 67
    endloop
  endfacet
  facet normal -0.48175666071013956 0.8763050381353604 0
    outer loop
      vertex 27.96417236328125 49.45812225341797 67
      vertex 28.074222564697266 49.51862335205078 4
      vertex 27.96417236328125 49.45812225341797 4
    endloop
  endfacet
  facet normal -0.3681359891656234 0.9297719577837611 0
    outer loop
      vertex 28.190982818603516 49.56485366821289 4
      vertex 28.074222564697266 49.51862335205078 67
      vertex 28.190982818603516 49.56485366821289 67
    endloop
  endfacet
  facet normal -0.3681359891656234 0.9297719577837611 0
    outer loop
      vertex 28.074222564697266 49.51862335205078 67
      vertex 28.190982818603516 49.56485366821289 4
      vertex 28.074222564697266 49.51862335205078 4
    endloop
  endfacet
  facet normal -0.2486632897350476 0.9685899897986474 0
    outer loop
      vertex 28.312618255615234 49.5960807800293 4
      vertex 28.190982818603516 49.56485366821289 67
      vertex 28.312618255615234 49.5960807800293 67
    endloop
  endfacet
  facet normal -0.2486632897350476 0.9685899897986474 0
    outer loop
      vertex 28.190982818603516 49.56485366821289 67
      vertex 28.312618255615234 49.5960807800293 4
      vertex 28.190982818603516 49.56485366821289 4
    endloop
  endfacet
  facet normal -0.1253319231093631 0.9921148668625567 0
    outer loop
      vertex 28.437210083007812 49.611820220947266 4
      vertex 28.312618255615234 49.5960807800293 67
      vertex 28.437210083007812 49.611820220947266 67
    endloop
  endfacet
  facet normal -0.1253319231093631 0.9921148668625567 0
    outer loop
      vertex 28.312618255615234 49.5960807800293 67
      vertex 28.437210083007812 49.611820220947266 4
      vertex 28.312618255615234 49.5960807800293 4
    endloop
  endfacet
  facet normal 0 0 1
    outer loop
      vertex 35.39181137084961 40.67413330078125 67
      vertex 39 41.5 67
      vertex 38.99211502075195 41.62533187866211 67
    endloop
  endfacet
  facet normal 0 0 1
    outer loop
      vertex 39 41.5 67
      vertex 35.5 39.92898178100586 67
      vertex 39 31.125 67
    endloop
  endfacet
  facet normal 0 0 1
    outer loop
      vertex 35.5 31.125 67
      vertex 39 31.125 67
      vertex 35.5 39.92898178100586 67
    endloop
  endfacet
  facet normal 0 0 1
    outer loop
      vertex 38.06278991699219 30.12697410583496 67
      vertex 39 31.125 67
      vertex 35.5 31.125 67
    endloop
  endfacet
  facet normal 0 0 1
    outer loop
      vertex 39 31.125 67
      vertex 38.06278991699219 30.12697410583496 67
      vertex 38.99211502075195 30.99966812133789 67
    endloop
  endfacet
  facet normal 0 0 1
    outer loop
      vertex 35.08291244506836 41.375831604003906 67
      vertex 38.99211502075195 41.62533187866211 67
      vertex 38.84229278564453 42.65724182128906 67
    endloop
  endfacet
  facet normal 0 0 1
    outer loop
      vertex 38.77995300292969 42.90003204345703 67
      vertex 38.84229278564453 42.65724182128906 67
      vertex 38.818763732910156 42.780601501464844 67
    endloop
  endfacet
  facet normal 0 0 1
    outer loop
      vertex 38.99211502075195 30.99966812133789 67
      vertex 38.06278991699219 30.12697410583496 67
      vertex 38.96858215332031 30.876310348510742 67
    endloop
  endfacet
  facet normal 0 0 1
    outer loop
      vertex 38.84229278564453 42.65724182128906 67
      vertex 38.77995300292969 42.90003204345703 67
      vertex 35.08291244506836 41.375831604003906 67
    endloop
  endfacet
  facet normal 0 0 1
    outer loop
      vertex 38.96858215332031 30.876310348510742 67
      vertex 38.06278991699219 30.12697410583496 67
      vertex 38.92977523803711 30.75687599182129 67
    endloop
  endfacet
  facet normal 0 0 1
    outer loop
      vertex 38.92977523803711 30.75687599182129 67
      vertex 38.06278991699219 30.12697410583496 67
      vertex 38.876304626464844 30.643245697021484 67
    endloop
  endfacet
  facet normal 0 0 1
    outer loop
      vertex 38.876304626464844 30.643245697021484 67
      vertex 38.06278991699219 30.12697410583496 67
      vertex 38.809017181396484 30.537216186523438 67
    endloop
  endfacet
  facet normal 0 0 1
    outer loop
      vertex 38.809017181396484 30.537216186523438 67
      vertex 38.06278991699219 30.12697410583496 67
      vertex 38.72896957397461 30.440452575683594 67
    endloop
  endfacet
  facet normal 0 0 1
    outer loop
      vertex 35.08291244506836 41.375831604003906 67
      vertex 38.77995300292969 42.90003204345703 67
      vertex 38.332855224609375 43.915672302246094 67
    endloop
  endfacet
  facet normal 0 0 1
    outer loop
      vertex 38.72896957397461 30.440452575683594 67
      vertex 38.06278991699219 30.12697410583496 67
      vertex 38.63742446899414 30.354488372802734 67
    endloop
  endfacet
  facet normal 0 0 1
    outer loop
      vertex 38.21209716796875 44.13533020019531 67
      vertex 38.332855224609375 43.915672302246094 67
      vertex 38.279388427734375 44.029300689697266 67
    endloop
  endfacet
  facet normal 0 0 1
    outer loop
      vertex 34.52193832397461 42.123985290527344 67
      vertex 38.332855224609375 43.915672302246094 67
      vertex 38.21209716796875 44.13533020019531 67
    endloop
  endfacet
  facet normal 0 0 1
    outer loop
      vertex 38.63742446899414 30.354488372802734 67
      vertex 38.06278991699219 30.12697410583496 67
      vertex 38.53582763671875 30.28067398071289 67
    endloop
  endfacet
  facet normal 0 0 1
    outer loop
      vertex 38.53582763671875 30.28067398071289 67
      vertex 38.06278991699219 30.12697410583496 67
      vertex 38.425777435302734 30.220172882080078 67
    endloop
  endfacet
  facet normal 0 0 1
    outer loop
      vertex 34.52193832397461 42.123985290527344 67
      vertex 38.21209716796875 44.13533020019531 67
      vertex 37.474769592285156 45.118675231933594 67
    endloop
  endfacet
  facet normal 0 0 1
    outer loop
      vertex 37.30317687988281 45.3014030456543 67
      vertex 37.474769592285156 45.118675231933594 67
      vertex 37.39472198486328 45.21543884277344 67
    endloop
  endfacet
  facet normal 0 0 1
    outer loop
      vertex 37.474769592285156 45.118675231933594 67
      vertex 37.30317687988281 45.3014030456543 67
      vertex 34.52193832397461 42.123985290527344 67
    endloop
  endfacet
  facet normal 0 0 1
    outer loop
      vertex 38.425777435302734 30.220172882080078 67
      vertex 38.06278991699219 30.12697410583496 67
      vertex 38.309017181396484 30.17394256591797 67
    endloop
  endfacet
  facet normal 0 0 1
    outer loop
      vertex 38.309017181396484 30.17394256591797 67
      vertex 38.06278991699219 30.12697410583496 67
      vertex 38.187381744384766 30.14271354675293 67
    endloop
  endfacet
  facet normal 0 0 1
    outer loop
      vertex 33.71660232543945 42.865604400634766 67
      vertex 37.30317687988281 45.3014030456543 67
      vertex 36.28725051879883 46.2369499206543 67
    endloop
  endfacet
  facet normal 0 0 1
    outer loop
      vertex 38.06278991699219 30.12697410583496 67
      vertex 35.5 31.125 67
      vertex 36.43721008300781 30.12697410583496 67
    endloop
  endfacet
  facet normal 0 0 1
    outer loop
      vertex 33.71660232543945 42.865604400634766 67
      vertex 36.28725051879883 46.2369499206543 67
      vertex 36.18565368652344 46.31076431274414 67
    endloop
  endfacet
  facet normal 0 0 1
    outer loop
      vertex 36.43721008300781 30.12697410583496 67
      vertex 35.5 31.125 67
      vertex 36.312618255615234 30.14271354675293 67
    endloop
  endfacet
  facet normal 0 0 1
    outer loop
      vertex 36.312618255615234 30.14271354675293 67
      vertex 35.5 31.125 67
      vertex 36.190982818603516 30.17394256591797 67
    endloop
  endfacet
  facet normal 0 0 1
    outer loop
      vertex 36.190982818603516 30.17394256591797 67
      vertex 35.5 31.125 67
      vertex 36.074222564697266 30.220172882080078 67
    endloop
  endfacet
  facet normal 0 0 1
    outer loop
      vertex 36.074222564697266 30.220172882080078 67
      vertex 35.5 31.125 67
      vertex 35.96417236328125 30.28067398071289 67
    endloop
  endfacet
  facet normal 0 0 1
    outer loop
      vertex 35.96417236328125 30.28067398071289 67
      vertex 35.5 31.125 67
      vertex 35.86257553100586 30.354488372802734 67
    endloop
  endfacet
  facet normal 0 0 1
    outer loop
      vertex 35.86257553100586 30.354488372802734 67
      vertex 35.5 31.125 67
      vertex 35.77103042602539 30.440452575683594 67
    endloop
  endfacet
  facet normal 0 0 1
    outer loop
      vertex 35.77103042602539 30.440452575683594 67
      vertex 35.5 31.125 67
      vertex 35.690982818603516 30.537216186523438 67
    endloop
  endfacet
  facet normal 0 0 1
    outer loop
      vertex 35.690982818603516 30.537216186523438 67
      vertex 35.5 31.125 67
      vertex 35.623695373535156 30.643245697021484 67
    endloop
  endfacet
  facet normal 0 0 1
    outer loop
      vertex 35.623695373535156 30.643245697021484 67
      vertex 35.5 31.125 67
      vertex 35.57022476196289 30.75687599182129 67
    endloop
  endfacet
  facet normal 0 0 1
    outer loop
      vertex 35.57022476196289 30.75687599182129 67
      vertex 35.5 31.125 67
      vertex 35.53141784667969 30.876310348510742 67
    endloop
  endfacet
  facet normal 0 0 1
    outer loop
      vertex 39 41.5 67
      vertex 35.39181137084961 40.67413330078125 67
      vertex 35.5 39.92898178100586 67
    endloop
  endfacet
  facet normal 0 0 1
    outer loop
      vertex 38.99211502075195 41.62533187866211 67
      vertex 35.08291244506836 41.375831604003906 67
      vertex 35.39181137084961 40.67413330078125 67
    endloop
  endfacet
  facet normal 0 0 1
    outer loop
      vertex 32.639923095703125 43.60078430175781 67
      vertex 36.18565368652344 46.31076431274414 67
      vertex 34.90715026855469 47.18375778198242 67
    endloop
  endfacet
  facet normal 0 0 1
    outer loop
      vertex 32.639923095703125 43.60078430175781 67
      vertex 34.90715026855469 47.18375778198242 67
      vertex 34.79710006713867 47.244258880615234 67
    endloop
  endfacet
  facet normal 0 0 1
    outer loop
      vertex 38.332855224609375 43.915672302246094 67
      vertex 34.52193832397461 42.123985290527344 67
      vertex 35.08291244506836 41.375831604003906 67
    endloop
  endfacet
  facet normal 0 0 1
    outer loop
      vertex 37.30317687988281 45.3014030456543 67
      vertex 33.71660232543945 42.865604400634766 67
      vertex 34.52193832397461 42.123985290527344 67
    endloop
  endfacet
  facet normal 0 0 1
    outer loop
      vertex 32.639923095703125 43.60078430175781 67
      vertex 34.79710006713867 47.244258880615234 67
      vertex 33.27618408203125 48.040931701660156 67
    endloop
  endfacet
  facet normal 0 0 1
    outer loop
      vertex 36.18565368652344 46.31076431274414 67
      vertex 32.639923095703125 43.60078430175781 67
      vertex 33.71660232543945 42.865604400634766 67
    endloop
  endfacet
  facet normal 0 0 1
    outer loop
      vertex 31.331172943115234 44.28632354736328 67
      vertex 33.27618408203125 48.040931701660156 67
      vertex 31.536834716796875 48.74871826171875 67
    endloop
  endfacet
  facet normal 0 0 1
    outer loop
      vertex 29.831968307495117 44.89638900756836 67
      vertex 31.536834716796875 48.74871826171875 67
      vertex 31.42007064819336 48.79494857788086 67
    endloop
  endfacet
  facet normal 0 0 1
    outer loop
      vertex 33.27618408203125 48.040931701660156 67
      vertex 31.331172943115234 44.28632354736328 67
      vertex 32.639923095703125 43.60078430175781 67
    endloop
  endfacet
  facet normal 0 0 1
    outer loop
      vertex 31.536834716796875 48.74871826171875 67
      vertex 29.831968307495117 44.89638900756836 67
      vertex 31.331172943115234 44.28632354736328 67
    endloop
  endfacet
  facet normal 0 0 1
    outer loop
      vertex 29.48972511291504 49.402687072753906 67
      vertex 29.831968307495117 44.89638900756836 67
      vertex 31.42007064819336 48.79494857788086 67
    endloop
  endfacet
  facet normal 0 0 1
    outer loop
      vertex 27.5 48.61379623413086 67
      vertex 29.48972511291504 49.402687072753906 67
      vertex 29.36808967590332 49.43391799926758 67
    endloop
  endfacet
  facet normal 0 0 1
    outer loop
      vertex 27.5 48.61379623413086 67
      vertex 29.36808967590332 49.43391799926758 67
      vertex 28.687381744384766 49.5960807800293 67
    endloop
  endfacet
  facet normal 0 0 1
    outer loop
      vertex 27.5 48.61379623413086 67
      vertex 28.687381744384766 49.5960807800293 67
      vertex 28.562789916992188 49.611820220947266 67
    endloop
  endfacet
  facet normal 0 0 1
    outer loop
      vertex 27.5 48.61379623413086 67
      vertex 28.562789916992188 49.611820220947266 67
      vertex 28.437210083007812 49.611820220947266 67
    endloop
  endfacet
  facet normal 0 0 1
    outer loop
      vertex 27.5 48.61379623413086 67
      vertex 28.437210083007812 49.611820220947266 67
      vertex 28.312618255615234 49.5960807800293 67
    endloop
  endfacet
  facet normal 0 0 1
    outer loop
      vertex 27.5 48.61379623413086 67
      vertex 28.312618255615234 49.5960807800293 67
      vertex 28.190982818603516 49.56485366821289 67
    endloop
  endfacet
  facet normal 0 0 1
    outer loop
      vertex 29.48972511291504 49.402687072753906 67
      vertex 27.5 48.61379623413086 67
      vertex 27.5 46.36408615112305 67
    endloop
  endfacet
  facet normal 0 0 1
    outer loop
      vertex 27.5 48.61379623413086 67
      vertex 28.190982818603516 49.56485366821289 67
      vertex 28.074222564697266 49.51862335205078 67
    endloop
  endfacet
  facet normal 0 0 1
    outer loop
      vertex 29.48972511291504 49.402687072753906 67
      vertex 27.5 46.36408615112305 67
      vertex 28.190982818603516 45.413028717041016 67
    endloop
  endfacet
  facet normal 0 0 1
    outer loop
      vertex 27.5 48.61379623413086 67
      vertex 28.074222564697266 49.51862335205078 67
      vertex 27.96417236328125 49.45812225341797 67
    endloop
  endfacet
  facet normal 0 0 1
    outer loop
      vertex 29.48972511291504 49.402687072753906 67
      vertex 28.190982818603516 45.413028717041016 67
      vertex 29.831968307495117 44.89638900756836 67
    endloop
  endfacet
  facet normal 0 0 1
    outer loop
      vertex 27.5 48.61379623413086 67
      vertex 27.96417236328125 49.45812225341797 67
      vertex 27.86257553100586 49.384307861328125 67
    endloop
  endfacet
  facet normal 0 0 1
    outer loop
      vertex 28.190982818603516 45.413028717041016 67
      vertex 27.5 46.36408615112305 67
      vertex 28.074222564697266 45.459259033203125 67
    endloop
  endfacet
  facet normal 0 0 1
    outer loop
      vertex 27.5 48.61379623413086 67
      vertex 27.86257553100586 49.384307861328125 67
      vertex 27.77103042602539 49.298343658447266 67
    endloop
  endfacet
  facet normal 0 0 1
    outer loop
      vertex 28.074222564697266 45.459259033203125 67
      vertex 27.5 46.36408615112305 67
      vertex 27.96417236328125 45.51975631713867 67
    endloop
  endfacet
  facet normal 0 0 1
    outer loop
      vertex 27.5 48.61379623413086 67
      vertex 27.77103042602539 49.298343658447266 67
      vertex 27.690982818603516 49.20158004760742 67
    endloop
  endfacet
  facet normal 0 0 1
    outer loop
      vertex 27.96417236328125 45.51975631713867 67
      vertex 27.5 46.36408615112305 67
      vertex 27.86257553100586 45.593570709228516 67
    endloop
  endfacet
  facet normal 0 0 1
    outer loop
      vertex 27.5 48.61379623413086 67
      vertex 27.690982818603516 49.20158004760742 67
      vertex 27.623693466186523 49.095550537109375 67
    endloop
  endfacet
  facet normal 0 0 1
    outer loop
      vertex 27.86257553100586 45.593570709228516 67
      vertex 27.5 46.36408615112305 67
      vertex 27.77103042602539 45.67953872680664 67
    endloop
  endfacet
  facet normal 0 0 1
    outer loop
      vertex 27.5 48.61379623413086 67
      vertex 27.623693466186523 49.095550537109375 67
      vertex 27.57022476196289 48.98191833496094 67
    endloop
  endfacet
  facet normal 0 0 1
    outer loop
      vertex 27.77103042602539 45.67953872680664 67
      vertex 27.5 46.36408615112305 67
      vertex 27.690982818603516 45.77629852294922 67
    endloop
  endfacet
  facet normal 0 0 1
    outer loop
      vertex 27.5 48.61379623413086 67
      vertex 27.57022476196289 48.98191833496094 67
      vertex 27.531417846679688 48.862483978271484 67
    endloop
  endfacet
  facet normal 0 0 1
    outer loop
      vertex 27.690982818603516 45.77629852294922 67
      vertex 27.5 46.36408615112305 67
      vertex 27.623693466186523 45.88233184814453 67
    endloop
  endfacet
  facet normal 0 0 1
    outer loop
      vertex 27.5 48.61379623413086 67
      vertex 27.531417846679688 48.862483978271484 67
      vertex 27.507884979248047 48.73912811279297 67
    endloop
  endfacet
  facet normal 0 0 1
    outer loop
      vertex 27.623693466186523 45.88233184814453 67
      vertex 27.5 46.36408615112305 67
      vertex 27.57022476196289 45.9959602355957 67
    endloop
  endfacet
  facet normal 0 0 1
    outer loop
      vertex 27.57022476196289 45.9959602355957 67
      vertex 27.5 46.36408615112305 67
      vertex 27.531417846679688 46.115394592285156 67
    endloop
  endfacet
  facet normal 0 0 1
    outer loop
      vertex 27.531417846679688 46.115394592285156 67
      vertex 27.5 46.36408615112305 67
      vertex 27.507884979248047 46.23875045776367 67
    endloop
  endfacet
  facet normal 0 0 1
    outer loop
      vertex 35.53141784667969 30.876310348510742 67
      vertex 35.5 31.125 67
      vertex 35.50788497924805 30.99966812133789 67
    endloop
  endfacet
  facet normal 0.1253319231093631 0.9921148668625567 0
    outer loop
      vertex 28.687381744384766 49.5960807800293 4
      vertex 28.562789916992188 49.611820220947266 67
      vertex 28.687381744384766 49.5960807800293 67
    endloop
  endfacet
  facet normal 0.1253319231093631 0.9921148668625567 0
    outer loop
      vertex 28.562789916992188 49.611820220947266 67
      vertex 28.687381744384766 49.5960807800293 4
      vertex 28.562789916992188 49.611820220947266 4
    endloop
  endfacet
  facet normal 0 1 0
    outer loop
      vertex 28.562789916992188 49.611820220947266 4
      vertex 28.437210083007812 49.611820220947266 67
      vertex 28.562789916992188 49.611820220947266 67
    endloop
  endfacet
  facet normal 0 1 0
    outer loop
      vertex 28.437210083007812 49.611820220947266 67
      vertex 28.562789916992188 49.611820220947266 4
      vertex 28.437210083007812 49.611820220947266 4
    endloop
  endfacet
  facet normal -0.6774086616974643 -0.7356068957379686 0
    outer loop
      vertex 27.962337493896484 38.87873077392578 0
      vertex 28.470298767089844 38.41095733642578 4
      vertex 27.962337493896484 38.87873077392578 4
    endloop
  endfacet
  facet normal -0.6774086616974643 -0.7356068957379686 0
    outer loop
      vertex 28.470298767089844 38.41095733642578 4
      vertex 27.962337493896484 38.87873077392578 0
      vertex 28.470298767089844 38.41095733642578 0
    endloop
  endfacet
  facet normal -0.12533196281751727 0.9921148618463027 0
    outer loop
      vertex 28.6873779296875 4.392712116241455 0
      vertex 28.562789916992188 4.3769731521606445 4
      vertex 28.6873779296875 4.392712116241455 4
    endloop
  endfacet
  facet normal -0.12533196281751727 0.9921148618463027 0
    outer loop
      vertex 28.562789916992188 4.3769731521606445 4
      vertex 28.6873779296875 4.392712116241455 0
      vertex 28.562789916992188 4.3769731521606445 0
    endloop
  endfacet
  facet normal -0.24868803307067136 0.968583637177214 0
    outer loop
      vertex 28.809017181396484 4.423943519592285 0
      vertex 28.6873779296875 4.392712116241455 4
      vertex 28.809017181396484 4.423943519592285 4
    endloop
  endfacet
  facet normal -0.24868803307067136 0.968583637177214 0
    outer loop
      vertex 28.6873779296875 4.392712116241455 4
      vertex 28.809017181396484 4.423943519592285 0
      vertex 28.6873779296875 4.392712116241455 0
    endloop
  endfacet
  facet normal -0.6845370653099768 -0.7289780560598546 0
    outer loop
      vertex 28.470298767089844 38.41095733642578 0
      vertex 28.561843872070312 38.32499313354492 4
      vertex 28.470298767089844 38.41095733642578 4
    endloop
  endfacet
  facet normal -0.6845370653099768 -0.7289780560598546 0
    outer loop
      vertex 28.561843872070312 38.32499313354492 4
      vertex 28.470298767089844 38.41095733642578 0
      vertex 28.561843872070312 38.32499313354492 0
    endloop
  endfacet
  facet normal -0.368125592001334 0.9297760743930054 0
    outer loop
      vertex 28.92578125 4.4701738357543945 0
      vertex 28.809017181396484 4.423943519592285 4
      vertex 28.92578125 4.4701738357543945 4
    endloop
  endfacet
  facet normal -0.368125592001334 0.9297760743930054 0
    outer loop
      vertex 28.809017181396484 4.423943519592285 4
      vertex 28.92578125 4.4701738357543945 0
      vertex 28.809017181396484 4.423943519592285 0
    endloop
  endfacet
  facet normal -0.7705118621392109 -0.6374256586479445 0
    outer loop
      vertex 28.641897201538086 38.22822570800781 0
      vertex 28.561843872070312 38.32499313354492 4
      vertex 28.561843872070312 38.32499313354492 0
    endloop
  endfacet
  facet normal -0.7705118621392109 -0.6374256586479445 0
    outer loop
      vertex 28.561843872070312 38.32499313354492 4
      vertex 28.641897201538086 38.22822570800781 0
      vertex 28.641897201538086 38.22822570800781 4
    endloop
  endfacet
  facet normal -0.48175198976319156 0.8763076060146949 0
    outer loop
      vertex 29.03582763671875 4.530672073364258 0
      vertex 28.92578125 4.4701738357543945 4
      vertex 29.03582763671875 4.530672073364258 4
    endloop
  endfacet
  facet normal -0.48175198976319156 0.8763076060146949 0
    outer loop
      vertex 28.92578125 4.4701738357543945 4
      vertex 29.03582763671875 4.530672073364258 0
      vertex 28.92578125 4.4701738357543945 0
    endloop
  endfacet
  facet normal -0.8000715057601581 -0.5999046471487559 0
    outer loop
      vertex 29.01055145263672 37.73656463623047 0
      vertex 28.641897201538086 38.22822570800781 4
      vertex 28.641897201538086 38.22822570800781 0
    endloop
  endfacet
  facet normal -0.8000715057601581 -0.5999046471487559 0
    outer loop
      vertex 28.641897201538086 38.22822570800781 4
      vertex 29.01055145263672 37.73656463623047 0
      vertex 29.01055145263672 37.73656463623047 4
    endloop
  endfacet
  facet normal -0.587785110170982 0.8090170976322358 0
    outer loop
      vertex 29.13742446899414 4.604486465454102 0
      vertex 29.03582763671875 4.530672073364258 4
      vertex 29.13742446899414 4.604486465454102 4
    endloop
  endfacet
  facet normal -0.587785110170982 0.8090170976322358 0
    outer loop
      vertex 29.03582763671875 4.530672073364258 4
      vertex 29.13742446899414 4.604486465454102 0
      vertex 29.03582763671875 4.530672073364258 0
    endloop
  endfacet
  facet normal -0.6845451363880445 0.7289704769381772 0
    outer loop
      vertex 29.22896957397461 4.690452575683594 0
      vertex 29.13742446899414 4.604486465454102 4
      vertex 29.22896957397461 4.690452575683594 4
    endloop
  endfacet
  facet normal -0.6845451363880445 0.7289704769381772 0
    outer loop
      vertex 29.13742446899414 4.604486465454102 4
      vertex 29.22896957397461 4.690452575683594 0
      vertex 29.13742446899414 4.604486465454102 0
    endloop
  endfacet
  facet normal -0.8443212278460348 -0.5358373486502824 0
    outer loop
      vertex 29.07784652709961 37.63052749633789 0
      vertex 29.01055145263672 37.73656463623047 4
      vertex 29.01055145263672 37.73656463623047 0
    endloop
  endfacet
  facet normal -0.8443212278460348 -0.5358373486502824 0
    outer loop
      vertex 29.01055145263672 37.73656463623047 4
      vertex 29.07784652709961 37.63052749633789 0
      vertex 29.07784652709961 37.63052749633789 4
    endloop
  endfacet
  facet normal -0.9048286834042997 -0.425775825627573 0
    outer loop
      vertex 29.131319046020508 37.51689147949219 0
      vertex 29.07784652709961 37.63052749633789 4
      vertex 29.07784652709961 37.63052749633789 0
    endloop
  endfacet
  facet normal -0.9048286834042997 -0.425775825627573 0
    outer loop
      vertex 29.07784652709961 37.63052749633789 4
      vertex 29.131319046020508 37.51689147949219 0
      vertex 29.131319046020508 37.51689147949219 4
    endloop
  endfacet
  facet normal -0.7705185588482805 0.6374175636663685 0
    outer loop
      vertex 29.22896957397461 4.690452575683594 0
      vertex 29.30901527404785 4.78721284866333 4
      vertex 29.30901527404785 4.78721284866333 0
    endloop
  endfacet
  facet normal -0.7705185588482805 0.6374175636663685 0
    outer loop
      vertex 29.30901527404785 4.78721284866333 4
      vertex 29.22896957397461 4.690452575683594 0
      vertex 29.22896957397461 4.690452575683594 4
    endloop
  endfacet
  facet normal -0.9152424298653598 -0.40290357974849533 0
    outer loop
      vertex 29.3548641204834 37.00908279418945 0
      vertex 29.131319046020508 37.51689147949219 4
      vertex 29.131319046020508 37.51689147949219 0
    endloop
  endfacet
  facet normal -0.9152424298653598 -0.40290357974849533 0
    outer loop
      vertex 29.131319046020508 37.51689147949219 4
      vertex 29.3548641204834 37.00908279418945 0
      vertex 29.3548641204834 37.00908279418945 4
    endloop
  endfacet
  facet normal -0.8443273390032178 0.5358277191521035 0
    outer loop
      vertex 29.30901527404785 4.78721284866333 0
      vertex 29.376306533813477 4.893246650695801 4
      vertex 29.376306533813477 4.893246650695801 0
    endloop
  endfacet
  facet normal -0.8443273390032178 0.5358277191521035 0
    outer loop
      vertex 29.376306533813477 4.893246650695801 4
      vertex 29.30901527404785 4.78721284866333 0
      vertex 29.30901527404785 4.78721284866333 4
    endloop
  endfacet
  facet normal -0.3769144887856909 -0.926248059724511 0
    outer loop
      vertex 29.831968307495117 44.89638900756836 4
      vertex 31.331172943115234 44.28632354736328 67
      vertex 29.831968307495117 44.89638900756836 67
    endloop
  endfacet
  facet normal -0.3769144887856909 -0.926248059724511 0
    outer loop
      vertex 31.331172943115234 44.28632354736328 67
      vertex 29.831968307495117 44.89638900756836 4
      vertex 31.331172943115234 44.28632354736328 4
    endloop
  endfacet
  facet normal -0.9048300608151877 0.425772898439043 0
    outer loop
      vertex 29.376306533813477 4.893246650695801 0
      vertex 29.42977523803711 5.006875514984131 4
      vertex 29.42977523803711 5.006875514984131 0
    endloop
  endfacet
  facet normal -0.9048300608151877 0.425772898439043 0
    outer loop
      vertex 29.42977523803711 5.006875514984131 4
      vertex 29.376306533813477 4.893246650695801 0
      vertex 29.376306533813477 4.893246650695801 4
    endloop
  endfacet
  facet normal -0.9510541567346122 -0.3090242562612449 0
    outer loop
      vertex 29.393672943115234 36.889644622802734 0
      vertex 29.3548641204834 37.00908279418945 4
      vertex 29.3548641204834 37.00908279418945 0
    endloop
  endfacet
  facet normal -0.9510541567346122 -0.3090242562612449 0
    outer loop
      vertex 29.3548641204834 37.00908279418945 4
      vertex 29.393672943115234 36.889644622802734 0
      vertex 29.393672943115234 36.889644622802734 4
    endloop
  endfacet
  facet normal -0.9510560822836838 0.309018330121711 0
    outer loop
      vertex 29.42977523803711 5.006875514984131 0
      vertex 29.468582153320312 5.126310348510742 4
      vertex 29.468582153320312 5.126310348510742 0
    endloop
  endfacet
  facet normal -0.9510560822836838 0.309018330121711 0
    outer loop
      vertex 29.468582153320312 5.126310348510742 4
      vertex 29.42977523803711 5.006875514984131 0
      vertex 29.42977523803711 5.006875514984131 4
    endloop
  endfacet
  facet normal -0.9822882846505521 -0.1873758944962664 0
    outer loop
      vertex 29.417205810546875 36.76627731323242 0
      vertex 29.393672943115234 36.889644622802734 4
      vertex 29.393672943115234 36.889644622802734 0
    endloop
  endfacet
  facet normal -0.9822882846505521 -0.1873758944962664 0
    outer loop
      vertex 29.393672943115234 36.889644622802734 4
      vertex 29.417205810546875 36.76627731323242 0
      vertex 29.417205810546875 36.76627731323242 4
    endloop
  endfacet
  facet normal -0.9896236425489373 -0.14368384080394442 0
    outer loop
      vertex 29.492115020751953 36.25033950805664 0
      vertex 29.417205810546875 36.76627731323242 4
      vertex 29.417205810546875 36.76627731323242 0
    endloop
  endfacet
  facet normal -0.9896236425489373 -0.14368384080394442 0
    outer loop
      vertex 29.417205810546875 36.76627731323242 4
      vertex 29.492115020751953 36.25033950805664 0
      vertex 29.492115020751953 36.25033950805664 4
    endloop
  endfacet
  facet normal -0.9822853516473764 0.1873912696445327 0
    outer loop
      vertex 29.468582153320312 5.126310348510742 0
      vertex 29.492115020751953 5.249667167663574 4
      vertex 29.492115020751953 5.249667167663574 0
    endloop
  endfacet
  facet normal -0.9822853516473764 0.1873912696445327 0
    outer loop
      vertex 29.492115020751953 5.249667167663574 4
      vertex 29.468582153320312 5.126310348510742 0
      vertex 29.468582153320312 5.126310348510742 4
    endloop
  endfacet
  facet normal -0.998026875232951 0.06278818609222299 0
    outer loop
      vertex 29.492115020751953 5.249667167663574 0
      vertex 29.5 5.375 4
      vertex 29.5 5.375 0
    endloop
  endfacet
  facet normal -0.998026875232951 0.06278818609222299 0
    outer loop
      vertex 29.5 5.375 4
      vertex 29.492115020751953 5.249667167663574 0
      vertex 29.492115020751953 5.249667167663574 4
    endloop
  endfacet
  facet normal -0.9980270847873692 -0.06278485510714588 0
    outer loop
      vertex 29.5 36.125 0
      vertex 29.492115020751953 36.25033950805664 4
      vertex 29.492115020751953 36.25033950805664 0
    endloop
  endfacet
  facet normal -0.9980270847873692 -0.06278485510714588 0
    outer loop
      vertex 29.492115020751953 36.25033950805664 4
      vertex 29.5 36.125 0
      vertex 29.5 36.125 4
    endloop
  endfacet
  facet normal -1 0 0
    outer loop
      vertex 29.5 5.375 0
      vertex 29.5 36.125 4
      vertex 29.5 36.125 0
    endloop
  endfacet
  facet normal -1 0 0
    outer loop
      vertex 29.5 36.125 4
      vertex 29.5 5.375 0
      vertex 29.5 5.375 4
    endloop
  endfacet
  facet normal -0.4640088277882272 -0.8858305750732446 0
    outer loop
      vertex 31.331172943115234 44.28632354736328 4
      vertex 32.639923095703125 43.60078430175781 67
      vertex 31.331172943115234 44.28632354736328 67
    endloop
  endfacet
  facet normal -0.4640088277882272 -0.8858305750732446 0
    outer loop
      vertex 32.639923095703125 43.60078430175781 67
      vertex 31.331172943115234 44.28632354736328 4
      vertex 32.639923095703125 43.60078430175781 4
    endloop
  endfacet
  facet normal -0.5639024165908244 -0.8258414282191396 0
    outer loop
      vertex 32.639923095703125 43.60078430175781 4
      vertex 33.71660232543945 42.865604400634766 67
      vertex 32.639923095703125 43.60078430175781 67
    endloop
  endfacet
  facet normal -0.5639008559923971 -0.8258424938273885 -3.910599491576646e-8
    outer loop
      vertex 33.186424255371094 43.227622985839844 4
      vertex 33.71660232543945 42.865604400634766 67
      vertex 32.639923095703125 43.60078430175781 4
    endloop
  endfacet
  facet normal -0.5639207829012274 -0.8258288870050648 2.0677865004937432e-7
    outer loop
      vertex 33.281314849853516 43.16282653808594 4
      vertex 33.71660232543945 42.865604400634766 67
      vertex 33.186424255371094 43.227622985839844 4
    endloop
  endfacet
  facet normal -0.5639057076383421 -0.825839181010987 5.405357753819856e-8
    outer loop
      vertex 33.469600677490234 43.03425979614258 4
      vertex 33.71660232543945 42.865604400634766 67
      vertex 33.281314849853516 43.16282653808594 4
    endloop
  endfacet
  facet normal -0.56390708717014 -0.825838239027041 6.198401091019298e-8
    outer loop
      vertex 33.51570129394531 43.00278091430664 4
      vertex 33.71660232543945 42.865604400634766 67
      vertex 33.469600677490234 43.03425979614258 4
    endloop
  endfacet
  facet normal -0.5638938304778642 -0.8258472909376173 0
    outer loop
      vertex 33.71660232543945 42.865604400634766 67
      vertex 33.51570129394531 43.00278091430664 4
      vertex 33.71660232543945 42.865604400634766 4
    endloop
  endfacet
  facet normal -0.6774252056968225 -0.7355916602889253 0
    outer loop
      vertex 33.77429962158203 42.812469482421875 4
      vertex 33.71660232543945 42.865604400634766 67
      vertex 33.71660232543945 42.865604400634766 4
    endloop
  endfacet
  facet normal -0.6774076877018995 -0.7356077926737623 2.9649744282419775e-8
    outer loop
      vertex 33.71660232543945 42.865604400634766 67
      vertex 33.77429962158203 42.812469482421875 4
      vertex 34.52193832397461 42.123985290527344 67
    endloop
  endfacet
  facet normal -0.6774039579368883 -0.7356112273282918 -5.214743065828294e-8
    outer loop
      vertex 34.04475402832031 42.56341552734375 4
      vertex 34.52193832397461 42.123985290527344 67
      vertex 33.77429962158203 42.812469482421875 4
    endloop
  endfacet
  facet normal -0.6774239180298423 -0.7355928461323193 2.2724774706489798e-7
    outer loop
      vertex 34.112579345703125 42.500953674316406 4
      vertex 34.52193832397461 42.123985290527344 67
      vertex 34.04475402832031 42.56341552734375 4
    endloop
  endfacet
  facet normal -0.6774072232084336 -0.7356082204169817 2.677482205906506e-8
    outer loop
      vertex 34.44255828857422 42.19708251953125 4
      vertex 34.52193832397461 42.123985290527344 67
      vertex 34.112579345703125 42.500953674316406 4
    endloop
  endfacet
  facet normal -0.6773957242532983 -0.7356188094137817 0
    outer loop
      vertex 34.52193832397461 42.123985290527344 67
      vertex 34.44255828857422 42.19708251953125 4
      vertex 34.52193832397461 42.123985290527344 4
    endloop
  endfacet
  facet normal -0.8000945825210314 -0.5998738692596107 0
    outer loop
      vertex 34.53645324707031 42.1046257019043 4
      vertex 34.52193832397461 42.123985290527344 67
      vertex 34.52193832397461 42.123985290527344 4
    endloop
  endfacet
  facet normal -0.8000714023304861 -0.5999047850892083 1.484089565171342e-8
    outer loop
      vertex 34.80180740356445 41.750732421875 4
      vertex 34.52193832397461 42.123985290527344 67
      vertex 34.53645324707031 42.1046257019043 4
    endloop
  endfacet
  facet normal -0.8000722854680017 -0.5999036072787098 3.93956182751741e-9
    outer loop
      vertex 35.08291244506836 41.375831604003906 4
      vertex 34.52193832397461 42.123985290527344 67
      vertex 34.80180740356445 41.750732421875 4
    endloop
  endfacet
  facet normal -0.8000724446919392 -0.5999033949267698 0
    outer loop
      vertex 34.52193832397461 42.123985290527344 67
      vertex 35.08291244506836 41.375831604003906 4
      vertex 35.08291244506836 41.375831604003906 67
    endloop
  endfacet
  facet normal -0.9152249531853331 -0.40294327772889427 0
    outer loop
      vertex 35.093231201171875 41.352394104003906 4
      vertex 35.08291244506836 41.375831604003906 67
      vertex 35.08291244506836 41.375831604003906 4
    endloop
  endfacet
  facet normal -0.9152464206069606 -0.40289451419217187 -2.1657340950404917e-8
    outer loop
      vertex 35.146419525146484 41.2315673828125 4
      vertex 35.08291244506836 41.375831604003906 67
      vertex 35.093231201171875 41.352394104003906 4
    endloop
  endfacet
  facet normal -0.913811548584446 -0.40613846603753156 0.000008853115976334306
    outer loop
      vertex 35.1464958190918 41.23139572143555 4
      vertex 35.08291244506836 41.375831604003906 67
      vertex 35.146419525146484 41.2315673828125 4
    endloop
  endfacet
  facet normal -0.9152473024645685 -0.40289251089009964 -3.771691988908213e-8
    outer loop
      vertex 35.17494201660156 41.16677474975586 4
      vertex 35.08291244506836 41.375831604003906 67
      vertex 35.1464958190918 41.23139572143555 4
    endloop
  endfacet
  facet normal -0.915238134460156 -0.40291333712088934 4.4784569200598305e-8
    outer loop
      vertex 35.23154067993164 41.0382080078125 4
      vertex 35.08291244506836 41.375831604003906 67
      vertex 35.17494201660156 41.16677474975586 4
    endloop
  endfacet
  facet normal -0.9152283350044039 -0.40293559634888504 1.8719276627039825e-7
    outer loop
      vertex 35.245399475097656 41.00672912597656 4
      vertex 35.08291244506836 41.375831604003906 67
      vertex 35.23154067993164 41.0382080078125 4
    endloop
  endfacet
  facet normal -0.9152417087895918 -0.4029052177521501 -2.5281550702638506e-8
    outer loop
      vertex 35.32917785644531 40.8164176940918 4
      vertex 35.08291244506836 41.375831604003906 67
      vertex 35.245399475097656 41.00672912597656 4
    endloop
  endfacet
  facet normal -0.9152576045537291 -0.40286910691489264 -4.080669722075224e-7
    outer loop
      vertex 35.33864974975586 40.794898986816406 4
      vertex 35.08291244506836 41.375831604003906 67
      vertex 35.32917785644531 40.8164176940918 4
    endloop
  endfacet
  facet normal -0.9152459594996968 -0.4028955616775467 -1.1685253987605771e-7
    outer loop
      vertex 35.39181137084961 40.67413330078125 4
      vertex 35.08291244506836 41.375831604003906 67
      vertex 35.33864974975586 40.794898986816406 4
    endloop
  endfacet
  facet normal -0.9152420908315003 -0.40290434990253426 0
    outer loop
      vertex 35.08291244506836 41.375831604003906 67
      vertex 35.39181137084961 40.67413330078125 4
      vertex 35.39181137084961 40.67413330078125 67
    endloop
  endfacet
  facet normal -0.9896122637526574 -0.14376219054515316 0
    outer loop
      vertex 35.395713806152344 40.64727020263672 4
      vertex 35.39181137084961 40.67413330078125 67
      vertex 35.39181137084961 40.67413330078125 4
    endloop
  endfacet
  facet normal -0.9896256783529714 -0.14366981848815516 -4.02182419489992e-8
    outer loop
      vertex 35.40731430053711 40.56736373901367 4
      vertex 35.39181137084961 40.67413330078125 67
      vertex 35.395713806152344 40.64727020263672 4
    endloop
  endfacet
  facet normal -0.9896266280221868 -0.143663276829653 -5.1538443005860184e-8
    outer loop
      vertex 35.4163818359375 40.50490188598633 4
      vertex 35.39181137084961 40.67413330078125 67
      vertex 35.40731430053711 40.56736373901367 4
    endloop
  endfacet
  facet normal -0.9896226369221818 -0.14369076689609142 2.386228746268533e-8
    outer loop
      vertex 35.46050262451172 40.20103454589844 4
      vertex 35.39181137084961 40.67413330078125 67
      vertex 35.4163818359375 40.50490188598633 4
    endloop
  endfacet
  facet normal -0.9896422008583653 -0.1435559621861497 -0.0000010097855177560668
    outer loop
      vertex 35.463626861572266 40.17949676513672 4
      vertex 35.39181137084961 40.67413330078125 67
      vertex 35.46050262451172 40.20103454589844 4
    endloop
  endfacet
  facet normal -0.9896189471474567 -0.143716176704934 2.746260884574611e-7
    outer loop
      vertex 35.47392654418945 40.10857391357422 4
      vertex 35.39181137084961 40.67413330078125 67
      vertex 35.463626861572266 40.17949676513672 4
    endloop
  endfacet
  facet normal -0.989626279816899 -0.14366567542641942 -1.8828812665653982e-7
    outer loop
      vertex 35.488590240478516 40.007564544677734 4
      vertex 35.39181137084961 40.67413330078125 67
      vertex 35.47392654418945 40.10857391357422 4
    endloop
  endfacet
  facet normal -0.9896231097034022 -0.1436875107341202 0
    outer loop
      vertex 35.5 39.92898178100586 67
      vertex 35.488590240478516 40.007564544677734 4
      vertex 35.5 39.92898178100586 4
    endloop
  endfacet
  facet normal -0.9896236820647796 -0.1436835686379908 5.020814510814174e-9
    outer loop
      vertex 35.488590240478516 40.007564544677734 4
      vertex 35.5 39.92898178100586 67
      vertex 35.39181137084961 40.67413330078125 67
    endloop
  endfacet
  facet normal -1 0 0
    outer loop
      vertex 35.5 4.3769731521606445 4
      vertex 35.5 10.375 67
      vertex 35.5 10.375 4
    endloop
  endfacet
  facet normal -1 0 0
    outer loop
      vertex 35.5 2.498025894165039 67
      vertex 35.5 4.3769731521606445 4
      vertex 35.5 2.498025894165039 4
    endloop
  endfacet
  facet normal -1 0 0
    outer loop
      vertex 35.5 4.3769731521606445 4
      vertex 35.5 2.498025894165039 67
      vertex 35.5 10.375 67
    endloop
  endfacet
  facet normal -0.9980268752329511 0.062788186092223 0
    outer loop
      vertex 35.5 10.375 4
      vertex 35.50788497924805 10.500332832336426 67
      vertex 35.50788497924805 10.500332832336426 4
    endloop
  endfacet
  facet normal -0.9980268752329511 0.062788186092223 0
    outer loop
      vertex 35.50788497924805 10.500332832336426 67
      vertex 35.5 10.375 4
      vertex 35.5 10.375 67
    endloop
  endfacet
  facet normal -0.9822853516473765 0.18739126964453273 0
    outer loop
      vertex 35.50788497924805 10.500332832336426 4
      vertex 35.53141784667969 10.623689651489258 67
      vertex 35.53141784667969 10.623689651489258 4
    endloop
  endfacet
  facet normal -0.9822853516473765 0.18739126964453273 0
    outer loop
      vertex 35.53141784667969 10.623689651489258 67
      vertex 35.50788497924805 10.500332832336426 4
      vertex 35.50788497924805 10.500332832336426 67
    endloop
  endfacet
  facet normal -0.9510557196934979 0.3090194460519964 0
    outer loop
      vertex 35.53141784667969 10.623689651489258 4
      vertex 35.57022476196289 10.743124008178711 67
      vertex 35.57022476196289 10.743124008178711 4
    endloop
  endfacet
  facet normal -0.9510557196934979 0.3090194460519964 0
    outer loop
      vertex 35.57022476196289 10.743124008178711 67
      vertex 35.53141784667969 10.623689651489258 4
      vertex 35.53141784667969 10.623689651489258 67
    endloop
  endfacet
  facet normal -0.9048248978272093 0.4257838703755464 0
    outer loop
      vertex 35.57022476196289 10.743124008178711 4
      vertex 35.623695373535156 10.8567533493042 67
      vertex 35.623695373535156 10.8567533493042 4
    endloop
  endfacet
  facet normal -0.9048248978272093 0.4257838703755464 0
    outer loop
      vertex 35.623695373535156 10.8567533493042 67
      vertex 35.57022476196289 10.743124008178711 4
      vertex 35.57022476196289 10.743124008178711 67
    endloop
  endfacet
  facet normal -0.8443356308123987 0.5358146531596806 0
    outer loop
      vertex 35.623695373535156 10.8567533493042 4
      vertex 35.690982818603516 10.962784767150879 67
      vertex 35.690982818603516 10.962784767150879 4
    endloop
  endfacet
  facet normal -0.8443356308123987 0.5358146531596806 0
    outer loop
      vertex 35.690982818603516 10.962784767150879 67
      vertex 35.623695373535156 10.8567533493042 4
      vertex 35.623695373535156 10.8567533493042 67
    endloop
  endfacet
  facet normal -0.7705157275025679 0.6374209862180475 0
    outer loop
      vertex 35.690982818603516 10.962784767150879 4
      vertex 35.77103042602539 11.05954647064209 67
      vertex 35.77103042602539 11.05954647064209 4
    endloop
  endfacet
  facet normal -0.7705157275025679 0.6374209862180475 0
    outer loop
      vertex 35.77103042602539 11.05954647064209 67
      vertex 35.690982818603516 10.962784767150879 4
      vertex 35.690982818603516 10.962784767150879 67
    endloop
  endfacet
  facet normal -0.6845451363880445 0.7289704769381772 0
    outer loop
      vertex 35.86257553100586 11.145512580871582 4
      vertex 35.77103042602539 11.05954647064209 67
      vertex 35.86257553100586 11.145512580871582 67
    endloop
  endfacet
  facet normal -0.6845451363880445 0.7289704769381772 0
    outer loop
      vertex 35.77103042602539 11.05954647064209 67
      vertex 35.86257553100586 11.145512580871582 4
      vertex 35.77103042602539 11.05954647064209 4
    endloop
  endfacet
  facet normal -0.587785110170982 0.8090170976322358 0
    outer loop
      vertex 35.96417236328125 11.219326972961426 4
      vertex 35.86257553100586 11.145512580871582 67
      vertex 35.96417236328125 11.219326972961426 67
    endloop
  endfacet
  facet normal -0.587785110170982 0.8090170976322358 0
    outer loop
      vertex 35.86257553100586 11.145512580871582 67
      vertex 35.96417236328125 11.219326972961426 4
      vertex 35.86257553100586 11.145512580871582 4
    endloop
  endfacet
  facet normal -0.4817449977193444 0.876311449869502 0
    outer loop
      vertex 36.074222564697266 11.279826164245605 4
      vertex 35.96417236328125 11.219326972961426 67
      vertex 36.074222564697266 11.279826164245605 67
    endloop
  endfacet
  facet normal -0.4817449977193444 0.876311449869502 0
    outer loop
      vertex 35.96417236328125 11.219326972961426 67
      vertex 36.074222564697266 11.279826164245605 4
      vertex 35.96417236328125 11.219326972961426 4
    endloop
  endfacet
  facet normal -0.3681359891656234 0.9297719577837611 0
    outer loop
      vertex 36.190982818603516 11.326056480407715 4
      vertex 36.074222564697266 11.279826164245605 67
      vertex 36.190982818603516 11.326056480407715 67
    endloop
  endfacet
  facet normal -0.3681359891656234 0.9297719577837611 0
    outer loop
      vertex 36.074222564697266 11.279826164245605 67
      vertex 36.190982818603516 11.326056480407715 4
      vertex 36.074222564697266 11.279826164245605 4
    endloop
  endfacet
  facet normal -0.2486846633243531 0.96858450236789 0
    outer loop
      vertex 36.312618255615234 11.35728645324707 4
      vertex 36.190982818603516 11.326056480407715 67
      vertex 36.312618255615234 11.35728645324707 67
    endloop
  endfacet
  facet normal -0.2486846633243531 0.96858450236789 0
    outer loop
      vertex 36.190982818603516 11.326056480407715 67
      vertex 36.312618255615234 11.35728645324707 4
      vertex 36.190982818603516 11.326056480407715 4
    endloop
  endfacet
  facet normal -0.1253319231093631 0.9921148668625567 0
    outer loop
      vertex 36.43721008300781 11.373025894165039 4
      vertex 36.312618255615234 11.35728645324707 67
      vertex 36.43721008300781 11.373025894165039 67
    endloop
  endfacet
  facet normal -0.1253319231093631 0.9921148668625567 0
    outer loop
      vertex 36.312618255615234 11.35728645324707 67
      vertex 36.43721008300781 11.373025894165039 4
      vertex 36.312618255615234 11.35728645324707 4
    endloop
  endfacet
  facet normal 0.9980268752329511 0.062788186092223 0
    outer loop
      vertex 39 10.375 67
      vertex 38.99211502075195 10.500332832336426 4
      vertex 38.99211502075195 10.500332832336426 67
    endloop
  endfacet
  facet normal 0.9980268752329511 0.062788186092223 0
    outer loop
      vertex 38.99211502075195 10.500332832336426 4
      vertex 39 10.375 67
      vertex 39 10.375 4
    endloop
  endfacet
  facet normal 0.9822853516473765 0.18739126964453273 0
    outer loop
      vertex 38.99211502075195 10.500332832336426 67
      vertex 38.96858215332031 10.623689651489258 4
      vertex 38.96858215332031 10.623689651489258 67
    endloop
  endfacet
  facet normal 0.9822853516473765 0.18739126964453273 0
    outer loop
      vertex 38.96858215332031 10.623689651489258 4
      vertex 38.99211502075195 10.500332832336426 67
      vertex 38.99211502075195 10.500332832336426 4
    endloop
  endfacet
  facet normal 0.9510557196934979 0.3090194460519964 0
    outer loop
      vertex 38.96858215332031 10.623689651489258 67
      vertex 38.92977523803711 10.743124008178711 4
      vertex 38.92977523803711 10.743124008178711 67
    endloop
  endfacet
  facet normal 0.9510557196934979 0.3090194460519964 0
    outer loop
      vertex 38.92977523803711 10.743124008178711 4
      vertex 38.96858215332031 10.623689651489258 67
      vertex 38.96858215332031 10.623689651489258 4
    endloop
  endfacet
  facet normal 0.9048248978272093 0.4257838703755464 0
    outer loop
      vertex 38.92977523803711 10.743124008178711 67
      vertex 38.876304626464844 10.8567533493042 4
      vertex 38.876304626464844 10.8567533493042 67
    endloop
  endfacet
  facet normal 0.9048248978272093 0.4257838703755464 0
    outer loop
      vertex 38.876304626464844 10.8567533493042 4
      vertex 38.92977523803711 10.743124008178711 67
      vertex 38.92977523803711 10.743124008178711 4
    endloop
  endfacet
  facet normal 0.8443356308123987 0.5358146531596806 0
    outer loop
      vertex 38.876304626464844 10.8567533493042 67
      vertex 38.809017181396484 10.962784767150879 4
      vertex 38.809017181396484 10.962784767150879 67
    endloop
  endfacet
  facet normal 0.8443356308123987 0.5358146531596806 0
    outer loop
      vertex 38.809017181396484 10.962784767150879 4
      vertex 38.876304626464844 10.8567533493042 67
      vertex 38.876304626464844 10.8567533493042 4
    endloop
  endfacet
  facet normal 0.7705157275025679 0.6374209862180475 0
    outer loop
      vertex 38.809017181396484 10.962784767150879 67
      vertex 38.72896957397461 11.05954647064209 4
      vertex 38.72896957397461 11.05954647064209 67
    endloop
  endfacet
  facet normal 0.7705157275025679 0.6374209862180475 0
    outer loop
      vertex 38.72896957397461 11.05954647064209 4
      vertex 38.809017181396484 10.962784767150879 67
      vertex 38.809017181396484 10.962784767150879 4
    endloop
  endfacet
  facet normal 0.6845451363880445 0.7289704769381772 0
    outer loop
      vertex 38.72896957397461 11.05954647064209 4
      vertex 38.63742446899414 11.145512580871582 67
      vertex 38.72896957397461 11.05954647064209 67
    endloop
  endfacet
  facet normal 0.6845451363880445 0.7289704769381772 0
    outer loop
      vertex 38.63742446899414 11.145512580871582 67
      vertex 38.72896957397461 11.05954647064209 4
      vertex 38.63742446899414 11.145512580871582 4
    endloop
  endfacet
  facet normal 0.587785110170982 0.8090170976322358 0
    outer loop
      vertex 38.63742446899414 11.145512580871582 4
      vertex 38.53582763671875 11.219326972961426 67
      vertex 38.63742446899414 11.145512580871582 67
    endloop
  endfacet
  facet normal 0.587785110170982 0.8090170976322358 0
    outer loop
      vertex 38.53582763671875 11.219326972961426 67
      vertex 38.63742446899414 11.145512580871582 4
      vertex 38.53582763671875 11.219326972961426 4
    endloop
  endfacet
  facet normal 0.4817449977193444 0.876311449869502 0
    outer loop
      vertex 38.53582763671875 11.219326972961426 4
      vertex 38.425777435302734 11.279826164245605 67
      vertex 38.53582763671875 11.219326972961426 67
    endloop
  endfacet
  facet normal 0.4817449977193444 0.876311449869502 0
    outer loop
      vertex 38.425777435302734 11.279826164245605 67
      vertex 38.53582763671875 11.219326972961426 4
      vertex 38.425777435302734 11.279826164245605 4
    endloop
  endfacet
  facet normal 0.3681359891656234 0.9297719577837611 0
    outer loop
      vertex 38.425777435302734 11.279826164245605 4
      vertex 38.309017181396484 11.326056480407715 67
      vertex 38.425777435302734 11.279826164245605 67
    endloop
  endfacet
  facet normal 0.3681359891656234 0.9297719577837611 0
    outer loop
      vertex 38.309017181396484 11.326056480407715 67
      vertex 38.425777435302734 11.279826164245605 4
      vertex 38.309017181396484 11.326056480407715 4
    endloop
  endfacet
  facet normal 0.2486846633243531 0.96858450236789 0
    outer loop
      vertex 38.309017181396484 11.326056480407715 4
      vertex 38.187381744384766 11.35728645324707 67
      vertex 38.309017181396484 11.326056480407715 67
    endloop
  endfacet
  facet normal 0.2486846633243531 0.96858450236789 0
    outer loop
      vertex 38.187381744384766 11.35728645324707 67
      vertex 38.309017181396484 11.326056480407715 4
      vertex 38.187381744384766 11.35728645324707 4
    endloop
  endfacet
  facet normal 0.1253319231093631 0.9921148668625567 0
    outer loop
      vertex 38.187381744384766 11.35728645324707 4
      vertex 38.06278991699219 11.373025894165039 67
      vertex 38.187381744384766 11.35728645324707 67
    endloop
  endfacet
  facet normal 0.1253319231093631 0.9921148668625567 0
    outer loop
      vertex 38.06278991699219 11.373025894165039 67
      vertex 38.187381744384766 11.35728645324707 4
      vertex 38.06278991699219 11.373025894165039 4
    endloop
  endfacet
  facet normal 0 1 0
    outer loop
      vertex 38.06278991699219 11.373025894165039 4
      vertex 36.43721008300781 11.373025894165039 67
      vertex 38.06278991699219 11.373025894165039 67
    endloop
  endfacet
  facet normal 0 1 0
    outer loop
      vertex 36.43721008300781 11.373025894165039 67
      vertex 38.06278991699219 11.373025894165039 4
      vertex 36.43721008300781 11.373025894165039 4
    endloop
  endfacet
  facet normal 0 -1 0
    outer loop
      vertex 36.43721008300781 30.12697410583496 4
      vertex 38.06278991699219 30.12697410583496 67
      vertex 36.43721008300781 30.12697410583496 67
    endloop
  endfacet
  facet normal 0 -1 0
    outer loop
      vertex 38.06278991699219 30.12697410583496 67
      vertex 36.43721008300781 30.12697410583496 4
      vertex 38.06278991699219 30.12697410583496 4
    endloop
  endfacet
  facet normal -0.1253319231093631 -0.9921148668625567 0
    outer loop
      vertex 36.312618255615234 30.14271354675293 4
      vertex 36.43721008300781 30.12697410583496 67
      vertex 36.312618255615234 30.14271354675293 67
    endloop
  endfacet
  facet normal -0.1253319231093631 -0.9921148668625567 0
    outer loop
      vertex 36.43721008300781 30.12697410583496 67
      vertex 36.312618255615234 30.14271354675293 4
      vertex 36.43721008300781 30.12697410583496 4
    endloop
  endfacet
  facet normal -0.24867753883494803 -0.9685863315569723 0
    outer loop
      vertex 36.190982818603516 30.17394256591797 4
      vertex 36.312618255615234 30.14271354675293 67
      vertex 36.190982818603516 30.17394256591797 67
    endloop
  endfacet
  facet normal -0.24867753883494803 -0.9685863315569723 0
    outer loop
      vertex 36.312618255615234 30.14271354675293 67
      vertex 36.190982818603516 30.17394256591797 4
      vertex 36.312618255615234 30.14271354675293 4
    endloop
  endfacet
  facet normal -0.3681359891656234 -0.9297719577837611 0
    outer loop
      vertex 36.074222564697266 30.220172882080078 4
      vertex 36.190982818603516 30.17394256591797 67
      vertex 36.074222564697266 30.220172882080078 67
    endloop
  endfacet
  facet normal -0.3681359891656234 -0.9297719577837611 0
    outer loop
      vertex 36.190982818603516 30.17394256591797 67
      vertex 36.074222564697266 30.220172882080078 4
      vertex 36.190982818603516 30.17394256591797 4
    endloop
  endfacet
  facet normal -0.48175666071013956 -0.8763050381353604 0
    outer loop
      vertex 35.96417236328125 30.28067398071289 4
      vertex 36.074222564697266 30.220172882080078 67
      vertex 35.96417236328125 30.28067398071289 67
    endloop
  endfacet
  facet normal -0.48175666071013956 -0.8763050381353604 0
    outer loop
      vertex 36.074222564697266 30.220172882080078 67
      vertex 35.96417236328125 30.28067398071289 4
      vertex 36.074222564697266 30.220172882080078 4
    endloop
  endfacet
  facet normal -0.587785110170982 -0.8090170976322358 0
    outer loop
      vertex 35.86257553100586 30.354488372802734 4
      vertex 35.96417236328125 30.28067398071289 67
      vertex 35.86257553100586 30.354488372802734 67
    endloop
  endfacet
  facet normal -0.587785110170982 -0.8090170976322358 0
    outer loop
      vertex 35.96417236328125 30.28067398071289 67
      vertex 35.86257553100586 30.354488372802734 4
      vertex 35.96417236328125 30.28067398071289 4
    endloop
  endfacet
  facet normal -0.6845370653099768 -0.7289780560598546 0
    outer loop
      vertex 35.77103042602539 30.440452575683594 4
      vertex 35.86257553100586 30.354488372802734 67
      vertex 35.77103042602539 30.440452575683594 67
    endloop
  endfacet
  facet normal -0.6845370653099768 -0.7289780560598546 0
    outer loop
      vertex 35.86257553100586 30.354488372802734 67
      vertex 35.77103042602539 30.440452575683594 4
      vertex 35.86257553100586 30.354488372802734 4
    endloop
  endfacet
  facet normal -0.7705218984688987 -0.637413526668429 0
    outer loop
      vertex 35.77103042602539 30.440452575683594 4
      vertex 35.690982818603516 30.537216186523438 67
      vertex 35.690982818603516 30.537216186523438 4
    endloop
  endfacet
  facet normal -0.7705218984688987 -0.637413526668429 0
    outer loop
      vertex 35.690982818603516 30.537216186523438 67
      vertex 35.77103042602539 30.440452575683594 4
      vertex 35.77103042602539 30.440452575683594 67
    endloop
  endfacet
  facet normal -0.8443312701932545 -0.5358215245525747 0
    outer loop
      vertex 35.690982818603516 30.537216186523438 4
      vertex 35.623695373535156 30.643245697021484 67
      vertex 35.623695373535156 30.643245697021484 4
    endloop
  endfacet
  facet normal -0.8443312701932545 -0.5358215245525747 0
    outer loop
      vertex 35.623695373535156 30.643245697021484 67
      vertex 35.690982818603516 30.537216186523438 4
      vertex 35.690982818603516 30.537216186523438 67
    endloop
  endfacet
  facet normal -0.9048262745549877 -0.4257809447062446 0
    outer loop
      vertex 35.623695373535156 30.643245697021484 4
      vertex 35.57022476196289 30.75687599182129 67
      vertex 35.57022476196289 30.75687599182129 4
    endloop
  endfacet
  facet normal -0.9048262745549877 -0.4257809447062446 0
    outer loop
      vertex 35.57022476196289 30.75687599182129 67
      vertex 35.623695373535156 30.643245697021484 4
      vertex 35.623695373535156 30.643245697021484 67
    endloop
  endfacet
  facet normal -0.9510557196934979 -0.3090194460519964 0
    outer loop
      vertex 35.57022476196289 30.75687599182129 4
      vertex 35.53141784667969 30.876310348510742 67
      vertex 35.53141784667969 30.876310348510742 4
    endloop
  endfacet
  facet normal -0.9510557196934979 -0.3090194460519964 0
    outer loop
      vertex 35.53141784667969 30.876310348510742 67
      vertex 35.57022476196289 30.75687599182129 4
      vertex 35.57022476196289 30.75687599182129 67
    endloop
  endfacet
  facet normal -0.9822856183138639 -0.187389871801414 0
    outer loop
      vertex 35.53141784667969 30.876310348510742 4
      vertex 35.50788497924805 30.99966812133789 67
      vertex 35.50788497924805 30.99966812133789 4
    endloop
  endfacet
  facet normal -0.9822856183138639 -0.187389871801414 0
    outer loop
      vertex 35.50788497924805 30.99966812133789 67
      vertex 35.53141784667969 30.876310348510742 4
      vertex 35.53141784667969 30.876310348510742 67
    endloop
  endfacet
  facet normal -0.9980268452938827 -0.0627886619760297 0
    outer loop
      vertex 35.50788497924805 30.99966812133789 4
      vertex 35.5 31.125 67
      vertex 35.5 31.125 4
    endloop
  endfacet
  facet normal -0.9980268452938827 -0.0627886619760297 0
    outer loop
      vertex 35.5 31.125 67
      vertex 35.50788497924805 30.99966812133789 4
      vertex 35.50788497924805 30.99966812133789 67
    endloop
  endfacet
  facet normal -1 0 0
    outer loop
      vertex 35.5 39.81404113769531 4
      vertex 35.5 39.92898178100586 67
      vertex 35.5 39.92898178100586 4
    endloop
  endfacet
  facet normal -1 0 0
    outer loop
      vertex 35.5 39.754676818847656 4
      vertex 35.5 39.92898178100586 67
      vertex 35.5 39.81404113769531 4
    endloop
  endfacet
  facet normal -1 0 0
    outer loop
      vertex 35.5 39.35634231567383 4
      vertex 35.5 39.92898178100586 67
      vertex 35.5 39.754676818847656 4
    endloop
  endfacet
  facet normal -1 0 0
    outer loop
      vertex 35.5 39.32236862182617 4
      vertex 35.5 39.92898178100586 67
      vertex 35.5 39.35634231567383 4
    endloop
  endfacet
  facet normal -1 0 0
    outer loop
      vertex 35.5 39.23534393310547 4
      vertex 35.5 39.92898178100586 67
      vertex 35.5 39.32236862182617 4
    endloop
  endfacet
  facet normal -1 0 0
    outer loop
      vertex 35.5 39.11030578613281 4
      vertex 35.5 39.92898178100586 67
      vertex 35.5 39.23534393310547 4
    endloop
  endfacet
  facet normal -1 0 0
    outer loop
      vertex 35.5 38.88304901123047 4
      vertex 35.5 39.92898178100586 67
      vertex 35.5 39.11030578613281 4
    endloop
  endfacet
  facet normal -1 0 0
    outer loop
      vertex 35.5 38.79884719848633 4
      vertex 35.5 39.92898178100586 67
      vertex 35.5 38.88304901123047 4
    endloop
  endfacet
  facet normal -1 0 0
    outer loop
      vertex 35.5 38.65121841430664 4
      vertex 35.5 39.92898178100586 67
      vertex 35.5 38.79884719848633 4
    endloop
  endfacet
  facet normal -1 0 0
    outer loop
      vertex 35.5 38.37522888183594 4
      vertex 35.5 39.92898178100586 67
      vertex 35.5 38.65121841430664 4
    endloop
  endfacet
  facet normal -1 0 0
    outer loop
      vertex 35.5 38.18344497680664 4
      vertex 35.5 39.92898178100586 67
      vertex 35.5 38.37522888183594 4
    endloop
  endfacet
  facet normal -1 0 0
    outer loop
      vertex 35.5 38.13636016845703 4
      vertex 35.5 39.92898178100586 67
      vertex 35.5 38.18344497680664 4
    endloop
  endfacet
  facet normal -1 0 0
    outer loop
      vertex 35.5 38.011512756347656 4
      vertex 35.5 39.92898178100586 67
      vertex 35.5 38.13636016845703 4
    endloop
  endfacet
  facet normal -1 0 0
    outer loop
      vertex 35.5 37.8896484375 4
      vertex 35.5 39.92898178100586 67
      vertex 35.5 38.011512756347656 4
    endloop
  endfacet
  facet normal -1 0 0
    outer loop
      vertex 35.5 37.817989349365234 4
      vertex 35.5 39.92898178100586 67
      vertex 35.5 37.8896484375 4
    endloop
  endfacet
  facet normal -1 0 0
    outer loop
      vertex 35.5 37.37369155883789 4
      vertex 35.5 39.92898178100586 67
      vertex 35.5 37.817989349365234 4
    endloop
  endfacet
  facet normal -1 0 0
    outer loop
      vertex 35.5 37.326316833496094 4
      vertex 35.5 39.92898178100586 67
      vertex 35.5 37.37369155883789 4
    endloop
  endfacet
  facet normal -1 0 0
    outer loop
      vertex 35.5 37.114253997802734 4
      vertex 35.5 39.92898178100586 67
      vertex 35.5 37.326316833496094 4
    endloop
  endfacet
  facet normal -1 0 0
    outer loop
      vertex 35.5 36.88699722290039 4
      vertex 35.5 39.92898178100586 67
      vertex 35.5 37.114253997802734 4
    endloop
  endfacet
  facet normal -1 0 0
    outer loop
      vertex 35.5 36.37917709350586 4
      vertex 35.5 39.92898178100586 67
      vertex 35.5 36.88699722290039 4
    endloop
  endfacet
  facet normal -1 0 0
    outer loop
      vertex 35.5 36.14030838012695 4
      vertex 35.5 39.92898178100586 67
      vertex 35.5 36.37917709350586 4
    endloop
  endfacet
  facet normal -1 0 0
    outer loop
      vertex 35.5 35.893592834472656 4
      vertex 35.5 39.92898178100586 67
      vertex 35.5 36.14030838012695 4
    endloop
  endfacet
  facet normal -1 0 0
    outer loop
      vertex 35.5 35.37763977050781 4
      vertex 35.5 39.92898178100586 67
      vertex 35.5 35.893592834472656 4
    endloop
  endfacet
  facet normal -1 0 0
    outer loop
      vertex 35.5 35.126976013183594 4
      vertex 35.5 39.92898178100586 67
      vertex 35.5 35.37763977050781 4
    endloop
  endfacet
  facet normal -1 0 0
    outer loop
      vertex 35.5 31.125 67
      vertex 35.5 35.126976013183594 4
      vertex 35.5 31.125 4
    endloop
  endfacet
  facet normal -1 0 0
    outer loop
      vertex 35.5 35.126976013183594 4
      vertex 35.5 31.125 67
      vertex 35.5 39.92898178100586 67
    endloop
  endfacet
  facet normal 0.1253319231093631 -0.9921148668625567 0
    outer loop
      vertex 38.06278991699219 30.12697410583496 4
      vertex 38.187381744384766 30.14271354675293 67
      vertex 38.06278991699219 30.12697410583496 67
    endloop
  endfacet
  facet normal 0.1253319231093631 -0.9921148668625567 0
    outer loop
      vertex 38.187381744384766 30.14271354675293 67
      vertex 38.06278991699219 30.12697410583496 4
      vertex 38.187381744384766 30.14271354675293 4
    endloop
  endfacet
  facet normal 0.24867753883494803 -0.9685863315569723 0
    outer loop
      vertex 38.187381744384766 30.14271354675293 4
      vertex 38.309017181396484 30.17394256591797 67
      vertex 38.187381744384766 30.14271354675293 67
    endloop
  endfacet
  facet normal 0.24867753883494803 -0.9685863315569723 0
    outer loop
      vertex 38.309017181396484 30.17394256591797 67
      vertex 38.187381744384766 30.14271354675293 4
      vertex 38.309017181396484 30.17394256591797 4
    endloop
  endfacet
  facet normal 0.3681359891656234 -0.9297719577837611 0
    outer loop
      vertex 38.309017181396484 30.17394256591797 4
      vertex 38.425777435302734 30.220172882080078 67
      vertex 38.309017181396484 30.17394256591797 67
    endloop
  endfacet
  facet normal 0.3681359891656234 -0.9297719577837611 0
    outer loop
      vertex 38.425777435302734 30.220172882080078 67
      vertex 38.309017181396484 30.17394256591797 4
      vertex 38.425777435302734 30.220172882080078 4
    endloop
  endfacet
  facet normal 0.48175666071013956 -0.8763050381353604 0
    outer loop
      vertex 38.425777435302734 30.220172882080078 4
      vertex 38.53582763671875 30.28067398071289 67
      vertex 38.425777435302734 30.220172882080078 67
    endloop
  endfacet
  facet normal 0.48175666071013956 -0.8763050381353604 0
    outer loop
      vertex 38.53582763671875 30.28067398071289 67
      vertex 38.425777435302734 30.220172882080078 4
      vertex 38.53582763671875 30.28067398071289 4
    endloop
  endfacet
  facet normal 0.587785110170982 -0.8090170976322358 0
    outer loop
      vertex 38.53582763671875 30.28067398071289 4
      vertex 38.63742446899414 30.354488372802734 67
      vertex 38.53582763671875 30.28067398071289 67
    endloop
  endfacet
  facet normal 0.587785110170982 -0.8090170976322358 0
    outer loop
      vertex 38.63742446899414 30.354488372802734 67
      vertex 38.53582763671875 30.28067398071289 4
      vertex 38.63742446899414 30.354488372802734 4
    endloop
  endfacet
  facet normal 0.6845370653099768 -0.7289780560598546 0
    outer loop
      vertex 38.63742446899414 30.354488372802734 4
      vertex 38.72896957397461 30.440452575683594 67
      vertex 38.63742446899414 30.354488372802734 67
    endloop
  endfacet
  facet normal 0.6845370653099768 -0.7289780560598546 0
    outer loop
      vertex 38.72896957397461 30.440452575683594 67
      vertex 38.63742446899414 30.354488372802734 4
      vertex 38.72896957397461 30.440452575683594 4
    endloop
  endfacet
  facet normal 0.7705218984688987 -0.637413526668429 0
    outer loop
      vertex 38.72896957397461 30.440452575683594 67
      vertex 38.809017181396484 30.537216186523438 4
      vertex 38.809017181396484 30.537216186523438 67
    endloop
  endfacet
  facet normal 0.7705218984688987 -0.637413526668429 0
    outer loop
      vertex 38.809017181396484 30.537216186523438 4
      vertex 38.72896957397461 30.440452575683594 67
      vertex 38.72896957397461 30.440452575683594 4
    endloop
  endfacet
  facet normal 0.8443312701932545 -0.5358215245525747 0
    outer loop
      vertex 38.809017181396484 30.537216186523438 67
      vertex 38.876304626464844 30.643245697021484 4
      vertex 38.876304626464844 30.643245697021484 67
    endloop
  endfacet
  facet normal 0.8443312701932545 -0.5358215245525747 0
    outer loop
      vertex 38.876304626464844 30.643245697021484 4
      vertex 38.809017181396484 30.537216186523438 67
      vertex 38.809017181396484 30.537216186523438 4
    endloop
  endfacet
  facet normal 0.9048262745549877 -0.4257809447062446 0
    outer loop
      vertex 38.876304626464844 30.643245697021484 67
      vertex 38.92977523803711 30.75687599182129 4
      vertex 38.92977523803711 30.75687599182129 67
    endloop
  endfacet
  facet normal 0.9048262745549877 -0.4257809447062446 0
    outer loop
      vertex 38.92977523803711 30.75687599182129 4
      vertex 38.876304626464844 30.643245697021484 67
      vertex 38.876304626464844 30.643245697021484 4
    endloop
  endfacet
  facet normal 0.9510557196934979 -0.3090194460519964 0
    outer loop
      vertex 38.92977523803711 30.75687599182129 67
      vertex 38.96858215332031 30.876310348510742 4
      vertex 38.96858215332031 30.876310348510742 67
    endloop
  endfacet
  facet normal 0.9510557196934979 -0.3090194460519964 0
    outer loop
      vertex 38.96858215332031 30.876310348510742 4
      vertex 38.92977523803711 30.75687599182129 67
      vertex 38.92977523803711 30.75687599182129 4
    endloop
  endfacet
  facet normal 0.9822856183138639 -0.187389871801414 0
    outer loop
      vertex 38.96858215332031 30.876310348510742 67
      vertex 38.99211502075195 30.99966812133789 4
      vertex 38.99211502075195 30.99966812133789 67
    endloop
  endfacet
  facet normal 0.9822856183138639 -0.187389871801414 0
    outer loop
      vertex 38.99211502075195 30.99966812133789 4
      vertex 38.96858215332031 30.876310348510742 67
      vertex 38.96858215332031 30.876310348510742 4
    endloop
  endfacet
  facet normal 0.9980268452938827 -0.0627886619760297 0
    outer loop
      vertex 38.99211502075195 30.99966812133789 67
      vertex 39 31.125 4
      vertex 39 31.125 67
    endloop
  endfacet
  facet normal 0.9980268452938827 -0.0627886619760297 0
    outer loop
      vertex 39 31.125 4
      vertex 38.99211502075195 30.99966812133789 67
      vertex 38.99211502075195 30.99966812133789 4
    endloop
  endfacet
endsolid OpenSCAD_Model
